<?xml version="1.0" encoding="UTF-8"?>
<addon id="skin.atlas" version="0.8.1.3" name="[COLOR orange]Atlas[/COLOR]" provider-name="Yoda92">
	<requires>
		<import addon="xbmc.gui" version="5.14.0"/>
		<import addon="script.skinshortcuts" version="1.0.0"/>
		<import addon="resource.images.moviegenreicons.transparent" version="0.0.1"/>
	</requires>
	<extension point="xbmc.gui.skin" debugging="false">
		<res width="1920" height="1080" aspect="16:9" default="true" folder="xml" />
	</extension>
	<extension point="xbmc.addon.metadata">
		<summary lang="en">Atlas skin by Yoda92.</summary>
		<disclaimer lang="en">Mouse and touch are not supported.</disclaimer>
		<description lang="en">Atlas is designed to be a minimalistic, elegant and intuitive 10-Foot UI for Kodi.</description>
		<platform>all</platform>
		<license>Creative Commons Attribution-ShareAlike 3.0 Unported License</license>
		<assets>
			<icon>resources/icon.png</icon>
			<fanart>resources/fanart.jpg</fanart>
			<screenshot>resources/screenshot-01.jpg</screenshot>
			<screenshot>resources/screenshot-02.jpg</screenshot>
			<screenshot>resources/screenshot-03.jpg</screenshot>
			<screenshot>resources/screenshot-04.jpg</screenshot>
			<screenshot>resources/screenshot-05.jpg</screenshot>
			<screenshot>resources/screenshot-06.jpg</screenshot>
			<screenshot>resources/screenshot-07.jpg</screenshot>
			<screenshot>resources/screenshot-08.jpg</screenshot>
			<screenshot>resources/screenshot-09.jpg</screenshot>
			<screenshot>resources/screenshot-10.jpg</screenshot>
			<screenshot>resources/screenshot-11.jpg</screenshot>
			<screenshot>resources/screenshot-12.jpg</screenshot>
			<screenshot>resources/screenshot-13.jpg</screenshot>
			<screenshot>resources/screenshot-14.jpg</screenshot>
			<screenshot>resources/screenshot-15.jpg</screenshot>
			<screenshot>resources/screenshot-16.jpg</screenshot>
		</assets>
		<source>https://github.com/yoda92/skin.atlas/</source>
		<size>36618099</size>
	</extension>
</addon>
