<?xml version="1.0" encoding="UTF-8"?>
<window>
	<onload condition="System.HasAddon(script.tv.show.next.aired)">RunScript(script.tv.show.next.aired,backend=True)</onload>
	<defaultcontrol always="true">55</defaultcontrol>
	<backgroundcolor>background</backgroundcolor>
	<views>55,50,51,52,53,54,505,500,504,501,502,503,506,507,508,509</views>
	<menucontrol>9000</menucontrol>
	<controls>
		<include>DefaultBackground</include>
		<control type="group">
			<animation effect="fade" start="100" end="0" time="200" tween="sine" condition="$EXP[infodialog_active]">Conditional</animation>
			<include>View_55_WideList</include>
			<include>View_50_List</include>
			<include>View_51_Poster</include>
			<include>View_52_IconWall</include>
			<include>View_53_Shift</include>
			<include>View_54_InfoWall</include>
			<include>View_500_Wall</include>
			<include>View_501_Banner</include>
			<include>View_502_FanArt</include>
			<include condition="!String.IsEqual(Skin.AspectRatio,21:9)">View_503_Gallery</include>
			<include condition="String.IsEqual(Skin.AspectRatio,21:9)">View_503_Gallery_21x9</include>
			<include>View_504_ThumbsWall</include>
			<include>View_505_ThumbsInfoWall</include>
			<include>View_506_Mosaic</include>
			<include>View_507_Mosaic_Vertical</include>
			<include>View_508_DoubleLists</include>
			<include>View_509_TripleLists</include>
			<control type="group">
				<depth>DepthContentPanel</depth>
				<include>OpenClose_Left</include>
				<visible>Control.IsVisible(55)</visible>
				<include>Visible_Left</include>
				<include>ListThumbInfoPanel</include>
			</control>
			<control type="group">
				<depth>DepthContentPanel</depth>
				<include>OpenClose_Left</include>
				<visible>Control.IsVisible(50) | Control.IsVisible(54) | Control.IsVisible(505) | [Control.IsVisible(501) + String.IsEqual(Skin.AspectRatio,21:9)]</visible>
				<visible>!Window.IsVisible(DialogBusy.xml)</visible>
				<include>Visible_Left</include>
				<top>40</top>
				<include content="ContentPanel">
					<param name="width" value="656" />
				</include>
				<control type="group">
					<width>550</width>
					<control type="textbox">
						<top>120</top>
						<left>30</left>
						<width>537</width>
						<aligny>center</aligny>
						<align>center</align>
						<height>110</height>
						<font>font36_title</font>
						<label>$INFO[ListItem.Label]$INFO[ListItem.Year, (,)]</label>
						<visible>!ListItem.IsCollection</visible>
					</control>
					<control type="textbox">
						<top>120</top>
						<left>30</left>
						<width>537</width>
						<aligny>center</aligny>
						<align>center</align>
						<height>110</height>
						<font>font36_title</font>
						<label>$INFO[ListItem.Label]</label>
						<visible>ListItem.IsCollection</visible>
					</control>
					<control type="textbox">
						<left>30</left>
						<top>240</top>
						<width>537</width>
						<bottom>100</bottom>
						<align>justify</align>
						<visible>!ListItem.IsCollection</visible>
						<label>$VAR[PlotSpoilerVar][CR][CR]</label>
						<textcolor>$VAR[SkinColorVar]</textcolor>
						<autoscroll delay="10000" time="5000" repeat="10000">Skin.HasSetting(autoscroll)</autoscroll>
						<visible>[String.IsEmpty(ListItem.Art(banner)) + String.IsEmpty(ListItem.Art(tvshow.banner)) + String.IsEmpty(Window(Home).Property(SkinHelper.ListItem.Art.Banner))]</visible>
						<visible>!String.IsEqual(Skin.Font, Arial)</visible>
					</control>
					<control type="textbox">
						<left>30</left>
						<top>240</top>
						<width>537</width>
						<bottom>225</bottom>
						<align>justify</align>
						<visible>!ListItem.IsCollection</visible>
						<label>$VAR[PlotSpoilerVar][CR][CR]</label>
						<textcolor>$VAR[SkinColorVar]</textcolor>
						<autoscroll delay="10000" time="5000" repeat="10000">Skin.HasSetting(autoscroll)</autoscroll>
						<visible>![String.IsEmpty(ListItem.Art(banner)) + String.IsEmpty(ListItem.Art(tvshow.banner)) + String.IsEmpty(Window(Home).Property(SkinHelper.ListItem.Art.Banner))]</visible>
						<visible>!String.IsEqual(Skin.Font, Arial)</visible>
					</control>
					<control type="textbox">
						<left>30</left>
						<top>240</top>
						<width>537</width>
						<bottom>110</bottom>
						<align>justify</align>
						<visible>!ListItem.IsCollection</visible>
						<label>$VAR[PlotSpoilerVar][CR][CR]</label>
						<textcolor>$VAR[SkinColorVar]</textcolor>
						<autoscroll delay="10000" time="5000" repeat="10000">Skin.HasSetting(autoscroll)</autoscroll>
						<visible>[String.IsEmpty(ListItem.Art(banner)) + String.IsEmpty(ListItem.Art(tvshow.banner)) + String.IsEmpty(Window(Home).Property(SkinHelper.ListItem.Art.Banner))]</visible>
						<visible>String.IsEqual(Skin.Font, Arial)</visible>
					</control>
					<control type="textbox">
						<left>30</left>
						<top>240</top>
						<width>537</width>
						<bottom>232</bottom>
						<align>justify</align>
						<visible>!ListItem.IsCollection</visible>
						<label>$VAR[PlotSpoilerVar][CR][CR]</label>
						<textcolor>$VAR[SkinColorVar]</textcolor>
						<autoscroll delay="10000" time="5000" repeat="10000">Skin.HasSetting(autoscroll)</autoscroll>
						<visible>![String.IsEmpty(ListItem.Art(banner)) + String.IsEmpty(ListItem.Art(tvshow.banner))+ String.IsEmpty(Window(Home).Property(SkinHelper.ListItem.Art.Banner))]</visible>
						<visible>String.IsEqual(Skin.Font, Arial)</visible>
					</control>
					<control type="textbox">
						<left>30</left>
						<top>401</top>
						<width>537</width>
						<height>372</height>
						<label>$LOCALIZE[19055]</label>
						<visible>String.IsEmpty(Listitem.Plot) + String.IsEmpty(Listitem.Tagline) + !ListItem.IsCollection + !ListItem.IsParentFolder</visible>
					</control>
					<control type="image">
						<depth>DepthContentPopout</depth>
						<left>30</left>
						<bottom>110</bottom>
						<width max="537">auto</width>
						<height>99</height>
						<aspectratio align="bottom" aligny="center">keep</aspectratio>
						<texture background="true">$VAR[BannerVar]</texture>
						<bordertexture>colors/white.png</bordertexture>
						<bordersize>1</bordersize>
						<visible>!ListItem.IsCollection + !ListItem.IsParentFolder</visible>
					</control>
					<control type="label">
						<left>30</left>
						<bottom>80</bottom>
						<width>537</width>
						<height>25</height>
						<align>center</align>
						<label>$INFO[ListItem.Genre]</label>
						<font>font12</font>
						<textcolor>$VAR[SkinColorVar]</textcolor>
						<scroll>true</scroll>
						<visible>!ListItem.IsCollection</visible>
					</control>
					<control type="label">
						<left>30</left>
						<bottom>80</bottom>
						<width>537</width>
						<height>25</height>
						<align>center</align>
						<label>$INFO[Window(Home).Property(SkinHelper.ListItem.Genre)]</label>
						<font>font12</font>
						<textcolor>$VAR[SkinColorVar]</textcolor>
						<scroll>true</scroll>
						<visible>ListItem.IsCollection</visible>
					</control>
					<control type="group">
						<left>20</left>
						<top>240</top>
						<visible>ListItem.IsCollection</visible>
						<control type="textbox">
							<left>10</left>
							<top>0</top>
							<width>537</width>
							<bottom>300</bottom>
							<align>justify</align>
							<label>[B]$VAR[CollectionNumberVar][/B][CR][COLOR white]$INFO[ListItem.Plot][/COLOR]</label>
							<autoscroll delay="10000" time="3000" repeat="10000">Skin.HasSetting(autoscroll)</autoscroll>
							<textcolor>$VAR[SkinColorVar]</textcolor>
							<visible>!String.IsEqual(Skin.Font, Arial) + !String.IsEmpty(ListItem.Plot)</visible>
						</control>
						<control type="textbox">
							<left>10</left>
							<top>0</top>
							<width>537</width>
							<bottom>300</bottom>
							<align>justify</align>
							<label>[B]$VAR[CollectionNumberVar][/B][CR][COLOR white]$INFO[Window(Home).Property(SkinHelper.ListItem.Plot)][/COLOR]</label>
							<autoscroll delay="10000" time="3000" repeat="10000">Skin.HasSetting(autoscroll)</autoscroll>
							<textcolor>$VAR[SkinColorVar]</textcolor>
							<visible>!String.IsEqual(Skin.Font, Arial) + String.IsEmpty(ListItem.Plot)</visible>
						</control>
						<control type="textbox">
							<left>10</left>
							<top>0</top>
							<width>537</width>
							<bottom>295</bottom>
							<align>justify</align>
							<label>[B]$VAR[CollectionNumberVar][/B][CR][COLOR white]$INFO[ListItem.Plot][/COLOR]</label>
							<autoscroll delay="10000" time="3000" repeat="10000">Skin.HasSetting(autoscroll)</autoscroll>
							<textcolor>$VAR[SkinColorVar]</textcolor>
							<visible>String.IsEqual(Skin.Font, Arial) + !String.IsEmpty(ListItem.Plot)</visible>
						</control>
						<control type="textbox">
							<left>10</left>
							<top>0</top>
							<width>537</width>
							<bottom>295</bottom>
							<align>justify</align>
							<label>[B]$VAR[CollectionNumberVar][/B][CR][COLOR white]$INFO[Window(Home).Property(SkinHelper.ListItem.Plot)][/COLOR]</label>
							<autoscroll delay="10000" time="3000" repeat="10000">Skin.HasSetting(autoscroll)</autoscroll>
							<textcolor>$VAR[SkinColorVar]</textcolor>
							<visible>String.IsEqual(Skin.Font, Arial) + String.IsEmpty(ListItem.Plot)</visible>
						</control>
						<control type="textbox">
							<left>10</left>
							<top>41</top>
							<width>537</width>
							<bottom>341</bottom>
							<label>$LOCALIZE[19055]</label>
							<visible>String.IsEmpty(Window(Home).Property(SkinHelper.ListItem.Plot)) + String.IsEmpty(ListItem.Plot)</visible>
						</control>
						<control type="list" id="50054">
							<left>20</left>
							<bottom>110</bottom>
							<width>516</width>
							<height>170</height>
							<orientation>horizontal</orientation>
							<autoscroll time="1500">true</autoscroll>
							<itemgap>5</itemgap>
							<animation effect="slide" end="193.5,0" time="0" condition="Integer.IsEqual(Container(50054).NumItems,1)">conditional</animation>
							<animation effect="slide" end="129,0" time="0" condition="Integer.IsEqual(Container(50054).NumItems,2)">conditional</animation>
							<animation effect="slide" end="64.5,0" time="0" condition="Integer.IsEqual(Container(50054).NumItems,3)">conditional</animation>
							<focusedlayout height="170" width="129">
								<control type="image">
									<left>5</left>
									<top>0</top>
									<right>5</right>
									<bottom>0</bottom>
									<aspectratio>stretch</aspectratio>
									<texture background="true" fallback="DefaultVideoCover.png">$INFO[ListItem.Art(poster)]</texture>
									<bordertexture>colors/white.png</bordertexture>
									<bordersize>1</bordersize>
								</control>
							</focusedlayout>
							<itemlayout height="170" width="129">
								<control type="image">
									<left>5</left>
									<top>0</top>
									<right>5</right>
									<bottom>0</bottom>
									<aspectratio>stretch</aspectratio>
									<texture background="true" fallback="DefaultVideoCover.png">$INFO[ListItem.Art(poster)]</texture>
									<bordertexture>colors/white.png</bordertexture>
									<bordersize>1</bordersize>
								</control>
							</itemlayout>
							<content sortby="year" sortorder="ascending">$VAR[InfoListPathVar]</content>
						</control>
					</control>
				</control>
			</control>
			<include content="TopBar">
				<param name="breadcrumbs_label" value="$VAR[BreadcrumbsVideoVar]" />
			</include>
			<include content="BottomBar">
				<param name="info_visible" value="true" />
			</include>
			<control type="group">
				<visible>[Control.IsVisible(500) | Control.IsVisible(501) | Control.IsVisible(504) | Control.IsVisible(506) | Control.IsVisible(507)] + ListItem.IsCollection</visible>
				<visible>!Skin.HasSetting(show_moviessetflag)</visible>
				<control type="list" id="50500">
					<right>6</right>
					<bottom>11</bottom>
					<width>820</width>
					<height>102</height>
					<orientation>horizontal</orientation>
					<autoscroll time="1500">true</autoscroll>
					<itemgap>5</itemgap>
					<animation effect="slide" end="738,0" time="0" condition="Integer.IsEqual(Container(50500).NumItems,1)">conditional</animation>
					<animation effect="slide" end="656,0" time="0" condition="Integer.IsEqual(Container(50500).NumItems,2)">conditional</animation>
					<animation effect="slide" end="574,0" time="0" condition="Integer.IsEqual(Container(50500).NumItems,3)">conditional</animation>
					<animation effect="slide" end="492,0" time="0" condition="Integer.IsEqual(Container(50500).NumItems,4)">conditional</animation>
					<animation effect="slide" end="410,0" time="0" condition="Integer.IsEqual(Container(50500).NumItems,5)">conditional</animation>
					<animation effect="slide" end="328,0" time="0" condition="Integer.IsEqual(Container(50500).NumItems,6)">conditional</animation>
					<animation effect="slide" end="246,0" time="0" condition="Integer.IsEqual(Container(50500).NumItems,7)">conditional</animation>
					<animation effect="slide" end="164,0" time="0" condition="Integer.IsEqual(Container(50500).NumItems,8)">conditional</animation>
					<animation effect="slide" end="82,0" time="0" condition="Integer.IsEqual(Container(50500).NumItems,9)">conditional</animation>
					<focusedlayout height="102" width="82">
						<control type="image">
							<left>5</left>
							<top>0</top>
							<right>5</right>
							<bottom>0</bottom>
							<aspectratio align="center" aligny="center">scale</aspectratio>
							<texture background="true" fallback="DefaultVideoCover.png">$INFO[ListItem.Art(poster)]</texture>
							<bordertexture>colors/white.png</bordertexture>
							<bordersize>1</bordersize>
						</control>
					</focusedlayout>
					<itemlayout height="102" width="82">
						<control type="image">
							<left>5</left>
							<top>0</top>
							<right>5</right>
							<bottom>0</bottom>
							<aspectratio align="center" aligny="center">scale</aspectratio>
							<texture background="true" fallback="DefaultVideoCover.png">$INFO[ListItem.Art(poster)]</texture>
							<bordertexture>colors/white.png</bordertexture>
							<bordersize>1</bordersize>
						</control>
					</itemlayout>
					<content sortby="year" sortorder="ascending">$VAR[InfoListPathVar]</content>
				</control>
			</control>
			<control type="group">
				<visible>Control.IsVisible(503) + ListItem.IsCollection</visible>
				<visible>!Skin.HasSetting(show_moviessetflag)</visible>
				<control type="list" id="500503">
					<right>6</right>
					<bottom>11</bottom>
					<width>1161</width>
					<height>170</height>
					<orientation>horizontal</orientation>
					<autoscroll time="1500">true</autoscroll>
					<itemgap>5</itemgap>
					<animation effect="slide" end="1032,0" time="0" condition="Integer.IsEqual(Container(500503).NumItems,1)">conditional</animation>
					<animation effect="slide" end="903,0" time="0" condition="Integer.IsEqual(Container(500503).NumItems,2)">conditional</animation>
					<animation effect="slide" end="774,0" time="0" condition="Integer.IsEqual(Container(500503).NumItems,3)">conditional</animation>
					<animation effect="slide" end="645,0" time="0" condition="Integer.IsEqual(Container(500503).NumItems,4)">conditional</animation>
					<animation effect="slide" end="516,0" time="0" condition="Integer.IsEqual(Container(500503).NumItems,5)">conditional</animation>
					<animation effect="slide" end="387,0" time="0" condition="Integer.IsEqual(Container(500503).NumItems,6)">conditional</animation>
					<animation effect="slide" end="258,0" time="0" condition="Integer.IsEqual(Container(500503).NumItems,7)">conditional</animation>
					<animation effect="slide" end="129,0" time="0" condition="Integer.IsEqual(Container(500503).NumItems,8)">conditional</animation>
					<focusedlayout height="170" width="129">
						<control type="image">
							<left>5</left>
							<top>0</top>
							<right>5</right>
							<bottom>0</bottom>
							<aspectratio>stretch</aspectratio>
							<texture background="true" fallback="DefaultVideoCover.png">$INFO[ListItem.Art(poster)]</texture>
							<bordertexture>colors/white.png</bordertexture>
							<bordersize>1</bordersize>
						</control>
					</focusedlayout>
					<itemlayout height="170" width="129">
						<control type="image">
							<left>5</left>
							<top>0</top>
							<right>5</right>
							<bottom>0</bottom>
							<aspectratio>stretch</aspectratio>
							<texture background="true" fallback="DefaultVideoCover.png">$INFO[ListItem.Art(poster)]</texture>
							<bordertexture>colors/white.png</bordertexture>
							<bordersize>1</bordersize>
						</control>
					</itemlayout>
					<content sortby="year" sortorder="ascending">$VAR[InfoListPathVar]</content>
				</control>
			</control>
			<control type="group">
				<left>0</left>
				<top>0</top>
				<height>100%</height>
				<visible>Control.IsVisible(51) + ListItem.IsCollection</visible>
				<include>OpenClose_Right</include>
				<control type="textbox">
					<left>645</left>
					<top>673</top>
					<height>205</height>
					<right>50</right>
					<align>justify</align>
					<autoscroll time="4000" delay="7000" repeat="7000">!System.HasActiveModalDialog + Skin.HasSetting(AutoScroll)</autoscroll>
					<label>[B]$VAR[CollectionNumberVar][/B][CR][COLOR white]$INFO[ListItem.Plot][/COLOR]</label>
					<shadowcolor>text_shadow</shadowcolor>
					<textcolor>$VAR[SkinColorVar]</textcolor>
					<visible>!String.IsEqual(Skin.Font, Arial) + !String.IsEmpty(ListItem.Plot)</visible>
				</control>
				<control type="textbox">
					<left>645</left>
					<top>673</top>
					<height>205</height>
					<right>50</right>
					<align>justify</align>
					<autoscroll time="4000" delay="7000" repeat="7000">!System.HasActiveModalDialog + Skin.HasSetting(AutoScroll)</autoscroll>
					<label>[B]$VAR[CollectionNumberVar][/B][CR][COLOR white]$INFO[Window(Home).Property(SkinHelper.ListItem.Plot)][/COLOR]</label>
					<shadowcolor>text_shadow</shadowcolor>
					<textcolor>$VAR[SkinColorVar]</textcolor>
					<visible>!String.IsEqual(Skin.Font, Arial) + String.IsEmpty(ListItem.Plot)</visible>
				</control>
				<control type="textbox">
					<left>645</left>
					<top>673</top>
					<height>198</height>
					<right>50</right>
					<align>justify</align>
					<autoscroll time="4000" delay="7000" repeat="7000">!System.HasActiveModalDialog + Skin.HasSetting(AutoScroll)</autoscroll>
					<label>[B]$VAR[CollectionNumberVar][/B][CR][COLOR white]$INFO[ListItem.Plot][/COLOR]</label>
					<shadowcolor>text_shadow</shadowcolor>
					<textcolor>$VAR[SkinColorVar]</textcolor>
					<visible>String.IsEqual(Skin.Font, Arial) + !String.IsEmpty(ListItem.Plot)</visible>
				</control>
				<control type="textbox">
					<left>645</left>
					<top>673</top>
					<height>198</height>
					<right>50</right>
					<align>justify</align>
					<autoscroll time="4000" delay="7000" repeat="7000">!System.HasActiveModalDialog + Skin.HasSetting(AutoScroll)</autoscroll>
					<label>[B]$VAR[CollectionNumberVar][/B][CR][COLOR white]$INFO[Window(Home).Property(SkinHelper.ListItem.Plot)][/COLOR]</label>
					<shadowcolor>text_shadow</shadowcolor>
					<textcolor>$VAR[SkinColorVar]</textcolor>
					<visible>String.IsEqual(Skin.Font, Arial) + String.IsEmpty(ListItem.Plot)</visible>
				</control>
				<control type="textbox">
					<left>645</left>
					<top>714</top>
					<height>164</height>
					<right>50</right>
					<label>$LOCALIZE[19055]</label>
					<visible>String.IsEmpty(Window(Home).Property(SkinHelper.ListItem.Plot)) + String.IsEmpty(ListItem.Plot)</visible>
				</control>
				<control type="list" id="50051">
					<left>643</left>
					<bottom>11</bottom>
					<width>1161</width>
					<height>170</height>
					<orientation>horizontal</orientation>
					<autoscroll time="1500">true</autoscroll>
					<itemgap>5</itemgap>
					<visible>!Skin.HasSetting(show_moviessetflag)</visible>
					<focusedlayout height="170" width="129">
						<control type="image">
							<left>5</left>
							<top>0</top>
							<right>5</right>
							<bottom>0</bottom>
							<aspectratio>stretch</aspectratio>
							<texture background="true" fallback="DefaultVideoCover.png">$INFO[ListItem.Art(poster)]</texture>
							<bordertexture>colors/white.png</bordertexture>
							<bordersize>1</bordersize>
						</control>
					</focusedlayout>
					<itemlayout height="170" width="129">
						<control type="image">
							<left>5</left>
							<top>0</top>
							<right>5</right>
							<bottom>0</bottom>
							<aspectratio>stretch</aspectratio>
							<texture background="true" fallback="DefaultVideoCover.png">$INFO[ListItem.Art(poster)]</texture>
							<bordertexture>colors/white.png</bordertexture>
							<bordersize>1</bordersize>
						</control>
					</itemlayout>
					<content sortby="year" sortorder="ascending">$VAR[InfoListPathVar]</content>
				</control>
			</control>
			<control type="image">
				<top>15</top>
				<width>310</width>
				<height>120</height>
				<centerleft>50%</centerleft>
				<aspectratio align="center" aligny="center">keep</aspectratio>
				<texture>$VAR[LibraryClearLogoVar]</texture>
				<visible>Control.IsVisible(51) | Control.IsVisible(503)</visible>
				<visible>!Skin.HasSetting(enable_LibraryClearLogo)</visible>
				<visible>!Container.Scrolling + ![Window.IsVisible(DialogVolumeBar.xml) + !Player.Muted] + !ListItem.IsParentFolder</visible>
				<animation effect="slide" end="0,-135" time="300" tween="sine" easing="inout" condition="$EXP[infodialog_active]">conditional</animation>
			</control>
			<control type="image">
				<top>15</top>
				<width>274</width>
				<height>105</height>
				<centerleft>50%</centerleft>
				<aspectratio align="center" aligny="center">keep</aspectratio>
				<texture>$VAR[LibraryClearLogoVar]</texture>
				<visible>Control.IsVisible(53) + !Window.IsVisible(MyVideoNav.xml)</visible>
				<visible>!Skin.HasSetting(enable_LibraryClearLogo)</visible>
				<visible>!Container.Scrolling + ![Window.IsVisible(DialogVolumeBar.xml) + !Player.Muted] + !ListItem.IsParentFolder</visible>
				<animation effect="slide" end="0,-120" time="300" tween="sine" easing="inout" condition="$EXP[infodialog_active]">conditional</animation>
			</control>
			<control type="image">
				<top>10</top>
				<width>326</width>
				<height>125</height>
				<centerleft>50%</centerleft>
				<aspectratio align="center" aligny="center">keep</aspectratio>
				<texture>$VAR[ViewClearArtVar]</texture>
				<visible>Control.IsVisible(53) + Window.IsVisible(MyVideoNav.xml)</visible>
				<visible>!Skin.HasSetting(enable_LibraryClearLogo)</visible>
				<visible>!Container.Scrolling + ![Window.IsVisible(DialogVolumeBar.xml) + !Player.Muted] + !ListItem.IsParentFolder</visible>
				<animation effect="slide" end=",-5" time="0" condition="String.IsEqual(ListItem.Art(clearlogo))">Conditional</animation>
				<animation effect="slide" end="0,-120" time="300" tween="sine" easing="inout" condition="$EXP[infodialog_active]">conditional</animation>
			</control>
			<control type="image">
				<top>5</top>
				<width>222</width>
				<height>85</height>
				<centerleft>50%</centerleft>
				<aspectratio align="center" aligny="center">keep</aspectratio>
				<texture>$VAR[LibraryClearLogoVar]</texture>
				<visible>Control.IsVisible(506) + !Control.HasFocus(5199)</visible>
				<visible>!Skin.HasSetting(enable_LibraryClearLogo)</visible>
				<visible>!Container.Scrolling + ![Window.IsVisible(DialogVolumeBar.xml) + !Player.Muted] + !ListItem.IsParentFolder</visible>
				<animation effect="slide" end="0,-90" time="300" tween="sine" easing="inout" condition="$EXP[infodialog_active]">conditional</animation>
			</control>
			<control type="group">
				<visible>!Skin.HasSetting(enable_LibraryClearLogo)</visible>
				<visible>!Container.Scrolling + ![Window.IsVisible(DialogVolumeBar.xml) + !Player.Muted] + !ListItem.IsParentFolder</visible>
				<visible>[Control.IsVisible(507) + !Control.HasFocus(531)] | Control.IsVisible(508) | Control.IsVisible(509)</visible>
				<animation effect="slide" end="0,-90" time="300" tween="sine" easing="inout" condition="$EXP[infodialog_active]">conditional</animation>
				<control type="image">
					<top>0</top>
					<width>232</width>
					<height>95</height>
					<centerleft>50%</centerleft>
					<texture colordiffuse="4DFFFFFF">dialogs/clearlogo-back.png</texture>
					<visible>![String.IsEmpty(ListItem.Art(tvshow.clearlogo)) + String.IsEmpty(ListItem.Art(clearlogo)) + String.IsEmpty(Window(Home).Property(SkinHelper.ListItem.Art.Clearlogo))]</visible>
				</control>
				<control type="image">
					<top>5</top>
					<width>222</width>
					<height>85</height>
					<centerleft>50%</centerleft>
					<aspectratio align="center" aligny="center">keep</aspectratio>
					<texture>$VAR[LibraryClearLogoVar]</texture>
				</control>
			</control>
			<control type="group">
				<include>OpenClose_Left</include>
				<visible>!Skin.HasSetting(enable_LibraryClearLogo)</visible>
				<visible>!ListItem.IsParentFolder</visible>
				<control type="image">
					<top>15</top>
					<width>362</width>
					<height>140</height>
					<left>117</left>
					<aspectratio align="center" aligny="center">keep</aspectratio>
					<texture>$VAR[LibraryClearLogoVar]</texture>
					<visible>Control.IsVisible(54) | Control.IsVisible(505) | Control.IsVisible(50) | [Control.IsVisible(501) + String.IsEqual(Skin.AspectRatio,21:9) + !Control.HasFocus(531)]</visible>
				</control>
				<control type="image">
					<top>15</top>
					<width>284</width>
					<height>110</height>
					<left>155</left>
					<aspectratio align="center" aligny="center">keep</aspectratio>
					<texture>$VAR[LibraryClearLogoVar]</texture>
					<visible>Control.IsVisible(55)</visible>
				</control>
			</control>
			<control type="group">
				<visible>!Skin.HasSetting(enable_LibraryClearLogo)</visible>
				<visible>!Container.Scrolling + ![Window.IsVisible(DialogVolumeBar.xml) + !Player.Muted] + !ListItem.IsParentFolder</visible>
				<visible>[[Control.IsVisible(500) | Control.IsVisible(504)] + !Control.HasFocus(531)] | [Control.IsVisible(501) + !String.IsEqual(Skin.AspectRatio,21:9) + !Control.HasFocus(531)]</visible>
				<animation effect="slide" end="0,-115" time="300" tween="sine" easing="inout" condition="$EXP[infodialog_active]">conditional</animation>
				<control type="image">
					<top>0</top>
					<width>284</width>
					<height>115</height>
					<centerleft>50%</centerleft>
					<texture colordiffuse="4DFFFFFF">dialogs/clearlogo-back.png</texture>
					<visible>![String.IsEmpty(ListItem.Art(tvshow.clearlogo)) + String.IsEmpty(ListItem.Art(clearlogo)) + String.IsEmpty(Window(Home).Property(SkinHelper.ListItem.Art.Clearlogo))]</visible>
				</control>
				<control type="image">
					<top>5</top>
					<width>274</width>
					<height>105</height>
					<centerleft>50%</centerleft>
					<aspectratio align="center" aligny="center">keep</aspectratio>
					<texture>$VAR[LibraryClearLogoVar]</texture>
				</control>
			</control>
			<control type="image">
				<top>15</top>
				<width>220</width>
				<height>85</height>
				<right>484</right>
				<aspectratio align="center" aligny="center">keep</aspectratio>
				<texture>$VAR[LibraryClearLogoVar]</texture>
				<visible>Control.IsVisible(502)</visible>
				<visible>!Skin.HasSetting(enable_LibraryClearLogo)</visible>
				<visible>!ListItem.IsParentFolder</visible>
				<include>OpenClose_Right</include>
			</control>
			<control type="group">
				<depth>DepthBars</depth>
				<bottom>0</bottom>
				<height>70</height>
				<animation effect="fade" start="0" end="100" time="300" delay="300">WindowOpen</animation>
				<animation effect="fade" start="100" end="0" time="200">WindowClose</animation>
				<animation effect="slide" end="0,90" time="300" tween="sine" easing="inout" condition="$EXP[infodialog_active]">conditional</animation>
				<include condition="!Skin.HasSetting(hide_mediaflags)">MediaFlags</include>
				<control type="grouplist">
					<orientation>horizontal</orientation>
					<right>10</right>
					<top>10</top>
					<height>70</height>
					<align>right</align>
					<itemgap>5</itemgap>
					<width>1900</width>
					<visible>Control.HasFocus(5083) + !Skin.HasSetting(hide_mediaflags)</visible>
					<control type="group">
						<width>130</width>
						<top>0</top>
						<include content="MediaFlag">
							<param name="texture" value="$INFO[Skin.String(studiologos.path)]$INFO[Container(5083).ListItem.Studio,,.png]" />
							<param name="colordiffuse" value="" />
							<param name="height" value="60" />
						</include>
					</control>
					<include content="MediaFlag">
						<param name="texture" value="$VAR[Container5083ResolutionFlagVar]" />
						<param name="visible" value="!String.IsEmpty(Container(5083).ListItem.VideoResolution)" />
						<param name="width" value="73" />
					</include>
					<include content="MediaFlag">
						<param name="texture" value="$INFO[Container(5083).ListItem.VideoCodec,flags/videocodec/,.png]" />
						<param name="visible" value="!String.IsEmpty(Container(5083).ListItem.VideoCodec)" />
					</include>
					<include content="MediaFlag">
						<param name="texture" value="$INFO[Container(5083).ListItem.VideoAspect,flags/aspectratio/,.png]" />
						<param name="visible" value="!String.IsEmpty(Container(5083).ListItem.VideoAspect)" />
						<param name="width" value="108" />
					</include>
					<include content="MediaFlag">
						<param name="texture" value="$VAR[Container5083AudioCodecFlagVar]" />
						<param name="visible" value="!String.IsEmpty(Container(5083).ListItem.AudioCodec)" />
					</include>
					<include content="MediaFlag">
						<param name="texture" value="$INFO[Container(5083).ListItem.AudioChannels,flags/audiochannel/,.png]" />
						<param name="visible" value="!String.IsEmpty(Container(5083).ListItem.AudioChannels)" />
					</include>
					<include content="MediaFlag">
						<param name="width" value="0" />
					</include>
					<control type="group">
						<width>176</width>
						<visible>!String.IsEmpty(Container(5083).ListItem.Duration)</visible>
						<control type="label">
							<width>119</width>
							<top>-1</top>
							<height>50</height>
							<posx>54</posx>
							<align>center</align>
							<aligny>center</aligny>
							<font>font_flag</font>
							<label>$VAR[Duration5083Var]</label>
							<textcolor>$VAR[MediaFlagsColorVar]</textcolor>
						</control>
						<include content="MediaFlag">
							<param name="texture" value="flags/time.png" />
							<param name="width" value="176" />
						</include>
					</control>
					<control type="group">
						<width>162</width>
						<visible>!String.IsEmpty(Container(5083).ListItem.EndTimeResume)</visible>
						<control type="label">
							<width>105</width>
							<top>-1</top>
							<height>50</height>
							<posx>54</posx>
							<align>center</align>
							<aligny>center</aligny>
							<font>font_flag</font>
							<label>$INFO[Container(5083).ListItem.EndTimeResume]</label>
							<textcolor>$VAR[MediaFlagsColorVar]</textcolor>
							<scroll>true</scroll>
						</control>
						<include content="MediaFlag">
							<param name="texture" value="flags/finishtime.png" />
							<param name="width" value="162" />
						</include>
					</control>
				</control>
				<control type="grouplist">
					<orientation>horizontal</orientation>
					<right>10</right>
					<top>10</top>
					<height>70</height>
					<align>right</align>
					<itemgap>5</itemgap>
					<width>1900</width>
					<visible>Control.HasFocus(5094) + !Skin.HasSetting(hide_mediaflags)</visible>
					<include content="MediaFlag">
						<param name="texture" value="$VAR[Container5094ResolutionFlagVar]" />
						<param name="visible" value="!String.IsEmpty(Container(5094).ListItem.VideoResolution)" />
						<param name="width" value="73" />
					</include>
					<include content="MediaFlag">
						<param name="texture" value="$INFO[Container(5094).ListItem.VideoCodec,flags/videocodec/,.png]" />
						<param name="visible" value="!String.IsEmpty(Container(5094).ListItem.VideoCodec)" />
					</include>
					<include content="MediaFlag">
						<param name="texture" value="$INFO[Container(5094).ListItem.VideoAspect,flags/aspectratio/,.png]" />
						<param name="visible" value="!String.IsEmpty(Container(5094).ListItem.VideoAspect)" />
						<param name="width" value="108" />
					</include>
					<include content="MediaFlag">
						<param name="texture" value="$VAR[Container5094AudioCodecFlagVar]" />
						<param name="visible" value="!String.IsEmpty(Container(5094).ListItem.AudioCodec)" />
					</include>
					<include content="MediaFlag">
						<param name="texture" value="$INFO[Container(5094).ListItem.AudioChannels,flags/audiochannel/,.png]" />
						<param name="visible" value="!String.IsEmpty(Container(5094).ListItem.AudioChannels)" />
					</include>
					<include content="MediaFlag">
						<param name="width" value="0" />
					</include>
					<control type="group">
						<width>176</width>
						<visible>!String.IsEmpty(Container(5094).ListItem.Duration)</visible>
						<control type="label">
							<width>119</width>
							<top>-1</top>
							<height>50</height>
							<posx>54</posx>
							<align>center</align>
							<aligny>center</aligny>
							<font>font_flag</font>
							<label>$VAR[Duration5094Var]</label>
							<textcolor>$VAR[MediaFlagsColorVar]</textcolor>
						</control>
						<include content="MediaFlag">
							<param name="texture" value="flags/time.png" />
							<param name="width" value="176" />
						</include>
					</control>
					<control type="group">
						<width>162</width>
						<visible>!String.IsEmpty(Container(5094).ListItem.EndTimeResume)</visible>
						<control type="label">
							<width>105</width>
							<top>-1</top>
							<height>50</height>
							<posx>54</posx>
							<align>center</align>
							<aligny>center</aligny>
							<font>font_flag</font>
							<label>$INFO[Container(5094).ListItem.EndTimeResume]</label>
							<textcolor>$VAR[MediaFlagsColorVar]</textcolor>
							<scroll>true</scroll>
						</control>
						<include content="MediaFlag">
							<param name="texture" value="flags/finishtime.png" />
							<param name="width" value="162" />
						</include>
					</control>
				</control>
				<control type="grouplist">
					<orientation>horizontal</orientation>
					<right>10</right>
					<top>10</top>
					<height>70</height>
					<align>right</align>
					<itemgap>5</itemgap>
					<width>1900</width>
					<visible>Control.HasFocus(5084) + !Skin.HasSetting(hide_mediaflags)</visible>
					<include content="MediaFlag">
						<param name="texture" value="$VAR[Container5084ResolutionFlagVar]" />
						<param name="visible" value="!String.IsEmpty(Container(5084).ListItem.VideoResolution)" />
						<param name="width" value="73" />
					</include>
					<include content="MediaFlag">
						<param name="texture" value="$INFO[Container(5084).ListItem.VideoCodec,flags/videocodec/,.png]" />
						<param name="visible" value="!String.IsEmpty(Container(5084).ListItem.VideoCodec)" />
					</include>
					<include content="MediaFlag">
						<param name="texture" value="$INFO[Container(5084).ListItem.VideoAspect,flags/aspectratio/,.png]" />
						<param name="visible" value="!String.IsEmpty(Container(5084).ListItem.VideoAspect)" />
						<param name="width" value="108" />
					</include>
					<include content="MediaFlag">
						<param name="texture" value="$VAR[Container5084AudioCodecFlagVar]" />
						<param name="visible" value="!String.IsEmpty(Container(5084).ListItem.AudioCodec)" />
					</include>
					<include content="MediaFlag">
						<param name="texture" value="$INFO[Container(5084).ListItem.AudioChannels,flags/audiochannel/,.png]" />
						<param name="visible" value="!String.IsEmpty(Container(5084).ListItem.AudioChannels)" />
					</include>
					<include content="MediaFlag">
						<param name="width" value="0" />
					</include>
					<control type="group">
						<width>176</width>
						<visible>!String.IsEmpty(Container(5084).ListItem.Duration)</visible>
						<control type="label">
							<width>119</width>
							<top>-1</top>
							<height>50</height>
							<posx>54</posx>
							<align>center</align>
							<aligny>center</aligny>
							<font>font_flag</font>
							<label>$VAR[Duration5084Var]</label>
							<textcolor>$VAR[MediaFlagsColorVar]</textcolor>
						</control>
						<include content="MediaFlag">
							<param name="texture" value="flags/time.png" />
							<param name="width" value="176" />
						</include>
					</control>
					<control type="group">
						<width>162</width>
						<visible>!String.IsEmpty(Container(5084).ListItem.EndTimeResume)</visible>
						<control type="label">
							<width>105</width>
							<top>-1</top>
							<height>50</height>
							<posx>54</posx>
							<align>center</align>
							<aligny>center</aligny>
							<font>font_flag</font>
							<label>$INFO[Container(5084).ListItem.EndTimeResume]</label>
							<textcolor>$VAR[MediaFlagsColorVar]</textcolor>
							<scroll>true</scroll>
						</control>
						<include content="MediaFlag">
							<param name="texture" value="flags/finishtime.png" />
							<param name="width" value="162" />
						</include>
					</control>
				</control>
			</control>
			<include>CommonScrollbars</include>
			<include>CommonAlphabet</include>
			<include>MediaMenuMouseOverlay</include>
			<control type="group">
				<include>MediaMenuCommon</include>
				<control type="grouplist" id="9000">
					<top>80</top>
					<include>MediaMenuListCommon</include>
					<control type="button" id="10">
						<description>Watched Toggle</description>
						<include>MediaMenuItemsCommon</include>
						<label>$LOCALIZE[20367]</label>
						<label2>[B]$INFO[Container.NumItems][/B]</label2>
						<visible>Container.Content(movies) | Container.Content(sets) | Container.Content(tvshows) | Container.content(seasons) | Container.Content(episodes)</visible>
					</control>
					<control type="radiobutton" id="626">
						<include>MediaMenuItemsCommonRadio</include>
						<label>ExtraFanarts</label>
						<selected>Skin.HasSetting(EnableExtraFanart)</selected>
						<onclick condition="!System.HasAddon(script.artwork.helper)">InstallAddon(script.artwork.helper)</onclick>
						<onclick condition="System.HasAddon(script.artwork.helper)">Skin.ToggleSetting(EnableExtraFanart)</onclick>
						<visible>!String.StartsWith(Container.FolderPath,plugin://)</visible>
						<visible>System.HasAddon(script.artwork.helper) + [Container.Content(movies) | Container.Content(sets) | Container.Content(tvshows) | Container.content(seasons) | Container.Content(episodes) | Container.Content(musicvideos)]</visible>
					</control>
					<control type="radiobutton" id="627">
						<include>MediaMenuItemsCommonRadio</include>
						<label>$LOCALIZE[40164]</label>
						<onclick>Skin.ToggleSetting(greyedout_watched)</onclick>
						<selected>Skin.HasSetting(greyedout_watched)</selected>
					</control>
					<control type="label" id="203">
						<include>MediaMenuLabelCommon</include>
						<label>$LOCALIZE[31020]</label>
					</control>
					<control type="radiobutton" id="16">
						<description>PartyMode</description>
						<label>$LOCALIZE[589]</label>
						<include>MediaMenuItemsCommonRadio</include>
						<visible>Container.Content(MusicVideos)</visible>
					</control>
					<control type="radiobutton" id="11">
						<description>Unlock Shares</description>
						<include>MediaMenuItemsCommonRadio</include>
						<label>$LOCALIZE[20336]</label>
						<onclick>mastermode</onclick>
						<selected>system.ismaster</selected>
						<visible>system.haslocks</visible>
					</control>
					<control type="togglebutton" id="619">
						<description>Update library</description>
						<include>MediaMenuItemsCommon</include>
						<label>$LOCALIZE[653]</label>
						<onclick>UpdateLibrary(video)</onclick>
						<visible>!Container.Content(addons)+ String.IsEmpty(Container.PluginName)</visible>
						<altlabel>$LOCALIZE[13353]</altlabel>
						<usealttexture>library.isscanningvideo</usealttexture>
					</control>
					<control type="button" id="612">
						<description>Go to playlist</description>
						<include>MediaMenuItemsCommon</include>
						<label>$LOCALIZE[31056]</label>
						<onclick>ActivateWindow(videoplaylist)</onclick>
						<visible>Integer.IsGreater(Playlist.Length(video),0)</visible>
					</control>
					<control type="button" id="621">
						<description>Get more</description>
						<include>MediaMenuItemsCommon</include>
						<label>$LOCALIZE[21452]</label>
						<onclick>ActivateWindow(addonbrowser,addons://more/video/,return)</onclick>
						<visible>Container.Content(addons)</visible>
					</control>
					<control type="button" id="622">
						<include>MediaMenuItemsCommon</include>
						<label>$LOCALIZE[31117]</label>
						<onclick condition="System.HasAddon(plugin.library.node.editor)">ActivateWindow(programs,plugin://plugin.library.node.editor/?ltype=video,return)</onclick>
						<onclick condition="!System.HasAddon(plugin.library.node.editor)">InstallAddon(plugin.library.node.editor)</onclick>
						<visible>Container.Content() + String.IsEmpty(Container.PluginName)</visible>
					</control>
					<control type="button" id="623">
						<include>MediaMenuItemsCommon</include>
						<label>$LOCALIZE[31009]</label>
						<onclick>InstallAddon(resource.images.studios.white)</onclick>
						<visible>Container.Content(studios) + !System.HasAddon(resource.images.studios.white)</visible>
					</control>
					<control type="button" id="624">
						<include>MediaMenuItemsCommon</include>
						<label>$LOCALIZE[10140]</label>
						<onclick>Addon.OpenSettings($INFO[Container.PluginName])</onclick>
						<visible>!String.IsEmpty(Container.PluginName)</visible>
					</control>
					<include>MediaMenuNowPlaying</include>
				</control>
			</control>
		</control>
	</controls>
</window>
