<?xml version="1.0" encoding="UTF-8"?>
<window>
    <menucontrol>9000</menucontrol>
    <onload condition="Window.Is(okdialog)">AlarmClock(ConfirmOkFocusAlarm,SetFocus(11),00:00,silent)</onload>
    <onload condition="Window.Is(yesnodialog) | Window.Is(progressdialog)">AlarmClock(ConfirmNoFocusAlarm,SetFocus(10),00:00,silent)</onload>

    <controls>
        <include content="BackdropForDialog">
            <param name="windowid" value="DialogConfirm.xml" />
        </include>

        <include condition="!Window.Is(progressdialog)">DialogConfirmWindow</include>
        <include condition="Window.Is(progressdialog)">DialogProgressBarWindow</include>
    </controls>
</window>
