<?xml version="1.0" encoding="UTF-8"?>
<window id="137">
    <defaultcontrol always="true">15</defaultcontrol>
    <menucontrol>9000</menucontrol>

    <controls>
        <include content="BackdropForDialog">
            <param name="windowid" value="SmartPlaylistRule.xml" />
        </include>

        <control type="group">
            <posy>PosYForFourLinesDialog</posy>
            <include content="WindowForDialog">
                <param name="height" value="HeightForFourLinesDialog" />
                <param name="headerlabel" value="$LOCALIZE[21421]" />
                <param name="icondefaultvisible" value="false" />
                <param name="iconsmallvisible" value="true" />
                <param name="icontexture" value="icons/icon-musicnote.png" />
            </include>

            <include content="LabelForDialog">
                <param name="label" value="$LOCALIZE[21422]" />
            </include>

            <control type="button" id="15">
                <description>Rule Field Button</description>
                <posx>560</posx>
                <posy>120</posy>
                <width>1240</width>
                <align>left</align>
                <onup>17</onup>
                <ondown>16</ondown>
                <onleft>9000</onleft>
            </control>

            <control type="button" id="16">
                <description>Rule Operator Button</description>
                <posx>560</posx>
                <posy>160</posy>
                <width>1240</width>
                <align>left</align>
                <onup>15</onup>
                <ondown>17</ondown>
                <onleft>9000</onleft>
            </control>
    
            <control type="edit" id="17">
                <description>Value Edit Box</description>
                <posx>560</posx>
                <posy>200</posy>
                <width>740</width>
                <onup>16</onup>
                <ondown>18</ondown>
                <onleft>9000</onleft>
                <onright>20</onright>
            </control>

            <control type="button" id="20">
                <description>Browse Button</description>
                <posx>1320</posx>
                <posy>200</posy>
                <width>480</width>
                <label>$LOCALIZE[1024]</label>
                <onup>16</onup>
                <ondown>15</ondown>
                <onleft>17</onleft>
            </control>

            <control type="grouplist" id="9000">
                <include content="MarkupForButtonListForDialog">
                    <param name="posy" value="160" />
                    <param name="height" value="80" />
                </include>
                <onright>16</onright>
                
                <include content="OkButtonForDialog">
                    <param name="id" value="18" />
                </include>
                <include content="CancelButtonForDialog">
                    <param name="id" value="19" />
                </include>
            </control>
        </control>
    </controls>
</window>
