<?xml version="1.0" encoding="UTF-8"?>
<window>
  <defaultcontrol always="true">9000</defaultcontrol>
  <coordinates>
    <system>1</system>
    <left>185</left>
    <top>40</top>
    <origin x="185" y="10">!IsEmpty(ListItem.Addonbroken)</origin>
  </coordinates>
  <include>dialogeffect</include>
  <controls>
    <control type="group">
      <include>VisibleFadeEffect</include>
      <visible>!Window.isVisible(AddonSettings) + !Window.IsActive(TextViewer)</visible>
      <control type="image">
        <description>background image</description>
        <left>0</left>
        <top>0</top>
        <width>920</width>
        <height>639</height>
        <colordiffuse>mainblue</colordiffuse>
        <texture border="40">DialogBackwht.png</texture>
      </control>
      <control type="image">
        <description>background image</description>
        <left>0</left>
        <top>0</top>
        <width>920</width>
        <height>639</height>
        <colordiffuse>mainblue</colordiffuse>
        <texture border="40">DialogBack.png</texture>
      </control>
      <control type="image">
        <description>Dialog Header image</description>
        <left>40</left>
        <top>16</top>
        <width>840</width>
        <height>40</height>
        <texture>dialogheader.png</texture>
      </control>
      <control type="label">
        <description>header label</description>
        <left>40</left>
        <top>20</top>
        <width>840</width>
        <height>30</height>
        <font>Font_Neon_26</font>
        <label>$LOCALIZE[24003]</label>
        <align>center</align>
        <aligny>center</aligny>
        <textcolor>selected</textcolor>
        <shadowcolor>black</shadowcolor>
      </control>
      <control type="button">
        <description>Close Window button</description>
        <left>830</left>
        <top>15</top>
        <width>64</width>
        <height>32</height>
        <label></label>
        <font>-</font>
        <onclick>PreviousMenu</onclick>
        <colordiffuse>mainblue</colordiffuse>
        <texturefocus>DialogCloseButton-focus.png</texturefocus>
        <texturenofocus>DialogCloseButton.png</texturenofocus>
        <onleft>3</onleft>
        <onright>3</onright>
        <onup>3</onup>
        <ondown>3</ondown>
        <visible>system.getbool(input.enablemouse)</visible>
      </control>
      <control type="image">
        <left>30</left>
        <top>70</top>
        <width>220</width>
        <height>220</height>
        <aspectratio>keep</aspectratio>
        <texture>$INFO[ListItem.Icon]</texture>
        <bordertexture border="8">ThumbShadow.png</bordertexture>
        <bordersize>8</bordersize>
      </control>
      <control type="label">
        <description>Addon Title value</description>
        <left>280</left>
        <top>80</top>
        <width>580</width>
        <height>30</height>
        <align>left</align>
        <aligny>center</aligny>
        <font>Font_Neon_20</font>
        <label>[B]$INFO[ListItem.AddonName][/B]</label>
        <textcolor>white</textcolor>
        <scroll>true</scroll>
      </control>
      <control type="group">
        <left>270</left>
        <top>130</top>
        <control type="label">
          <description>Type txt</description>
          <left>150</left>
          <top>0</top>
          <width>140</width>
          <height>25</height>
          <label>$LOCALIZE[146]</label>
          <align>right</align>
          <aligny>center</aligny>
          <font>Font_Neon_20</font>
          <textcolor>mainblue</textcolor>
        </control>
        <control type="label">
          <description>Type Value</description>
          <left>300</left>
          <top>0</top>
          <width>440</width>
          <height>25</height>
          <label fallback="416">$INFO[ListItem.AddonType]</label>
          <align>left</align>
          <aligny>center</aligny>
          <font>Font_Neon_20</font>
          <scroll>true</scroll>
        </control>
        <control type="label">
          <description>Author txt</description>
          <left>150</left>
          <top>30</top>
          <width>140</width>
          <height>25</height>
          <label>$LOCALIZE[21863]:</label>
          <align>right</align>
          <aligny>center</aligny>
          <font>Font_Neon_20</font>
          <textcolor>mainblue</textcolor>
        </control>
        <control type="label">
          <description>Author Value</description>
          <left>300</left>
          <top>30</top>
          <width>440</width>
          <height>25</height>
          <label fallback="416">$INFO[ListItem.AddonCreator]</label>
          <align>left</align>
          <aligny>center</aligny>
          <font>Font_Neon_20</font>
          <scroll>true</scroll>
        </control>
        <control type="label">
          <description>Version txt</description>
          <left>150</left>
          <top>60</top>
          <width>140</width>
          <height>25</height>
          <label>$LOCALIZE[24051]</label>
          <align>right</align>
          <aligny>center</aligny>
          <font>Font_Neon_20</font>
          <textcolor>mainblue</textcolor>
        </control>
        <control type="label">
          <description>Version Value</description>
          <left>300</left>
          <top>60</top>
          <width>440</width>
          <height>25</height>
          <label fallback="416">$INFO[ListItem.AddonVersion]</label>
          <align>left</align>
          <aligny>center</aligny>
          <font>Font_Neon_20</font>
          <scroll>true</scroll>
        </control>
        <control type="label">
          <description>Rating txt</description>
          <left>150</left>
          <top>90</top>
          <width>140</width>
          <height>25</height>
          <label>$LOCALIZE[563]:</label>
          <align>right</align>
          <aligny>center</aligny>
          <font>Font_Neon_20</font>
          <textcolor>mainblue</textcolor>
        </control>
        <control type="image">
          <description>Rating value</description>
          <left>300</left>
          <top>90</top>
          <width>160</width>
          <height>32</height>
          <aspectratio align="left">keep</aspectratio>
          <texture>LeftRating/$INFO[ListItem.AddonStarRating]</texture>
        </control>
        <control type="label">
          <description>Summary txt</description>
          <left>150</left>
          <top>120</top>
          <width>140</width>
          <height>25</height>
          <label>$LOCALIZE[20037]:</label>
          <align>right</align>
          <aligny>center</aligny>
          <font>Font_Neon_20</font>
          <textcolor>mainblue</textcolor>
        </control>
        <control type="fadelabel">
          <description>Summary Value</description>
          <left>300</left>
          <top>120</top>
          <width>440</width>
          <height>25</height>
          <label fallback="416">$INFO[ListItem.AddonSummary]</label>
          <align>left</align>
          <aligny>center</aligny>
          <font>Font_Neon_20</font>
          <scrollout>false</scrollout>
          <pauseatend>2000</pauseatend>
        </control>
        <control type="image">
          <left>0</left>
          <top>160</top>
          <width>600</width>
          <height>4</height>
          <texture>separator.png</texture>
        </control>
        <control type="label">
          <description>Description txt</description>
          <left>0</left>
          <top>170</top>
          <width>300</width>
          <height>25</height>
          <label>$LOCALIZE[21821]</label>
          <align>left</align>
          <aligny>center</aligny>
          <font>Font_Neon_20</font>
          <textcolor>mainblue</textcolor>
        </control>
        <control type="group">
          <visible>!IsEmpty(ListItem.AddonDisclaimer)</visible>
          <control type="label">
            <description>Description Page Count</description>
            <left>610</left>
            <top>170</top>
            <width>300</width>
            <height>25</height>
            <label>$INFO[Container(400).CurrentPage, $LOCALIZE[31024] [COLOR=mainblue]([/COLOR]]$INFO[Container(400).NumPages,/,[COLOR=mainblue])[/COLOR]]</label>
            <align>right</align>
            <aligny>center</aligny>
            <font>Font_Neon_20</font>
            <textcolor>grey</textcolor>
          </control>
          <control type="textbox" id="400">
            <description>Description</description>
            <left>10</left>
            <top>192</top>
            <width>600</width>
            <height>188</height>
            <font>Font_Neon_20</font>
            <align>justify</align>
            <textcolor>white</textcolor>
            <label>$INFO[ListItem.AddonDescription]</label>
            <pagecontrol>60</pagecontrol>
          </control>
          <control type="scrollbar" id="60">
            <left>610</left>
            <top>190</top>
            <width>25</width>
            <height>190</height>
            <texturesliderbackground border="0,14,0,14">ScrollBarV.png</texturesliderbackground>
            <texturesliderbar border="0,14,0,14">ScrollBarV_bar.png</texturesliderbar>
            <texturesliderbarfocus border="0,14,0,14" colordiffuse="mainblue">ScrollBarV_bar_focus.png</texturesliderbarfocus>
            <textureslidernib>ScrollBarNib.png</textureslidernib>
            <textureslidernibfocus>ScrollBarNib.png</textureslidernibfocus>
            <onleft>9000</onleft>
            <onright>61</onright>
            <showonepage>false</showonepage>
            <orientation>vertical</orientation>
          </control>
          <control type="label">
            <description>Disclaimer txt</description>
            <left>0</left>
            <top>400</top>
            <width>600</width>
            <height>25</height>
            <label>$LOCALIZE[24052]</label>
            <align>left</align>
            <aligny>center</aligny>
            <font>Font_Neon_20</font>
            <textcolor>orange</textcolor>
          </control>
          <control type="textbox">
            <description>Disclaimer</description>
            <left>10</left>
            <top>427</top>
            <width>600</width>
            <height>38</height>
            <font>Font_Neon_20</font>
            <align>justify</align>
            <textcolor>white</textcolor>
            <label>$INFO[ListItem.AddonDisclaimer]</label>
            <autoscroll time="2000" delay="3000" repeat="5000">true</autoscroll>
          </control>
        </control>
        <control type="group">
          <visible>IsEmpty(ListItem.AddonDisclaimer)</visible>
          <control type="label">
            <description>Description Page Count</description>
            <left>610</left>
            <top>170</top>
            <width>300</width>
            <height>25</height>
            <label>$INFO[Container(401).CurrentPage, $LOCALIZE[31024] [COLOR=mainblue]([/COLOR]]$INFO[Container(401).NumPages,/,[COLOR=mainblue])[/COLOR]]</label>
            <align>right</align>
            <aligny>center</aligny>
            <font>Font_Neon_20</font>
            <textcolor>grey</textcolor>
          </control>
          <control type="textbox" id="401">
            <description>Description</description>
            <left>10</left>
            <top>197</top>
            <width>600</width>
            <height>258</height>
            <font>Font_Neon_20</font>
            <align>justify</align>
            <textcolor>white</textcolor>
            <label>$INFO[ListItem.AddonDescription]</label>
            <pagecontrol>61</pagecontrol>
          </control>
          <control type="scrollbar" id="61">
            <left>610</left>
            <top>190</top>
            <width>25</width>
            <height>260</height>
            <texturesliderbackground border="0,14,0,14">ScrollBarV.png</texturesliderbackground>
            <texturesliderbar border="0,14,0,14">ScrollBarV_bar.png</texturesliderbar>
            <texturesliderbarfocus border="0,14,0,14" colordiffuse="mainblue">ScrollBarV_bar_focus.png</texturesliderbarfocus>
            <textureslidernib>ScrollBarNib.png</textureslidernib>
            <textureslidernibfocus>ScrollBarNib.png</textureslidernibfocus>
            <onleft>60</onleft>
            <onright>9000</onright>
            <showonepage>false</showonepage>
            <orientation>vertical</orientation>
          </control>
        </control>
      </control>
      <control type="grouplist" id="9000">
        <left>30</left>
        <top>310</top>
        <control type="button" id="9">
          <description>Configure Addon</description>
          <width>220</width>
          <height>38</height>
          <label>24020</label>
          <font>Font_Neon_20</font>
          <textcolor>grey</textcolor>
          <focusedcolor>white</focusedcolor>
          <align>center</align>
          <aligny>center</aligny>
          <colordiffuse>mainblue</colordiffuse>
          <texturefocus>button-focus.png</texturefocus>
          <texturenofocus>button-nofocus.png</texturenofocus>
        </control>
        <control type="button" id="8">
          <description>Update Addon button</description>
          <width>220</width>
          <height>38</height>
          <label>24069</label>
          <font>Font_Neon_20</font>
          <textcolor>grey</textcolor>
          <focusedcolor>white</focusedcolor>
          <align>center</align>
          <aligny>center</aligny>
          <colordiffuse>mainblue</colordiffuse>
          <texturefocus>button-focus.png</texturefocus>
          <texturenofocus>button-nofocus.png</texturenofocus>
        </control>
        <control type="button" id="12">
          <description>Launch Addon button</description>
          <width>220</width>
          <height>38</height>
          <label>518</label>
          <font>Font_Neon_20</font>
          <textcolor>grey</textcolor>
          <focusedcolor>white</focusedcolor>
          <align>center</align>
          <aligny>center</aligny>
          <colordiffuse>mainblue</colordiffuse>
          <texturefocus>button-focus.png</texturefocus>
          <texturenofocus>button-nofocus.png</texturenofocus>
        </control>
        <control type="button" id="6">
          <description>Install/UnInstall Addon button</description>
          <width>220</width>
          <height>38</height>
          <label>24022</label>
          <font>Font_Neon_20</font>
          <textcolor>grey</textcolor>
          <focusedcolor>white</focusedcolor>
          <align>center</align>
          <aligny>center</aligny>
          <colordiffuse>mainblue</colordiffuse>
          <texturefocus>button-focus.png</texturefocus>
          <texturenofocus>button-nofocus.png</texturenofocus>
        </control>
        <control type="button" id="7">
          <description>Enable/Disable Addon button</description>
          <width>220</width>
          <height>38</height>
          <label>24021</label>
          <font>Font_Neon_20</font>
          <textcolor>grey</textcolor>
          <focusedcolor>white</focusedcolor>
          <align>center</align>
          <aligny>center</aligny>
          <colordiffuse>mainblue</colordiffuse>
          <texturefocus>button-focus.png</texturefocus>
          <texturenofocus>button-nofocus.png</texturenofocus>
        </control>
        <control type="button" id="11">
          <description>Rollback button</description>
          <width>220</width>
          <height>38</height>
          <label>24048</label>
          <font>Font_Neon_20</font>
          <textcolor>grey</textcolor>
          <focusedcolor>white</focusedcolor>
          <align>center</align>
          <aligny>center</aligny>
          <colordiffuse>mainblue</colordiffuse>
          <texturefocus>button-focus.png</texturefocus>
          <texturenofocus>button-nofocus.png</texturenofocus>
        </control>
        <control type="button" id="10">
          <description>Changelog button</description>
          <width>220</width>
          <height>38</height>
          <label>24036</label>
          <font>Font_Neon_20</font>
          <textcolor>grey</textcolor>
          <focusedcolor>white</focusedcolor>
          <align>center</align>
          <aligny>center</aligny>
          <colordiffuse>mainblue</colordiffuse>
          <texturefocus>button-focus.png</texturefocus>
          <texturenofocus>button-nofocus.png</texturenofocus>
        </control>
      </control>
      <control type="group">
        <visible>!IsEmpty(ListItem.Addonbroken)</visible>
        <left>0</left>
        <top>600</top>
        <control type="image">
          <description>background image</description>
          <left>0</left>
          <top>0</top>
          <width>920</width>
          <height>100</height>
          <texture border="20">OverlayDialogBackground.png</texture>
        </control>
        <control type="image">
          <description>Icon image</description>
          <left>20</left>
          <top>20</top>
          <width>60</width>
          <height>60</height>
          <texture>DefaultIconError.png</texture>
        </control>
        <control type="label">
          <description>header label</description>
          <left>100</left>
          <top>15</top>
          <width>800</width>
          <height>25</height>
          <font>Font_Neon_20</font>
          <label>24096</label>
          <align>left</align>
          <aligny>center</aligny>
          <textcolor>selected</textcolor>
          <shadowcolor>black</shadowcolor>
        </control>
        <control type="textbox">
          <description>Reason label</description>
          <left>100</left>
          <top>37</top>
          <width>800</width>
          <height>48</height>
          <font>Font_Neon_20</font>
          <label>$INFO[ListItem.Addonbroken]</label>
          <align>left</align>
          <textcolor>white</textcolor>
          <shadowcolor>black</shadowcolor>
        </control>
      </control>
    </control>
  </controls>
</window>
