<?xml version="1.0" encoding="UTF-8"?>
<includes>
  <include name="Weather10DayForcast">
    <control type="group">
      <visible>IsEmpty(Window.Property(Weather.CurrentView))</visible>
      <include>VisibleFadeEffect</include>
      <control type="label">
        <description>header label</description>
        <left>20</left>
        <top>15</top>
        <width>610</width>
        <height>30</height>
        <font>Font_Neon_28</font>
        <label>[B]$LOCALIZE[31904][/B]</label>
        <align>center</align>
        <aligny>center</aligny>
        <textcolor>white</textcolor>
        <shadowcolor>black</shadowcolor>
      </control>
      <control type="list" id="51">
        <left>15</left>
        <top>60</top>
        <width>600</width>
        <height>541</height>
        <onleft>7000</onleft>
        <onright>61</onright>
        <onup>51</onup>
        <ondown>51</ondown>
        <viewtype label="535">list</viewtype>
        <pagecontrol>61</pagecontrol>
        <scrolltime>200</scrolltime>
        <itemlayout height="135" width="600" condition="IsEmpty(Window.Property(Daily.IsFetched))">
          <control type="image">
            <left>0</left>
            <top>0</top>
            <width>600</width>
            <height>136</height>
            <texture border="0,5,0,5">MenuItemNF.png</texture>
          </control>
          <control type="image">
            <left>0</left>
            <top>0</top>
            <width>600</width>
            <height>136</height>
            <texture border="0,5,0,5">MenuItemNF.png</texture>
          </control>
          <control type="label">
            <left>150</left>
            <top>10</top>
            <width>300</width>
            <height>25</height>
            <font>Font_Neon_22_title</font>
            <textcolor>white</textcolor>
            <shadowcolor>black</shadowcolor>
            <selectedcolor>selected</selectedcolor>
            <align>center</align>
            <aligny>center</aligny>
            <label>$INFO[ListItem.Label]</label>
          </control>
          <control type="image">
            <left>460</left>
            <top>0</top>
            <width>135</width>
            <height>135</height>
            <aspectratio>keep</aspectratio>
            <texture>$INFO[ListItem.ActualIcon]</texture>
          </control>
          <control type="label">
            <left>30</left>
            <top>35</top>
            <width>390</width>
            <height>30</height>
            <font>Font_Neon_22</font>
            <textcolor>white</textcolor>
            <shadowcolor>black</shadowcolor>
            <selectedcolor>selected</selectedcolor>
            <align>left</align>
            <aligny>center</aligny>
            <label>[COLOR=grey2]$LOCALIZE[419] : [/COLOR]$INFO[ListItem.Property(HighTemp)]$INFO[ListItem.Property(TempUnits)]     [COLOR=grey2]$LOCALIZE[418] : [/COLOR]$INFO[ListItem.Property(LowTemp)]$INFO[ListItem.Property(TempUnits)]</label>
            <visible>!IsEmpty(ListItem.Property(HighTemp))</visible>
          </control>
          <control type="textbox">
            <left>30</left>
            <top>72</top>
            <width>400</width>
            <height>48</height>
            <font>Font_Neon_22</font>
            <textcolor>white</textcolor>
            <shadowcolor>black</shadowcolor>
            <selectedcolor>selected</selectedcolor>
            <align>left</align>
            <label>$INFO[ListItem.Property(Outlook)]</label>
          </control>
        </itemlayout>
        <focusedlayout height="135" width="600" condition="IsEmpty(Window.Property(Daily.IsFetched))">
          <control type="image">
            <left>0</left>
            <top>0</top>
            <width>600</width>
            <height>136</height>
            <texture border="0,2,0,2">MenuItemNF.png</texture>
            <visible>!Control.HasFocus(51)</visible>
            <include>VisibleFadeEffect</include>
          </control>
          <control type="image">
            <left>0</left>
            <top>0</top>
            <width>600</width>
            <height>136</height>
            <texture border="0,2,0,2">MenuItemNF.png</texture>
            <visible>!Control.HasFocus(51)</visible>
            <include>VisibleFadeEffect</include>
          </control>
          <control type="image">
            <left>0</left>
            <top>0</top>
            <width>600</width>
            <height>136</height>
            <colordiffuse>mainblue</colordiffuse>
            <texture>mainmenu/home_bottom_white.png</texture>
            <visible>Control.HasFocus(51)</visible>
            <include>VisibleFadeEffect</include>
          </control>
          <control type="label">
            <left>150</left>
            <top>10</top>
            <width>300</width>
            <height>25</height>
            <font>Font_Neon_22_title</font>
            <textcolor>white</textcolor>
            <shadowcolor>black</shadowcolor>
            <selectedcolor>selected</selectedcolor>
            <align>center</align>
            <aligny>center</aligny>
            <label>$INFO[ListItem.Label]</label>
          </control>
          <control type="image">
            <left>460</left>
            <top>0</top>
            <width>135</width>
            <height>135</height>
            <aspectratio>keep</aspectratio>
            <texture>$INFO[ListItem.ActualIcon]</texture>
          </control>
          <control type="label">
            <left>30</left>
            <top>35</top>
            <width>390</width>
            <height>30</height>
            <font>Font_Neon_22</font>
            <textcolor>white</textcolor>
            <shadowcolor>black</shadowcolor>
            <selectedcolor>selected</selectedcolor>
            <align>left</align>
            <aligny>center</aligny>
            <label>[COLOR=grey2]$LOCALIZE[419] : [/COLOR]$INFO[ListItem.Property(HighTemp)]$INFO[ListItem.Property(TempUnits)]     [COLOR=grey2]$LOCALIZE[418] : [/COLOR]$INFO[ListItem.Property(LowTemp)]$INFO[ListItem.Property(TempUnits)]</label>
            <visible>!IsEmpty(ListItem.Property(HighTemp))</visible>
          </control>
          <control type="textbox">
            <left>30</left>
            <top>72</top>
            <width>400</width>
            <height>48</height>
            <font>Font_Neon_22</font>
            <textcolor>white</textcolor>
            <shadowcolor>black</shadowcolor>
            <selectedcolor>selected</selectedcolor>
            <align>left</align>
            <label>$INFO[ListItem.Property(Outlook)]</label>
          </control>
        </focusedlayout>
        <itemlayout height="135" width="600" condition="!IsEmpty(Window.Property(Daily.IsFetched))">
          <control type="image">
            <left>0</left>
            <top>0</top>
            <width>600</width>
            <height>136</height>
            <texture border="0,5,0,5">MenuItemNF.png</texture>
          </control>
          <control type="label">
            <left>0</left>
            <top>0</top>
            <width>100</width>
            <height>120</height>
            <font>Font_Neon_20</font>
            <textcolor>white</textcolor>
            <selectedcolor>selected</selectedcolor>
            <align>center</align>
            <aligny>center</aligny>
            <label>$INFO[ListItem.Label]</label>
          </control>
          <control type="image">
            <left>110</left>
            <top>5</top>
            <width>80</width>
            <height>80</height>
            <aspectratio>keep</aspectratio>
            <texture>$INFO[ListItem.Thumb]</texture>
          </control>
          <control type="label">
            <left>200</left>
            <top>0</top>
            <width>390</width>
            <height>120</height>
            <font>Font_Neon_20</font>
            <textcolor>white</textcolor>
            <selectedcolor>selected</selectedcolor>
            <align>right</align>
            <aligny>center</aligny>
            <label>$INFO[ListItem.Label2]</label>
          </control>
          <control type="textbox">
            <left>0</left>
            <top>80</top>
            <width>590</width>
            <height>50</height>
            <font>Font_Neon_20</font>
            <textcolor>white</textcolor>
            <selectedcolor>selected</selectedcolor>
            <align>center</align>
            <label>$INFO[ListItem.ActualIcon]</label>
          </control>
        </itemlayout>
        <focusedlayout height="135" width="600" condition="!IsEmpty(Window.Property(Daily.IsFetched))">
          <control type="image">
            <left>0</left>
            <top>0</top>
            <width>600</width>
            <height>136</height>
            <texture border="0,2,0,2">MenuItemNF.png</texture>
            <visible>!Control.HasFocus(51)</visible>
            <include>VisibleFadeEffect</include>
          </control>
          <control type="image">
            <left>0</left>
            <top>0</top>
            <width>600</width>
            <height>136</height>
            <colordiffuse>mainblue</colordiffuse>
            <texture>mainmenu/home_bottom_white.png</texture>
            <visible>Control.HasFocus(51)</visible>
            <include>VisibleFadeEffect</include>
          </control>
          <control type="label">
            <left>0</left>
            <top>0</top>
            <width>100</width>
            <height>120</height>
            <font>Font_Neon_20</font>
            <textcolor>white</textcolor>
            <selectedcolor>selected</selectedcolor>
            <align>center</align>
            <aligny>center</aligny>
            <label>$INFO[ListItem.Label]</label>
          </control>
          <control type="image">
            <left>110</left>
            <top>5</top>
            <width>80</width>
            <height>80</height>
            <aspectratio>keep</aspectratio>
            <texture>$INFO[ListItem.Thumb]</texture>
          </control>
          <control type="label">
            <left>200</left>
            <top>0</top>
            <width>390</width>
            <height>120</height>
            <font>Font_Neon_20</font>
            <textcolor>white</textcolor>
            <selectedcolor>selected</selectedcolor>
            <align>right</align>
            <aligny>center</aligny>
            <label>$INFO[ListItem.Label2]</label>
          </control>
          <control type="textbox">
            <left>0</left>
            <top>80</top>
            <width>590</width>
            <height>50</height>
            <font>Font_Neon_20</font>
            <textcolor>white</textcolor>
            <selectedcolor>selected</selectedcolor>
            <align>center</align>
            <label>$INFO[ListItem.ActualIcon]</label>
          </control>
        </focusedlayout>
        <content>
          <item>
            <label>-</label>
            <icon>-</icon>
            <onclick>noop</onclick>
            <visible>!Weather.IsFetched</visible>
          </item>
          <item>
            <label>$INFO[Window.Property(Day0.Title)]</label>
            <icon>$INFO[Window.Property(Day0.OutlookIcon)]</icon>
            <property name="HighTemp">$INFO[Window.Property(Day0.HighTemp)]</property>
            <property name="LowTemp">$INFO[Window.Property(Day0.LowTemp)]</property>
            <property name="Outlook">$INFO[Window.Property(Day0.Outlook)]</property>
            <property name="TempUnits">$INFO[System.TemperatureUnits]</property>
            <onclick>noop</onclick>
            <visible>Weather.IsFetched + !IsEmpty(Window.Property(Day0.Outlook)) + IsEmpty(Window.Property(Daily.IsFetched))</visible>
          </item>
          <item>
            <label>$INFO[Window.Property(Day1.Title)]</label>
            <icon>$INFO[Window.Property(Day1.OutlookIcon)]</icon>
            <property name="HighTemp">$INFO[Window.Property(Day1.HighTemp)]</property>
            <property name="LowTemp">$INFO[Window.Property(Day1.LowTemp)]</property>
            <property name="Outlook">$INFO[Window.Property(Day1.Outlook)]</property>
            <property name="TempUnits">$INFO[System.TemperatureUnits]</property>
            <onclick>noop</onclick>
            <visible>Weather.IsFetched + !IsEmpty(Window.Property(Day1.Outlook)) + IsEmpty(Window.Property(Daily.IsFetched))</visible>
          </item>
          <item>
            <label>$INFO[Window.Property(Day2.Title)]</label>
            <icon>$INFO[Window.Property(Day2.OutlookIcon)]</icon>
            <property name="HighTemp">$INFO[Window.Property(Day2.HighTemp)]</property>
            <property name="LowTemp">$INFO[Window.Property(Day2.LowTemp)]</property>
            <property name="Outlook">$INFO[Window.Property(Day2.Outlook)]</property>
            <property name="TempUnits">$INFO[System.TemperatureUnits]</property>
            <onclick>noop</onclick>
            <visible>Weather.IsFetched + !IsEmpty(Window.Property(Day2.Outlook)) + IsEmpty(Window.Property(Daily.IsFetched))</visible>
          </item>
          <item>
            <label>$INFO[Window.Property(Day3.Title)]</label>
            <icon>$INFO[Window.Property(Day3.OutlookIcon)]</icon>
            <property name="HighTemp">$INFO[Window.Property(Day3.HighTemp)]</property>
            <property name="LowTemp">$INFO[Window.Property(Day3.LowTemp)]</property>
            <property name="Outlook">$INFO[Window.Property(Day3.Outlook)]</property>
            <property name="TempUnits">$INFO[System.TemperatureUnits]</property>
            <onclick>noop</onclick>
            <visible>Weather.IsFetched + !IsEmpty(Window.Property(Day3.Outlook)) + IsEmpty(Window.Property(Daily.IsFetched))</visible>
          </item>
          <item>
            <label>$INFO[Window.Property(Day4.Title)]</label>
            <icon>$INFO[Window.Property(Day4.OutlookIcon)]</icon>
            <property name="HighTemp">$INFO[Window.Property(Day4.HighTemp)]</property>
            <property name="LowTemp">$INFO[Window.Property(Day4.LowTemp)]</property>
            <property name="Outlook">$INFO[Window.Property(Day4.Outlook)]</property>
            <property name="TempUnits">$INFO[System.TemperatureUnits]</property>
            <onclick>noop</onclick>
            <visible>Weather.IsFetched + !IsEmpty(Window.Property(Day4.Outlook)) + IsEmpty(Window.Property(Daily.IsFetched))</visible>
          </item>
          <item>
            <label>$INFO[Window.Property(Day5.Title)]</label>
            <icon>$INFO[Window.Property(Day5.OutlookIcon)]</icon>
            <property name="HighTemp">$INFO[Window.Property(Day5.HighTemp)]</property>
            <property name="LowTemp">$INFO[Window.Property(Day5.LowTemp)]</property>
            <property name="Outlook">$INFO[Window.Property(Day5.Outlook)]</property>
            <property name="TempUnits">$INFO[System.TemperatureUnits]</property>
            <onclick>noop</onclick>
            <visible>Weather.IsFetched + !IsEmpty(Window.Property(Day5.Outlook)) + IsEmpty(Window.Property(Daily.IsFetched))</visible>
          </item>
          <item>
            <label>$INFO[Window.Property(Day6.Title)]</label>
            <icon>$INFO[Window.Property(Day6.OutlookIcon)]</icon>
            <property name="HighTemp">$INFO[Window.Property(Day6.HighTemp)]</property>
            <property name="LowTemp">$INFO[Window.Property(Day6.LowTemp)]</property>
            <property name="Outlook">$INFO[Window.Property(Day6.Outlook)]</property>
            <property name="TempUnits">$INFO[System.TemperatureUnits]</property>
            <onclick>noop</onclick>
            <visible>Weather.IsFetched + !IsEmpty(Window.Property(Day6.Outlook)) + IsEmpty(Window.Property(Daily.IsFetched))</visible>
          </item>
          <item>
            <label>[B]$INFO[Window.Property(Daily.1.ShortDay)][/B][CR][COLOR=grey2]$INFO[Window.Property(Daily.1.ShortDate)][/COLOR]</label>
            <label2>$INFO[Window.Property(Daily.1.HighTemperature),[COLOR=grey2]$LOCALIZE[419] :[/COLOR][B] ,[/B]]  $INFO[Window.Property(Daily.1.LowTemperature),[COLOR=grey2]$LOCALIZE[418] :[/COLOR][B] ,[/B]][CR]$INFO[Window.Property(Daily.1.Precipitation),[COLOR=grey2]$LOCALIZE[33022] :[/COLOR][B] ,[/B]][CR]$INFO[Window.Property(Daily.1.Cloudiness),[COLOR=grey2]$LOCALIZE[387] :[/COLOR][B] ,[/B]]</label2>
            <thumb>$INFO[Window.Property(Daily.1.OutlookIcon)]</thumb>
            <icon>$INFO[Window.Property(Daily.1.Outlook),[COLOR=grey2]$LOCALIZE[33030]: [/COLOR]][CR][COLOR=grey2]$LOCALIZE[383]: [/COLOR]$INFO[Window.Property(Daily.1.WindSpeed)] $INFO[Window.Property(Daily.1.WindDirection)]</icon>
            <onclick>noop</onclick>
            <visible>Weather.IsFetched + !IsEmpty(Window.Property(Daily.1.Outlook)) + !IsEmpty(Window.Property(Daily.IsFetched))</visible>
          </item>
          <item>
            <label>[B]$INFO[Window.Property(Daily.2.ShortDay)][/B][CR][COLOR=grey2]$INFO[Window.Property(Daily.2.ShortDate)][/COLOR]</label>
            <label2>$INFO[Window.Property(Daily.2.HighTemperature),[COLOR=grey2]$LOCALIZE[419] :[/COLOR][B] ,[/B]]  $INFO[Window.Property(Daily.2.LowTemperature),[COLOR=grey2]$LOCALIZE[418] :[/COLOR][B] ,[/B]][CR]$INFO[Window.Property(Daily.2.Precipitation),[COLOR=grey2]$LOCALIZE[33022] :[/COLOR][B] ,[/B]][CR]$INFO[Window.Property(Daily.2.Cloudiness),[COLOR=grey2]$LOCALIZE[387] :[/COLOR][B] ,[/B]]</label2>
            <thumb>$INFO[Window.Property(Daily.2.OutlookIcon)]</thumb>
            <icon>$INFO[Window.Property(Daily.2.Outlook),[COLOR=grey2]$LOCALIZE[33030]: [/COLOR]][CR][COLOR=grey2]$LOCALIZE[383]: [/COLOR]$INFO[Window.Property(Daily.2.WindSpeed)] $INFO[Window.Property(Daily.2.WindDirection)]</icon>
            <onclick>noop</onclick>
            <visible>Weather.IsFetched + !IsEmpty(Window.Property(Daily.2.Outlook)) + !IsEmpty(Window.Property(Daily.IsFetched))</visible>
          </item>
          <item>
            <label>[B]$INFO[Window.Property(Daily.3.ShortDay)][/B][CR][COLOR=grey2]$INFO[Window.Property(Daily.3.ShortDate)][/COLOR]</label>
            <label2>$INFO[Window.Property(Daily.3.HighTemperature),[COLOR=grey2]$LOCALIZE[419] :[/COLOR][B] ,[/B]]  $INFO[Window.Property(Daily.3.LowTemperature),[COLOR=grey2]$LOCALIZE[418] :[/COLOR][B] ,[/B]][CR]$INFO[Window.Property(Daily.3.Precipitation),[COLOR=grey2]$LOCALIZE[33022] :[/COLOR][B] ,[/B]][CR]$INFO[Window.Property(Daily.3.Cloudiness),[COLOR=grey2]$LOCALIZE[387] :[/COLOR][B] ,[/B]]</label2>
            <thumb>$INFO[Window.Property(Daily.3.OutlookIcon)]</thumb>
            <icon>$INFO[Window.Property(Daily.3.Outlook),[COLOR=grey2]$LOCALIZE[33030]: [/COLOR]][CR][COLOR=grey2]$LOCALIZE[383]: [/COLOR]$INFO[Window.Property(Daily.3.WindSpeed)] $INFO[Window.Property(Daily.3.WindDirection)]</icon>
            <onclick>noop</onclick>
            <visible>Weather.IsFetched + !IsEmpty(Window.Property(Daily.3.Outlook)) + !IsEmpty(Window.Property(Daily.IsFetched))</visible>
          </item>
          <item>
            <label>[B]$INFO[Window.Property(Daily.4.ShortDay)][/B][CR][COLOR=grey2]$INFO[Window.Property(Daily.4.ShortDate)][/COLOR]</label>
            <label2>$INFO[Window.Property(Daily.4.HighTemperature),[COLOR=grey2]$LOCALIZE[419] :[/COLOR][B] ,[/B]]  $INFO[Window.Property(Daily.4.LowTemperature),[COLOR=grey2]$LOCALIZE[418] :[/COLOR][B] ,[/B]][CR]$INFO[Window.Property(Daily.4.Precipitation),[COLOR=grey2]$LOCALIZE[33022] :[/COLOR][B] ,[/B]][CR]$INFO[Window.Property(Daily.4.Cloudiness),[COLOR=grey2]$LOCALIZE[387] :[/COLOR][B] ,[/B]]</label2>
            <thumb>$INFO[Window.Property(Daily.4.OutlookIcon)]</thumb>
            <icon>$INFO[Window.Property(Daily.4.Outlook),[COLOR=grey2]$LOCALIZE[33030]: [/COLOR]][CR][COLOR=grey2]$LOCALIZE[383]: [/COLOR]$INFO[Window.Property(Daily.4.WindSpeed)] $INFO[Window.Property(Daily.4.WindDirection)]</icon>
            <onclick>noop</onclick>
            <visible>Weather.IsFetched + !IsEmpty(Window.Property(Daily.4.Outlook)) + !IsEmpty(Window.Property(Daily.IsFetched))</visible>
          </item>
          <item>
            <label>[B]$INFO[Window.Property(Daily.5.ShortDay)][/B][CR][COLOR=grey2]$INFO[Window.Property(Daily.5.ShortDate)][/COLOR]</label>
            <label2>$INFO[Window.Property(Daily.5.HighTemperature),[COLOR=grey2]$LOCALIZE[419] :[/COLOR][B] ,[/B]]  $INFO[Window.Property(Daily.5.LowTemperature),[COLOR=grey2]$LOCALIZE[418] :[/COLOR][B] ,[/B]][CR]$INFO[Window.Property(Daily.5.Precipitation),[COLOR=grey2]$LOCALIZE[33022] :[/COLOR][B] ,[/B]][CR]$INFO[Window.Property(Daily.5.Cloudiness),[COLOR=grey2]$LOCALIZE[387] :[/COLOR][B] ,[/B]]</label2>
            <thumb>$INFO[Window.Property(Daily.5.OutlookIcon)]</thumb>
            <icon>$INFO[Window.Property(Daily.5.Outlook),[COLOR=grey2]$LOCALIZE[33030]: [/COLOR]][CR][COLOR=grey2]$LOCALIZE[383]: [/COLOR]$INFO[Window.Property(Daily.5.WindSpeed)] $INFO[Window.Property(Daily.5.WindDirection)]</icon>
            <onclick>noop</onclick>
            <visible>Weather.IsFetched + !IsEmpty(Window.Property(Daily.5.Outlook)) + !IsEmpty(Window.Property(Daily.IsFetched))</visible>
          </item>
          <item>
            <label>[B]$INFO[Window.Property(Daily.6.ShortDay)][/B][CR][COLOR=grey2]$INFO[Window.Property(Daily.6.ShortDate)][/COLOR]</label>
            <label2>$INFO[Window.Property(Daily.6.HighTemperature),[COLOR=grey2]$LOCALIZE[419] :[/COLOR][B] ,[/B]]  $INFO[Window.Property(Daily.6.LowTemperature),[COLOR=grey2]$LOCALIZE[418] :[/COLOR][B] ,[/B]][CR]$INFO[Window.Property(Daily.6.Precipitation),[COLOR=grey2]$LOCALIZE[33022] :[/COLOR][B] ,[/B]][CR]$INFO[Window.Property(Daily.6.Cloudiness),[COLOR=grey2]$LOCALIZE[387] :[/COLOR][B] ,[/B]]</label2>
            <thumb>$INFO[Window.Property(Daily.6.OutlookIcon)]</thumb>
            <icon>$INFO[Window.Property(Daily.6.Outlook),[COLOR=grey2]$LOCALIZE[33030]: [/COLOR]][CR][COLOR=grey2]$LOCALIZE[383]: [/COLOR]$INFO[Window.Property(Daily.6.WindSpeed)] $INFO[Window.Property(Daily.6.WindDirection)]</icon>
            <onclick>noop</onclick>
            <visible>Weather.IsFetched + !IsEmpty(Window.Property(Daily.6.Outlook)) + !IsEmpty(Window.Property(Daily.IsFetched))</visible>
          </item>
          <item>
            <label>[B]$INFO[Window.Property(Daily.7.ShortDay)][/B][CR][COLOR=grey2]$INFO[Window.Property(Daily.7.ShortDate)][/COLOR]</label>
            <label2>$INFO[Window.Property(Daily.7.HighTemperature),[COLOR=grey2]$LOCALIZE[419] :[/COLOR][B] ,[/B]]  $INFO[Window.Property(Daily.7.LowTemperature),[COLOR=grey2]$LOCALIZE[418] :[/COLOR][B] ,[/B]][CR]$INFO[Window.Property(Daily.7.Precipitation),[COLOR=grey2]$LOCALIZE[33022] :[/COLOR][B] ,[/B]][CR]$INFO[Window.Property(Daily.7.Cloudiness),[COLOR=grey2]$LOCALIZE[387] :[/COLOR][B] ,[/B]]</label2>
            <thumb>$INFO[Window.Property(Daily.7.OutlookIcon)]</thumb>
            <icon>$INFO[Window.Property(Daily.7.Outlook),[COLOR=grey2]$LOCALIZE[33030]: [/COLOR]][CR][COLOR=grey2]$LOCALIZE[383]: [/COLOR]$INFO[Window.Property(Daily.7.WindSpeed)] $INFO[Window.Property(Daily.7.WindDirection)]</icon>
            <onclick>noop</onclick>
            <visible>Weather.IsFetched + !IsEmpty(Window.Property(Daily.7.Outlook)) + !IsEmpty(Window.Property(Daily.IsFetched))</visible>
          </item>
          <item>
            <label>[B]$INFO[Window.Property(Daily.8.ShortDay)][/B][CR][COLOR=grey2]$INFO[Window.Property(Daily.8.ShortDate)][/COLOR]</label>
            <label2>$INFO[Window.Property(Daily.8.HighTemperature),[COLOR=grey2]$LOCALIZE[419] :[/COLOR][B] ,[/B]]  $INFO[Window.Property(Daily.8.LowTemperature),[COLOR=grey2]$LOCALIZE[418] :[/COLOR][B] ,[/B]][CR]$INFO[Window.Property(Daily.8.Precipitation),[COLOR=grey2]$LOCALIZE[33022] :[/COLOR][B] ,[/B]][CR]$INFO[Window.Property(Daily.8.Cloudiness),[COLOR=grey2]$LOCALIZE[387] :[/COLOR][B] ,[/B]]</label2>
            <thumb>$INFO[Window.Property(Daily.8.OutlookIcon)]</thumb>
            <icon>$INFO[Window.Property(Daily.8.Outlook),[COLOR=grey2]$LOCALIZE[33030]: [/COLOR]][CR][COLOR=grey2]$LOCALIZE[383]: [/COLOR]$INFO[Window.Property(Daily.8.WindSpeed)] $INFO[Window.Property(Daily.8.WindDirection)]</icon>
            <onclick>noop</onclick>
            <visible>Weather.IsFetched + !IsEmpty(Window.Property(Daily.8.Outlook)) + !IsEmpty(Window.Property(Daily.IsFetched))</visible>
          </item>
          <item>
            <label>[B]$INFO[Window.Property(Daily.9.ShortDay)][/B][CR][COLOR=grey2]$INFO[Window.Property(Daily.9.ShortDate)][/COLOR]</label>
            <label2>$INFO[Window.Property(Daily.9.HighTemperature),[COLOR=grey2]$LOCALIZE[419] :[/COLOR][B] ,[/B]]  $INFO[Window.Property(Daily.9.LowTemperature),[COLOR=grey2]$LOCALIZE[418] :[/COLOR][B] ,[/B]][CR]$INFO[Window.Property(Daily.9.Precipitation),[COLOR=grey2]$LOCALIZE[33022] :[/COLOR][B] ,[/B]][CR]$INFO[Window.Property(Daily.9.Cloudiness),[COLOR=grey2]$LOCALIZE[387] :[/COLOR][B] ,[/B]]</label2>
            <thumb>$INFO[Window.Property(Daily.9.OutlookIcon)]</thumb>
            <icon>$INFO[Window.Property(Daily.9.Outlook),[COLOR=grey2]$LOCALIZE[33030]: [/COLOR]][CR][COLOR=grey2]$LOCALIZE[383]: [/COLOR]$INFO[Window.Property(Daily.9.WindSpeed)] $INFO[Window.Property(Daily.9.WindDirection)]</icon>
            <onclick>noop</onclick>
            <visible>Weather.IsFetched + !IsEmpty(Window.Property(Daily.9.Outlook)) + !IsEmpty(Window.Property(Daily.IsFetched))</visible>
          </item>
          <item>
            <label>[B]$INFO[Window.Property(Daily.10.ShortDay)][/B][CR][COLOR=grey2]$INFO[Window.Property(Daily.10.ShortDate)][/COLOR]</label>
            <label2>$INFO[Window.Property(Daily.10.HighTemperature),[COLOR=grey2]$LOCALIZE[419] :[/COLOR][B] ,[/B]]  $INFO[Window.Property(Daily.10.LowTemperature),[COLOR=grey2]$LOCALIZE[418] :[/COLOR][B] ,[/B]][CR]$INFO[Window.Property(Daily.10.Precipitation),[COLOR=grey2]$LOCALIZE[33022] :[/COLOR][B] ,[/B]][CR]$INFO[Window.Property(Daily.10.Cloudiness),[COLOR=grey2]$LOCALIZE[387] :[/COLOR][B] ,[/B]]</label2>
            <thumb>$INFO[Window.Property(Daily.10.OutlookIcon)]</thumb>
            <icon>$INFO[Window.Property(Daily.10.Outlook),[COLOR=grey2]$LOCALIZE[33030]: [/COLOR]][CR][COLOR=grey2]$LOCALIZE[383]: [/COLOR]$INFO[Window.Property(Daily.10.WindSpeed)] $INFO[Window.Property(Daily.10.WindDirection)]</icon>
            <onclick>noop</onclick>
            <visible>Weather.IsFetched + !IsEmpty(Window.Property(Daily.10.Outlook)) + !IsEmpty(Window.Property(Daily.IsFetched))</visible>
          </item>
        </content>
      </control>
      <control type="scrollbar" id="61">
        <left>615</left>
        <top>60</top>
        <width>25</width>
        <height>540</height>
        <texturesliderbackground border="0,14,0,14">ScrollBarV.png</texturesliderbackground>
        <texturesliderbar border="0,14,0,14">ScrollBarV_bar.png</texturesliderbar>
        <texturesliderbarfocus border="0,14,0,14" colordiffuse="mainblue">ScrollBarV_bar_focus.png</texturesliderbarfocus>
        <textureslidernib>ScrollBarNib.png</textureslidernib>
        <textureslidernibfocus>ScrollBarNib.png</textureslidernibfocus>
        <onleft>51</onleft>
        <onright>7000</onright>
        <showonepage>true</showonepage>
        <orientation>vertical</orientation>
        <visible>Control.IsVisible(50)</visible>
      </control>
    </control>
  </include>
</includes>
