<settings>
    <setting id="homepageWeatherinfo" type="bool">true</setting>
    <setting id="HomeMenuNoProgramsButton" type="bool">false</setting>
    <setting id="UseCustomBackground" type="bool">false</setting>
    <setting id="ShowBackgroundVis" type="bool">false</setting>
    <setting id="HideBackGroundFanart" type="bool">false</setting>
    <setting id="AutoScroll" type="bool">false</setting>
    <setting id="HomepageHideRecentlyAddedVideo" type="bool">false</setting>
    <setting id="FirstTimeRun" type="bool">true</setting>
    <setting id="ShowBackgroundVideo" type="bool">false</setting>
    <setting id="View509HideInfo" type="bool">false</setting>
    <setting id="Show_SlideShow_Paused" type="bool">false</setting>
    <setting id="WindowedTrailer" type="bool">false</setting>
    <setting id="HideFilenameFlagging" type="bool">false</setting>
    <setting id="HideEPGwithRDS" type="bool">false</setting>
    <setting id="favourite2" type="bool">false</setting>
    <setting id="favourite3" type="bool">false</setting>
    <setting id="favourite4" type="bool">false</setting>
    <setting id="favourite5" type="bool">false</setting>
    <setting id="favourite6" type="bool">false</setting>
    <setting id="favourite8" type="bool">false</setting>
    <setting id="favourite9" type="bool">false</setting>
    <setting id="favourite10" type="bool">false</setting>
    <setting id="favourite11" type="bool">false</setting>
    <setting id="favourite12" type="bool">false</setting>
    <setting id="favourite14" type="bool">false</setting>
    <setting id="favourite15" type="bool">false</setting>
    <setting id="favourite16" type="bool">false</setting>
    <setting id="favourite17" type="bool">false</setting>
    <setting id="favourite18" type="bool">false</setting>
    <setting id="HideVisualizationFanart" type="bool">false</setting>
    <setting id="HomeMenuNoRadioButton" type="bool">false</setting>
    <setting id="HomeMenuNoTVButton" type="bool">false</setting>
    <setting id="HomeMenuNoMoviesButton" type="bool">false</setting>
    <setting id="HomeMenuNoTVShowsButton" type="bool">false</setting>
    <setting id="HomeMenuNoMusicVideosButton" type="bool">false</setting>
    <setting id="View508HideInfo" type="bool">false</setting>
    <setting id="homepageVideoinfo" type="bool">false</setting>
    <setting id="CdArtHome" type="bool">false</setting>
    <setting id="NoArrow" type="bool">false</setting>
    <setting id="homepageMusicinfo" type="bool">false</setting>
    <setting id="HomepageHideRecentlyAddedAlbums" type="bool">false</setting>
    <setting id="NoFloor" type="bool">false</setting>
    <setting id="HomepageHideRecentlyAddedTV" type="bool">false</setting>
    <setting id="SPLBackgroundCustom1" type="bool">false</setting>
    <setting id="SPLBackgroundCustom2" type="bool">false</setting>
    <setting id="LowerMenu" type="bool">false</setting>
    <setting id="HomeMenuNoWeatherButton" type="bool">false</setting>
    <setting id="HomeMenuNoTVShowButton" type="bool">false</setting>
    <setting id="HomeMenuNoMusicVideoButton" type="bool">false</setting>
    <setting id="HomeMenuNoMusicButton" type="bool">false</setting>
    <setting id="HomeMenuNoMovieButton" type="bool">false</setting>
    <setting id="HomeMenuNoPicturesButton" type="bool">false</setting>
    <setting id="favourite1" type="bool">false</setting>
    <setting id="favourite7" type="bool">false</setting>
    <setting id="favourite13" type="bool">false</setting>
    <setting id="HomeMenuNoVideosButton" type="bool">false</setting>
    <setting id="CustomFavourite14.Label" type="string"></setting>
    <setting id="HomeMusicVideosButton5" type="string"></setting>
    <setting id="CustomFavourite4.Label" type="string"></setting>
    <setting id="HomeMusicVideosButton3" type="string"></setting>
    <setting id="LyricScript_Path" type="string"></setting>
    <setting id="HomeWeatherButton1" type="string"></setting>
    <setting id="CustomFavourite13.Label" type="string"></setting>
    <setting id="HomeMusicVideosButton4" type="string"></setting>
    <setting id="CustomFavourite18.Label" type="string"></setting>
    <setting id="CustomFavourite7.Label" type="string"></setting>
    <setting id="HomeMusicVideosButton2" type="string"></setting>
    <setting id="HomeMusicVideosButton1" type="string"></setting>
    <setting id="HomeVideosButton1" type="string">plugin.video.filmpalast_to</setting>
    <setting id="HomeTVButton4" type="string"></setting>
    <setting id="HomeMusicButton16" type="string"></setting>
    <setting id="CustomBackgroundPath" type="string"></setting>
    <setting id="HomePicturesButton17" type="string"></setting>
    <setting id="HomePicturesButton20" type="string"></setting>
    <setting id="HomeMusicButton15" type="string"></setting>
    <setting id="HomeMusicButton14" type="string"></setting>
    <setting id="HomeMusicButton13" type="string"></setting>
    <setting id="HomeMusicButton12" type="string"></setting>
    <setting id="HomeMusicButton11" type="string"></setting>
    <setting id="HomeMusicButton10" type="string"></setting>
    <setting id="HomePicturesButton7" type="string"></setting>
    <setting id="HomeMusicButton9" type="string"></setting>
    <setting id="HomeMusicButton8" type="string">plugin.audio.iloveradio</setting>
    <setting id="HomeMusicButton7" type="string">plugin.audio.krawall_radio</setting>
    <setting id="HomeTVShowsButton20" type="string"></setting>
    <setting id="HomeTVShowsButton19" type="string"></setting>
    <setting id="HomeMusicButton3" type="string">plugin.audio.rautemusik</setting>
    <setting id="HomeMusicButton2" type="string">plugin.audio.liveradio_de</setting>
    <setting id="HomeMusicButton1" type="string">plugin.audio.radio_de</setting>
    <setting id="HomeMusicVideosButton20" type="string"></setting>
    <setting id="HomeMusicVideosButton19" type="string"></setting>
    <setting id="HomeMusicVideosButton18" type="string"></setting>
    <setting id="HomeMusicVideosButton17" type="string"></setting>
    <setting id="HomeMusicVideosButton16" type="string"></setting>
    <setting id="HomeMusicVideosButton15" type="string"></setting>
    <setting id="HomeMusicVideosButton14" type="string"></setting>
    <setting id="HomeProgramsButton19" type="string"></setting>
    <setting id="HomeProgramsButton18" type="string"></setting>
    <setting id="HomeProgramsButton16" type="string"></setting>
    <setting id="HomeProgramsButton3" type="string">plugin.program.tp.cleaner</setting>
    <setting id="HomeProgramsButton6" type="string"></setting>
    <setting id="HomeMoviesButton5" type="string"></setting>
    <setting id="HomeRadioButton8" type="string"></setting>
    <setting id="HomeRadioButton6" type="string"></setting>
    <setting id="HomeRadioButton4" type="string"></setting>
    <setting id="HomePicturesButton18" type="string"></setting>
    <setting id="HomePicturesButton16" type="string"></setting>
    <setting id="HomeRadioButton3" type="string"></setting>
    <setting id="HomeMusicVideosButton13" type="string"></setting>
    <setting id="HomeMusicVideosButton12" type="string"></setting>
    <setting id="HomeMusicVideosButton11" type="string"></setting>
    <setting id="HomeMusicVideosButton10" type="string"></setting>
    <setting id="HomeMusicVideosButton9" type="string"></setting>
    <setting id="HomeMusicVideosButton8" type="string"></setting>
    <setting id="HomeMusicVideosButton7" type="string"></setting>
    <setting id="HomeMusicVideosButton6" type="string"></setting>
    <setting id="CustomFavourite10.Label" type="string"></setting>
    <setting id="HomeTVButton5" type="string"></setting>
    <setting id="HomeTVButton1" type="string"></setting>
    <setting id="HomeTVButton7" type="string"></setting>
    <setting id="HomeTVButton3" type="string"></setting>
    <setting id="HomeTVButton8" type="string"></setting>
    <setting id="HomeVideosButton6" type="string">plugin.video.L0RE.dmax</setting>
    <setting id="HomeVideosButton8" type="string">plugin.video.bild_de_ll</setting>
    <setting id="CustomFavourite2.Label" type="string"></setting>
    <setting id="HomeRadioButton7" type="string"></setting>
    <setting id="HomeRadioButton2" type="string"></setting>
    <setting id="HomeRadioButton1" type="string"></setting>
    <setting id="CustomFavourite11.Label" type="string"></setting>
    <setting id="HomeRadioButton9" type="string"></setting>
    <setting id="HomePicturesButton12" type="string"></setting>
    <setting id="HomePicturesButton11" type="string"></setting>
    <setting id="HomeTVButton10" type="string"></setting>
    <setting id="HomeWeatherButton4" type="string"></setting>
    <setting id="CustomFavourite5.Label" type="string"></setting>
    <setting id="HomeMoviesButton17" type="string"></setting>
    <setting id="HomeTVButton6" type="string"></setting>
    <setting id="HomeVideosButton11" type="string"></setting>
    <setting id="HomeMoviesButton10" type="string"></setting>
    <setting id="HomeVideosButton19" type="string"></setting>
    <setting id="HomeRadioButton10" type="string"></setting>
    <setting id="HomeMusicButton6" type="string">plugin.audio.techno4ever_fm</setting>
    <setting id="HomeMusicButton5" type="string">plugin.audio.sunshinelive_base_de</setting>
    <setting id="HomeMusicButton4" type="string">plugin.audio.mp3co.biz</setting>
    <setting id="HomeVideosButton16" type="string"></setting>
    <setting id="HomeVideosButton14" type="string"></setting>
    <setting id="HomePicturesButton5" type="string"></setting>
    <setting id="HomePicturesButton8" type="string"></setting>
    <setting id="HomePicturesButton10" type="string"></setting>
    <setting id="CustomFavourite1.Label" type="string"></setting>
    <setting id="HomePicturesButton9" type="string"></setting>
    <setting id="HomePicturesButton14" type="string"></setting>
    <setting id="HomePicturesButton13" type="string"></setting>
    <setting id="HomePicturesButton2" type="string">plugin.image.mypicsdb</setting>
    <setting id="HomePicturesButton6" type="string"></setting>
    <setting id="CustomFavourite12.Label" type="string"></setting>
    <setting id="CustomFavourite3.Label" type="string"></setting>
    <setting id="HomeTVButton9" type="string"></setting>
    <setting id="HomeTVButton2" type="string"></setting>
    <setting id="HomeVideosButton5" type="string">plugin.video.L0RE.Bollywood</setting>
    <setting id="HomeVideosButton2" type="string">plugin.video.xstream</setting>
    <setting id="HomeMoviesButton7" type="string"></setting>
    <setting id="HomeMoviesButton9" type="string"></setting>
    <setting id="HomeTVShowsButton3" type="string"></setting>
    <setting id="HomeVideosButton7" type="string">plugin.video.dokustreams.de</setting>
    <setting id="HomeVideosButton3" type="string">plugin.video.lastship</setting>
    <setting id="HomeVideosButton4" type="string">plugin.video.netzkino_de</setting>
    <setting id="HomeTVShowsButton2" type="string"></setting>
    <setting id="HomeTVShowsButton1" type="string"></setting>
    <setting id="HomeMoviesButton20" type="string"></setting>
    <setting id="HomeMoviesButton8" type="string"></setting>
    <setting id="HomeMoviesButton3" type="string"></setting>
    <setting id="HomeMoviesButton6" type="string"></setting>
    <setting id="HomeVideosButton12" type="string"></setting>
    <setting id="HomeMoviesButton4" type="string"></setting>
    <setting id="HomeMoviesButton1" type="string"></setting>
    <setting id="HomeMoviesButton2" type="string"></setting>
    <setting id="HomeVideosButton15" type="string"></setting>
    <setting id="HomeVideosButton20" type="string"></setting>
    <setting id="HomeProgramsButton13" type="string"></setting>
    <setting id="HomeProgramsButton17" type="string"></setting>
    <setting id="HomePicturesButton15" type="string"></setting>
    <setting id="CustomFavourite6.Label" type="string"></setting>
    <setting id="CustomFavourite8.Label" type="string"></setting>
    <setting id="HomePicturesButton19" type="string"></setting>
    <setting id="HomePicturesButton1" type="string">plugin.image.google</setting>
    <setting id="HomeWeatherButton5" type="string"></setting>
    <setting id="HomeWeatherButton3" type="string"></setting>
    <setting id="CustomFavourite15.Label" type="string"></setting>
    <setting id="CustomFavourite17.Label" type="string"></setting>
    <setting id="CustomFavourite9.Label" type="string"></setting>
    <setting id="CustomFavourite16.Label" type="string"></setting>
    <setting id="HomeWeatherButton2" type="string"></setting>
    <setting id="HomePicturesButton3" type="string">plugin.image.moebooru</setting>
    <setting id="HomeMusicButton17" type="string"></setting>
    <setting id="HomeRadioButton5" type="string"></setting>
    <setting id="HomeVideosButton17" type="string"></setting>
    <setting id="HomeMoviesButton13" type="string"></setting>
    <setting id="HomeMoviesButton15" type="string"></setting>
    <setting id="HomeVideosButton13" type="string"></setting>
    <setting id="HomeMoviesButton14" type="string"></setting>
    <setting id="HomeMoviesButton12" type="string"></setting>
    <setting id="HomeVideosButton9" type="string"></setting>
    <setting id="HomeVideosButton10" type="string"></setting>
    <setting id="HomeVideosButton18" type="string"></setting>
    <setting id="HomeMoviesButton11" type="string"></setting>
    <setting id="HomeMoviesButton19" type="string"></setting>
    <setting id="HomeMoviesButton16" type="string"></setting>
    <setting id="HomeMoviesButton18" type="string"></setting>
    <setting id="HomePicturesButton4" type="string"></setting>
    <setting id="HomeTVShowsButton18" type="string"></setting>
    <setting id="HomeTVShowsButton17" type="string"></setting>
    <setting id="HomeTVShowsButton16" type="string"></setting>
    <setting id="HomeTVShowsButton15" type="string"></setting>
    <setting id="HomeTVShowsButton14" type="string"></setting>
    <setting id="HomeTVShowsButton13" type="string"></setting>
    <setting id="HomeTVShowsButton12" type="string"></setting>
    <setting id="HomeTVShowsButton11" type="string"></setting>
    <setting id="HomeTVShowsButton10" type="string"></setting>
    <setting id="HomeTVShowsButton9" type="string"></setting>
    <setting id="HomeTVShowsButton8" type="string"></setting>
    <setting id="HomeTVShowsButton7" type="string"></setting>
    <setting id="HomeTVShowsButton6" type="string"></setting>
    <setting id="HomeTVShowsButton5" type="string"></setting>
    <setting id="HomeTVShowsButton4" type="string"></setting>
    <setting id="HomeProgramsButton2" type="string">script.xbmcbackup</setting>
    <setting id="HomeMusicButton18" type="string"></setting>
    <setting id="HomeProgramsButton20" type="string"></setting>
    <setting id="HomeMusicButton20" type="string"></setting>
    <setting id="HomeMusicButton19" type="string"></setting>
    <setting id="HomeProgramsButton4" type="string">plugin.program.indigo</setting>
    <setting id="HomeProgramsButton8" type="string"></setting>
    <setting id="HomeProgramsButton14" type="string"></setting>
    <setting id="HomeProgramsButton9" type="string"></setting>
    <setting id="HomeProgramsButton10" type="string"></setting>
    <setting id="HomeProgramsButton15" type="string"></setting>
    <setting id="HomeProgramsButton12" type="string"></setting>
    <setting id="HomeProgramsButton11" type="string"></setting>
    <setting id="HomeProgramsButton7" type="string"></setting>
    <setting id="HomeProgramsButton5" type="string">script.tvaddons.debug.log</setting>
    <setting id="HomeProgramsButton1" type="string">plugin.program.hsk.simple.wizard</setting>
</settings>
