<?xml version="1.0" encoding="UTF-8"?>
<addon id="skin.movie.stars" version="1.0.0" name="[COLOR orange]Movie Stars[/COLOR]" provider-name="Terror Skins">
	<requires>
		<import addon="xbmc.gui" version="5.14.0" />
		<import addon="script.skinshortcuts" version="1.0.10" />
		<import addon="service.library.data.provider" version="0.0.7" />
		<import addon="script.grab.fanart" version="0.12.8" />
	</requires>
	<extension point="xbmc.gui.skin" debugging="false">
		<res width="1920" height="1080" aspect="16:9" default="true" folder="16x9" />
	</extension>
	<extension point="xbmc.addon.metadata">
		<summary>Modded by Terror</summary>
		<description>Redesigned to create a smaller skin, while retaining the classic Aeon feel.</description>
		<platform>all</platform>
		<license>CC BY-NC-SA 4.0</license>
		<assets>
			<icon>icon.png</icon>
			<fanart>fanart.jpg</fanart>
		</assets>
		<size>7865406</size>
		<news>[I][COLOR FFFF9800]v1.0.0[/COLOR][/I][CR]-Add High horizontal menu position.[CR]-Move 3D View button to General Menu in Skin Settings.[CR][I][COLOR FFFF9800]v0.0.0[/COLOR][/I][CR]-Fork SiLVO LiTE skin.</news>
	</extension>
</addon>