<window id="0">
	<controls>
		<control type="videowindow">
			<posx>0</posx>
			<posy>0</posy>
			<width>ScreenWidth</width>
			<height>ScreenHeight</height>
			<visible>Player.HasVideo</visible>
		</control>
		<include>CommonBackground</include>
		<include>CommonTopBar</include>	
		<include>Weather</include>
		<include>Time</include>
		<control type="group">	
			<control type="image">
				<visible>!Skin.HasSetting(HideHomeVisualisation) </visible>
				<description>Normal Default Logo Image</description>
				<posx>50</posx>
				<posy>0</posy>
				<width>100</width>
				<height>100</height>
				<texture>logo.png</texture>
				<include>Window_OpenClose_Animation_Zoom</include>
			</control>
		</control>

			<!--Meniu by me-->
			
		<include>Video</include>
		<include>Navigation</include>
		<include>Radio</include>
		<include>Logob</include>
		<include>Logo</include>
		<include>Visualisation</include>
		<control type="togglebutton" id="132">
			<posx>593</posx>
			<posy>206</posy>
			<width>525</width>
			<height>474</height>
			<onclick>Skin.ToggleSetting(HideHomeVisualisation)</onclick>
			<selected>Skin.HasSetting(HideHomeVisualisation)</selected>
		</control>
		<include>Music</include>
		<include>Programs</include>
		<include>Shutdown</include>
		
		<include>CommonBottomBar</include>
		<include>MusicPlayerTitle</include>

		<!--include>HomeRecentlyAddedInfo</include-->
		<!--<include>BottomNowPLaying</include>-->
		
		<!--################################################ Shortcut Home ###############################-->
		
		<control type="group">
			<posx>10</posx>
			<posy>325r</posy>
			<include>Window_OpenClose_Animation</include>
			<animation effect="slide" start="0,0" end="250,0" time="0" condition="String.IsEqual(Skin.AspectRatio,4:3)">Conditional</animation>
			<visible> Integer.IsGreater(Container(2400).NumItems,0) | Library.HasContent(Music) | Skin.HasSetting(HideHomeButtonApps)|Skin.HasSetting(HideHomeButtonRecentAlbums) | Skin.HasSetting(HideHomeButtonAddon) | Skin.HasSetting(HideHomeButtonRecentMovie)</visible>
			<control type="wraplist" id="9010">
				<include>VisibleFadeEffect</include>
				<posx></posx>
				<posy>68</posy>
				<width>200</width>
				<height>145</height>
				<onup>9000</onup>
				<ondown>9002</ondown>
				<scrolltime>0</scrolltime>
				<orientation>Horizontal</orientation>
				<itemlayout width="200" height="125">
					<control type="image">
						<posx>15</posx>
						<posy>15</posy>
						<height>120</height>
						<width>170</width>
						<texture>square.png</texture>
						<bordertexture border="6">panel_shadow.png</bordertexture>
						<bordersize>5</bordersize>
					</control>
					<control type="label">
						<posx>5</posx>
						<posy>0</posy>
						<height>140</height>
						<width>190</width>
						<label>$INFO[ListItem.Label]</label>
						<align>center</align>
						<aligny>center</aligny>
						<textcolor>blue</textcolor>
						<font>font22</font>
					</control>
				</itemlayout>
				<focusedlayout width="200" height="140">
					<control type="image">
						<posx>15</posx>
						<posy>15</posy>
						<height>110</height>
						<width>170</width>
						<texture>square.png</texture>
						<bordertexture border="6">panel_shadow.png</bordertexture>
						<bordersize>5</bordersize>
						<visible>!Control.HasFocus(9010)</visible>
					</control>
					<control type="image">
						<posx>15</posx>
						<posy>15</posy>
						<height>110</height>
						<width>170</width>
						<texture>list_focus.png</texture>
						<bordertexture border="6">panel_shadow.png</bordertexture>
						<bordersize>5</bordersize>
						<visible>Control.HasFocus(9010)</visible>
					</control>
					<control type="label">
						<posx>5</posx>
						<posy>0</posy>
						<height>140</height>
						<width>190</width>
						<label>$INFO[ListItem.Label]</label>
						<align>center</align>
						<aligny>center</aligny>
						<textcolor>white</textcolor>
						<font>font22</font>
					</control>
				</focusedlayout>
				<content>
					<item id="1">
						<label>$LOCALIZE[31011][CR]$LOCALIZE[31013]</label>
						<onclick>Control.Move(9010,1)</onclick>
						<icon></icon>
						<thumb></thumb>
						<visible>Library.HasContent(Movies) + !Skin.HasSetting(HideHomeButtonRecentMovie)</visible>
					</item>
					<item id="2">
						<label>Apps</label>
						<onclick>Control.Move(9010,1)</onclick>
						<icon></icon>
						<thumb></thumb>
						<visible>Integer.IsGreater(Container(2400).NumItems,0) + !Skin.HasSetting(HideHomeButtonApps)</visible>
						<visible>System.Platform.Android</visible>
					</item>
					<item id="3">
						<label>$LOCALIZE[31011][CR]$LOCALIZE[31016]</label>
						<onclick>Control.Move(9010,1)</onclick>
						<icon></icon>
						<thumb></thumb>
						<visible>Library.HasContent(Music) + !Skin.HasSetting(HideHomeButtonRecentAlbums)</visible>
					</item>
					<item id="4">
						<label>24001</label>
						<onclick>Control.Move(9010,1)</onclick>
						<icon></icon>
						<thumb></thumb>
						<visible>Integer.IsGreater(Container(2400).NumItems,0) + !Skin.HasSetting(HideHomeButtonAddon)</visible>
					</item>
				</content>
			</control>
		</control>
		<include content="HomeRecentlyAddedInfo" condition="String.IsEqual(Skin.AspectRatio,16:9)">
			<param name="group-posx">215</param>
			<param name="group-posy">235r</param>
			<param name="panel-width">1460</param>
			<param name="panel-height">100</param>
		</include>
		<include content="HomeRecentlyAddedInfo" condition="String.IsEqual(Skin.AspectRatio,4:3)">
			<param name="group-posx">215</param>
			<param name="panel-width">235r</param>
			<param name="panel-width">1460</param>
			<param name="panel-height">100</param>
		</include>
		
		<!--##################################################################################-->
		<control type="togglebutton" id="131">
			<posx>50</posx>
			<posy>100</posy>
			<width>90</width>
			<height>90</height>
			<label>Day</label>
			<altlabel>Night</altlabel>
			<font>-</font>
			<texturefocus colordiffuse="blue">defaultaddonweather.png</texturefocus>
			<texturenofocus colordiffuse="icons">defaultaddonweather.png</texturenofocus>
			<usealttexture></usealttexture>
			<alttexturefocus colordiffuse="blue">defaultaddonscreensaver.png</alttexturefocus>
			<alttexturenofocus colordiffuse="icons">defaultaddonscreensaver.png</alttexturenofocus>
			<onclick>Skin.ToggleSetting(HideDayNight)</onclick>
			<selected>Skin.HasSetting(HideDayNight)</selected>
		</control>
		<control type="group" id="4272">
		<posx>220</posx>
		<posy>105r</posy>
		<control type="button" id="4273">
		<description>Fullscreen</description>
				<posx>0</posx>
				<posy>0</posy>
				<width>100</width>
				<height>100</height>
				<texturenofocus border="6"></texturenofocus>
                <texturefocus >list_focus.png</texturefocus>
				<onclick condition="Player.HasAudio">ActivateWindow(MusicOSD)</onclick>
				<onclick condition="Player.HasVideo">ActivateWindow(FullscreenVideo)</onclick>
			</control>
			<control type="image">
				<posx>100</posx>
				<posy>15</posy>
				<width>1</width>
				<height>80</height>
				<texture >linie_albastra_v.png</texture>
			</control>
			<control type="image">
                <description>Fullscreen</description>
                <posx>5</posx>
                <posy>15</posy>
                <width>90</width>
                <height>80</height>
                <texture colordiffuse="icons">fullscreen.png</texture>
                <bordersize>12</bordersize>
            </control>
		</control>			
 		<control type="panel" id="9002">
		
			<include>VisibleFadeEffect</include>
			<include>BottomMenuLayout</include>
			<content>
				<item>
					<label>13376</label>
					<onclick>ActivateWindow(FileManager)</onclick>
					<icon >icon_button_filemanager.png</icon>
					<visible>!Skin.HasSetting(HideHomeButtonFileManager)</visible>
				</item>
				<item>
					<label>1036</label>
					<onclick>ActivateWindow(Favourites)</onclick>
					<icon>icon_button_favourites.png</icon>
					<visible>!Skin.HasSetting(HideHomeButtonFavourites)</visible>
				</item>
				<item>
					<label>5</label>
					<onclick>ActivateWindow(Settings)</onclick>
					<icon>icon_button_settings.png</icon>
				</item>
			</content>
		</control>
		<include>VolumeBottom</include>
		<include>PlayerControlsAll</include>
		<include>DayNight</include>
	</controls>	
</window>
