<includes>
	<!--#############################################################################   VISTA MULTISORTm - ID 588   #############################################################################-->
	<include name="ViewMultiSortm">
		<control type="group">
			<top>-2</top>
			<visible>Control.IsVisible(588)</visible>
			<control type="group">
				<visible>Container.Content(songs)</visible>
				<control type="image">
					<left>-50</left>
					<top>-50</top>
					<width>2050</width>
					<height>1200</height>
					<texture>back.png</texture>
					<colordiffuse>themecolor</colordiffuse>
					<animation effect="fade" end="90" condition="true">Conditional</animation>
				</control>
				<control type="group">
					<visible>String.IsEqual(Container.SortMethod,$LOCALIZE[369])</visible>
					<include content="Res_brow">
						<param name="left_res">-35</param>
						<param name="width_res">610</param>
					</include>
				</control>
				<control type="group">
					<visible>String.IsEqual(Container.SortMethod,$LOCALIZE[557])</visible>
					<include content="Res_brow">
						<param name="left_res">570</param>
						<param name="width_res">450</param>
					</include>
				</control>
				<control type="group">
					<visible>String.IsEqual(Container.SortMethod,$LOCALIZE[558])</visible>
					<include content="Res_brow">
						<param name="left_res">1020</param>
						<param name="width_res">500</param>
					</include>
				</control>
				<control type="group">
					<visible>String.IsEqual(Container.SortMethod,$LOCALIZE[554])</visible>
					<include content="Res_brow">
						<param name="left_res">1520</param>
						<param name="width_res">100</param>
					</include>
				</control>
				<control type="group">
					<visible>String.IsEqual(Container.SortMethod,$LOCALIZE[180])</visible>
					<include content="Res_brow">
						<param name="left_res">1620</param>
						<param name="width_res">170</param>
					</include>
				</control>
				<control type="group">
					<visible>String.IsEqual(Container.SortMethod,$LOCALIZE[345])</visible>
					<include content="Res_brow">
						<param name="left_res">1790</param>
						<param name="width_res">130</param>
					</include>
				</control>
				<control type="wraplist" id="588">
					<viewtype label="MultiSort">list</viewtype>
					<width>1930</width>
					<height>1035</height>
					<top>40</top>
					<pagecontrol>80</pagecontrol>
					<scrolltime tween="cubic" easing="out">500</scrolltime>
					<orientation>vertical</orientation>
					<movement>2</movement>
					<focusposition>5</focusposition>
					<preloaditems>2</preloaditems>
					<onleft condition="!String.IsEmpty(Window(Home).Property(RowTitlem)) + [String.Contains(Container.SortMethod,$LOCALIZE[369]) | String.Contains(Container.SortMethod,$LOCALIZE[558]) | String.Contains(Container.SortMethod,$LOCALIZE[557])]">5919</onleft>
					<onright condition="!String.IsEmpty(Window(Home).Property(RowTitlem))">SetProperty(RowArtist,True,home)</onright>
					<onright condition="!String.IsEmpty(Window(Home).Property(RowTitlem))">ClearProperty(RowTitlem,Home)</onright>
					<onright condition="!String.IsEmpty(Window(Home).Property(RowArtist))">SetProperty(RowAlbum,True,home)</onright>
					<onright condition="!String.IsEmpty(Window(Home).Property(RowArtist))">ClearProperty(RowArtist,Home)</onright>
					<onright condition="!String.IsEmpty(Window(Home).Property(RowAlbum))">SetProperty(RowTrack,True,home)</onright>
					<onright condition="!String.IsEmpty(Window(Home).Property(RowAlbum))">ClearProperty(RowAlbum,Home)</onright>
					<onright condition="!String.IsEmpty(Window(Home).Property(RowTrack))">SetProperty(RowDurationm,True,home)</onright>
					<onright condition="!String.IsEmpty(Window(Home).Property(RowTrack))">ClearProperty(RowTrack,Home)</onright>
					<onright condition="!String.IsEmpty(Window(Home).Property(RowDurationm))">SetProperty(RowYear,True,home)</onright>
					<onright condition="!String.IsEmpty(Window(Home).Property(RowDurationm))">ClearProperty(RowDurationm,Home)</onright>
					<onright condition="!String.IsEmpty(Window(Home).Property(RowYear))">SetProperty(RowTitlem,True,home)</onright>
					<onright condition="!String.IsEmpty(Window(Home).Property(RowYear))">ClearProperty(RowYear,Home)</onright>
					<onleft condition="!String.IsEmpty(Window(Home).Property(RowYear))">SetProperty(RowDurationm,True,home)</onleft>
					<onleft condition="!String.IsEmpty(Window(Home).Property(RowYear))">ClearProperty(RowYear,Home)</onleft>
					<onleft condition="!String.IsEmpty(Window(Home).Property(RowDurationm))">SetProperty(RowTrack,True,home)</onleft>
					<onleft condition="!String.IsEmpty(Window(Home).Property(RowDurationm))">ClearProperty(RowDurationm,Home)</onleft>
					<onleft condition="!String.IsEmpty(Window(Home).Property(RowTrack))">SetProperty(RowAlbum,True,home)</onleft>
					<onleft condition="!String.IsEmpty(Window(Home).Property(RowTrack))">ClearProperty(RowTrack,Home)</onleft>
					<onleft condition="!String.IsEmpty(Window(Home).Property(RowAlbum))">SetProperty(RowArtist,True,home)</onleft>
					<onleft condition="!String.IsEmpty(Window(Home).Property(RowAlbum))">ClearProperty(RowAlbum,Home)</onleft>
					<onleft condition="!String.IsEmpty(Window(Home).Property(RowArtist))">SetProperty(RowTitlem,True,home)</onleft>
					<onleft condition="!String.IsEmpty(Window(Home).Property(RowArtist))">ClearProperty(RowArtist,Home)</onleft>
					<onleft condition="!String.IsEmpty(Window(Home).Property(RowTitlem))">80</onleft>
					<onup>588</onup>
					<ondown>588</ondown>
					<itemlayout height="65">
						<control type="image">
							<left>-350</left>
							<top>0</top>
							<width>2500</width>
							<height>3</height>
							<texture diffuse="nymeria/shadow_mask_v5.png">nymeria/line.png</texture>
						</control>
						<control type="textbox">
							<visible>!String.IsEqual(Container.SortMethod,$LOCALIZE[369])</visible>
							<width>540</width>
							<left>10</left>
							<top>6</top>
							<height>53</height>
							<align>right</align>
							<aligny>center</aligny>
							<font>font15t</font>
							<label>$INFO[ListItem.Title]</label>
							<textcolor>white</textcolor>
							<shadowcolor>black</shadowcolor>
						</control>
						<control type="textbox">
							<visible>String.IsEqual(Container.SortMethod,$LOCALIZE[369])</visible>
							<top>6</top>
							<left>10</left>
							<width>540</width>
							<height>53</height>
							<align>right</align>
							<aligny>center</aligny>
							<font>font15t</font>
							<label>$INFO[ListItem.Title]</label>
							<textcolor>themecolor</textcolor>
							<shadowcolor>black</shadowcolor>
						</control>
						<control type="textbox">
							<visible>!String.IsEqual(Container.SortMethod,$LOCALIZE[557])</visible>
							<top>6</top>
							<left>570</left>
							<width>450</width>
							<height>53</height>
							<align>center</align>
							<aligny>center</aligny>
							<font>font15t</font>
							<label>$INFO[ListItem.Artist]</label>
							<textcolor>white</textcolor>
							<shadowcolor>black</shadowcolor>
						</control>
						<control type="textbox">
							<visible>String.IsEqual(Container.SortMethod,$LOCALIZE[557])</visible>
							<top>6</top>
							<left>570</left>
							<width>450</width>
							<height>53</height>
							<align>center</align>
							<aligny>center</aligny>
							<font>font15t</font>
							<label>$INFO[ListItem.Artist]</label>
							<textcolor>themecolor</textcolor>
							<shadowcolor>black</shadowcolor>
						</control>
						<control type="textbox">
							<visible>!String.IsEqual(Container.SortMethod,$LOCALIZE[558])</visible>
							<top>6</top>
							<left>1020</left>
							<width>500</width>
							<height>53</height>
							<align>center</align>
							<aligny>center</aligny>
							<font>font15t</font>
							<label>$INFO[ListItem.Album]</label>
							<textcolor>white</textcolor>
							<shadowcolor>black</shadowcolor>
						</control>
						<control type="textbox">
							<visible>String.IsEqual(Container.SortMethod,$LOCALIZE[558])</visible>
							<top>6</top>
							<left>1020</left>
							<width>500</width>
							<height>53</height>
							<align>center</align>
							<aligny>center</aligny>
							<font>font15t</font>
							<label>$INFO[ListItem.Album]</label>
							<textcolor>themecolor</textcolor>
							<shadowcolor>black</shadowcolor>
						</control>
						<control type="textbox">
							<visible>!String.IsEqual(Container.SortMethod,$LOCALIZE[554])</visible>
							<top>6</top>
							<left>1520</left>
							<width>100</width>
							<height>53</height>
							<align>center</align>
							<aligny>center</aligny>
							<font>font15t</font>
							<label>$INFO[ListItem.TrackNumber]</label>
							<textcolor>white</textcolor>
							<shadowcolor>black</shadowcolor>
						</control>
						<control type="textbox">
							<visible>String.IsEqual(Container.SortMethod,$LOCALIZE[554])</visible>
							<top>6</top>
							<left>1520</left>
							<width>100</width>
							<height>53</height>
							<align>center</align>
							<aligny>center</aligny>
							<font>font15t</font>
							<label>$INFO[ListItem.TrackNumber]</label>
							<textcolor>themecolor</textcolor>
							<shadowcolor>black</shadowcolor>
						</control>
						<control type="textbox">
							<visible>!String.IsEqual(Container.SortMethod,$LOCALIZE[180])</visible>
							<top>6</top>
							<left>1620</left>
							<width>170</width>
							<height>53</height>
							<align>center</align>
							<aligny>center</aligny>
							<font>font15t</font>
							<label>$INFO[ListItem.Duration]</label>
							<textcolor>white</textcolor>
							<shadowcolor>black</shadowcolor>
						</control>
						<control type="textbox">
							<visible>String.IsEqual(Container.SortMethod,$LOCALIZE[180])</visible>
							<top>6</top>
							<left>1620</left>
							<width>170</width>
							<height>53</height>
							<align>center</align>
							<aligny>center</aligny>
							<font>font15t</font>
							<label>$INFO[ListItem.Duration]</label>
							<textcolor>themecolor</textcolor>
							<shadowcolor>black</shadowcolor>
						</control>

						<control type="textbox">
							<visible>!String.IsEqual(Container.SortMethod,$LOCALIZE[345])</visible>
							<top>6</top>
							<left>1785</left>
							<width>130</width>
							<height>53</height>
							<align>center</align>
							<aligny>center</aligny>
							<font>font15t</font>
							<label>$INFO[ListItem.Year]</label>
							<textcolor>white</textcolor>
							<shadowcolor>black</shadowcolor>
						</control>
						<control type="textbox">
							<visible>String.IsEqual(Container.SortMethod,$LOCALIZE[345])</visible>
							<top>6</top>
							<left>1785</left>
							<width>130</width>
							<height>53</height>
							<align>center</align>
							<aligny>center</aligny>
							<font>font15t</font>
							<label>$INFO[ListItem.Year]</label>
							<textcolor>themecolor</textcolor>
							<shadowcolor>black</shadowcolor>
						</control>
						<control type="image">
							<left>1</left>
							<top>2</top>
							<width>50</width>
							<height>50</height>
							<aspectratio>keep</aspectratio>
							<texture flipx="true" colordiffuse="DDff0303">$VAR[watched_style]</texture>
							<visible>String.IsEqual(ListItem.Overlay,OverlayWatched.png)</visible>
						</control>
					</itemlayout>
					<focusedlayout condition="System.IdleTime(6) + !Control.HasFocus(80) + !Control.HasFocus(5919)" height="325">
					</focusedlayout>
					<focusedlayout condition="!System.IdleTime(6) | Control.HasFocus(80) | Control.HasFocus(5919)" height="190">
					</focusedlayout>
				</control>
				<control type="group">
					<visible>System.IdleTime(6) + !Control.HasFocus(80) + !Control.HasFocus(5919)</visible>
					<top>2</top>
					<control type="label">
						<font>font13_title</font>
						<align>right</align>
						<aligny>center</aligny>
						<width>550</width>
						<height>40</height>
						<textcolor>themecolor</textcolor>
						<label>$LOCALIZE[369]</label>
					</control>
					<control type="label">
						<left>570</left>
						<font>font13_title</font>
						<align>center</align>
						<aligny>center</aligny>
						<width>450</width>
						<height>40</height>
						<textcolor>themecolor</textcolor>
						<label>$LOCALIZE[557]</label>
					</control>
					<control type="label">
						<left>1020</left>
						<font>font13_title</font>
						<align>center</align>
						<aligny>center</aligny>
						<width>500</width>
						<height>40</height>
						<textcolor>themecolor</textcolor>
						<label>$LOCALIZE[558]</label>
					</control>
					<control type="label">
						<left>1520</left>
						<font>font13_title</font>
						<align>center</align>
						<aligny>center</aligny>
						<width>100</width>
						<height>40</height>
						<textcolor>themecolor</textcolor>
						<label>$LOCALIZE[554]</label>
					</control>
					<control type="label">
						<left>1620</left>
						<font>font13_title</font>
						<align>center</align>
						<aligny>center</aligny>
						<width>170</width>
						<height>40</height>
						<textcolor>themecolor</textcolor>
						<label>$LOCALIZE[180]</label>
					</control>
					<control type="label">
						<left>1790</left>
						<font>font13_title</font>
						<align>center</align>
						<aligny>center</aligny>
						<width>130</width>
						<height>40</height>
						<textcolor>themecolor</textcolor>
						<label>$LOCALIZE[345]</label>
					</control>
				</control>
				<control type="image">
					<visible>System.IdleTime(6) + !Control.HasFocus(80) + !Control.HasFocus(5919)</visible>
					<left>-50</left>
					<top>-50</top>
					<width>2050</width>
					<height>1200</height>
					<texture>back.png</texture>
					<colordiffuse>themecolor</colordiffuse>
					<animation effect="fade" start="0" end="50" time="500">Visible</animation>
				</control>
				<control type="group">
					<visible>System.IdleTime(6) + !Control.HasFocus(80) + !Control.HasFocus(5919)</visible>
					<left>-20</left>
					<control type="image">
						<left>-2</left>
						<top>365</top>
						<width>1940</width>
						<height>328</height>
						<texture border="4">listselect_fo.png</texture>
						<aspectratio align="center">stretch</aspectratio>
					</control>
					<control type="image">
						<animation effect="fade" end="25" condition="true">Conditional</animation>
						<left>-2</left>
						<top>365</top>
						<width>1950</width>
						<height>328</height>
						<texture diffuse="nymeria/mask_cover3.png">nymeria/darkgrey.png</texture>
						<colordiffuse>black</colordiffuse>
					</control>
					<control type="image">
						<left>-10</left>
						<top>364</top>
						<width>1972</width>
						<height>330</height>
						<colordiffuse>dd000000</colordiffuse>
						<texture diffuse="nymeria/mask_cover3.png">nymeria/mask78.png</texture>
					</control>
				</control>
				<control type="group">
					<top>381</top>
					<visible>System.IdleTime(6) + !Control.HasFocus(80) + !Control.HasFocus(5919)</visible>
					<animation effect="fade" start="0" end="100" time="400" condition="System.IdleTime(6) + !Control.HasFocus(80) + !Control.HasFocus(5919)">Conditional</animation>
					<top>15</top>
					<include>MultiSortm</include>
				</control>
				<control type="group">
					<visible>System.IdleTime(6) + !Control.HasFocus(80) + !Control.HasFocus(5919)</visible>
					<animation effect="fade" start="0" end="100" time="500">Visible</animation>
					<control type="image">
						<left>1420</left>
						<top>390</top>
						<width>400</width>
						<height>260</height>
						<colordiffuse>bbffffff</colordiffuse>
						<aspectratio align="center" aligny="center">keep</aspectratio>
						<texture background="true">$INFO[ListItem.Art(artist.clearart)]</texture>
					</control>
					<control type="image">
						<left>900</left>
						<top>392</top>
						<width>270</width>
						<height>270</height>
						<colordiffuse>bbffffff</colordiffuse>
						<aspectratio align="center" aligny="center">keep</aspectratio>
						<texture background="true">$VAR[poster]</texture>
					</control>
					<control type="image">
						<visible>String.IsEmpty(ListItem.Art(artist.clearart))</visible>
						<left>1420</left>
						<top>390</top>
						<width>400</width>
						<height>260</height>
						<colordiffuse>35ffffff</colordiffuse>
						<aspectratio align="center" aligny="center">keep</aspectratio>
						<texture background="true">$INFO[ListItem.Art(artist.clearlogo)]</texture>
					</control>
				</control>
				<control type="group">
					<visible>System.IdleTime(6) + !Control.HasFocus(80) + !Control.HasFocus(5919)</visible>
					<animation effect="fade" start="0" end="100" time="500">Visible</animation>
					<left>-54</left>
					<top>414</top>
					<control type="group">
						<top>-40</top>
						<left>130</left>
						<control type="textbox" id="2010">
							<top>-800</top>
							<left>60</left>
							<align>left</align>
							<width>790</width>
							<height>60</height>
							<font>titletest</font>
							<label>12345 12345 $INFO[ListItem.Title]</label>
							<textcolor>00ffffff</textcolor>
						</control>
						<control type="textbox">
							<visible>!Container(2010).HasNext</visible>
							<align>left</align>
							<aligny>top</aligny>
							<width>790</width>
							<height>110</height>
							<font>titlelist</font>
							<label>$INFO[ListItem.Title]</label>
							<textcolor>white</textcolor>
							<shadowcolor>black</shadowcolor>
						</control>
						<control type="textbox" id="2011">
							<visible>Container(2010).HasNext + !Container(2011).HasNext</visible>
							<align>left</align>
							<aligny>top</aligny>
							<width>790</width>
							<height>110</height>
							<font>titlemove</font>
							<label>$INFO[ListItem.Title]</label>
							<textcolor>white</textcolor>
							<shadowcolor>black</shadowcolor>
						</control>
						<control type="textbox">
							<visible>Container(2011).HasNext</visible>
							<align>left</align>
							<aligny>top</aligny>
							<width>790</width>
							<height>110</height>
							<font>titlesort</font>
							<label>$INFO[ListItem.Title]</label>
							<textcolor>white</textcolor>
							<shadowcolor>black</shadowcolor>
						</control>	
					</control>
					<control type="group">
						<top>60</top>
						<left>130</left>
						<control type="textbox" id="3010">
							<top>-800</top>
							<left>60</left>
							<align>left</align>
							<width>790</width>
							<height>60</height>
							<font>titletest</font>
							<label>12345 12345 $INFO[ListItem.Artist]</label>
							<textcolor>00ffffff</textcolor>
						</control>
						<control type="textbox">
							<visible>!Container(3010).HasNext</visible>
							<align>left</align>
							<aligny>top</aligny>
							<width>790</width>
							<height>110</height>
							<font>titlelist</font>
							<label>$INFO[ListItem.Artist]</label>
							<textcolor>themecolor</textcolor>
							<shadowcolor>black</shadowcolor>
						</control>
						<control type="textbox" id="3011">
							<visible>Container(3010).HasNext + !Container(3011).HasNext</visible>
							<align>left</align>
							<aligny>top</aligny>
							<width>790</width>
							<height>110</height>
							<font>titlemove</font>
							<label>$INFO[ListItem.Artist]</label>
							<textcolor>themecolor</textcolor>
							<shadowcolor>black</shadowcolor>
						</control>
						<control type="textbox">
							<visible>Container(3011).HasNext</visible>
							<align>left</align>
							<aligny>top</aligny>
							<width>790</width>
							<height>110</height>
							<font>titlesort</font>
							<label>$INFO[ListItem.Artist]</label>
							<textcolor>themecolor</textcolor>
							<shadowcolor>black</shadowcolor>
						</control>	
					</control>
					<control type="group">
						<top>160</top>
						<left>130</left>
						<control type="textbox" id="4010">
							<top>-800</top>
							<left>60</left>
							<align>left</align>
							<width>790</width>
							<height>60</height>
							<font>titletest</font>
							<label>12345 12345 $INFO[ListItem.Album]</label>
							<textcolor>00ffffff</textcolor>
						</control>
						<control type="textbox">
							<visible>!Container(4010).HasNext</visible>
							<align>left</align>
							<aligny>top</aligny>
							<width>790</width>
							<height>110</height>
							<font>titlelist</font>
							<label>$INFO[ListItem.Album]</label>
							<textcolor>white</textcolor>
							<shadowcolor>black</shadowcolor>
						</control>
						<control type="textbox" id="4011">
							<visible>Container(4010).HasNext + !Container(4011).HasNext</visible>
							<align>left</align>
							<aligny>top</aligny>
							<width>790</width>
							<height>110</height>
							<font>titlemove</font>
							<label>$INFO[ListItem.Album]</label>
							<textcolor>white</textcolor>
							<shadowcolor>black</shadowcolor>
						</control>
						<control type="textbox">
							<visible>Container(4011).HasNext</visible>
							<align>left</align>
							<aligny>top</aligny>
							<width>790</width>
							<height>110</height>
							<font>titlesort</font>
							<label>$INFO[ListItem.Album]</label>
							<textcolor>white</textcolor>
							<shadowcolor>black</shadowcolor>
						</control>	
					</control>
				</control>
				<control type="group">
					<visible>System.IdleTime(6) + !Control.HasFocus(80) + !Control.HasFocus(5919)</visible>
					<animation effect="fade" start="0" end="100" time="400">Visible</animation>
					<left>22</left>
					<top>495</top>
					<control type="label">
						<width>780</width>
						<height>65</height>
						<align>left</align>
						<textcolor>themecolor</textcolor>
						<shadowcolor>black</shadowcolor>
						<font>Font_plot</font>
						<scroll>true</scroll>
						<scrollsuffix>  -  </scrollsuffix>
						<label>$INFO[ListItem.Genre</label>
					</control>
				</control>
				<control type="group">
					<left>-20</left>
					<visible>!System.IdleTime(6) | Control.HasFocus(80) | Control.HasFocus(5919)</visible>
					<control type="image">
						<left>-2</left>
						<top>365</top>
						<width>1940</width>
						<height>193</height>
						<texture border="4">listselect_fo.png</texture>
						<aspectratio align="center">stretch</aspectratio>
					</control>
					<control type="image">
						<animation effect="fade" end="25" condition="true">Conditional</animation>
						<left>-2</left>
						<top>365</top>
						<width>1950</width>
						<height>193</height>
						<texture diffuse="nymeria/mask_cover3.png">nymeria/darkgrey.png</texture>
						<colordiffuse>black</colordiffuse>
					</control>
					<control type="image">
						<left>-10</left>
						<top>364</top>
						<width>1972</width>
						<height>195</height>
						<colordiffuse>dd000000</colordiffuse>
						<texture diffuse="nymeria/mask_cover3.png">nymeria/mask78.png</texture>
					</control>
				</control>
				<control type="group">
					<control type="image">
						<visible>!String.IsEmpty(Window(Home).Property(RowTitlem)) + !System.IdleTime(6)</visible>
						<visible>!Control.HasFocus(80) + !Control.HasFocus(5919)</visible>
						<top>365</top>
						<left>-2</left>
						<width>577</width>
						<height>192</height>
						<texture diffuse="nymeria/mask_cover3.png">back.png</texture>
						<aspectratio align="center">stretch</aspectratio>
						<colordiffuse>ddffffff</colordiffuse>
					</control>
					<control type="image">
						<visible>[Control.HasFocus(80) | Control.HasFocus(5919)] + String.IsEqual(Container.SortMethod,$LOCALIZE[369])</visible>
						<top>365</top>
						<left>-2</left>
						<width>577</width>
						<height>192</height>
						<texture diffuse="nymeria/mask_cover3.png">back.png</texture>
						<aspectratio align="center">stretch</aspectratio>
						<colordiffuse>ddffffff</colordiffuse>
					</control>
					<control type="image">
						<visible>!String.IsEmpty(Window(Home).Property(RowTitlem)) + !System.IdleTime(6)</visible>
						<visible>!Control.HasFocus(80) + !Control.HasFocus(5919)</visible>
						<left>-2</left>
						<top>365</top>
						<width>577</width>
						<height>192</height>
						<texture diffuse="nymeria/recua2.png">nymeria/smooth.gif</texture>
						<aspectratio align="center">stretch</aspectratio>
						<colordiffuse>baffffff</colordiffuse>
					</control>
					<control type="image">
						<visible>!String.IsEmpty(Window(Home).Property(RowArtist)) + [!System.IdleTime(6) | Control.HasFocus(80) | Control.HasFocus(5919)]</visible>
						<top>365</top>
						<left>570</left>
						<width>450</width>
						<height>192</height>
						<texture diffuse="nymeria/mask_cover3.png">back.png</texture>
						<aspectratio align="center">stretch</aspectratio>
						<colordiffuse>ddffffff</colordiffuse>
					</control>
					<control type="image">
						<visible>[Control.HasFocus(80) | Control.HasFocus(5919)] + String.IsEqual(Container.SortMethod,$LOCALIZE[557])</visible>
						<top>365</top>
						<left>570</left>
						<width>450</width>
						<height>192</height>
						<texture diffuse="nymeria/mask_cover3.png">back.png</texture>
						<aspectratio align="center">stretch</aspectratio>
						<colordiffuse>ddffffff</colordiffuse>
					</control>
					<control type="image">
						<visible>!String.IsEmpty(Window(Home).Property(RowArtist)) + [!System.IdleTime(6) | Control.HasFocus(80) | Control.HasFocus(5919)]</visible>
						<top>365</top>
						<left>570</left>
						<width>450</width>
						<height>192</height>
						<texture diffuse="nymeria/recua2.png">nymeria/smooth.gif</texture>
						<aspectratio align="center">stretch</aspectratio>
						<colordiffuse>baffffff</colordiffuse>
					</control>
					<control type="image">
						<visible>!String.IsEmpty(Window(Home).Property(RowAlbum)) + [!System.IdleTime(6) | Control.HasFocus(80) | Control.HasFocus(5919)]</visible>
						<top>365</top>
						<left>1020</left>
						<width>500</width>
						<height>192</height>
						<texture diffuse="nymeria/mask_cover3.png">back.png</texture>
						<aspectratio align="center">stretch</aspectratio>
						<colordiffuse>ddffffff</colordiffuse>
					</control>
					<control type="image">
						<visible>[Control.HasFocus(80) | Control.HasFocus(5919)] + String.IsEqual(Container.SortMethod,$LOCALIZE[558])</visible>
						<top>365</top>
						<left>1020</left>
						<width>500</width>
						<height>192</height>
						<texture diffuse="nymeria/mask_cover3.png">back.png</texture>
						<aspectratio align="center">stretch</aspectratio>
						<colordiffuse>ddffffff</colordiffuse>
					</control>
					<control type="image">
						<visible>!String.IsEmpty(Window(Home).Property(RowAlbum)) + [!System.IdleTime(6) | Control.HasFocus(80) | Control.HasFocus(5919)]</visible>
						<top>365</top>
						<left>1020</left>
						<width>500</width>
						<height>192</height>
						<texture diffuse="nymeria/recua2.png">nymeria/smooth.gif</texture>
						<aspectratio align="center">stretch</aspectratio>
						<colordiffuse>baffffff</colordiffuse>
					</control>
					<control type="image">
						<visible>!String.IsEmpty(Window(Home).Property(RowTrack)) + [!System.IdleTime(6) | Control.HasFocus(80) | Control.HasFocus(5919)]</visible>
						<top>365</top>
						<left>1520</left>
						<width>100</width>
						<height>192</height>
						<texture diffuse="nymeria/mask_cover3.png">back.png</texture>
						<aspectratio align="center">stretch</aspectratio>
						<colordiffuse>ddffffff</colordiffuse>
					</control>
					<control type="image">
						<visible>!String.IsEmpty(Window(Home).Property(RowTrack)) + [!System.IdleTime(6) | Control.HasFocus(80) | Control.HasFocus(5919)]</visible>
						<top>365</top>
						<left>1520</left>
						<width>100</width>
						<height>192</height>
						<texture diffuse="nymeria/recua3.png">nymeria/smooth.gif</texture>
						<aspectratio align="center">stretch</aspectratio>
						<colordiffuse>baffffff</colordiffuse>
					</control>
					<control type="image">
						<visible>!String.IsEmpty(Window(Home).Property(RowDurationm)) + [!System.IdleTime(6) | Control.HasFocus(80) | Control.HasFocus(5919)]</visible>
						<top>365</top>
						<left>1620</left>
						<width>170</width>
						<height>192</height>
						<texture diffuse="nymeria/mask_cover3.png">back.png</texture>
						<aspectratio align="center">stretch</aspectratio>
						<colordiffuse>ddffffff</colordiffuse>
					</control>
					<control type="image">
						<visible>!String.IsEmpty(Window(Home).Property(RowDurationm)) + [!System.IdleTime(6) | Control.HasFocus(80) | Control.HasFocus(5919)]</visible>
						<top>365</top>
						<left>1620</left>
						<width>170</width>
						<height>192</height>
						<texture diffuse="nymeria/recua.png">nymeria/smooth.gif</texture>
						<aspectratio align="center">stretch</aspectratio>
						<colordiffuse>baffffff</colordiffuse>
					</control>

					<control type="image">
						<visible>!String.IsEmpty(Window(Home).Property(RowYear)) + [!System.IdleTime(6) | Control.HasFocus(80) | Control.HasFocus(5919)]</visible>
						<top>365</top>
						<left>1790</left>
						<width>130</width>
						<height>192</height>
						<texture diffuse="nymeria/mask_cover3.png">back.png</texture>
						<aspectratio align="center">stretch</aspectratio>
						<colordiffuse>ddffffff</colordiffuse>
					</control>
					<control type="image">
						<visible>!String.IsEmpty(Window(Home).Property(RowYear)) + [!System.IdleTime(6) | Control.HasFocus(80) | Control.HasFocus(5919)]</visible>
						<top>365</top>
						<left>1790</left>
						<width>130</width>
						<height>192</height>
						<texture diffuse="nymeria/recua.png">nymeria/smooth.gif</texture>
						<aspectratio align="center">stretch</aspectratio>
						<colordiffuse>baffffff</colordiffuse>
					</control>
				</control>
				<control type="group">
					<top>370</top>
					<visible>!System.IdleTime(6) | Control.HasFocus(80) | Control.HasFocus(5919)</visible>
					<top>2</top>
					<control type="label">
						<font>font13_title</font>
						<align>right</align>
						<aligny>center</aligny>
						<width>550</width>
						<height>40</height>
						<textcolor>themecolor</textcolor>
						<label>$LOCALIZE[369]</label>
					</control>
					<control type="label">
						<left>570</left>
						<font>font13_title</font>
						<align>center</align>
						<aligny>center</aligny>
						<width>450</width>
						<height>40</height>
						<textcolor>themecolor</textcolor>
						<label>$LOCALIZE[557]</label>
					</control>
					<control type="label">
						<left>1020</left>
						<font>font13_title</font>
						<align>center</align>
						<aligny>center</aligny>
						<width>500</width>
						<height>40</height>
						<textcolor>themecolor</textcolor>
						<label>$LOCALIZE[558]</label>
					</control>
					<control type="label">
						<left>1520</left>
						<font>font13_title</font>
						<align>center</align>
						<aligny>center</aligny>
						<width>100</width>
						<height>40</height>
						<textcolor>themecolor</textcolor>
						<label>$LOCALIZE[554]</label>
					</control>
					<control type="label">
						<left>1620</left>
						<font>font13_title</font>
						<align>center</align>
						<aligny>center</aligny>
						<width>170</width>
						<height>40</height>
						<textcolor>themecolor</textcolor>
						<label>$LOCALIZE[180]</label>
					</control>
					<control type="label">
						<left>1790</left>
						<font>font13_title</font>
						<align>center</align>
						<aligny>center</aligny>
						<width>130</width>
						<height>40</height>
						<textcolor>themecolor</textcolor>
						<label>$LOCALIZE[345]</label>
					</control>
				</control>
				<control type="group">
					<visible>!System.IdleTime(6) | Control.HasFocus(80) | Control.HasFocus(5919)</visible>
					<top>376</top>
					<control type="textbox">
						<visible>String.IsEmpty(Window(Home).Property(RowTitlem))</visible>
						<visible>![Container.OnNext | Container.OnPrevious]</visible>
						<animation effect="fade" start="10" end="100" time="200">Visible</animation>
						<left>10</left>
						<width>540</width>
						<height>190</height>
						<align>right</align>
						<aligny>center</aligny>
						<font>titleshelf</font>
						<label>$INFO[ListItem.Title]</label>
						<textcolor>white</textcolor>
						<shadowcolor>black</shadowcolor>
					</control>
					<control type="textbox">
						<visible>!String.IsEmpty(Window(Home).Property(RowTitlem))</visible>
						<visible>![Container.OnNext | Container.OnPrevious]</visible>
						<animation effect="fade" start="10" end="100" time="200">Visible</animation>
						<left>10</left>
						<width>540</width>
						<height>190</height>
						<align>right</align>
						<aligny>center</aligny>
						<font>titleshelf</font>
						<label>$INFO[ListItem.Title]</label>
						<textcolor>white</textcolor>
						<shadowcolor>black</shadowcolor>
					</control>
					<control type="textbox">
						<visible>![!String.IsEmpty(Window(Home).Property(RowArtist)) | [[Control.HasFocus(80) | Control.HasFocus(5919)] + String.IsEqual(Container.SortMethod,$LOCALIZE[557])]]</visible>
						<visible>![Container.OnNext | Container.OnPrevious]</visible>
						<animation effect="fade" start="10" end="100" time="200">Visible</animation>
						<left>570</left>
						<width>450</width>
						<height>190</height>
						<align>center</align>
						<aligny>center</aligny>
						<font>font15t</font>
						<label>$INFO[ListItem.Artist]</label>
						<textcolor>white</textcolor>
						<shadowcolor>black</shadowcolor>
					</control>
					<control type="textbox">
						<visible>!String.IsEmpty(Window(Home).Property(RowArtist)) | [[Control.HasFocus(80) | Control.HasFocus(5919)] + String.IsEqual(Container.SortMethod,$LOCALIZE[557])]</visible>
						<visible>![Container.OnNext | Container.OnPrevious]</visible>
						<animation effect="fade" start="10" end="100" time="200">Visible</animation>
						<left>580</left>
						<width>440</width>
						<height>190</height>
						<align>center</align>
						<aligny>center</aligny>
						<font>titlewall</font>
						<label>$INFO[ListItem.Artist]</label>
						<textcolor>white</textcolor>
						<shadowcolor>black</shadowcolor>
					</control>
					<control type="textbox">
						<visible>![!String.IsEmpty(Window(Home).Property(RowAlbum)) | [[Control.HasFocus(80) | Control.HasFocus(5919)] + String.IsEqual(Container.SortMethod,$LOCALIZE[558])]]</visible>
						<visible>![Container.OnNext | Container.OnPrevious]</visible>
						<animation effect="fade" start="10" end="100" time="200">Visible</animation>
						<left>1020</left>
						<width>500</width>
						<height>190</height>
						<align>center</align>
						<aligny>center</aligny>
						<font>font15t</font>
						<label>$INFO[ListItem.Album]</label>
						<textcolor>white</textcolor>
						<shadowcolor>black</shadowcolor>
					</control>
					<control type="textbox">
						<visible>!String.IsEmpty(Window(Home).Property(RowAlbum)) | [[Control.HasFocus(80) | Control.HasFocus(5919)] + String.IsEqual(Container.SortMethod,$LOCALIZE[558])]</visible>
						<visible>![Container.OnNext | Container.OnPrevious]</visible>
						<animation effect="fade" start="10" end="100" time="200">Visible</animation>
						<left>1040</left>
						<width>480</width>
						<height>190</height>
						<align>center</align>
						<aligny>center</aligny>
						<font>titlewall</font>
						<label>$INFO[ListItem.Album]</label>
						<textcolor>white</textcolor>
						<shadowcolor>black</shadowcolor>
					</control>
					<control type="textbox">
						<visible>String.IsEmpty(Window(Home).Property(RowTrack))</visible>
						<visible>![Container.OnNext | Container.OnPrevious]</visible>
						<animation effect="fade" start="10" end="100" time="200">Visible</animation>
						<left>1520</left>
						<width>100</width>
						<height>190</height>
						<align>center</align>
						<aligny>center</aligny>
						<font>font15t</font>
						<label>$INFO[ListItem.TrackNumber]</label>
						<textcolor>white</textcolor>
						<shadowcolor>black</shadowcolor>
					</control>
					<control type="textbox">
						<visible>!String.IsEmpty(Window(Home).Property(RowTrack))</visible>
						<visible>![Container.OnNext | Container.OnPrevious]</visible>
						<animation effect="fade" start="10" end="100" time="200">Visible</animation>
						<left>1520</left>
						<width>100</width>
						<height>190</height>
						<align>center</align>
						<aligny>center</aligny>
						<font>titlewall</font>
						<label>$INFO[ListItem.TrackNumber]</label>
						<textcolor>white</textcolor>
						<shadowcolor>black</shadowcolor>
					</control>
					<control type="textbox">
						<visible>String.IsEmpty(Window(Home).Property(RowDurationm))</visible>
						<visible>![Container.OnNext | Container.OnPrevious]</visible>
						<animation effect="fade" start="10" end="100" time="200">Visible</animation>
						<left>1620</left>
						<width>170</width>
						<height>190</height>
						<align>center</align>
						<aligny>center</aligny>
						<font>font15t</font>
						<label>$INFO[ListItem.Duration]</label>
						<textcolor>white</textcolor>
						<shadowcolor>black</shadowcolor>
					</control>
					<control type="textbox">
						<visible>!String.IsEmpty(Window(Home).Property(RowDurationm))</visible>
						<visible>![Container.OnNext | Container.OnPrevious]</visible>
						<animation effect="fade" start="10" end="100" time="200">Visible</animation>
						<left>1620</left>
						<width>170</width>
						<height>190</height>
						<align>center</align>
						<aligny>center</aligny>
						<font>titlewall</font>
						<label>$INFO[ListItem.Duration]</label>
						<textcolor>white</textcolor>
						<shadowcolor>black</shadowcolor>
					</control>

					<control type="textbox">
						<visible>String.IsEmpty(Window(Home).Property(RowYear))</visible>
						<visible>![Container.OnNext | Container.OnPrevious]</visible>
						<animation effect="fade" start="10" end="100" time="200">Visible</animation>
						<left>1785</left>
						<width>130</width>
						<height>190</height>
						<align>center</align>
						<aligny>center</aligny>
						<font>font15t</font>
						<label>$INFO[ListItem.Year]</label>
						<textcolor>white</textcolor>
						<shadowcolor>black</shadowcolor>
					</control>
					<control type="textbox">
						<visible>!String.IsEmpty(Window(Home).Property(RowYear))</visible>
						<visible>![Container.OnNext | Container.OnPrevious]</visible>
						<animation effect="fade" start="10" end="100" time="200">Visible</animation>
						<left>1785</left>
						<width>130</width>
						<height>190</height>
						<align>center</align>
						<aligny>center</aligny>
						<font>titlewall</font>
						<label>$INFO[ListItem.Year]</label>
						<textcolor>white</textcolor>
						<shadowcolor>black</shadowcolor>
					</control>
				</control>
				<control type="image">
					<left>1</left>
					<top>367</top>
					<width>50</width>
					<height>50</height>
					<aspectratio>keep</aspectratio>
					<texture flipx="true" colordiffuse="DDff0303">$VAR[watched_style]</texture>
					<visible>String.IsEqual(ListItem.Overlay,OverlayWatched.png)</visible>
				</control>
			</control>	
			<control type="scrollbar" id="80">
				<animation effect="fade" start="0" end="100" time="500">Visible</animation>
				<animation effect="slide" end="573,0" time="0" condition="Control.IsVisible(588) + String.IsEqual(Container.SortMethod,$LOCALIZE[557])">Conditional</animation>
				<animation effect="slide" end="1023,0" time="0" condition="Control.IsVisible(588) + String.IsEqual(Container.SortMethod,$LOCALIZE[558])">Conditional</animation>
				<include>ScrollBar_Vertical</include>
				<left>-13</left>
				<top>40</top>
				<height>1040</height>
				<onleft condition="!String.IsEqual(Container.SortMethod,$LOCALIZE[557]) + !String.IsEqual(Container.SortMethod,$LOCALIZE[558])">SetProperty(MediaMenu,True,home)</onleft>
				<onleft condition="!String.IsEqual(Container.SortMethod,$LOCALIZE[557]) + !String.IsEqual(Container.SortMethod,$LOCALIZE[558])">SetFocus(9050)</onleft>
				<onleft condition="String.IsEqual(Container.SortMethod,$LOCALIZE[557]) | String.IsEqual(Container.SortMethod,$LOCALIZE[558])">588</onleft>
				<onright>588</onright>
				<visible allowhiddenfocus="true">Control.IsVisible(588) + Control.HasFocus(80)</visible>
			</control>				
		</control>
	</include>
</includes>
