<includes>
	<!--#############################################################################   VISTA TRIPLE 3Dm - ID 591   #############################################################################-->
	<include name="ViewTriple3Dm">
		<control type="group">
			<visible>Control.IsVisible(591)</visible>
			<top>-13</top>
			<left>8</left>
			<animation effect="rotatey" center="auto" start="10" end="10" time="0" condition="true">Conditional</animation>
			<include>ViewBack4</include>
			<control type="image">
			<animation effect="rotatey" center="auto" start="-10" end="-10" time="0" condition="true">Conditional</animation>
				<left>-107</left>
				<top>-7</top>
				<width>502</width>
				<height>1120</height>
				<animation effect="fade" end="65" condition="true">Conditional</animation>
				<texture diffuse="nymeria/mask_cover3.png">nymeria/solid_bg.png</texture>
				<aspectratio align="center">stretch</aspectratio>
				<colordiffuse>black</colordiffuse>
			</control>
			<control type="image">
				<left>518</left>
				<top>20</top>
				<width>565</width>
				<height>1068</height>
				<animation effect="fade" end="65" condition="true">Conditional</animation>
				<texture diffuse="nymeria/mask_cover3.png">nymeria/solid_bg.png</texture>
				<aspectratio align="center">stretch</aspectratio>
				<colordiffuse>black</colordiffuse>
			</control>
			<control type="image">
						<left>425</left>
						<top>1084</top>
						<width>635</width>
						<height>3</height>
						<texture diffuse="nymeria/shadow_mask_v5.png">nymeria/line.png</texture>
			</control>
			<control type="image">
			<animation effect="rotate" center="auto" start="90" end="90" condition="true">Conditional</animation>
				<left>518</left>
				<top>528</top>
				<width>1127</width>
				<height>3</height>
				<texture>nymeria/line.png</texture>
			</control>
			<control type="image">
			<animation effect="rotate" center="auto" start="-90" end="-90" condition="true">Conditional</animation>
				<left>-11</left>
				<top>548</top>
				<width>1062</width>
				<height>3</height>
				<texture>nymeria/line.png</texture>
			</control>
			<control type="image">
			<animation effect="rotatey" center="auto" start="-10" end="-10" time="0" condition="true">Conditional</animation>
				<left>-227</left>
				<top>-33</top>
				<width>67</width>
				<height>1173</height>
				<animation effect="fade" end="65" condition="true">Conditional</animation>
				<texture diffuse="nymeria/mask_cover3.png">nymeria/solid_bg.png</texture>
				<aspectratio align="center">stretch</aspectratio>
				<colordiffuse>black</colordiffuse>
			</control>
			<control type="image">
			<visible>[Control.HasFocus(5910) | Control.HasFocus(5912)]</visible>
				<animation effect="rotatey" center="auto" start="-10" end="-10" time="0" condition="true">Conditional</animation>
				<left>1175</left>
				<top>630</top>
				<width>450</width>
				<height>250</height>
				<colordiffuse>ffffffff</colordiffuse>
				<aspectratio aligny="center">keep</aspectratio>
				<fadetime>500</fadetime>
				<texture background="true">$INFO[ListItem.Art(clearart)]</texture>
			</control>
			<control type="textbox">
			<visible>[Control.HasFocus(5910) | Control.HasFocus(5912)]</visible>
			<animation effect="rotatey" center="auto" start="-10" end="-10" time="0" condition="true">Conditional</animation>
				<align>center</align>
				<left>950</left>
				<top>890</top>
				<width>830</width>
				<height>154</height>
				<textcolor>themecolor</textcolor>
				<shadowcolor>black</shadowcolor>
				<font>titlelist</font>
				<label>$INFO[ListItem.Label]</label>
			</control>
			<control type="image">
			<animation effect="rotatey" center="auto" start="-10" end="-10" time="0" condition="true">Conditional</animation>
				<left>974</left>
				<top>30</top>
				<width>1400</width>
				<height>1200</height>
				<animation effect="fade" end="65" condition="true">Conditional</animation>
				<texture diffuse="nymeria/mask_cover3.png">nymeria/solid_bg.png</texture>
				<aspectratio align="center">stretch</aspectratio>
				<colordiffuse>black</colordiffuse>
			</control>
			<control type="group">
				<visible>Container.Content(artists)</visible>
				<control type="wraplist" id="591">
				<animation effect="rotatey" center="auto" start="-10" end="-10" time="0" condition="true">Conditional</animation>
					<viewtype label="Triple 3D">list</viewtype>
					<width>600</width>
					<height>1105</height>
					<top>0</top>
					<left>-97</left>
					<pagecontrol>80</pagecontrol>
					<scrolltime tween="cubic" easing="out">500</scrolltime>
					<orientation>vertical</orientation>
					<movement>2</movement>
					<focusposition>1</focusposition>
					<preloaditems>2</preloaditems>
					<onleft condition="String.Contains(Container.SortMethod,$LOCALIZE[369]) | String.Contains(Container.SortMethod,$LOCALIZE[557])">5919</onleft>
					<onleft>80</onleft>
					<onright condition="Container.Content(artists) + Control.IsVisible(5910)">5910</onright>
					<onup>591</onup>
					<ondown>591</ondown>
					<visible>Container.Content(artists)</visible>
					<focusedlayout height="276">
						<control type="group">
							<control type="image">
								<visible>Control.HasFocus(591)</visible>
								<width>496</width>
								<height>278</height>
								<texture diffuse="nymeria/mask_cover3.png">nymeria/smooth.gif</texture>
								<aspectratio align="center">stretch</aspectratio>
								<colordiffuse>bbffffff</colordiffuse>
							</control>
							<control type="image">
								<visible>Control.HasFocus(5910) | Control.HasFocus(5912) | Control.HasFocus(5919) | Control.HasFocus(80)</visible>
								<width>496</width>
								<height>278</height>
								<texture diffuse="nymeria/recua.png">nymeria/smooth.gif</texture>
								<aspectratio align="center">stretch</aspectratio>
							</control>
							<control type="image">
								<visible>Control.HasFocus(591)</visible>
								<top>-1</top>
								<left>-1</left>
								<width>498</width>
								<height>280</height>
								<aspectratio align="center">stretch</aspectratio>
								<colordiffuse>dd000000</colordiffuse>
								<texture diffuse="nymeria/mask_cover3.png">nymeria/mask78.png</texture>
							</control>
						</control>
						<control type="group">
							<top>15</top>
							<left>30</left>
								<control type="image">
									<left>0</left>
									<width>440</width>
									<height>247</height>
									<texture diffuse="nymeria/mask_cover3.png" background="true">$INFO[ListItem.Art(landscape)]</texture>
									<aspectratio align="center">scale</aspectratio>
									<visible>!ListItem.IsParentFolder</visible>
								</control>
							<control type="group">
							<visible>String.IsEmpty(ListItem.Art(landscape))</visible>
								<control type="image">
									<left>0</left>
									<width>440</width>
									<height>247</height>
									<texture fallback="nymeria/defaultalbumcover.png" diffuse="nymeria/mask_cover3.png" background="true">$INFO[ListItem.Art(fanart)]</texture>
									<aspectratio align="center">scale</aspectratio>
									<visible>!ListItem.IsParentFolder</visible>
								</control>
								<control type="image">
									<animation effect="fade" end="45" condition="true">Conditional</animation>
									<left>0</left>
									<top>80</top>
									<width>440</width>
									<height>167</height>
									<texture>nymeria/shadow_mask.png</texture>
									<colordiffuse>black</colordiffuse>
								</control>
								<control type="image">
									<left>140</left>
									<top>80</top>
									<width>260</width>
									<height>157</height>
									<aspectratio aligny="bottom" align="right">keep</aspectratio>
									<texture background="true">$INFO[ListItem.Art(clearlogo)]</texture>
								</control>
								<control type="textbox">
									<visible>String.IsEmpty(ListItem.Art(clearlogo))</visible>
									<left>20</left>
									<top>157</top>
									<width>390</width>
									<height>117</height>
									<align>right</align>
									<font>titletri</font>
									<label>$INFO[ListItem.Label]</label>
									<textcolor>white</textcolor>
									<shadowcolor>black</shadowcolor>
								</control>
							</control>
							<control type="image">
									<top>-1</top>
									<left>-2</left>
									<width>444</width>
									<height>249</height>
									<aspectratio align="center">stretch</aspectratio>
									<colordiffuse>dd000000</colordiffuse>
									<texture diffuse="nymeria/mask_cover3.png">nymeria/mask78.png</texture>
								</control>
						</control>
					</focusedlayout>
					<itemlayout height="276">
					<control type="image">
						<left>-130</left>
						<top>-2</top>
						<width>630</width>
						<height>3</height>
						<texture diffuse="nymeria/shadow_mask_v5.png">nymeria/line.png</texture>
					</control>
						<control type="group">
							<top>15</top>
							<left>30</left>
								<control type="image">
									<left>0</left>
									<width>440</width>
									<height>247</height>
									<texture diffuse="nymeria/mask_cover3.png" background="true">$INFO[ListItem.Art(landscape)]</texture>
									<aspectratio align="center">scale</aspectratio>
									<visible>!ListItem.IsParentFolder</visible>
								</control>
							<control type="group">
							<visible>String.IsEmpty(ListItem.Art(landscape))</visible>
								<control type="image">
									<left>0</left>
									<width>440</width>
									<height>247</height>
									<texture fallback="nymeria/defaultalbumcover.png" diffuse="nymeria/mask_cover3.png" background="true">$INFO[ListItem.Art(fanart)]</texture>
									<aspectratio align="center">scale</aspectratio>
									<visible>!ListItem.IsParentFolder</visible>
								</control>
								<control type="image">
									<animation effect="fade" end="45" condition="true">Conditional</animation>
									<left>0</left>
									<top>80</top>
									<width>440</width>
									<height>167</height>
									<texture>nymeria/shadow_mask.png</texture>
									<colordiffuse>black</colordiffuse>
								</control>
								<control type="image">
									<left>140</left>
									<top>80</top>
									<width>260</width>
									<height>157</height>
									<aspectratio aligny="bottom" align="right">keep</aspectratio>
									<texture background="true">$INFO[ListItem.Art(clearlogo)]</texture>
								</control>
								<control type="textbox">
									<visible>String.IsEmpty(ListItem.Art(clearlogo))</visible>
									<left>20</left>
									<top>157</top>
									<width>390</width>
									<height>117</height>
									<align>right</align>
									<font>titletri</font>
									<label>$INFO[ListItem.Label]</label>
									<textcolor>white</textcolor>
									<shadowcolor>black</shadowcolor>
								</control>
							</control>
							<control type="image">
									<top>-1</top>
									<left>-2</left>
									<width>444</width>
									<height>249</height>
									<aspectratio align="center">stretch</aspectratio>
									<colordiffuse>dd000000</colordiffuse>
									<texture diffuse="nymeria/mask_cover3.png">nymeria/mask78.png</texture>
								</control>
								<control type="image">
									<colordiffuse>50000000</colordiffuse>
									<left>-2</left>
									<width>444</width>
									<height>247</height>
									<texture diffuse="nymeria/mask_cover3.png">nymeria/solid_bg.png</texture>
									<aspectratio align="center">scale</aspectratio>
								</control>
								<control type="image">
								<visible>!Control.HasFocus(591)</visible>
									<colordiffuse>65000000</colordiffuse>
									<left>-2</left>
									<width>444</width>
									<height>247</height>
									<texture diffuse="nymeria/mask_cover3.png">nymeria/solid_bg.png</texture>
									<aspectratio align="center">scale</aspectratio>
								</control>
						</control>
					</itemlayout>
				</control>
			</control>
			<control type="group">
				<visible>Control.IsVisible(591) + Container.Content(artists)</visible>
				<control type="fixedlist" id="5910">
				<animation effect="fade" start="100" end="70" condition="!Control.HasFocus(5910) + !Control.HasFocus(5912)">Conditional</animation>
					<width>640</width>
					<height>1064</height>
					<top>21</top>
					<left>518</left>
					<scrolltime tween="cubic" easing="out">500</scrolltime>
					<orientation>vertical</orientation>
					<preloaditems>2</preloaditems>
					<movement>3</movement>
					<focusposition>0</focusposition>
					<onleft>591</onleft>
					<onright>5912</onright>
					<onup>5910</onup>
					<ondown>5910</ondown>
					<viewtype label="Triple 3D">list</viewtype>
					<visible>Container.Content(artists)</visible>
					<onclick>PlayMedia($ESCINFO[ListItem.FolderPath],isdir)</onclick>
					<ondown>5910</ondown>
					<focusedlayout height="266">
					<control type="image">
						<left>-80</left>
						<top>-2</top>
						<width>648</width>
						<height>3</height>
						<texture diffuse="nymeria/shadow_mask_v5.png">nymeria/line.png</texture>
					</control>
						<control type="group">
							<control type="image">
								<visible>Control.HasFocus(5910)</visible>
								<width>564</width>
								<height>266</height>
								<texture diffuse="nymeria/mask_cover3.png">nymeria/smooth.gif</texture>
								<aspectratio align="center">stretch</aspectratio>
								<colordiffuse>bbffffff</colordiffuse>
							</control>
							<control type="image">
								<visible>Control.HasFocus(5910)</visible>
									<colordiffuse>65000000</colordiffuse>
								<width>564</width>
								<height>266</height>
									<texture diffuse="nymeria/mask_cover3.png">nymeria/solid_bg.png</texture>
									<aspectratio align="center">scale</aspectratio>
								</control>
							<control type="image">
								<visible>Control.HasFocus(5912)</visible>
								<width>564</width>
								<height>266</height>
								<texture diffuse="nymeria/recua.png">nymeria/smooth.gif</texture>
								<aspectratio align="center">stretch</aspectratio>
							</control>
							<control type="image">
								<visible>Control.HasFocus(5910)</visible>
								<top>-1</top>
								<left>-1</left>
								<width>566</width>
								<height>268</height>
								<aspectratio align="center">stretch</aspectratio>
								<colordiffuse>dd000000</colordiffuse>
								<texture diffuse="nymeria/mask_cover3.png">nymeria/mask78.png</texture>
							</control>
						</control>
						<control type="group">
							<left>35</left>
							<top>13</top>
							<control type="image">
								<top>3</top>
								<left>0</left>
								<width>234</width>
								<height>234</height>
								<texture fallback="nymeria/defaultalbumcover.png" diffuse="nymeria/mask_cover3.png" background="true">$INFO[ListItem.Thumb]</texture>
								<aspectratio align="center">scale</aspectratio>
							</control>
							<control type="image">
								<top>1</top>
								<left>-2</left>
								<width>237</width>
								<height>236</height>
								<aspectratio align="center">stretch</aspectratio>
								<colordiffuse>dd000000</colordiffuse>
								<texture diffuse="nymeria/mask_cover3.png">nymeria/mask77.png</texture>
							</control>
							<control type="image">
								<width>160</width>
								<height>45</height>
								<left>390</left>
								<top>170</top>
								<aspectratio>keep</aspectratio>
								<colordiffuse>eeFFFFFF</colordiffuse>
								<texture>$INFO[ListItem.Property(Album_Label),resource://resource.images.recordlabels.white/,.png]</texture>
							</control>
							<control type="textbox">
								<left>245</left>
								<top>5</top>
								<height>225</height>
								<right>30</right>
								<width>260</width>
								<font>fontmusic</font>
								<align>left</align>
								<aligny>center</aligny>
								<textcolor>ffd4d4d4</textcolor>
								<label>$INFO[ListItem.Label]  [$INFO[ListItem.Year]]</label>
								<shadowcolor>black</shadowcolor>
							</control>
						</control>
					</focusedlayout>
					<itemlayout height="266">
					<control type="image">
						<left>-80</left>
						<top>-2</top>
						<width>648</width>
						<height>3</height>
						<texture diffuse="nymeria/shadow_mask_v5.png">nymeria/line.png</texture>
					</control>
						<control type="group">
							<left>35</left>
							<top>13</top>
							<control type="image">
								<top>3</top>
								<left>0</left>
								<width>234</width>
								<height>234</height>
								<texture fallback="nymeria/defaultalbumcover.png" diffuse="nymeria/mask_cover3.png" background="true">$INFO[ListItem.Thumb]</texture>
								<aspectratio align="center">scale</aspectratio>
							</control>
							<control type="image">
								<top>1</top>
								<left>-2</left>
								<width>237</width>
								<height>236</height>
								<aspectratio align="center">stretch</aspectratio>
								<colordiffuse>dd000000</colordiffuse>
								<texture diffuse="nymeria/mask_cover3.png">nymeria/mask77.png</texture>
							</control>
							<control type="image">
								<width>160</width>
								<height>45</height>
								<left>390</left>
								<top>170</top>
								<aspectratio>keep</aspectratio>
								<colordiffuse>65FFFFFF</colordiffuse>
								<texture>$INFO[ListItem.Property(Album_Label),resource://resource.images.recordlabels.white/,.png]</texture>
							</control>
							<control type="textbox">
							<visible>Control.HasFocus(5910)</visible>
							<left>245</left>
								<top>5</top>
								<height>225</height>
								<right>30</right>
								<width>260</width>
								<font>fontmusic2</font>
								<align>left</align>
								<aligny>center</aligny>
								<textcolor>white</textcolor>
								<label>$INFO[ListItem.Label]  [$INFO[ListItem.Year]]</label>
								<shadowcolor>black</shadowcolor>
							</control>
							<control type="textbox">
							<visible>!Control.HasFocus(5910)</visible>
								<left>245</left>
								<top>5</top>
								<height>225</height>
								<right>30</right>
								<width>260</width>
								<font>fontmusic2</font>
								<align>left</align>
								<aligny>center</aligny>
								<textcolor>ff696967</textcolor>
								<label>$INFO[ListItem.Label]  [$INFO[ListItem.Year]]</label>
								<shadowcolor>black</shadowcolor>
							</control>
								<control type="image">
									<colordiffuse>50000000</colordiffuse>
								<top>0</top>
								<left>-3</left>
								<width>238</width>
								<height>238</height>
									<texture diffuse="nymeria/mask_cover3.png">nymeria/solid_bg.png</texture>
									<aspectratio align="center">scale</aspectratio>
								</control>
							<control type="image">
								<visible>!Control.HasFocus(5910)</visible>
									<colordiffuse>65000000</colordiffuse>
								<top>0</top>
								<left>-3</left>
								<width>238</width>
								<height>238</height>
									<texture diffuse="nymeria/mask_cover3.png">nymeria/solid_bg.png</texture>
									<aspectratio align="center">scale</aspectratio>
								</control>
						</control>
					</itemlayout>
					<content target="music" sortby="year" sortorder="ascending">$INFO[Container(591).ListItem.FolderPath]</content>
				</control>
			</control>
			<control type="group">
				<visible>Control.IsVisible(591)</visible>
				<visible>Container.Content(artists) | Container.Content(albums)</visible>
				<control type="fixedlist" id="5912">
				<animation effect="fade" start="100" end="70" condition="!Control.HasFocus(5910) + !Control.HasFocus(5912)">Conditional</animation>
				<animation effect="rotatey" center="auto" start="-10" end="-10" time="0" condition="true">Conditional</animation>
				<width>1000</width>
					<height>984</height>
					<top>60</top>
					<left>989</left>
					<preloaditems>2</preloaditems>
					<onright>SetProperty(MediaMenu,True,home)</onright>
					<onright>SetFocus(9050)</onright>
					<onleft>5910</onleft>
					<onup>5912</onup>
					<ondown>5912</ondown>
					<scrolltime tween="cubic" easing="out">500</scrolltime>
					<orientation>vertical</orientation>
					<movement>12</movement>
					<focusposition>0</focusposition>
					<viewtype label="Triple 3D">list</viewtype>
					<visible>Container.Content(artists) | Container.Content(albums)</visible>
					<focusedlayout height="61.5">
						<control type="image">
						<left>-80</left>
						<top>-2</top>
						<width>915</width>
						<height>3</height>
						<texture diffuse="nymeria/shadow_mask_v5.png">nymeria/line.png</texture>
					</control>
						<control type="group">
							<control type="image">
								<visible>Control.HasFocus(5912)</visible>
								<width>847</width>
								<height>61</height>
								<texture diffuse="nymeria/mask47.png">nymeria/smooth.gif</texture>
								<aspectratio align="center">stretch</aspectratio>
								<colordiffuse>bbffffff</colordiffuse>
							</control>
							<control type="image">
								<visible>Control.HasFocus(5912)</visible>
									<colordiffuse>65000000</colordiffuse>
								<width>847</width>
								<height>61</height>
									<texture diffuse="nymeria/mask47.png">nymeria/solid_bg.png</texture>
									<aspectratio align="center">stretch</aspectratio>
								</control>
							<control type="image">
								<visible>Control.HasFocus(5912)</visible>
								<top>-1</top>
								<left>-1</left>
								<width>849</width>
								<height>63</height>
								<aspectratio align="center">stretch</aspectratio>
								<colordiffuse>dd000000</colordiffuse>
								<texture diffuse="nymeria/mask_cover3.png">nymeria/mask81.png</texture>
							</control>
						</control>
						<control type="group">
							<control type="label">
								<top>1</top>
								<left>50</left>
								<height>58</height>
								<width>770</width>
								<align>left</align>
								<font>font12d</font>
								<scroll>true</scroll>
								<label>[B]$INFO[ListItem.TrackNumber,, - ]$INFO[ListItem.Label] - $INFO[ListItem.Duration][/B]</label>
								<textcolor>white</textcolor>
								<shadowcolor>black</shadowcolor>
								<selectedcolor>themecolor</selectedcolor>
							</control>
						</control>
					</focusedlayout>
					<itemlayout height="61.5">
					<control type="image">
						<left>-80</left>
						<top>-2</top>
						<width>915</width>
						<height>3</height>
						<texture diffuse="nymeria/shadow_mask_v5.png">nymeria/line.png</texture>
					</control>
					<control type="label">
					<visible>Control.HasFocus(5912)</visible>
							<top>1</top>
							<left>50</left>
							<height>58</height>
							<width>784</width>
							<align>left</align>
							<font>font12d</font>
							<textcolor>white</textcolor>
							<label>$INFO[ListItem.TrackNumber,, - ]$INFO[ListItem.Label] - $INFO[ListItem.Duration]</label>
							<selectedcolor>themecolor</selectedcolor>
							<shadowcolor>black</shadowcolor>
						</control>
						<control type="label">
						<visible>!Control.HasFocus(5912)</visible>
							<top>1</top>
							<left>50</left>
							<height>58</height>
							<width>784</width>
							<align>left</align>
							<font>font12d</font>
							<textcolor>ff696967</textcolor>
							<label>$INFO[ListItem.TrackNumber,, - ]$INFO[ListItem.Label] - $INFO[ListItem.Duration]</label>
							<selectedcolor>themecolor</selectedcolor>
							<shadowcolor>black</shadowcolor>
						</control>
					</itemlayout>
					<content target="music" sortby="track" sortorder="ascending">$INFO[Container(5910).ListItem.FolderPath]</content>
				</control>
			</control>
			<control type="image">
			<visible>!Control.HasFocus(5910) + !Control.HasFocus(5912)</visible>
				<animation effect="rotatey" center="auto" start="-10" end="-10" time="0" condition="true">Conditional</animation>
				<left>1175</left>
				<top>630</top>
				<width>450</width>
				<height>250</height>
				<colordiffuse>DFffffff</colordiffuse>
				<aspectratio aligny="center">keep</aspectratio>
				<fadetime>500</fadetime>
				<texture background="true">$INFO[ListItem.Art(clearart)]</texture>
			</control>
			<control type="textbox">
			<visible>!Control.HasFocus(5910) + !Control.HasFocus(5912)</visible>
			<animation effect="rotatey" center="auto" start="-10" end="-10" time="0" condition="true">Conditional</animation>
				<align>center</align>
				<left>950</left>
				<top>890</top>
				<width>830</width>
				<height>154</height>
				<textcolor>themecolor</textcolor>
				<shadowcolor>black</shadowcolor>
				<font>titlelist</font>
				<label>$INFO[ListItem.Label]</label>
			</control>
			<control type="group">
			<visible>Control.IsVisible(591)</visible>
			<animation effect="rotatey" center="auto" start="-10" end="-10" time="0" condition="true">Conditional</animation>
			<top>100</top>
			<left>105</left>
			<control type="label">
			<visible>!Skin.HasSetting(noshow_Time)</visible>
				<align>center</align>
				<left>-85</left>
				<top>-78</top>
				<width>105</width>
				<height>40</height>
				<textcolor>grey2</textcolor>
				<shadowcolor>black</shadowcolor>
				<font>Font_plot</font>
				<label>$INFO[System.Time(hh:mm)]</label>
			</control>
			<control type="group">
			<visible>Control.HasFocus(591)</visible>
			<control type="label">
			<visible>!Skin.HasSetting(noshow_numItems)</visible>
				<align>right</align>
				<left>-105</left>
				<top>945</top>
				<width>100</width>
				<height>40</height>
				<textcolor>themecolor</textcolor>
				<shadowcolor>black</shadowcolor>
				<font>Font_plot</font>
				<label>$INFO[Container.CurrentItem]</label>
			</control>
			<control type="label">
			<visible>!Skin.HasSetting(noshow_numItems)</visible>
				<align>left</align>
				<left>4</left>
				<top>945</top>
				<width>150</width>
				<height>40</height>
				<textcolor>grey2</textcolor>
				<shadowcolor>black</shadowcolor>
				<font>Font_plot</font>
				<label>/ $INFO[Container.NumItems]</label>
			</control>
			</control>
			<control type="group">
			<visible>Control.HasFocus(5910)</visible>
			<control type="label">
				<align>right</align>
				<left>-105</left>
				<top>945</top>
				<width>100</width>
				<height>40</height>
				<textcolor>themecolor</textcolor>
				<shadowcolor>black</shadowcolor>
				<font>Font_plot3</font>
				<label>$INFO[Container(5910).Currentitem]</label>
			</control>
			<control type="label">
				<align>left</align>
				<left>4</left>
				<top>945</top>
				<width>150</width>
				<height>40</height>
				<textcolor>FFFFFAF0</textcolor>
				<shadowcolor>black</shadowcolor>
				<font>Font_plot3</font>
				<label>/ $INFO[Container(5910).NumItems]</label>
			</control>
			</control>
			<control type="group">
			<visible>Control.HasFocus(5912)</visible>
			<control type="label">
				<align>right</align>
				<left>-105</left>
				<top>945</top>
				<width>100</width>
				<height>40</height>
				<textcolor>themecolor</textcolor>
				<shadowcolor>black</shadowcolor>
				<font>Font_plot3</font>
				<label>$INFO[Container(5912).Currentitem]</label>
			</control>
			<control type="label">
				<align>left</align>
				<left>4</left>
				<top>945</top>
				<width>150</width>
				<height>40</height>
				<textcolor>FFFFFAF0</textcolor>
				<shadowcolor>black</shadowcolor>
				<font>Font_plot3</font>
				<label>/ $INFO[Container(5912).NumItems]</label>
			</control>
			</control>
		</control>
			<control type="scrollbar" id="80">
			<animation effect="rotatey" center="auto" start="-10" end="-10" time="0" condition="true">Conditional</animation>
				<include>ScrollBar_Vertical</include>
				<left>-204</left>
				<top>-5</top>
				<height>1110</height>
				<onleft>591</onleft>
				<onright>591</onright>
				<visible allowhiddenfocus="true">Control.IsVisible(591) + Control.HasFocus(80)</visible>
			</control>
		</control>
	</include>
</includes>
