<?xml version="1.0" encoding="utf-8"?>
<addon id="skin.chroma.18" version="4.0.3" name="[COLOR orange]Chroma[/COLOR]" provider-name="Tgx">
    <requires>
        <import addon="xbmc.gui" version="5.14.0"/>
        <import addon="script.favourites" version="3.2.0"/>
        <import addon="script.skinshortcuts" version="0.2.4"/>
        <import addon="resource.images.weatherfanart.single" version="0.0.4"/>
        <import addon="resource.images.weathericons.outline" version="0.0.4"/>
        <import addon="resource.images.languageflags.colour" version="0.0.2"/>
        <import addon="resource.images.studios.white" version="0.0.6"/>
        <import addon="resource.images.recordlabels.white" version="0.0.6"/>
        <import addon="resource.uisounds.nebula" version="0.0.1"/>
        <!--<import addon="script.extendedinfo" version="2.0.0"/>-->
        <import addon="script.image.resource.select" version="0.0.5"/>
        <import addon="script.skin.helper.service" version="1.1.3"/>
        <import addon="script.skin.helper.backgrounds" version="1.0.21"/>
        <import addon="script.skin.helper.colorpicker" version="1.0.11"/>
        <import addon="script.skin.helper.skinbackup" version="1.0.12"/>
        <import addon="plugin.program.autocompletion" version="1.0.1"/>
    </requires>
    <extension point="xbmc.gui.skin" debugging="false">
        <res width="1920" height="1080" aspect="16:9" default="true" folder="1080i"/>
    </extension>
    <extension point="xbmc.addon.metadata">
        <summary lang="cs_CZ">Funkcemi nabitý grafický vzhled navržený pro obrazovky s Full HD rozlišením.</summary>
        <summary lang="de_DE">Voll ausgestattetes modernes Skin, entwickelt für Full HD TV Bildschirme.</summary>
        <summary lang="el_GR">Πλήρες μοντέρνο κέλυφος, σχεδιασμένο για οθόνες Full HD.</summary>
        <summary lang="en_GB">Full-featured modern skin designed for Full HD TV screens.</summary>
        <summary lang="en_NZ">Full-featured modern skin designed for Full HD TV screens.</summary>
        <summary lang="en_US">Full-featured modern skin designed for Full HD TV screens.</summary>
        <summary lang="es_ES">Skin moderno y completo diseñado para pantallas Full HD</summary>
        <summary lang="fi_FI">Nykyaikainen Full HD ulkoasu täysin toiminnallisuuksin</summary>
        <summary lang="fr_CA">L’habillage moderne et complet, conçu pour les écrans haute définition intégrale.</summary>
        <summary lang="fr_FR">Habillage moderne et complet, conçu pour les écrans haute définition intégrale.</summary>
        <summary lang="he_IL">מעטפת עשירה בתכונות המיועדת למסכי Full HD.</summary>
        <summary lang="hu_HU">Teljes funkcionalitású, modern felszín, Full HD TV-képernyőkre tervezve.</summary>
        <summary lang="it_IT">Skin moderna e piena di funzioni progettata per TV Full HD.</summary>
        <summary lang="lt_LT">Gausi savybėmis, moderni teminė išvaizda, skirta aukštos raiškos TV ekranams.</summary>
        <summary lang="ms_MY">Kulit modern berfitur-penuh untuk skrin TV HD Penuh.</summary>
        <summary lang="nb_NO">Fullverdig moderne drakt designet for TV-skjermer i Full-HD-oppløsning</summary>
        <summary lang="nl_NL">Volledig-featured moderne skin ontworpen voor Volledige HD TV schermen.</summary>
        <summary lang="pl_PL">W pełni funkcjonalna, nowoczesna skóra zaprojektowana pod kątem ekranów Full HD</summary>
        <summary lang="pt_BR">Uma skin moderna e cheia de funções para telas Full HD.</summary>
        <summary lang="pt_PT">Tema moderno criado a pensar para televisores FULL HD.</summary>
        <summary lang="ro_RO">Un costum modern și complet proiectat pentru ecranele tv de definiție înaltă maximă (Full HD).</summary>
        <summary lang="zh_CN">为全高清电视屏幕设计的全功能现代皮肤。</summary>
        <description lang="cs_CZ">Funkcemi nabitý grafický vzhled navržený pro obrazovky s Full HD rozlišením.</description>
        <description lang="de_DE">Voll ausgestattetes modernes Skin, entwickelt für Full HD TV Bildschirme.</description>
        <description lang="el_GR">Πλήρες μοντέρνο κέλυφος, σχεδιασμένο για οθόνες Full HD.</description>
        <description lang="en_GB">Full-featured modern skin designed for Full HD TV screens.</description>
        <description lang="en_NZ">Full-featured modern skin designed for Full HD TV screens.</description>
        <description lang="en_US">Full-featured modern skin designed for Full HD TV screens.</description>
        <description lang="es_ES">Skin moderno y completo diseñado para pantallas Full HD </description>
        <description lang="fi_FI">Nykyaikainen Full HD ulkoasu täysin toiminnallisuuksin</description>
        <description lang="fr_CA">L’habillage moderne et complet, conçu pour les écrans haute définition intégrale.</description>
        <description lang="fr_FR">Habillage moderne et complet, conçu pour les écrans haute définition intégrale.</description>
        <description lang="he_IL">מעטפת עשירה בתכונות המיועדת למסכי Full HD.</description>
        <description lang="hu_HU">Teljes funkcionalitású, modern felszín, Full HD TV-képernyőkre tervezve.</description>
        <description lang="it_IT">Skin moderna e piena di funzioni progettata per TV Full HD.</description>
        <description lang="lt_LT">Gausi savybėmis, moderni teminė išvaizda, skirta aukštos raiškos TV ekranams.</description>
        <description lang="ms_MY">Kulit modern berfitur-penuh untuk skrin TV HD Penuh.</description>
        <description lang="nb_NO">Fullverdig moderne drakt designet for TV-skjermer i Full-HD-oppløsning.</description>
        <description lang="nl_NL">Full-featured moderne skin ontworpen voor Volledige HD TV schermen.</description>
        <description lang="pl_PL">W pełni funkcjonalna, nowoczesna skóra zaprojektowana pod kątem ekranów Full HD</description>
        <description lang="pt_BR">Uma skin moderna e cheia de funções para telas Full HD.</description>
        <description lang="pt_PT">Tema moderno completo criado a pensar nos televisores FULL HD.</description>
        <description lang="ro_RO">Un costum modern și complet proiectat pentru ecranele tv de definiție înaltă maximă (Full HD).</description>
        <description lang="zh_CN">为全高清电视屏幕设计的全功能现代皮肤。</description>
        <disclaimer lang="bg_BG">Обликът не работи на Apple TV 2</disclaimer>
        <disclaimer lang="cs_CZ">Tento skin nefunguje na Apple Tv 2</disclaimer>
        <disclaimer lang="de_DE">Dieses Skin funktioniert nicht auf Apple TV 2</disclaimer>
        <disclaimer lang="el_GR">Αυτό το κέλυφος δε δουλεύει με την Apple TV 2</disclaimer>
        <disclaimer lang="en_GB">This skin does not work on Apple Tv 2</disclaimer>
        <disclaimer lang="en_NZ">This skin does not work on Apple TV 2</disclaimer>
        <disclaimer lang="en_US">This skin does not work on Apple TV 2</disclaimer>
        <disclaimer lang="es_ES">Este skin no funciona con Apple TV 2</disclaimer>
        <disclaimer lang="fi_FI">Tämä ulkoasu ei toimi Apple TV 2:n kanssa</disclaimer>
        <disclaimer lang="fr_CA">Cet habillage ne fonctionne pas sur Apple TV 2</disclaimer>
        <disclaimer lang="fr_FR">Cet habillage ne fonctionne pas sur Apple TV 2</disclaimer>
        <disclaimer lang="gl_ES">Este tema non é compatible co Apple Tv 2</disclaimer>
        <disclaimer lang="he_IL">המעטפת לא מתאימה עבור Apple Tv 2</disclaimer>
        <disclaimer lang="hu_HU">Ez a felszín nem működik az Apple Tv 2-n</disclaimer>
        <disclaimer lang="is_IS">Þetta skin virkar ekki á Apple Tv 2 </disclaimer>
        <disclaimer lang="it_IT">Questa Skin non funziona su Apple TV 2</disclaimer>
        <disclaimer lang="lt_LT">Ši teminė išvaizda neveikia Apple Tv 2 įrenginiuose</disclaimer>
        <disclaimer lang="ms_MY">Kulit ini tidak berfungsi dalam Apple Tv 2</disclaimer>
        <disclaimer lang="nb_NO">Denne drakten fungerer ikke på Apple TV 2</disclaimer>
        <disclaimer lang="nl_NL">Deze skin werkt niet op Apple TV 2</disclaimer>
        <disclaimer lang="pl_PL">Ta skóra nie działa na Apple Tv 2</disclaimer>
        <disclaimer lang="pt_BR">Esta skin não funciona na Apple TV 2.</disclaimer>
        <disclaimer lang="pt_PT">Este tema não funciona na Apple TV 2</disclaimer>
        <disclaimer lang="sk_SK">Tento vzhľad nepodporuje Apple Tv 2</disclaimer>
        <disclaimer lang="sl_SI">Ta preobleka ne deluje na Apple Tv 2</disclaimer>
        <disclaimer lang="sv_SE">Detta skalet fungerar inte på Apple TV2</disclaimer>
        <disclaimer lang="zh_CN">此皮肤不能用于 Apple Tv 2</disclaimer>
        <platform>all</platform>
        <license>Creative Commons Attribution-ShareAlike 3.0 Unported License</license>
        <forum>http://forum.kodi.tv/forumdisplay.php?fid=241</forum>
        <website>https://github.com/Tgxcorporation/skin.chroma/wiki</website>
        <source>https://github.com/Tgxcorporation/skin.chroma</source>
        <assets>
            <icon>icon.png</icon>
            <fanart>fanart.jpg</fanart>
            <screenshot>screenshots/screenshot01.jpg</screenshot>
            <screenshot>screenshots/screenshot02.jpg</screenshot>
            <screenshot>screenshots/screenshot03.jpg</screenshot>
            <screenshot>screenshots/screenshot04.jpg</screenshot>
            <screenshot>screenshots/screenshot05.jpg</screenshot>
            <screenshot>screenshots/screenshot06.jpg</screenshot>
            <screenshot>screenshots/screenshot07.jpg</screenshot>
            <screenshot>screenshots/screenshot08.jpg</screenshot>
            <screenshot>screenshots/screenshot09.jpg</screenshot>
            <screenshot>screenshots/screenshot10.jpg</screenshot>
        </assets>
		<size>11696717</size>
    </extension>
</addon>
