<?xml version='1.0' encoding='UTF-8'?>
<addon id="skin.fuse.neue" version="1.0.5" name="[COLOR orange](fuse)neue[/COLOR]" provider-name="jurialmunkey">
    <requires>
        <import addon="xbmc.gui" version="5.14.0"/>
        <import addon="script.skinshortcuts" version="0.4.0"/>
        <import addon="script.skin.helper.service" version="1.1.0"/>
        <import addon="script.extendedinfo" version="3.0.0"/>
        <import addon="script.image.resource.select" version="0.0.5"/>
        <import addon="plugin.program.autocompletion" version="1.0.1"/>
        <import addon="resource.images.studios.white" version="0.0.10"/>
        <import addon="resource.images.moviegenreicons.transparent" version="0.0.6"/>
    </requires>
    <extension point="xbmc.gui.skin" defaultthemename="Textures.xbt" debugging="false" effectslowdown="1">
        <res width="1920" height="1080" aspect="16:9" default="true" folder="1080i"/>
    </extension>
    <extension point="xbmc.addon.metadata">
        <summary lang="en">Soft gradients, pixel highlights and visible fanart</summary>
        <description lang="en">(fuse)neue utilises low list viewtypes throughout the skin in order to showcase fanart. The home menu bar is accessible from anywhere by pressing up, minimising the need to ever "go home".</description>
        <platform>all</platform>
        <license>Creative Commons Non Commercial 3.0 License</license>
        <forum/>
        <source/>
        <assets>
            <icon>icon.png</icon>
            <fanart>fanart.jpg</fanart>
            <screenshot>resources/screenshot-01.jpg</screenshot>
            <screenshot>resources/screenshot-02.jpg</screenshot>
            <screenshot>resources/screenshot-03.jpg</screenshot>
            <screenshot>resources/screenshot-04.jpg</screenshot>
            <screenshot>resources/screenshot-05.jpg</screenshot>
            <screenshot>resources/screenshot-06.jpg</screenshot>
        </assets>
		<size>8000445</size>
    </extension>
</addon>