<?xml version="1.0" encoding="UTF-8"?>
<overrides>
	<alwaysReset>True</alwaysReset>
	<doNotShareMenu />
	<onback to="100">4002</onback>
	<onback to="100">4003</onback>
	<onback to="100">4004</onback>
	<thumbnail label="$LOCALIZE[20057]">::NONE::</thumbnail>
	<propertyfallback group="mainmenu" property="useFakeArt">true</propertyfallback>
	<propertyfallback group="mainmenu" property="aspectRatio">keep</propertyfallback>

	<groupoverride group="sidepanel" condition="true">Dialog.Close(all,true)</groupoverride>
	<groupoverride group="mainmenu" condition="true">Dialog.Close(all,true)</groupoverride>

	<!-- action overrides -->
	<override action="embycon_movies">
		<condition>String.IsEqual(Window(home).property(plugin.video.embycon-group_movies),true)</condition>
		<action>ActivateWindow(videos,plugin://plugin.video.embycon/?media_type=movies&amp;mode=GET_CONTENT&amp;url=%7bserver%7d%2femby%2fUsers%2f%7buserid%7d%2fItems%3fIsVirtualUnaired%3dfalse%26IncludeItemTypes%3dMovie%26CollapseBoxSetItems%3dTrue%26GroupItemsIntoCollections%3dTrue%26Recursive%3dtrue%26IsMissing%3dFalse%26Fields%3d%7bfield_filters%7d%26ImageTypeLimit%3d1%26SortBy%3dName%26SortOrder%3dAscending%26format%3djson,return)</action>
	</override>
	<override action="embycon_movies">
		<condition>!String.IsEqual(Window(home).property(plugin.video.embycon-group_movies),true)</condition>
		<action>ActivateWindow(videos,plugin://plugin.video.embycon/?media_type=movies&amp;mode=GET_CONTENT&amp;url=%7bserver%7d%2femby%2fUsers%2f%7buserid%7d%2fItems%3fRecursive%3dtrue%26IncludeItemTypes%3dMovie%26IsVirtualUnaired%3dfalse%26IsMissing%3dFalse%26Fields%3d%7bfield_filters%7d%26ImageTypeLimit%3d1%26format%3djson,return)</action>
	</override>

	<override action="library_update">
		<action>SetProperty(Dialog.1.Label,$LOCALIZE[3])</action>
		<action>SetProperty(Dialog.1.BuiltIn,UpdateLibrary(video))</action>
		<action>SetProperty(Dialog.2.Label,$LOCALIZE[2])</action>
		<action>SetProperty(Dialog.2.BuiltIn,UpdateLibrary(music))</action>
		<action>SetProperty(Dialog.3.Label,$LOCALIZE[593])</action>
		<action>SetProperty(Dialog.3.BuiltIn,UpdateLibrary(music)||UpdateLibrary(video))</action>
		<action>RunScript(script.embuary.helper,action=createselect,header=$LOCALIZE[653])</action>
	</override>

	<override action="start_search">
		<action>SetProperty(CustomSearch,1,home)</action>
		<action>Skin.Reset(CustomSearchTerm)</action>
		<action>Skin.Reset(CustomSearchEmbyID)</action>
		<action>Skin.SetString(CustomSearchTerm)</action>
		<action>ActivateWindow(1115)</action>
	</override>

	<override action="favourites://">
		<action>ActivateWindow(favourites)</action>
	</override>

	<override action="partymode_action">
		<condition>MusicPartyMode.Enabled</condition>
		<action>Playercontrol(stop)</action>
	</override>
	<override action="partymode_action">
		<condition>!MusicPartyMode.Enabled</condition>
		<action>Playercontrol(partymode(music))</action>
	</override>

	<override action="tvshows_genre">
		<action>SetProperty(ListGenres,plugin://script.embuary.helper/?info=getgenre&amp;type=tvshow,home)</action>
		<action>ActivateWindow(1114)</action>
	</override>

	<override action="movies_genre">
		<action>SetProperty(ListGenres,plugin://script.embuary.helper/?info=getgenre&amp;type=movie,home)</action>
		<action>ActivateWindow(1114)</action>
	</override>

	<override action="recommended">
		<condition>Window.IsVisible(1121)</condition>
		<action>ClearProperty(RecommendedTag,home)</action>
		<action>SetProperty(RecommendedType,tvshow,home)</action>
		<action>SetProperty(ForceFocusReset,1,home)</action>
		<action>AlarmClock(ClearForceFocusReset,ClearProperty(ForceFocusReset,home),00:01,silent)</action>
		<action>ActivateWindow(1126,return)</action>
	</override>
	<override action="recommended">
		<condition>Window.IsVisible(1120)</condition>
		<action>ClearProperty(RecommendedTag,home)</action>
		<action>SetProperty(RecommendedType,movie,home)</action>
		<action>SetProperty(ForceFocusReset,1,home)</action>
		<action>AlarmClock(ClearForceFocusReset,ClearProperty(ForceFocusReset,home),00:01,silent)</action>
		<action>ActivateWindow(1126,return)</action>
	</override>

	<!-- tag overrides -->
	<override action="tag0">
		<action>SetProperty(TagHubNr,0,home)</action>
		<action>ActivateWindow(1130)</action>
	</override>
	<override action="tag1">
		<action>SetProperty(TagHubNr,1,home)</action>
		<action>ActivateWindow(1130)</action>
	</override>
	<override action="tag2">
		<action>SetProperty(TagHubNr,2,home)</action>
		<action>ActivateWindow(1130)</action>
	</override>
	<override action="tag3">
		<action>SetProperty(TagHubNr,3,home)</action>
		<action>ActivateWindow(1130)</action>
	</override>
	<override action="tag4">
		<action>SetProperty(TagHubNr,4,home)</action>
		<action>ActivateWindow(1130)</action>
	</override>
	<override action="tag5">
		<action>SetProperty(TagHubNr,5,home)</action>
		<action>ActivateWindow(1130)</action>
	</override>
	<override action="tag6">
		<action>SetProperty(TagHubNr,6,home)</action>
		<action>ActivateWindow(1130)</action>
	</override>
	<override action="tag7">
		<action>SetProperty(TagHubNr,7,home)</action>
		<action>ActivateWindow(1130)</action>
	</override>
	<override action="tag8">
		<action>SetProperty(TagHubNr,8,home)</action>
		<action>ActivateWindow(1130)</action>
	</override>
	<override action="tag9">
		<action>SetProperty(TagHubNr,9,home)</action>
		<action>ActivateWindow(1130)</action>
	</override>
	<override action="tag10">
		<action>SetProperty(TagHubNr,10,home)</action>
		<action>ActivateWindow(1130)</action>
	</override>
	<override action="tag11">
		<action>SetProperty(TagHubNr,11,home)</action>
		<action>ActivateWindow(1130)</action>
	</override>
	<override action="tag12">
		<action>SetProperty(TagHubNr,12,home)</action>
		<action>ActivateWindow(1130)</action>
	</override>
	<override action="tag13">
		<action>SetProperty(TagHubNr,13,home)</action>
		<action>ActivateWindow(1130)</action>
	</override>
	<override action="tag14">
		<action>SetProperty(TagHubNr,14,home)</action>
		<action>ActivateWindow(1130)</action>
	</override>
	<override action="tag15">
		<action>SetProperty(TagHubNr,15,home)</action>
		<action>ActivateWindow(1130)</action>
	</override>
	<override action="tag16">
		<action>SetProperty(TagHubNr,16,home)</action>
		<action>ActivateWindow(1130)</action>
	</override>
	<override action="tag17">
		<action>SetProperty(TagHubNr,17,home)</action>
		<action>ActivateWindow(1130)</action>
	</override>
	<override action="tag18">
		<action>SetProperty(TagHubNr,18,home)</action>
		<action>ActivateWindow(1130)</action>
	</override>
	<override action="tag19">
		<action>SetProperty(TagHubNr,19,home)</action>
		<action>ActivateWindow(1130)</action>
	</override>
	<override action="tag20">
		<action>SetProperty(TagHubNr,20,home)</action>
		<action>ActivateWindow(1130)</action>
	</override>
	<override action="tag21">
		<action>SetProperty(TagHubNr,21,home)</action>
		<action>ActivateWindow(1130)</action>
	</override>
	<override action="tag22">
		<action>SetProperty(TagHubNr,22,home)</action>
		<action>ActivateWindow(1130)</action>
	</override>
	<override action="tag23">
		<action>SetProperty(TagHubNr,23,home)</action>
		<action>ActivateWindow(1130)</action>
	</override>
	<override action="tag24">
		<action>SetProperty(TagHubNr,24,home)</action>
		<action>ActivateWindow(1130)</action>
	</override>
	<override action="tag25">
		<action>SetProperty(TagHubNr,25,home)</action>
		<action>ActivateWindow(1130)</action>
	</override>
	<override action="tag26">
		<action>SetProperty(TagHubNr,26,home)</action>
		<action>ActivateWindow(1130)</action>
	</override>
	<override action="tag27">
		<action>SetProperty(TagHubNr,27,home)</action>
		<action>ActivateWindow(1130)</action>
	</override>
	<override action="tag28">
		<action>SetProperty(TagHubNr,28,home)</action>
		<action>ActivateWindow(1130)</action>
	</override>
	<override action="tag29">
		<action>SetProperty(TagHubNr,29,home)</action>
		<action>ActivateWindow(1130)</action>
	</override>
	<!-- embycon overrides -->
	<override action="embycon0">
		<condition>!String.IsEqual(Window(home).Property(plugin.video.embycon-view_item.0.type),boxsets)</condition>
		<action>SetProperty(TagHubNr,0,home)</action>
		<action>ActivateWindow(1131)</action>
	</override>
	<override action="embycon0">
		<condition>String.IsEqual(Window(home).Property(plugin.video.embycon-view_item.0.type),boxsets)</condition>
		<action>ActivateWindow(videos,plugin://plugin.video.embycon/?media_type=boxsets&amp;mode=GET_CONTENT&amp;url=%7bserver%7d%2femby%2fUsers%2f%7buserid%7d%2fItems%3fParentId%3d$INFO[Window(home).Property(plugin.video.embycon-view_item.0.id)]&amp;%26IsVirtualUnaired%3dfalse%26IncludeItemTypes%3dBoxset%26CollapseBoxSetItems%3dTrue%26GroupItemsIntoCollections%3dTrue%26Recursive%3dtrue%26IsMissing%3dFalse%26Fields%3d%7bfield_filters%7d%26ImageTypeLimit%3d1%26SortBy%3dName%26SortOrder%3dAscending%26format%3djson,return)</action>
	</override>
	<override action="embycon1">
		<condition>!String.IsEqual(Window(home).Property(plugin.video.embycon-view_item.1.type),boxsets)</condition>
		<action>SetProperty(TagHubNr,1,home)</action>
		<action>ActivateWindow(1131)</action>
	</override>
	<override action="embycon1">
		<condition>String.IsEqual(Window(home).Property(plugin.video.embycon-view_item.1.type),boxsets)</condition>
		<action>ActivateWindow(videos,plugin://plugin.video.embycon/?media_type=boxsets&amp;mode=GET_CONTENT&amp;url=%7bserver%7d%2femby%2fUsers%2f%7buserid%7d%2fItems%3fParentId%3d$INFO[Window(home).Property(plugin.video.embycon-view_item.1.id)]&amp;%26IsVirtualUnaired%3dfalse%26IncludeItemTypes%3dBoxset%26CollapseBoxSetItems%3dTrue%26GroupItemsIntoCollections%3dTrue%26Recursive%3dtrue%26IsMissing%3dFalse%26Fields%3d%7bfield_filters%7d%26ImageTypeLimit%3d1%26SortBy%3dName%26SortOrder%3dAscending%26format%3djson,return)</action>
	</override>
	<override action="embycon2">
		<condition>!String.IsEqual(Window(home).Property(plugin.video.embycon-view_item.2.type),boxsets)</condition>
		<action>SetProperty(TagHubNr,2,home)</action>
		<action>ActivateWindow(1131)</action>
	</override>
	<override action="embycon2">
		<condition>String.IsEqual(Window(home).Property(plugin.video.embycon-view_item.2.type),boxsets)</condition>
		<action>ActivateWindow(videos,plugin://plugin.video.embycon/?media_type=boxsets&amp;mode=GET_CONTENT&amp;url=%7bserver%7d%2femby%2fUsers%2f%7buserid%7d%2fItems%3fParentId%3d$INFO[Window(home).Property(plugin.video.embycon-view_item.2.id)]&amp;%26IsVirtualUnaired%3dfalse%26IncludeItemTypes%3dBoxset%26CollapseBoxSetItems%3dTrue%26GroupItemsIntoCollections%3dTrue%26Recursive%3dtrue%26IsMissing%3dFalse%26Fields%3d%7bfield_filters%7d%26ImageTypeLimit%3d1%26SortBy%3dName%26SortOrder%3dAscending%26format%3djson,return)</action>
	</override>
	<override action="embycon3">
		<condition>!String.IsEqual(Window(home).Property(plugin.video.embycon-view_item.3.type),boxsets)</condition>
		<action>SetProperty(TagHubNr,3,home)</action>
		<action>ActivateWindow(1131)</action>
	</override>
	<override action="embycon3">
		<condition>String.IsEqual(Window(home).Property(plugin.video.embycon-view_item.3.type),boxsets)</condition>
		<action>ActivateWindow(videos,plugin://plugin.video.embycon/?media_type=boxsets&amp;mode=GET_CONTENT&amp;url=%7bserver%7d%2femby%2fUsers%2f%7buserid%7d%2fItems%3fParentId%3d$INFO[Window(home).Property(plugin.video.embycon-view_item.3.id)]&amp;%26IsVirtualUnaired%3dfalse%26IncludeItemTypes%3dBoxset%26CollapseBoxSetItems%3dTrue%26GroupItemsIntoCollections%3dTrue%26Recursive%3dtrue%26IsMissing%3dFalse%26Fields%3d%7bfield_filters%7d%26ImageTypeLimit%3d1%26SortBy%3dName%26SortOrder%3dAscending%26format%3djson,return)</action>
	</override>
	<override action="embycon4">
		<condition>!String.IsEqual(Window(home).Property(plugin.video.embycon-view_item.4.type),boxsets)</condition>
		<action>SetProperty(TagHubNr,4,home)</action>
		<action>ActivateWindow(1131)</action>
	</override>
	<override action="embycon4">
		<condition>String.IsEqual(Window(home).Property(plugin.video.embycon-view_item.4.type),boxsets)</condition>
		<action>ActivateWindow(videos,plugin://plugin.video.embycon/?media_type=boxsets&amp;mode=GET_CONTENT&amp;url=%7bserver%7d%2femby%2fUsers%2f%7buserid%7d%2fItems%3fParentId%3d$INFO[Window(home).Property(plugin.video.embycon-view_item.4.id)]&amp;%26IsVirtualUnaired%3dfalse%26IncludeItemTypes%3dBoxset%26CollapseBoxSetItems%3dTrue%26GroupItemsIntoCollections%3dTrue%26Recursive%3dtrue%26IsMissing%3dFalse%26Fields%3d%7bfield_filters%7d%26ImageTypeLimit%3d1%26SortBy%3dName%26SortOrder%3dAscending%26format%3djson,return)</action>
	</override>
	<override action="embycon5">
		<condition>!String.IsEqual(Window(home).Property(plugin.video.embycon-view_item.5.type),boxsets)</condition>
		<action>SetProperty(TagHubNr,5,home)</action>
		<action>ActivateWindow(1131)</action>
	</override>
	<override action="embycon5">
		<condition>String.IsEqual(Window(home).Property(plugin.video.embycon-view_item.5.type),boxsets)</condition>
		<action>ActivateWindow(videos,plugin://plugin.video.embycon/?media_type=boxsets&amp;mode=GET_CONTENT&amp;url=%7bserver%7d%2femby%2fUsers%2f%7buserid%7d%2fItems%3fParentId%3d$INFO[Window(home).Property(plugin.video.embycon-view_item.5.id)]&amp;%26IsVirtualUnaired%3dfalse%26IncludeItemTypes%3dBoxset%26CollapseBoxSetItems%3dTrue%26GroupItemsIntoCollections%3dTrue%26Recursive%3dtrue%26IsMissing%3dFalse%26Fields%3d%7bfield_filters%7d%26ImageTypeLimit%3d1%26SortBy%3dName%26SortOrder%3dAscending%26format%3djson,return)</action>
	</override>
	<override action="embycon6">
		<condition>!String.IsEqual(Window(home).Property(plugin.video.embycon-view_item.6.type),boxsets)</condition>
		<action>SetProperty(TagHubNr,6,home)</action>
		<action>ActivateWindow(1131)</action>
	</override>
	<override action="embycon6">
		<condition>String.IsEqual(Window(home).Property(plugin.video.embycon-view_item.6.type),boxsets)</condition>
		<action>ActivateWindow(videos,plugin://plugin.video.embycon/?media_type=boxsets&amp;mode=GET_CONTENT&amp;url=%7bserver%7d%2femby%2fUsers%2f%7buserid%7d%2fItems%3fParentId%3d$INFO[Window(home).Property(plugin.video.embycon-view_item.6.id)]&amp;%26IsVirtualUnaired%3dfalse%26IncludeItemTypes%3dBoxset%26CollapseBoxSetItems%3dTrue%26GroupItemsIntoCollections%3dTrue%26Recursive%3dtrue%26IsMissing%3dFalse%26Fields%3d%7bfield_filters%7d%26ImageTypeLimit%3d1%26SortBy%3dName%26SortOrder%3dAscending%26format%3djson,return)</action>
	</override>
	<override action="embycon7">
		<condition>!String.IsEqual(Window(home).Property(plugin.video.embycon-view_item.7.type),boxsets)</condition>
		<action>SetProperty(TagHubNr,7,home)</action>
		<action>ActivateWindow(1131)</action>
	</override>
	<override action="embycon7">
		<condition>String.IsEqual(Window(home).Property(plugin.video.embycon-view_item.7.type),boxsets)</condition>
		<action>ActivateWindow(videos,plugin://plugin.video.embycon/?media_type=boxsets&amp;mode=GET_CONTENT&amp;url=%7bserver%7d%2femby%2fUsers%2f%7buserid%7d%2fItems%3fParentId%3d$INFO[Window(home).Property(plugin.video.embycon-view_item.7.id)]&amp;%26IsVirtualUnaired%3dfalse%26IncludeItemTypes%3dBoxset%26CollapseBoxSetItems%3dTrue%26GroupItemsIntoCollections%3dTrue%26Recursive%3dtrue%26IsMissing%3dFalse%26Fields%3d%7bfield_filters%7d%26ImageTypeLimit%3d1%26SortBy%3dName%26SortOrder%3dAscending%26format%3djson,return)</action>
	</override>
	<override action="embycon8">
		<condition>!String.IsEqual(Window(home).Property(plugin.video.embycon-view_item.8.type),boxsets)</condition>
		<action>SetProperty(TagHubNr,8,home)</action>
		<action>ActivateWindow(1131)</action>
	</override>
	<override action="embycon8">
		<condition>String.IsEqual(Window(home).Property(plugin.video.embycon-view_item.8.type),boxsets)</condition>
		<action>ActivateWindow(videos,plugin://plugin.video.embycon/?media_type=boxsets&amp;mode=GET_CONTENT&amp;url=%7bserver%7d%2femby%2fUsers%2f%7buserid%7d%2fItems%3fParentId%3d$INFO[Window(home).Property(plugin.video.embycon-view_item.8.id)]&amp;%26IsVirtualUnaired%3dfalse%26IncludeItemTypes%3dBoxset%26CollapseBoxSetItems%3dTrue%26GroupItemsIntoCollections%3dTrue%26Recursive%3dtrue%26IsMissing%3dFalse%26Fields%3d%7bfield_filters%7d%26ImageTypeLimit%3d1%26SortBy%3dName%26SortOrder%3dAscending%26format%3djson,return)</action>
	</override>
	<override action="embycon9">
		<condition>!String.IsEqual(Window(home).Property(plugin.video.embycon-view_item.9.type),boxsets)</condition>
		<action>SetProperty(TagHubNr,9,home)</action>
		<action>ActivateWindow(1131)</action>
	</override>
	<override action="embycon9">
		<condition>String.IsEqual(Window(home).Property(plugin.video.embycon-view_item.9.type),boxsets)</condition>
		<action>ActivateWindow(videos,plugin://plugin.video.embycon/?media_type=boxsets&amp;mode=GET_CONTENT&amp;url=%7bserver%7d%2femby%2fUsers%2f%7buserid%7d%2fItems%3fParentId%3d$INFO[Window(home).Property(plugin.video.embycon-view_item.9.id)]&amp;%26IsVirtualUnaired%3dfalse%26IncludeItemTypes%3dBoxset%26CollapseBoxSetItems%3dTrue%26GroupItemsIntoCollections%3dTrue%26Recursive%3dtrue%26IsMissing%3dFalse%26Fields%3d%7bfield_filters%7d%26ImageTypeLimit%3d1%26SortBy%3dName%26SortOrder%3dAscending%26format%3djson,return)</action>
	</override>
	<override action="embycon10">
		<condition>!String.IsEqual(Window(home).Property(plugin.video.embycon-view_item.10.type),boxsets)</condition>
		<action>SetProperty(TagHubNr,10,home)</action>
		<action>ActivateWindow(1131)</action>
	</override>
	<override action="embycon10">
		<condition>String.IsEqual(Window(home).Property(plugin.video.embycon-view_item.10.type),boxsets)</condition>
		<action>ActivateWindow(videos,plugin://plugin.video.embycon/?media_type=boxsets&amp;mode=GET_CONTENT&amp;url=%7bserver%7d%2femby%2fUsers%2f%7buserid%7d%2fItems%3fParentId%3d$INFO[Window(home).Property(plugin.video.embycon-view_item.10.id)]&amp;%26IsVirtualUnaired%3dfalse%26IncludeItemTypes%3dBoxset%26CollapseBoxSetItems%3dTrue%26GroupItemsIntoCollections%3dTrue%26Recursive%3dtrue%26IsMissing%3dFalse%26Fields%3d%7bfield_filters%7d%26ImageTypeLimit%3d1%26SortBy%3dName%26SortOrder%3dAscending%26format%3djson,return)</action>
	</override>
	<override action="embycon11">
		<condition>!String.IsEqual(Window(home).Property(plugin.video.embycon-view_item.11.type),boxsets)</condition>
		<action>SetProperty(TagHubNr,11,home)</action>
		<action>ActivateWindow(1131)</action>
	</override>
	<override action="embycon11">
		<condition>String.IsEqual(Window(home).Property(plugin.video.embycon-view_item.11.type),boxsets)</condition>
		<action>ActivateWindow(videos,plugin://plugin.video.embycon/?media_type=boxsets&amp;mode=GET_CONTENT&amp;url=%7bserver%7d%2femby%2fUsers%2f%7buserid%7d%2fItems%3fParentId%3d$INFO[Window(home).Property(plugin.video.embycon-view_item.11.id)]&amp;%26IsVirtualUnaired%3dfalse%26IncludeItemTypes%3dBoxset%26CollapseBoxSetItems%3dTrue%26GroupItemsIntoCollections%3dTrue%26Recursive%3dtrue%26IsMissing%3dFalse%26Fields%3d%7bfield_filters%7d%26ImageTypeLimit%3d1%26SortBy%3dName%26SortOrder%3dAscending%26format%3djson,return)</action>
	</override>
	<override action="embycon12">
		<condition>!String.IsEqual(Window(home).Property(plugin.video.embycon-view_item.12.type),boxsets)</condition>
		<action>SetProperty(TagHubNr,12,home)</action>
		<action>ActivateWindow(1131)</action>
	</override>
	<override action="embycon12">
		<condition>String.IsEqual(Window(home).Property(plugin.video.embycon-view_item.12.type),boxsets)</condition>
		<action>ActivateWindow(videos,plugin://plugin.video.embycon/?media_type=boxsets&amp;mode=GET_CONTENT&amp;url=%7bserver%7d%2femby%2fUsers%2f%7buserid%7d%2fItems%3fParentId%3d$INFO[Window(home).Property(plugin.video.embycon-view_item.12.id)]&amp;%26IsVirtualUnaired%3dfalse%26IncludeItemTypes%3dBoxset%26CollapseBoxSetItems%3dTrue%26GroupItemsIntoCollections%3dTrue%26Recursive%3dtrue%26IsMissing%3dFalse%26Fields%3d%7bfield_filters%7d%26ImageTypeLimit%3d1%26SortBy%3dName%26SortOrder%3dAscending%26format%3djson,return)</action>
	</override>
	<override action="embycon13">
		<condition>!String.IsEqual(Window(home).Property(plugin.video.embycon-view_item.13.type),boxsets)</condition>
		<action>SetProperty(TagHubNr,13,home)</action>
		<action>ActivateWindow(1131)</action>
	</override>
	<override action="embycon13">
		<condition>String.IsEqual(Window(home).Property(plugin.video.embycon-view_item.13.type),boxsets)</condition>
		<action>ActivateWindow(videos,plugin://plugin.video.embycon/?media_type=boxsets&amp;mode=GET_CONTENT&amp;url=%7bserver%7d%2femby%2fUsers%2f%7buserid%7d%2fItems%3fParentId%3d$INFO[Window(home).Property(plugin.video.embycon-view_item.13.id)]&amp;%26IsVirtualUnaired%3dfalse%26IncludeItemTypes%3dBoxset%26CollapseBoxSetItems%3dTrue%26GroupItemsIntoCollections%3dTrue%26Recursive%3dtrue%26IsMissing%3dFalse%26Fields%3d%7bfield_filters%7d%26ImageTypeLimit%3d1%26SortBy%3dName%26SortOrder%3dAscending%26format%3djson,return)</action>
	</override>
	<override action="embycon14">
		<condition>!String.IsEqual(Window(home).Property(plugin.video.embycon-view_item.14.type),boxsets)</condition>
		<action>SetProperty(TagHubNr,14,home)</action>
		<action>ActivateWindow(1131)</action>
	</override>
	<override action="embycon14">
		<condition>String.IsEqual(Window(home).Property(plugin.video.embycon-view_item.14.type),boxsets)</condition>
		<action>ActivateWindow(videos,plugin://plugin.video.embycon/?media_type=boxsets&amp;mode=GET_CONTENT&amp;url=%7bserver%7d%2femby%2fUsers%2f%7buserid%7d%2fItems%3fParentId%3d$INFO[Window(home).Property(plugin.video.embycon-view_item.14.id)]&amp;%26IsVirtualUnaired%3dfalse%26IncludeItemTypes%3dBoxset%26CollapseBoxSetItems%3dTrue%26GroupItemsIntoCollections%3dTrue%26Recursive%3dtrue%26IsMissing%3dFalse%26Fields%3d%7bfield_filters%7d%26ImageTypeLimit%3d1%26SortBy%3dName%26SortOrder%3dAscending%26format%3djson,return)</action>
	</override>
	<override action="embycon15">
		<condition>!String.IsEqual(Window(home).Property(plugin.video.embycon-view_item.15.type),boxsets)</condition>
		<action>SetProperty(TagHubNr,15,home)</action>
		<action>ActivateWindow(1131)</action>
	</override>
	<override action="embycon15">
		<condition>String.IsEqual(Window(home).Property(plugin.video.embycon-view_item.15.type),boxsets)</condition>
		<action>ActivateWindow(videos,plugin://plugin.video.embycon/?media_type=boxsets&amp;mode=GET_CONTENT&amp;url=%7bserver%7d%2femby%2fUsers%2f%7buserid%7d%2fItems%3fParentId%3d$INFO[Window(home).Property(plugin.video.embycon-view_item.15.id)]&amp;%26IsVirtualUnaired%3dfalse%26IncludeItemTypes%3dBoxset%26CollapseBoxSetItems%3dTrue%26GroupItemsIntoCollections%3dTrue%26Recursive%3dtrue%26IsMissing%3dFalse%26Fields%3d%7bfield_filters%7d%26ImageTypeLimit%3d1%26SortBy%3dName%26SortOrder%3dAscending%26format%3djson,return)</action>
	</override>
	<override action="embycon16">
		<condition>!String.IsEqual(Window(home).Property(plugin.video.embycon-view_item.16.type),boxsets)</condition>
		<action>SetProperty(TagHubNr,16,home)</action>
		<action>ActivateWindow(1131)</action>
	</override>
	<override action="embycon16">
		<condition>String.IsEqual(Window(home).Property(plugin.video.embycon-view_item.16.type),boxsets)</condition>
		<action>ActivateWindow(videos,plugin://plugin.video.embycon/?media_type=boxsets&amp;mode=GET_CONTENT&amp;url=%7bserver%7d%2femby%2fUsers%2f%7buserid%7d%2fItems%3fParentId%3d$INFO[Window(home).Property(plugin.video.embycon-view_item.16.id)]&amp;%26IsVirtualUnaired%3dfalse%26IncludeItemTypes%3dBoxset%26CollapseBoxSetItems%3dTrue%26GroupItemsIntoCollections%3dTrue%26Recursive%3dtrue%26IsMissing%3dFalse%26Fields%3d%7bfield_filters%7d%26ImageTypeLimit%3d1%26SortBy%3dName%26SortOrder%3dAscending%26format%3djson,return)</action>
	</override>
	<override action="embycon17">
		<condition>!String.IsEqual(Window(home).Property(plugin.video.embycon-view_item.17.type),boxsets)</condition>
		<action>SetProperty(TagHubNr,17,home)</action>
		<action>ActivateWindow(1131)</action>
	</override>
	<override action="embycon17">
		<condition>String.IsEqual(Window(home).Property(plugin.video.embycon-view_item.17.type),boxsets)</condition>
		<action>ActivateWindow(videos,plugin://plugin.video.embycon/?media_type=boxsets&amp;mode=GET_CONTENT&amp;url=%7bserver%7d%2femby%2fUsers%2f%7buserid%7d%2fItems%3fParentId%3d$INFO[Window(home).Property(plugin.video.embycon-view_item.17.id)]&amp;%26IsVirtualUnaired%3dfalse%26IncludeItemTypes%3dBoxset%26CollapseBoxSetItems%3dTrue%26GroupItemsIntoCollections%3dTrue%26Recursive%3dtrue%26IsMissing%3dFalse%26Fields%3d%7bfield_filters%7d%26ImageTypeLimit%3d1%26SortBy%3dName%26SortOrder%3dAscending%26format%3djson,return)</action>
	</override>
	<override action="embycon18">
		<condition>!String.IsEqual(Window(home).Property(plugin.video.embycon-view_item.18.type),boxsets)</condition>
		<action>SetProperty(TagHubNr,18,home)</action>
		<action>ActivateWindow(1131)</action>
	</override>
	<override action="embycon18">
		<condition>String.IsEqual(Window(home).Property(plugin.video.embycon-view_item.18.type),boxsets)</condition>
		<action>ActivateWindow(videos,plugin://plugin.video.embycon/?media_type=boxsets&amp;mode=GET_CONTENT&amp;url=%7bserver%7d%2femby%2fUsers%2f%7buserid%7d%2fItems%3fParentId%3d$INFO[Window(home).Property(plugin.video.embycon-view_item.18.id)]&amp;%26IsVirtualUnaired%3dfalse%26IncludeItemTypes%3dBoxset%26CollapseBoxSetItems%3dTrue%26GroupItemsIntoCollections%3dTrue%26Recursive%3dtrue%26IsMissing%3dFalse%26Fields%3d%7bfield_filters%7d%26ImageTypeLimit%3d1%26SortBy%3dName%26SortOrder%3dAscending%26format%3djson,return)</action>
	</override>
	<override action="embycon19">
		<condition>!String.IsEqual(Window(home).Property(plugin.video.embycon-view_item.19.type),boxsets)</condition>
		<action>SetProperty(TagHubNr,19,home)</action>
		<action>ActivateWindow(1131)</action>
	</override>
	<override action="embycon19">
		<condition>String.IsEqual(Window(home).Property(plugin.video.embycon-view_item.19.type),boxsets)</condition>
		<action>ActivateWindow(videos,plugin://plugin.video.embycon/?media_type=boxsets&amp;mode=GET_CONTENT&amp;url=%7bserver%7d%2femby%2fUsers%2f%7buserid%7d%2fItems%3fParentId%3d$INFO[Window(home).Property(plugin.video.embycon-view_item.19.id)]&amp;%26IsVirtualUnaired%3dfalse%26IncludeItemTypes%3dBoxset%26CollapseBoxSetItems%3dTrue%26GroupItemsIntoCollections%3dTrue%26Recursive%3dtrue%26IsMissing%3dFalse%26Fields%3d%7bfield_filters%7d%26ImageTypeLimit%3d1%26SortBy%3dName%26SortOrder%3dAscending%26format%3djson,return)</action>
	</override>
	<override action="embycon20">
		<condition>!String.IsEqual(Window(home).Property(plugin.video.embycon-view_item.20.type),boxsets)</condition>
		<action>SetProperty(TagHubNr,20,home)</action>
		<action>ActivateWindow(1131)</action>
	</override>
	<override action="embycon20">
		<condition>String.IsEqual(Window(home).Property(plugin.video.embycon-view_item.20.type),boxsets)</condition>
		<action>ActivateWindow(videos,plugin://plugin.video.embycon/?media_type=boxsets&amp;mode=GET_CONTENT&amp;url=%7bserver%7d%2femby%2fUsers%2f%7buserid%7d%2fItems%3fParentId%3d$INFO[Window(home).Property(plugin.video.embycon-view_item.20.id)]&amp;%26IsVirtualUnaired%3dfalse%26IncludeItemTypes%3dBoxset%26CollapseBoxSetItems%3dTrue%26GroupItemsIntoCollections%3dTrue%26Recursive%3dtrue%26IsMissing%3dFalse%26Fields%3d%7bfield_filters%7d%26ImageTypeLimit%3d1%26SortBy%3dName%26SortOrder%3dAscending%26format%3djson,return)</action>
	</override>
	<override action="embycon21">
		<condition>!String.IsEqual(Window(home).Property(plugin.video.embycon-view_item.21.type),boxsets)</condition>
		<action>SetProperty(TagHubNr,21,home)</action>
		<action>ActivateWindow(1131)</action>
	</override>
	<override action="embycon21">
		<condition>String.IsEqual(Window(home).Property(plugin.video.embycon-view_item.21.type),boxsets)</condition>
		<action>ActivateWindow(videos,plugin://plugin.video.embycon/?media_type=boxsets&amp;mode=GET_CONTENT&amp;url=%7bserver%7d%2femby%2fUsers%2f%7buserid%7d%2fItems%3fParentId%3d$INFO[Window(home).Property(plugin.video.embycon-view_item.21.id)]&amp;%26IsVirtualUnaired%3dfalse%26IncludeItemTypes%3dBoxset%26CollapseBoxSetItems%3dTrue%26GroupItemsIntoCollections%3dTrue%26Recursive%3dtrue%26IsMissing%3dFalse%26Fields%3d%7bfield_filters%7d%26ImageTypeLimit%3d1%26SortBy%3dName%26SortOrder%3dAscending%26format%3djson,return)</action>
	</override>
	<override action="embycon22">
		<condition>!String.IsEqual(Window(home).Property(plugin.video.embycon-view_item.22.type),boxsets)</condition>
		<action>SetProperty(TagHubNr,22,home)</action>
		<action>ActivateWindow(1131)</action>
	</override>
	<override action="embycon22">
		<condition>String.IsEqual(Window(home).Property(plugin.video.embycon-view_item.22.type),boxsets)</condition>
		<action>ActivateWindow(videos,plugin://plugin.video.embycon/?media_type=boxsets&amp;mode=GET_CONTENT&amp;url=%7bserver%7d%2femby%2fUsers%2f%7buserid%7d%2fItems%3fParentId%3d$INFO[Window(home).Property(plugin.video.embycon-view_item.22.id)]&amp;%26IsVirtualUnaired%3dfalse%26IncludeItemTypes%3dBoxset%26CollapseBoxSetItems%3dTrue%26GroupItemsIntoCollections%3dTrue%26Recursive%3dtrue%26IsMissing%3dFalse%26Fields%3d%7bfield_filters%7d%26ImageTypeLimit%3d1%26SortBy%3dName%26SortOrder%3dAscending%26format%3djson,return)</action>
	</override>
	<override action="embycon23">
		<condition>!String.IsEqual(Window(home).Property(plugin.video.embycon-view_item.23.type),boxsets)</condition>
		<action>SetProperty(TagHubNr,23,home)</action>
		<action>ActivateWindow(1131)</action>
	</override>
	<override action="embycon23">
		<condition>String.IsEqual(Window(home).Property(plugin.video.embycon-view_item.23.type),boxsets)</condition>
		<action>ActivateWindow(videos,plugin://plugin.video.embycon/?media_type=boxsets&amp;mode=GET_CONTENT&amp;url=%7bserver%7d%2femby%2fUsers%2f%7buserid%7d%2fItems%3fParentId%3d$INFO[Window(home).Property(plugin.video.embycon-view_item.23.id)]&amp;%26IsVirtualUnaired%3dfalse%26IncludeItemTypes%3dBoxset%26CollapseBoxSetItems%3dTrue%26GroupItemsIntoCollections%3dTrue%26Recursive%3dtrue%26IsMissing%3dFalse%26Fields%3d%7bfield_filters%7d%26ImageTypeLimit%3d1%26SortBy%3dName%26SortOrder%3dAscending%26format%3djson,return)</action>
	</override>
	<override action="embycon24">
		<condition>!String.IsEqual(Window(home).Property(plugin.video.embycon-view_item.24.type),boxsets)</condition>
		<action>SetProperty(TagHubNr,24,home)</action>
		<action>ActivateWindow(1131)</action>
	</override>
	<override action="embycon24">
		<condition>String.IsEqual(Window(home).Property(plugin.video.embycon-view_item.24.type),boxsets)</condition>
		<action>ActivateWindow(videos,plugin://plugin.video.embycon/?media_type=boxsets&amp;mode=GET_CONTENT&amp;url=%7bserver%7d%2femby%2fUsers%2f%7buserid%7d%2fItems%3fParentId%3d$INFO[Window(home).Property(plugin.video.embycon-view_item.24.id)]&amp;%26IsVirtualUnaired%3dfalse%26IncludeItemTypes%3dBoxset%26CollapseBoxSetItems%3dTrue%26GroupItemsIntoCollections%3dTrue%26Recursive%3dtrue%26IsMissing%3dFalse%26Fields%3d%7bfield_filters%7d%26ImageTypeLimit%3d1%26SortBy%3dName%26SortOrder%3dAscending%26format%3djson,return)</action>
	</override>
	<override action="embycon25">
		<condition>!String.IsEqual(Window(home).Property(plugin.video.embycon-view_item.25.type),boxsets)</condition>
		<action>SetProperty(TagHubNr,25,home)</action>
		<action>ActivateWindow(1131)</action>
	</override>
	<override action="embycon25">
		<condition>String.IsEqual(Window(home).Property(plugin.video.embycon-view_item.25.type),boxsets)</condition>
		<action>ActivateWindow(videos,plugin://plugin.video.embycon/?media_type=boxsets&amp;mode=GET_CONTENT&amp;url=%7bserver%7d%2femby%2fUsers%2f%7buserid%7d%2fItems%3fParentId%3d$INFO[Window(home).Property(plugin.video.embycon-view_item.25.id)]&amp;%26IsVirtualUnaired%3dfalse%26IncludeItemTypes%3dBoxset%26CollapseBoxSetItems%3dTrue%26GroupItemsIntoCollections%3dTrue%26Recursive%3dtrue%26IsMissing%3dFalse%26Fields%3d%7bfield_filters%7d%26ImageTypeLimit%3d1%26SortBy%3dName%26SortOrder%3dAscending%26format%3djson,return)</action>
	</override>
	<override action="embycon26">
		<condition>!String.IsEqual(Window(home).Property(plugin.video.embycon-view_item.26.type),boxsets)</condition>
		<action>SetProperty(TagHubNr,26,home)</action>
		<action>ActivateWindow(1131)</action>
	</override>
	<override action="embycon26">
		<condition>String.IsEqual(Window(home).Property(plugin.video.embycon-view_item.26.type),boxsets)</condition>
		<action>ActivateWindow(videos,plugin://plugin.video.embycon/?media_type=boxsets&amp;mode=GET_CONTENT&amp;url=%7bserver%7d%2femby%2fUsers%2f%7buserid%7d%2fItems%3fParentId%3d$INFO[Window(home).Property(plugin.video.embycon-view_item.26.id)]&amp;%26IsVirtualUnaired%3dfalse%26IncludeItemTypes%3dBoxset%26CollapseBoxSetItems%3dTrue%26GroupItemsIntoCollections%3dTrue%26Recursive%3dtrue%26IsMissing%3dFalse%26Fields%3d%7bfield_filters%7d%26ImageTypeLimit%3d1%26SortBy%3dName%26SortOrder%3dAscending%26format%3djson,return)</action>
	</override>
	<override action="embycon27">
		<condition>!String.IsEqual(Window(home).Property(plugin.video.embycon-view_item.27.type),boxsets)</condition>
		<action>SetProperty(TagHubNr,27,home)</action>
		<action>ActivateWindow(1131)</action>
	</override>
	<override action="embycon27">
		<condition>String.IsEqual(Window(home).Property(plugin.video.embycon-view_item.27.type),boxsets)</condition>
		<action>ActivateWindow(videos,plugin://plugin.video.embycon/?media_type=boxsets&amp;mode=GET_CONTENT&amp;url=%7bserver%7d%2femby%2fUsers%2f%7buserid%7d%2fItems%3fParentId%3d$INFO[Window(home).Property(plugin.video.embycon-view_item.27.id)]&amp;%26IsVirtualUnaired%3dfalse%26IncludeItemTypes%3dBoxset%26CollapseBoxSetItems%3dTrue%26GroupItemsIntoCollections%3dTrue%26Recursive%3dtrue%26IsMissing%3dFalse%26Fields%3d%7bfield_filters%7d%26ImageTypeLimit%3d1%26SortBy%3dName%26SortOrder%3dAscending%26format%3djson,return)</action>
	</override>
	<override action="embycon28">
		<condition>!String.IsEqual(Window(home).Property(plugin.video.embycon-view_item.28.type),boxsets)</condition>
		<action>SetProperty(TagHubNr,28,home)</action>
		<action>ActivateWindow(1131)</action>
	</override>
	<override action="embycon28">
		<condition>String.IsEqual(Window(home).Property(plugin.video.embycon-view_item.28.type),boxsets)</condition>
		<action>ActivateWindow(videos,plugin://plugin.video.embycon/?media_type=boxsets&amp;mode=GET_CONTENT&amp;url=%7bserver%7d%2femby%2fUsers%2f%7buserid%7d%2fItems%3fParentId%3d$INFO[Window(home).Property(plugin.video.embycon-view_item.28.id)]&amp;%26IsVirtualUnaired%3dfalse%26IncludeItemTypes%3dBoxset%26CollapseBoxSetItems%3dTrue%26GroupItemsIntoCollections%3dTrue%26Recursive%3dtrue%26IsMissing%3dFalse%26Fields%3d%7bfield_filters%7d%26ImageTypeLimit%3d1%26SortBy%3dName%26SortOrder%3dAscending%26format%3djson,return)</action>
	</override>
	<override action="embycon29">
		<condition>!String.IsEqual(Window(home).Property(plugin.video.embycon-view_item.29.type),boxsets)</condition>
		<action>SetProperty(TagHubNr,29,home)</action>
		<action>ActivateWindow(1131)</action>
	</override>
	<override action="embycon29">
		<condition>String.IsEqual(Window(home).Property(plugin.video.embycon-view_item.29.type),boxsets)</condition>
		<action>ActivateWindow(videos,plugin://plugin.video.embycon/?media_type=boxsets&amp;mode=GET_CONTENT&amp;url=%7bserver%7d%2femby%2fUsers%2f%7buserid%7d%2fItems%3fParentId%3d$INFO[Window(home).Property(plugin.video.embycon-view_item.29.id)]&amp;%26IsVirtualUnaired%3dfalse%26IncludeItemTypes%3dBoxset%26CollapseBoxSetItems%3dTrue%26GroupItemsIntoCollections%3dTrue%26Recursive%3dtrue%26IsMissing%3dFalse%26Fields%3d%7bfield_filters%7d%26ImageTypeLimit%3d1%26SortBy%3dName%26SortOrder%3dAscending%26format%3djson,return)</action>
	</override>

	<!-- sidepanel -->
	<propertydefault defaultID="embuary_videos" group="sidepanel" property="isDefault">true</propertydefault>
	<propertydefault defaultID="embuary_all_movies" group="sidepanel" property="isDefault">true</propertydefault>
	<propertydefault defaultID="embuary_collections" group="sidepanel" property="isDefault">true</propertydefault>
	<propertydefault defaultID="embuary_all_shows" group="sidepanel" property="isDefault">true</propertydefault>
	<propertydefault defaultID="embuary_all_music" group="sidepanel" property="isDefault">true</propertydefault>
	<propertydefault defaultID="embuary_musicvideos" group="sidepanel" property="isDefault">true</propertydefault>
	<propertydefault defaultID="embuary_pvr" group="sidepanel" property="isDefault">true</propertydefault>
	<propertydefault defaultID="embuary_recordings" group="sidepanel" property="isDefault">true</propertydefault>
	<propertydefault defaultID="embuary_addons" group="sidepanel" property="isDefault">true</propertydefault>
	<propertydefault defaultID="embuary_customhub" group="sidepanel" property="isDefault">true</propertydefault>
	<propertydefault defaultID="embuary_games" group="sidepanel" property="isDefault">true</propertydefault>
	<propertydefault defaultID="embuary_weather" group="sidepanel" property="isDefault">true</propertydefault>
	<propertydefault defaultID="embuary_library_update" group="sidepanel" property="isDefault">true</propertydefault>

	<!-- moviehub -->
	<propertydefault defaultID="embuary_moviehub_movies" group="moviehub" property="isDefault">true</propertydefault>
	<propertydefault defaultID="embuary_moviehub_embycon_movies" group="moviehub" property="isDefault">true</propertydefault>
	<propertydefault defaultID="embuary_moviehub_collections" group="moviehub" property="isDefault">true</propertydefault>
	<propertydefault defaultID="embuary_moviehub_unwatched" group="moviehub" property="isDefault">true</propertydefault>
	<propertydefault defaultID="embuary_moviehub_genres" group="moviehub" property="isDefault">true</propertydefault>
	<propertydefault defaultID="embuary_moviehub_library" group="moviehub" property="isDefault">true</propertydefault>
	<propertydefault defaultID="embuary_moviehub_search" group="moviehub" property="isDefault">true</propertydefault>

	<!-- tvshowhub -->
	<propertydefault defaultID="embuary_tvshowhub_tvshows" group="tvshowhub" property="isDefault">true</propertydefault>
	<propertydefault defaultID="embuary_tvshowhub_embycon_tvshows" group="tvshowhub" property="isDefault">true</propertydefault>
	<propertydefault defaultID="embuary_tvshowhub_genres" group="tvshowhub" property="isDefault">true</propertydefault>
	<propertydefault defaultID="embuary_tvshowhub_unwatched" group="tvshowhub" property="isDefault">true</propertydefault>
	<propertydefault defaultID="embuary_tvshowhub_library" group="tvshowhub" property="isDefault">true</propertydefault>
	<propertydefault defaultID="embuary_tvshowhub_nextaired" group="tvshowhub" property="isDefault">true</propertydefault>
	<propertydefault defaultID="embuary_tvshowhub_search" group="tvshowhub" property="isDefault">true</propertydefault>

	<!-- musichub -->
	<propertydefault defaultID="embuary_musichub_artists" group="musichub" property="isDefault">true</propertydefault>
	<propertydefault defaultID="embuary_musichub_albums" group="musichub" property="isDefault">true</propertydefault>
	<propertydefault defaultID="embuary_musichub_songs" group="musichub" property="isDefault">true</propertydefault>
	<propertydefault defaultID="embuary_musichub_playlists" group="musichub" property="isDefault">true</propertydefault>
	<propertydefault defaultID="embuary_musichub_library" group="musichub" property="isDefault">true</propertydefault>
	<propertydefault defaultID="embuary_musichub_musicvideos" group="musichub" property="isDefault">true</propertydefault>
	<propertydefault defaultID="embuary_musichub_partymode" group="musichub" property="isDefault">true</propertydefault>
	<propertydefault defaultID="embuary_musichub_embycon_artists" group="musichub" property="isDefault">true</propertydefault>
	<propertydefault defaultID="embuary_musichub_embycon_albums" group="musichub" property="isDefault">true</propertydefault>
	<propertydefault defaultID="embuary_musichub_search" group="musichub" property="isDefault">true</propertydefault>

	<!-- home -->
	<propertydefault defaultID="embuary_all_movies" group="mainmenu" property="hasVARLabel.type">allmovies</propertydefault>
	<propertydefault defaultID="embuary_all_shows" group="mainmenu" property="hasVARLabel.type">allshows</propertydefault>
	<propertydefault defaultID="embuary_customhub" group="mainmenu" property="hasVARLabel.type">customhub</propertydefault>
	<propertydefault defaultID="embuary_all_movies" group="mainmenu" property="hasVARLabel">$VAR[MovieHubHeadline]</propertydefault>
	<propertydefault defaultID="embuary_all_shows" group="mainmenu" property="hasVARLabel">$VAR[TVShowHubHeadline]</propertydefault>
	<propertydefault defaultID="embuary_customhub" group="mainmenu" property="hasVARLabel">$VAR[CustomHubHeadline]</propertydefault>

	<propertydefault defaultID="embuary_videos" group="mainmenu" property="isDefault">true</propertydefault>
	<propertydefault defaultID="embuary_all_movies" group="mainmenu" property="isDefault">true</propertydefault>
	<propertydefault defaultID="embuary_collections" group="mainmenu" property="isDefault">true</propertydefault>
	<propertydefault defaultID="embuary_all_shows" group="mainmenu" property="isDefault">true</propertydefault>
	<propertydefault defaultID="embuary_all_music" group="mainmenu" property="isDefault">true</propertydefault>
	<propertydefault defaultID="embuary_musicvideos" group="mainmenu" property="isDefault">true</propertydefault>
	<propertydefault defaultID="embuary_tag0" group="mainmenu" property="isDefault">true</propertydefault>
	<propertydefault defaultID="embuary_tag1" group="mainmenu" property="isDefault">true</propertydefault>
	<propertydefault defaultID="embuary_tag2" group="mainmenu" property="isDefault">true</propertydefault>
	<propertydefault defaultID="embuary_tag3" group="mainmenu" property="isDefault">true</propertydefault>
	<propertydefault defaultID="embuary_tag4" group="mainmenu" property="isDefault">true</propertydefault>
	<propertydefault defaultID="embuary_tag5" group="mainmenu" property="isDefault">true</propertydefault>
	<propertydefault defaultID="embuary_tag6" group="mainmenu" property="isDefault">true</propertydefault>
	<propertydefault defaultID="embuary_tag7" group="mainmenu" property="isDefault">true</propertydefault>
	<propertydefault defaultID="embuary_tag8" group="mainmenu" property="isDefault">true</propertydefault>
	<propertydefault defaultID="embuary_tag9" group="mainmenu" property="isDefault">true</propertydefault>
	<propertydefault defaultID="embuary_tag10" group="mainmenu" property="isDefault">true</propertydefault>
	<propertydefault defaultID="embuary_tag11" group="mainmenu" property="isDefault">true</propertydefault>
	<propertydefault defaultID="embuary_tag12" group="mainmenu" property="isDefault">true</propertydefault>
	<propertydefault defaultID="embuary_tag13" group="mainmenu" property="isDefault">true</propertydefault>
	<propertydefault defaultID="embuary_tag14" group="mainmenu" property="isDefault">true</propertydefault>
	<propertydefault defaultID="embuary_tag15" group="mainmenu" property="isDefault">true</propertydefault>
	<propertydefault defaultID="embuary_tag16" group="mainmenu" property="isDefault">true</propertydefault>
	<propertydefault defaultID="embuary_tag17" group="mainmenu" property="isDefault">true</propertydefault>
	<propertydefault defaultID="embuary_tag18" group="mainmenu" property="isDefault">true</propertydefault>
	<propertydefault defaultID="embuary_tag19" group="mainmenu" property="isDefault">true</propertydefault>
	<propertydefault defaultID="embuary_tag20" group="mainmenu" property="isDefault">true</propertydefault>
	<propertydefault defaultID="embuary_tag21" group="mainmenu" property="isDefault">true</propertydefault>
	<propertydefault defaultID="embuary_tag22" group="mainmenu" property="isDefault">true</propertydefault>
	<propertydefault defaultID="embuary_tag23" group="mainmenu" property="isDefault">true</propertydefault>
	<propertydefault defaultID="embuary_tag24" group="mainmenu" property="isDefault">true</propertydefault>
	<propertydefault defaultID="embuary_tag25" group="mainmenu" property="isDefault">true</propertydefault>
	<propertydefault defaultID="embuary_tag26" group="mainmenu" property="isDefault">true</propertydefault>
	<propertydefault defaultID="embuary_tag27" group="mainmenu" property="isDefault">true</propertydefault>
	<propertydefault defaultID="embuary_tag28" group="mainmenu" property="isDefault">true</propertydefault>
	<propertydefault defaultID="embuary_tag29" group="mainmenu" property="isDefault">true</propertydefault>
	<propertydefault defaultID="embuary_embycon0" group="mainmenu" property="isDefault">true</propertydefault>
	<propertydefault defaultID="embuary_embycon0" group="mainmenu" property="isDefault">true</propertydefault>
	<propertydefault defaultID="embuary_embycon1" group="mainmenu" property="isDefault">true</propertydefault>
	<propertydefault defaultID="embuary_embycon2" group="mainmenu" property="isDefault">true</propertydefault>
	<propertydefault defaultID="embuary_embycon3" group="mainmenu" property="isDefault">true</propertydefault>
	<propertydefault defaultID="embuary_embycon4" group="mainmenu" property="isDefault">true</propertydefault>
	<propertydefault defaultID="embuary_embycon5" group="mainmenu" property="isDefault">true</propertydefault>
	<propertydefault defaultID="embuary_embycon6" group="mainmenu" property="isDefault">true</propertydefault>
	<propertydefault defaultID="embuary_embycon7" group="mainmenu" property="isDefault">true</propertydefault>
	<propertydefault defaultID="embuary_embycon8" group="mainmenu" property="isDefault">true</propertydefault>
	<propertydefault defaultID="embuary_embycon9" group="mainmenu" property="isDefault">true</propertydefault>
	<propertydefault defaultID="embuary_embycon10" group="mainmenu" property="isDefault">true</propertydefault>
	<propertydefault defaultID="embuary_embycon11" group="mainmenu" property="isDefault">true</propertydefault>
	<propertydefault defaultID="embuary_embycon12" group="mainmenu" property="isDefault">true</propertydefault>
	<propertydefault defaultID="embuary_embycon13" group="mainmenu" property="isDefault">true</propertydefault>
	<propertydefault defaultID="embuary_embycon14" group="mainmenu" property="isDefault">true</propertydefault>
	<propertydefault defaultID="embuary_embycon15" group="mainmenu" property="isDefault">true</propertydefault>
	<propertydefault defaultID="embuary_embycon16" group="mainmenu" property="isDefault">true</propertydefault>
	<propertydefault defaultID="embuary_embycon17" group="mainmenu" property="isDefault">true</propertydefault>
	<propertydefault defaultID="embuary_embycon18" group="mainmenu" property="isDefault">true</propertydefault>
	<propertydefault defaultID="embuary_embycon19" group="mainmenu" property="isDefault">true</propertydefault>
	<propertydefault defaultID="embuary_embycon20" group="mainmenu" property="isDefault">true</propertydefault>
	<propertydefault defaultID="embuary_embycon21" group="mainmenu" property="isDefault">true</propertydefault>
	<propertydefault defaultID="embuary_embycon22" group="mainmenu" property="isDefault">true</propertydefault>
	<propertydefault defaultID="embuary_embycon23" group="mainmenu" property="isDefault">true</propertydefault>
	<propertydefault defaultID="embuary_embycon24" group="mainmenu" property="isDefault">true</propertydefault>
	<propertydefault defaultID="embuary_embycon25" group="mainmenu" property="isDefault">true</propertydefault>
	<propertydefault defaultID="embuary_embycon26" group="mainmenu" property="isDefault">true</propertydefault>
	<propertydefault defaultID="embuary_embycon27" group="mainmenu" property="isDefault">true</propertydefault>
	<propertydefault defaultID="embuary_embycon28" group="mainmenu" property="isDefault">true</propertydefault>
	<propertydefault defaultID="embuary_embycon29" group="mainmenu" property="isDefault">true</propertydefault>
	<propertydefault defaultID="embuary_pvr" group="mainmenu" property="isDefault">true</propertydefault>
	<propertydefault defaultID="embuary_recordings" group="mainmenu" property="isDefault">true</propertydefault>
	<propertydefault defaultID="embuary_addons" group="mainmenu" property="isDefault">true</propertydefault>
	<propertydefault defaultID="embuary_android" group="mainmenu" property="isDefault">true</propertydefault>
	<propertydefault defaultID="embuary_customhub" group="mainmenu" property="isDefault">true</propertydefault>
	<propertydefault defaultID="embuary_games" group="mainmenu" property="isDefault">true</propertydefault>

	<propertydefault defaultID="embuary_tag0" group="mainmenu" property="tagNr">0</propertydefault>
	<propertydefault defaultID="embuary_tag1" group="mainmenu" property="tagNr">1</propertydefault>
	<propertydefault defaultID="embuary_tag2" group="mainmenu" property="tagNr">2</propertydefault>
	<propertydefault defaultID="embuary_tag3" group="mainmenu" property="tagNr">3</propertydefault>
	<propertydefault defaultID="embuary_tag4" group="mainmenu" property="tagNr">4</propertydefault>
	<propertydefault defaultID="embuary_tag5" group="mainmenu" property="tagNr">5</propertydefault>
	<propertydefault defaultID="embuary_tag6" group="mainmenu" property="tagNr">6</propertydefault>
	<propertydefault defaultID="embuary_tag7" group="mainmenu" property="tagNr">7</propertydefault>
	<propertydefault defaultID="embuary_tag8" group="mainmenu" property="tagNr">8</propertydefault>
	<propertydefault defaultID="embuary_tag9" group="mainmenu" property="tagNr">9</propertydefault>
	<propertydefault defaultID="embuary_tag10" group="mainmenu" property="tagNr">10</propertydefault>
	<propertydefault defaultID="embuary_tag11" group="mainmenu" property="tagNr">11</propertydefault>
	<propertydefault defaultID="embuary_tag12" group="mainmenu" property="tagNr">12</propertydefault>
	<propertydefault defaultID="embuary_tag13" group="mainmenu" property="tagNr">13</propertydefault>
	<propertydefault defaultID="embuary_tag14" group="mainmenu" property="tagNr">14</propertydefault>
	<propertydefault defaultID="embuary_tag15" group="mainmenu" property="tagNr">15</propertydefault>
	<propertydefault defaultID="embuary_tag16" group="mainmenu" property="tagNr">16</propertydefault>
	<propertydefault defaultID="embuary_tag17" group="mainmenu" property="tagNr">17</propertydefault>
	<propertydefault defaultID="embuary_tag18" group="mainmenu" property="tagNr">18</propertydefault>
	<propertydefault defaultID="embuary_tag19" group="mainmenu" property="tagNr">19</propertydefault>
	<propertydefault defaultID="embuary_tag20" group="mainmenu" property="tagNr">20</propertydefault>
	<propertydefault defaultID="embuary_tag21" group="mainmenu" property="tagNr">21</propertydefault>
	<propertydefault defaultID="embuary_tag22" group="mainmenu" property="tagNr">22</propertydefault>
	<propertydefault defaultID="embuary_tag23" group="mainmenu" property="tagNr">23</propertydefault>
	<propertydefault defaultID="embuary_tag24" group="mainmenu" property="tagNr">24</propertydefault>
	<propertydefault defaultID="embuary_tag25" group="mainmenu" property="tagNr">25</propertydefault>
	<propertydefault defaultID="embuary_tag26" group="mainmenu" property="tagNr">26</propertydefault>
	<propertydefault defaultID="embuary_tag27" group="mainmenu" property="tagNr">27</propertydefault>
	<propertydefault defaultID="embuary_tag28" group="mainmenu" property="tagNr">28</propertydefault>
	<propertydefault defaultID="embuary_tag29" group="mainmenu" property="tagNr">29</propertydefault>
	<propertydefault defaultID="embuary_tag0" group="mainmenu" property="tagName">$INFO[Window(home).Property(library.tags.0.title)]</propertydefault>
	<propertydefault defaultID="embuary_tag1" group="mainmenu" property="tagName">$INFO[Window(home).Property(library.tags.1.title)]</propertydefault>
	<propertydefault defaultID="embuary_tag2" group="mainmenu" property="tagName">$INFO[Window(home).Property(library.tags.2.title)]</propertydefault>
	<propertydefault defaultID="embuary_tag3" group="mainmenu" property="tagName">$INFO[Window(home).Property(library.tags.3.title)]</propertydefault>
	<propertydefault defaultID="embuary_tag4" group="mainmenu" property="tagName">$INFO[Window(home).Property(library.tags.4.title)]</propertydefault>
	<propertydefault defaultID="embuary_tag5" group="mainmenu" property="tagName">$INFO[Window(home).Property(library.tags.5.title)]</propertydefault>
	<propertydefault defaultID="embuary_tag6" group="mainmenu" property="tagName">$INFO[Window(home).Property(library.tags.6.title)]</propertydefault>
	<propertydefault defaultID="embuary_tag7" group="mainmenu" property="tagName">$INFO[Window(home).Property(library.tags.7.title)]</propertydefault>
	<propertydefault defaultID="embuary_tag8" group="mainmenu" property="tagName">$INFO[Window(home).Property(library.tags.8.title)]</propertydefault>
	<propertydefault defaultID="embuary_tag9" group="mainmenu" property="tagName">$INFO[Window(home).Property(library.tags.9.title)]</propertydefault>
	<propertydefault defaultID="embuary_tag10" group="mainmenu" property="tagName">$INFO[Window(home).Property(library.tags.10.title)]</propertydefault>
	<propertydefault defaultID="embuary_tag11" group="mainmenu" property="tagName">$INFO[Window(home).Property(library.tags.11.title)]</propertydefault>
	<propertydefault defaultID="embuary_tag12" group="mainmenu" property="tagName">$INFO[Window(home).Property(library.tags.12.title)]</propertydefault>
	<propertydefault defaultID="embuary_tag13" group="mainmenu" property="tagName">$INFO[Window(home).Property(library.tags.13.title)]</propertydefault>
	<propertydefault defaultID="embuary_tag14" group="mainmenu" property="tagName">$INFO[Window(home).Property(library.tags.14.title)]</propertydefault>
	<propertydefault defaultID="embuary_tag15" group="mainmenu" property="tagName">$INFO[Window(home).Property(library.tags.15.title)]</propertydefault>
	<propertydefault defaultID="embuary_tag16" group="mainmenu" property="tagName">$INFO[Window(home).Property(library.tags.16.title)]</propertydefault>
	<propertydefault defaultID="embuary_tag17" group="mainmenu" property="tagName">$INFO[Window(home).Property(library.tags.17.title)]</propertydefault>
	<propertydefault defaultID="embuary_tag18" group="mainmenu" property="tagName">$INFO[Window(home).Property(library.tags.18.title)]</propertydefault>
	<propertydefault defaultID="embuary_tag19" group="mainmenu" property="tagName">$INFO[Window(home).Property(library.tags.19.title)]</propertydefault>
	<propertydefault defaultID="embuary_tag20" group="mainmenu" property="tagName">$INFO[Window(home).Property(library.tags.20.title)]</propertydefault>
	<propertydefault defaultID="embuary_tag21" group="mainmenu" property="tagName">$INFO[Window(home).Property(library.tags.21.title)]</propertydefault>
	<propertydefault defaultID="embuary_tag22" group="mainmenu" property="tagName">$INFO[Window(home).Property(library.tags.22.title)]</propertydefault>
	<propertydefault defaultID="embuary_tag23" group="mainmenu" property="tagName">$INFO[Window(home).Property(library.tags.23.title)]</propertydefault>
	<propertydefault defaultID="embuary_tag24" group="mainmenu" property="tagName">$INFO[Window(home).Property(library.tags.24.title)]</propertydefault>
	<propertydefault defaultID="embuary_tag25" group="mainmenu" property="tagName">$INFO[Window(home).Property(library.tags.25.title)]</propertydefault>
	<propertydefault defaultID="embuary_tag26" group="mainmenu" property="tagName">$INFO[Window(home).Property(library.tags.26.title)]</propertydefault>
	<propertydefault defaultID="embuary_tag27" group="mainmenu" property="tagName">$INFO[Window(home).Property(library.tags.27.title)]</propertydefault>
	<propertydefault defaultID="embuary_tag28" group="mainmenu" property="tagName">$INFO[Window(home).Property(library.tags.28.title)]</propertydefault>
	<propertydefault defaultID="embuary_tag29" group="mainmenu" property="tagName">$INFO[Window(home).Property(library.tags.29.title)]</propertydefault>

	<propertydefault defaultID="embuary_videos" group="mainmenu" property="list">-</propertydefault>
	<propertydefault defaultID="embuary_all_movies" group="mainmenu" property="list">videodb://movies/titles/</propertydefault>
	<propertydefault defaultID="embuary_collections" group="mainmenu" property="list">videodb://movies/sets/</propertydefault>
	<propertydefault defaultID="embuary_all_shows" group="mainmenu" property="list">videodb://tvshows/titles/</propertydefault>
	<propertydefault defaultID="embuary_all_music" group="mainmenu" property="list">musicdb://albums/</propertydefault>
	<propertydefault defaultID="embuary_musicvideos" group="mainmenu" property="list">videodb://musicvideos/titles/</propertydefault>
	<propertydefault defaultID="embuary_pvr" group="mainmenu" property="list">pvr://channels/tv/*</propertydefault>
	<propertydefault defaultID="embuary_recordings" group="mainmenu" property="list">pvr://recordings/tv/active/</propertydefault>
	<propertydefault defaultID="embuary_addons" group="mainmenu" property="list">addons://user/all</propertydefault>
	<propertydefault defaultID="embuary_android" group="mainmenu" property="list">androidapp://sources/apps/</propertydefault>
	<propertydefault defaultID="embuary_embycon0" group="mainmenu" property="list">-</propertydefault>
	<propertydefault defaultID="embuary_embycon1" group="mainmenu" property="list">-</propertydefault>
	<propertydefault defaultID="embuary_embycon2" group="mainmenu" property="list">-</propertydefault>
	<propertydefault defaultID="embuary_embycon3" group="mainmenu" property="list">-</propertydefault>
	<propertydefault defaultID="embuary_embycon4" group="mainmenu" property="list">-</propertydefault>
	<propertydefault defaultID="embuary_embycon5" group="mainmenu" property="list">-</propertydefault>
	<propertydefault defaultID="embuary_embycon6" group="mainmenu" property="list">-</propertydefault>
	<propertydefault defaultID="embuary_embycon7" group="mainmenu" property="list">-</propertydefault>
	<propertydefault defaultID="embuary_embycon8" group="mainmenu" property="list">-</propertydefault>
	<propertydefault defaultID="embuary_embycon9" group="mainmenu" property="list">-</propertydefault>
	<propertydefault defaultID="embuary_embycon10" group="mainmenu" property="list">-</propertydefault>
	<propertydefault defaultID="embuary_embycon11" group="mainmenu" property="list">-</propertydefault>
	<propertydefault defaultID="embuary_embycon12" group="mainmenu" property="list">-</propertydefault>
	<propertydefault defaultID="embuary_embycon13" group="mainmenu" property="list">-</propertydefault>
	<propertydefault defaultID="embuary_embycon14" group="mainmenu" property="list">-</propertydefault>
	<propertydefault defaultID="embuary_embycon15" group="mainmenu" property="list">-</propertydefault>
	<propertydefault defaultID="embuary_embycon16" group="mainmenu" property="list">-</propertydefault>
	<propertydefault defaultID="embuary_embycon17" group="mainmenu" property="list">-</propertydefault>
	<propertydefault defaultID="embuary_embycon18" group="mainmenu" property="list">-</propertydefault>
	<propertydefault defaultID="embuary_embycon19" group="mainmenu" property="list">-</propertydefault>
	<propertydefault defaultID="embuary_embycon20" group="mainmenu" property="list">-</propertydefault>
	<propertydefault defaultID="embuary_embycon21" group="mainmenu" property="list">-</propertydefault>
	<propertydefault defaultID="embuary_embycon22" group="mainmenu" property="list">-</propertydefault>
	<propertydefault defaultID="embuary_embycon23" group="mainmenu" property="list">-</propertydefault>
	<propertydefault defaultID="embuary_embycon24" group="mainmenu" property="list">-</propertydefault>
	<propertydefault defaultID="embuary_embycon25" group="mainmenu" property="list">-</propertydefault>
	<propertydefault defaultID="embuary_embycon26" group="mainmenu" property="list">-</propertydefault>
	<propertydefault defaultID="embuary_embycon27" group="mainmenu" property="list">-</propertydefault>
	<propertydefault defaultID="embuary_embycon28" group="mainmenu" property="list">-</propertydefault>
	<propertydefault defaultID="embuary_embycon29" group="mainmenu" property="list">-</propertydefault>

	<propertydefault defaultID="embuary_embycon0" group="mainmenu" property="useFakeArt">false</propertydefault>
	<propertydefault defaultID="embuary_embycon1" group="mainmenu" property="useFakeArt">false</propertydefault>
	<propertydefault defaultID="embuary_embycon2" group="mainmenu" property="useFakeArt">false</propertydefault>
	<propertydefault defaultID="embuary_embycon3" group="mainmenu" property="useFakeArt">false</propertydefault>
	<propertydefault defaultID="embuary_embycon4" group="mainmenu" property="useFakeArt">false</propertydefault>
	<propertydefault defaultID="embuary_embycon5" group="mainmenu" property="useFakeArt">false</propertydefault>
	<propertydefault defaultID="embuary_embycon6" group="mainmenu" property="useFakeArt">false</propertydefault>
	<propertydefault defaultID="embuary_embycon7" group="mainmenu" property="useFakeArt">false</propertydefault>
	<propertydefault defaultID="embuary_embycon8" group="mainmenu" property="useFakeArt">false</propertydefault>
	<propertydefault defaultID="embuary_embycon9" group="mainmenu" property="useFakeArt">false</propertydefault>
	<propertydefault defaultID="embuary_embycon10" group="mainmenu" property="useFakeArt">false</propertydefault>
	<propertydefault defaultID="embuary_embycon11" group="mainmenu" property="useFakeArt">false</propertydefault>
	<propertydefault defaultID="embuary_embycon12" group="mainmenu" property="useFakeArt">false</propertydefault>
	<propertydefault defaultID="embuary_embycon13" group="mainmenu" property="useFakeArt">false</propertydefault>
	<propertydefault defaultID="embuary_embycon14" group="mainmenu" property="useFakeArt">false</propertydefault>
	<propertydefault defaultID="embuary_embycon15" group="mainmenu" property="useFakeArt">false</propertydefault>
	<propertydefault defaultID="embuary_embycon16" group="mainmenu" property="useFakeArt">false</propertydefault>
	<propertydefault defaultID="embuary_embycon17" group="mainmenu" property="useFakeArt">false</propertydefault>
	<propertydefault defaultID="embuary_embycon18" group="mainmenu" property="useFakeArt">false</propertydefault>
	<propertydefault defaultID="embuary_embycon19" group="mainmenu" property="useFakeArt">false</propertydefault>
	<propertydefault defaultID="embuary_embycon20" group="mainmenu" property="useFakeArt">false</propertydefault>
	<propertydefault defaultID="embuary_embycon21" group="mainmenu" property="useFakeArt">false</propertydefault>
	<propertydefault defaultID="embuary_embycon22" group="mainmenu" property="useFakeArt">false</propertydefault>
	<propertydefault defaultID="embuary_embycon23" group="mainmenu" property="useFakeArt">false</propertydefault>
	<propertydefault defaultID="embuary_embycon24" group="mainmenu" property="useFakeArt">false</propertydefault>
	<propertydefault defaultID="embuary_embycon25" group="mainmenu" property="useFakeArt">false</propertydefault>
	<propertydefault defaultID="embuary_embycon26" group="mainmenu" property="useFakeArt">false</propertydefault>
	<propertydefault defaultID="embuary_embycon27" group="mainmenu" property="useFakeArt">false</propertydefault>
	<propertydefault defaultID="embuary_embycon28" group="mainmenu" property="useFakeArt">false</propertydefault>
	<propertydefault defaultID="embuary_embycon29" group="mainmenu" property="useFakeArt">false</propertydefault>
	<propertydefault defaultID="embuary_pvr" group="mainmenu" property="useFakeArt">false</propertydefault>
	<propertydefault defaultID="embuary_recordings" group="mainmenu" property="useFakeArt">false</propertydefault>
	<propertydefault defaultID="embuary_games" group="mainmenu" property="useFakeArt">false</propertydefault>
	<propertydefault defaultID="embuary_customhub" group="mainmenu" property="useFakeArt">false</propertydefault>
	<propertydefault defaultID="embuary_android" group="mainmenu" property="useFakeArt">false</propertydefault>
	<propertydefault defaultID="embuary_addons" group="mainmenu" property="useFakeArt">false</propertydefault>


	<propertypattern group="mainmenu" property="art1">$INFO[Container(4343::ID::).ListItem(0).Icon]</propertypattern>
	<propertypattern group="mainmenu" property="art2">$INFO[Container(4343::ID::).ListItem(1).Icon]</propertypattern>
	<propertypattern group="mainmenu" property="art3">$INFO[Container(4343::ID::).ListItem(2).Icon]</propertypattern>
	<propertypattern group="mainmenu" property="art4">$INFO[Container(4343::ID::).ListItem(3).Icon]</propertypattern>

	<widget-groupings>
		<node label="559">
			<node label="32030">
				<content>playlist-video</content>
			</node>
			<node label="32031">
				<content>playlist-audio</content>
			</node>
		</node>
		<node label="32030">
			<content>video</content>
			<node label="32040">
				<content>playlist-video</content>
			</node>
			<node label="32010">
				<content>addon-video</content>
			</node>
			<node label="32075">
				<content>videosources</content>
				<content>upnp-video</content>
			</node>
		</node>
		<node label="32031">
			<content>music</content>
			<node label="32040">
				<content>playlist-audio</content>
			</node>
			<node label="32011">
				<content>addon-audio</content>
			</node>
			<node label="32075">
				<content>musicsources</content>
				<content>upnp-music</content>
			</node>
		</node>
		<node label="32020">
			<content>picturesources</content>
		</node>
		<node label="32007">
			<node label="32010">
				<shortcut label="Video add-ons" icon="DefaultAddonVideo.png" widget="addon" widgetType="video" widgetTarget="video">addons://sources/video</shortcut>
				<content>addon-video</content>
			</node>
			<node label="32011">
				<shortcut label="Music add-ons" icon="DefaultAddonMusic.png" widget="addon" widgetType="music" widgetTarget="music">addons://sources/audio</shortcut>
				<content>addon-audio</content>
			</node>
			<node label="32012">
				<shortcut label="Picure add-ons" icon="DefaultAddonPicture.png" widget="addon" widgetType="picture" widgetTarget="pictures">addons://sources/image</shortcut>
				<content>addon-image</content>
			</node>
			<shortcut label="Programs" icon="DefaultAddonProgram.png" widget="addon" widgetType="program" widgetTarget="programs">addons://sources/executable</shortcut>
		</node>
		<node label="32006">
			<content>favourite</content>
		</node>
		<shortcut label="1036" widget="favourites" widgetType="favourites" icon="defaultfavourites.png">favourites://</shortcut>
	</widget-groupings>

	<groupings>
		<shortcut label="Embuary Helper" icon="DefaultFolder.png">||BROWSE||script.embuary.helper</shortcut>
		<node label="559">
			<node label="32030">
				<content>playlist-video</content>
			</node>
			<node label="32031">
				<content>playlist-audio</content>
			</node>
		</node>
		<node label="32030">
			<node label="32040">
				<content>playlist-video</content>
			</node>
			<node label="14022">
				<content>video</content>
			</node>
			<node label="32010">
				<content>addon-video</content>
			</node>
			<node label="32075">
				<content>videosources</content>
				<content>upnp-video</content>
			</node>
		</node>
		<node label="32031">
			<node label="32040">
				<content>playlist-audio</content>
			</node>
			<node label="14022">
				<content>music</content>
			</node>
			<node label="32011">
				<content>addon-audio</content>
			</node>
			<node label="32075">
				<content>musicsources</content>
				<content>upnp-music</content>
			</node>
		</node>
		<node label="32020">
			<content>addon-image</content>
			<content>picturesources</content>
		</node>
		<node label="32007">
			<node label="32009">
				<content>addon-program</content>
			</node>
			<node label="32010">
				<content>addon-video</content>
			</node>
			<node label="32011">
				<content>addon-audio</content>
			</node>
			<node label="32012">
				<content>addon-image</content>
			</node>
			<shortcut label="10001" type="32021" icon="DefaultAddonProgram.png" widget="addon" widgetType="program" widgetTarget="programs">addons://sources/executable</shortcut>
			<shortcut label="20244" type="32021" icon="DefaultAddonProgram.png" widget="addon" widgetType="program" widgetTarget="programs" condition="System.Platform.Android">androidapp://sources/apps</shortcut>
			<shortcut label="1037" type="32014" icon="DefaultAddonVideo.png" widget="addon" widgetType="video" widgetTarget="video">addons://sources/video</shortcut>
			<shortcut label="1038" type="32019" icon="DefaultAddonMusic.png" widget="addon" widgetType="music" widgetTarget="music">addons://sources/audio</shortcut>
			<shortcut label="1039" type="32020" icon="DefaultAddonPicture.png" widget="addon" widgetType="picture" widgetTarget="pictures">addons://sources/image</shortcut>
		</node>
		<node label="32006">
			<content>favourite</content>
		</node>
		<node label="32054">
			<content>commands</content>
			<shortcut label="13391" type="32054" icon="DefaultShortcut.png">EjectTray()</shortcut>
		</node>
		<shortcut label="1036" icon="defaultfavourites.png">favourites://</shortcut>
	</groupings>

</overrides>