<?xml version="1.0" encoding="utf-8"?>
<includes>
	<include name="Icons-Movies">
		<control type="videowindow">
			<description>trailer preview</description>
			<left>526</left>
			<top>135</top>
			<width>867</width>
			<height>423</height>
			<animation effect="fade" start="0" end="100" time="1000">Visible</animation>
			<animation effect="fade" start="100" end="0" time="1000">Hidden</animation>
			<animation effect="fade" start="0" end="100" time="300">WindowOpen</animation>
			<animation effect="fade" start="100" end="0" time="300">WindowClose</animation>
			<visible>Control.IsVisible(57) + [Player.HasVideo + !!Skin.HasSetting(HideVideoBackgrounds)] + !Skin.HasSetting(Fullscreen_Trailer)</visible>
		</control>
		<control type="group">
			<animation effect="rotatex" center="1080,0" start="-70" end="0" time="500" reversible="true">WindowOpen</animation>
			<animation effect="rotatex" center="1080,0" start="0" end="-70" time="500" reversible="true">WindowClose</animation>
			<visible>Control.IsVisible(57)</visible>
			<control type="image">
				<left>0</left>
				<top>990</top>
				<width>1920</width>
				<height>120</height>
				<texture>floor.png</texture>
			</control>
			<control type="wraplist" id="57">
				<visible>Container.Content(Movies) | Container.Content(Sets) | Container.Content(Seasons)</visible>
				<left>0</left>
				<top>555</top>
				<width>1920</width>
				<height>675</height>
				<onleft>57</onleft>
				<onright>57</onright>
				<onup>7025</onup>
				<ondown>60</ondown>
				<viewtype label="536">icon</viewtype>
				<pagecontrol>60</pagecontrol>
				<scrolltime>250</scrolltime>
				<focusposition>2</focusposition>
				<orientation>horizontal</orientation>
				<hitrect x="777" y="525" w="366" h="501" />
				<preloaditems>2</preloaditems>
				<itemlayout width="384" height="465">
					<control type="image">
						<left>45</left>
						<top>453</top>
						<width>282</width>
						<height>400</height>
						<aspectratio>stretch</aspectratio>
						<texture fallback="DefaultVideo.png" background="true" flipy="true" diffuse="diffuse_mirror.png">$VAR[IconPoster]</texture>
					</control>
					<control type="image">
						<left>45</left>
						<top>424</top>
						<width>303</width>
						<height>465</height>
						<aspectratio>stretch</aspectratio>
						<texture flipy="true" diffuse="diffuse_mirror_case.png" fallback="case-sets.png">case$INFO[ListItem.VideoResolution].png</texture>
						<visible>!Container.Content(Seasons) + !ListItem.IsParentFolder + !Skin.HasSetting(HideMovieCase)</visible>
					</control>
					<control type="image">
						<left>45</left>
						<top>424</top>
						<width>303</width>
						<height>465</height>
						<texture flipy="true" diffuse="diffuse_mirror_case.png">case-tv.png</texture>
						<visible>Container.Content(Seasons) + !ListItem.IsParentFolder + !Skin.HasSetting(HideTVShowCase)</visible>
					</control>
					<control type="image">
						<left>45</left>
						<top>36</top>
						<width>282</width>
						<height>400</height>
						<aspectratio>stretch</aspectratio>
						<texture background="true">$INFO[ListItem.Icon]</texture>
						<visible>ListItem.IsParentFolder</visible>
					</control>
					<control type="image">
						<left>45</left>
						<top>0</top>
						<width>303</width>
						<height>465</height>
						<aspectratio>stretch</aspectratio>
						<texture fallback="case-sets-inside.png">case$INFO[ListItem.VideoResolution]-inside.png</texture>
						<visible>!Container.Content(Seasons) + !ListItem.IsParentFolder + !Skin.HasSetting(HideMovieCase)</visible>
					</control>
					<control type="image">
						<left>45</left>
						<top>0</top>
						<width>303</width>
						<height>465</height>
						<texture>case-tv-inside.png</texture>
						<visible>Container.Content(Seasons) + !ListItem.IsParentFolder + !Skin.HasSetting(HideTVShowCase)</visible>
					</control>
					<control type="image">
						<left>45</left>
						<top>36</top>
						<width>282</width>
						<height>400</height>
						<aspectratio>stretch</aspectratio>
						<texture fallback="DefaultVideo.png" background="true">$VAR[IconPoster]</texture>
						<visible>!ListItem.IsParentFolder</visible>
					</control>
					<control type="image">
						<left>45</left>
						<top>0</top>
						<width>303</width>
						<height>465</height>
						<aspectratio>stretch</aspectratio>
						<texture fallback="case-sets.png">case$INFO[ListItem.VideoResolution].png</texture>
						<visible>!Container.Content(Seasons) + !ListItem.IsParentFolder + !Skin.HasSetting(HideMovieCase)</visible>
					</control>
					<control type="image">
						<left>45</left>
						<top>0</top>
						<width>303</width>
						<height>465</height>
						<texture>case-tv.png</texture>
						<visible>Container.Content(Seasons) + !ListItem.IsParentFolder + !Skin.HasSetting(HideTVShowCase)</visible>
					</control>
					<control type="image">
						<left>278</left>
						<top>381</top>
						<width>52</width>
						<height>52</height>
						<aspectratio>keep</aspectratio>
						<texture>$VAR[PartlyWatched]</texture>
						<visible>[Container.Content(Movies) + !Skin.HasSetting(Enable_Movies_Watched_Flags)] | [Container.Content(Seasons) + !Skin.HasSetting(Enable_TVShows_Watched_Flags)]</visible>
					</control>
					<control type="image">
						<left>278</left>
						<top>381</top>
						<width>52</width>
						<height>52</height>
						<aspectratio>keep</aspectratio>
						<texture>$INFO[ListItem.Overlay]</texture>
						<visible>[Container.Content(Movies) + !Skin.HasSetting(Enable_Movies_Watched_Flags)] | [Container.Content(Seasons) + !Skin.HasSetting(Enable_TVShows_Watched_Flags)]</visible>
					</control>
					<control type="image">
						<left>278</left>
						<top>456</top>
						<width>52</width>
						<height>52</height>
						<aspectratio>keep</aspectratio>
						<texture flipy="true">$VAR[PartlyWatched]</texture>
						<animation effect="fade" start="20" end="20" time="0" condition="true">Conditional</animation>
						<visible>[Container.Content(Movies) + !Skin.HasSetting(Enable_Movies_Watched_Flags)] | [Container.Content(Seasons) + !Skin.HasSetting(Enable_TVShows_Watched_Flags)]</visible>
					</control>
					<control type="image">
						<left>278</left>
						<top>456</top>
						<width>52</width>
						<height>52</height>
						<aspectratio>keep</aspectratio>
						<texture flipy="true">$INFO[ListItem.Overlay]</texture>
						<animation effect="fade" start="20" end="20" time="0" condition="true">Conditional</animation>
						<visible>[Container.Content(Movies) + !Skin.HasSetting(Enable_Movies_Watched_Flags)] | [Container.Content(Seasons) + !Skin.HasSetting(Enable_TVShows_Watched_Flags)]</visible>
					</control>
				</itemlayout>
				<focusedlayout width="384" height="465">
					<control type="image">
						<left>45</left>
						<top>453</top>
						<width>282</width>
						<height>400</height>
						<aspectratio>stretch</aspectratio>
						<texture fallback="DefaultVideo.png" background="true" flipy="true" diffuse="diffuse_mirror.png">$VAR[IconPoster]</texture>
						<include condition="!Skin.HasSetting(Hide-Video-Icons-CaseAnimation) + !Skin.HasSetting(HideMovieCase)">Video-Icons-CaseAnimation1</include>
						<include condition="Skin.HasSetting(Hide-Video-Icons-CaseAnimation) | Skin.HasSetting(HideMovieCase)">Video-Icons-CaseNoAnimation1</include>
					</control>
					<control type="image">
						<left>45</left>
						<top>424</top>
						<width>303</width>
						<height>465</height>
						<aspectratio>stretch</aspectratio>
						<texture flipy="true" diffuse="diffuse_mirror_case.png" fallback="case-sets.png">case$INFO[ListItem.VideoResolution].png</texture>
						<include condition="!Skin.HasSetting(Hide-Video-Icons-CaseAnimation) + !Skin.HasSetting(HideMovieCase)">Video-Icons-CaseAnimation2</include>
						<include condition="Skin.HasSetting(Hide-Video-Icons-CaseAnimation) | Skin.HasSetting(HideMovieCase)">Video-Icons-CaseNoAnimation2</include>
						<visible>!Container.Content(Seasons) + !ListItem.IsParentFolder + !Skin.HasSetting(HideMovieCase)</visible>
					</control>
					<control type="image">
						<left>45</left>
						<top>424</top>
						<width>303</width>
						<height>465</height>
						<texture flipy="true" diffuse="diffuse_mirror_case.png">case-tv.png</texture>
						<include condition="!Skin.HasSetting(Hide-Video-Icons-CaseAnimation) + !Skin.HasSetting(HideMovieCase)">Video-Icons-CaseAnimation2</include>
						<include condition="Skin.HasSetting(Hide-Video-Icons-CaseAnimation) | Skin.HasSetting(HideMovieCase)">Video-Icons-CaseNoAnimation2</include>
						<visible>Container.Content(Seasons) + !ListItem.IsParentFolder + !Skin.HasSetting(HideTVShowCase)</visible>
					</control>
					<control type="image">
						<left>45</left>
						<top>36</top>
						<width>282</width>
						<height>400</height>
						<aspectratio>stretch</aspectratio>
						<texture background="true">$INFO[ListItem.Icon]</texture>
						<animation effect="zoom" start="45,36,282,400" end="14,-4,342,486" time="250">Focus</animation>
						<animation effect="zoom" start="14,-4,342,486" end="45,36,282,400" time="250">UnFocus</animation>
						<visible>ListItem.IsParentFolder</visible>
					</control>
					<control type="image">
						<left>45</left>
						<top>0</top>
						<width>303</width>
						<height>465</height>
						<aspectratio>stretch</aspectratio>
						<texture fallback="case-sets-inside.png">case$INFO[ListItem.VideoResolution]-inside.png</texture>
						<animation effect="zoom" start="45,0,303,465" end="14,-48,366,561" time="250">Focus</animation>
						<animation effect="zoom" start="14,-48,366,561" end="45,0,303,465" time="250">UnFocus</animation>
						<visible>!Container.Content(Seasons) + !ListItem.IsParentFolder + !Skin.HasSetting(HideMovieCase)</visible>
					</control>
					<control type="image">
						<left>45</left>
						<top>0</top>
						<width>303</width>
						<height>465</height>
						<texture>case-tv-inside.png</texture>
						<animation effect="zoom" start="45,0,303,465" end="15,-45,366,561" time="250">Focus</animation>
						<animation effect="zoom" start="15,-45,366,561" end="45,0,303,465" time="250">UnFocus</animation>
						<visible>Container.Content(Seasons) + !ListItem.IsParentFolder + !Skin.HasSetting(HideTVShowCase)</visible>
					</control>
					<control type="image">
						<left>58</left>
						<top>94</top>
						<width>260</width>
						<height>260</height>
						<aspectratio>stretch</aspectratio>
						<include condition="![String.Contains(ListItem.Path,plugin://) | String.Contains(ListItem.Path,special://) | String.Contains(Container.FolderPath,plugin://) | String.Contains(Container.FolderPath,addons://)]">moviedisc-dvd-View_Icons</include>
						<include condition="String.Contains(ListItem.Path,plugin://) | String.Contains(ListItem.Path,special://) | String.Contains(Container.FolderPath,plugin://) | String.Contains(Container.FolderPath,addons://)">movienodisc-View_Icons</include>
						<animation effect="zoom" start="58,94,259,259" end="32,68,313,313" time="250">Focus</animation>
						<animation effect="zoom" start="32,68,313,313" end="58,94,259,259" time="250">UnFocus</animation>
						<visible>![String.IsEqual(ListItem.VideoResolution,720) | String.IsEqual(ListItem.VideoResolution,1080)] + !Container.Content(Seasons) + !ListItem.IsParentFolder + !ListItem.IsFolder</visible>
					</control>
					<control type="image">
						<left>58</left>
						<top>94</top>
						<width>260</width>
						<height>260</height>
						<aspectratio>stretch</aspectratio>
						<include condition="![String.Contains(ListItem.Path,plugin://) | String.Contains(ListItem.Path,special://) | String.Contains(Container.FolderPath,plugin://) | String.Contains(Container.FolderPath,addons://)]">moviedisc-bluray-View_Icons</include>
						<include condition="String.Contains(ListItem.Path,plugin://) | String.Contains(ListItem.Path,special://) | String.Contains(Container.FolderPath,plugin://) | String.Contains(Container.FolderPath,addons://)">movienodisc-View_Icons</include>
						<animation effect="zoom" start="58,94,259,259" end="32,68,313,313" time="250">Focus</animation>
						<animation effect="zoom" start="32,68,313,313" end="58,94,259,259" time="250">UnFocus</animation>
						<visible>[String.IsEqual(ListItem.VideoResolution,720) | String.IsEqual(ListItem.VideoResolution,1080)] + !ListItem.IsParentFolder</visible>
					</control>
					<control type="image">
						<left>58</left>
						<top>94</top>
						<width>260</width>
						<height>260</height>
						<texture>disc.png</texture>
						<animation effect="zoom" start="58,94,259,259" end="32,68,313,313" time="250">Focus</animation>
						<animation effect="zoom" start="32,68,313,313" end="58,94,259,259" time="250">UnFocus</animation>
						<visible>[Container.Content(Seasons) | [!Container.Content(Seasons) + ListItem.IsFolder]] + !ListItem.IsParentFolder</visible>
					</control>
					<control type="image">
						<left>141</left>
						<top>15</top>
						<width>99</width>
						<height>68</height>
						<animation effect="zoom" start="141,15,99,67" end="130,-22,120,81" time="250">Focus</animation>
						<animation effect="zoom" start="130,-22,120,81" end="141,15,99,67" time="250">UnFocus</animation>
						<texture>$VAR[IncludesMediaFlagsVideoStudio]</texture>
						<colordiffuse>FF7C7063</colordiffuse>
						<visible>![String.IsEqual(ListItem.VideoResolution,720) | String.IsEqual(ListItem.VideoResolution,1080)] + !Container.Content(Seasons) + !Skin.HasSetting(HideMovieCase)</visible>
					</control>
					<control type="image">
						<left>141</left>
						<top>15</top>
						<width>99</width>
						<height>68</height>
						<animation effect="zoom" start="141,15,99,67" end="130,-22,120,81" time="250">Focus</animation>
						<animation effect="zoom" start="130,-22,120,81" end="141,15,99,67" time="250">UnFocus</animation>
						<texture>$VAR[IncludesMediaFlagsVideoStudio]</texture>
						<colordiffuse>FF4EA3F8</colordiffuse>
						<visible>[String.IsEqual(ListItem.VideoResolution,720) | String.IsEqual(ListItem.VideoResolution,1080)] + !Container.Content(Seasons) + !Skin.HasSetting(HideMovieCase)</visible>
					</control>
					<control type="image">
						<left>141</left>
						<top>15</top>
						<width>99</width>
						<height>68</height>
						<animation effect="zoom" start="141,15,99,67" end="130,-22,120,81" time="250">Focus</animation>
						<animation effect="zoom" start="130,-22,120,81" end="141,15,99,67" time="250">UnFocus</animation>
						<texture>$VAR[IncludesMediaFlagsVideoStudio]</texture>
						<colordiffuse>FFCF474B</colordiffuse>
						<visible>Container.Content(Seasons) + !Skin.HasSetting(HideMovieCase)</visible>
					</control>
					<control type="label">
						<left>202</left>
						<top>382</top>
						<width>124</width>
						<height>26</height>
						<align>center</align>
						<label>$INFO[ListItem.Year]</label>
						<font>font-28</font>
						<textcolor>FF574F46</textcolor>
						<shadowcolor>FF000000</shadowcolor>
						<animation effect="zoom" start="204,382,124,25" end="189,408,150,30" time="250">Focus</animation>
						<animation effect="zoom" start="189,408,150,30" end="204,382,124,25" time="250">UnFocus</animation>
						<visible>![String.IsEqual(ListItem.VideoResolution,720) | String.IsEqual(ListItem.VideoResolution,1080)]</visible>
					</control>
					<control type="label">
						<left>202</left>
						<top>382</top>
						<width>124</width>
						<height>26</height>
						<align>center</align>
						<label>$INFO[ListItem.Year]</label>
						<font>font-28</font>
						<textcolor>FF3B8FE5</textcolor>
						<shadowcolor>DD000000</shadowcolor>
						<animation effect="zoom" start="204,382,124,25" end="189,408,150,30" time="250">Focus</animation>
						<animation effect="zoom" start="189,408,150,30" end="204,382,124,25" time="250">UnFocus</animation>
						<visible>[String.IsEqual(ListItem.VideoResolution,720) | String.IsEqual(ListItem.VideoResolution,1080)]</visible>
					</control>
					<control type="image">
						<left>158</left>
						<top>308</top>
						<width>66</width>
						<height>39</height>
						<texture>movieset.png</texture>
						<visible>Container.Content(Movies) + ListItem.IsFolder + !ListItem.IsParentFolder + String.StartsWith(Container.Folderpath,videodb://)</visible>
					</control>
					<control type="image">
						<left>45</left>
						<top>424</top>
						<width>303</width>
						<height>465</height>
						<aspectratio>stretch</aspectratio>
						<texture flipy="true" diffuse="diffuse_mirror.png" fallback="case-sets-inside.png">case$INFO[ListItem.VideoResolution]-inside.png</texture>
						<animation effect="zoom" start="45,424,303,465" end="14,464,366,561" time="250">Focus</animation>
						<animation effect="zoom" start="14,464,366,561" end="45,424,303,465" time="250">UnFocus</animation>
						<visible>!Container.Content(Seasons) + !ListItem.IsParentFolder + !Skin.HasSetting(HideMovieCase)</visible>
					</control>
					<control type="image">
						<left>45</left>
						<top>424</top>
						<width>303</width>
						<height>465</height>
						<texture flipy="true" diffuse="diffuse_mirror.png">case-tv-inside.png</texture>
						<animation effect="zoom" start="45,424,303,465" end="14,464,366,561" time="250">Focus</animation>
						<animation effect="zoom" start="14,464,366,561" end="45,424,303,465" time="250">UnFocus</animation>
						<visible>Container.Content(Seasons) + !ListItem.IsParentFolder + !Skin.HasSetting(HideTVShowCase)</visible>
					</control>
					<control type="image">
						<left>45</left>
						<top>36</top>
						<width>282</width>
						<height>400</height>
						<aspectratio>stretch</aspectratio>
						<texture fallback="DefaultVideo.png" background="true">$VAR[IconPoster]</texture>
						<include condition="!Skin.HasSetting(Hide-Video-Icons-CaseAnimation) + !Skin.HasSetting(HideMovieCase)">Video-Icons-CaseAnimation3</include>
						<include condition="Skin.HasSetting(Hide-Video-Icons-CaseAnimation) | Skin.HasSetting(HideMovieCase)">Video-Icons-CaseNoAnimation3</include>
						<visible>!ListItem.IsParentFolder</visible>
					</control>
					<control type="image">
						<left>45</left>
						<top>0</top>
						<width>303</width>
						<height>465</height>
						<aspectratio>stretch</aspectratio>
						<texture fallback="case-sets.png">case$INFO[ListItem.VideoResolution].png</texture>
						<include condition="!Skin.HasSetting(Hide-Video-Icons-CaseAnimation) + !Skin.HasSetting(HideMovieCase)">Video-Icons-CaseAnimation4</include>
						<include condition="Skin.HasSetting(Hide-Video-Icons-CaseAnimation) | Skin.HasSetting(HideMovieCase)">Video-Icons-CaseNoAnimation4</include>
						<visible>!Container.Content(Seasons) + !ListItem.IsParentFolder + !Skin.HasSetting(HideMovieCase)</visible>
					</control>
					<control type="image">
						<left>45</left>
						<top>0</top>
						<width>303</width>
						<height>465</height>
						<texture>case-tv.png</texture>
						<include condition="!Skin.HasSetting(Hide-Video-Icons-CaseAnimation) + !Skin.HasSetting(HideMovieCase)">Video-Icons-CaseAnimation4</include>
						<include condition="Skin.HasSetting(Hide-Video-Icons-CaseAnimation) | Skin.HasSetting(HideMovieCase)">Video-Icons-CaseNoAnimation4</include>
						<visible>Container.Content(Seasons) + !ListItem.IsParentFolder + !Skin.HasSetting(HideTVShowCase)</visible>
					</control>
					<control type="image">
						<left>278</left>
						<top>381</top>
						<width>52</width>
						<height>52</height>
						<aspectratio>keep</aspectratio>
						<texture>$VAR[PartlyWatched]</texture>
						<include condition="!Skin.HasSetting(Hide-Video-Icons-CaseAnimation) + !Skin.HasSetting(HideMovieCase)">Video-Icons-CaseAnimation5</include>
						<include condition="Skin.HasSetting(Hide-Video-Icons-CaseAnimation) | Skin.HasSetting(HideMovieCase)">Video-Icons-CaseNoAnimation5</include>
						<visible>[Container.Content(Movies) + !Skin.HasSetting(Enable_Movies_Watched_Flags)] | [Container.Content(Seasons) + !Skin.HasSetting(Enable_TVShows_Watched_Flags)]</visible>
					</control>
					<control type="image">
						<left>278</left>
						<top>381</top>
						<width>52</width>
						<height>52</height>
						<aspectratio>keep</aspectratio>
						<texture>$INFO[ListItem.Overlay]</texture>
						<include condition="!Skin.HasSetting(Hide-Video-Icons-CaseAnimation) + !Skin.HasSetting(HideMovieCase)">Video-Icons-CaseAnimation5</include>
						<include condition="Skin.HasSetting(Hide-Video-Icons-CaseAnimation) | Skin.HasSetting(HideMovieCase)">Video-Icons-CaseNoAnimation5</include>
						<visible>[Container.Content(Movies) + !Skin.HasSetting(Enable_Movies_Watched_Flags)] | [Container.Content(Seasons) + !Skin.HasSetting(Enable_TVShows_Watched_Flags)]</visible>
					</control>
					<control type="image">
						<left>278</left>
						<top>456</top>
						<width>52</width>
						<height>52</height>
						<aspectratio>keep</aspectratio>
						<texture flipy="true">$VAR[PartlyWatched]</texture>
						<include condition="!Skin.HasSetting(Hide-Video-Icons-CaseAnimation) + !Skin.HasSetting(HideMovieCase)">Video-Icons-CaseAnimation6</include>
						<include condition="Skin.HasSetting(Hide-Video-Icons-CaseAnimation) | Skin.HasSetting(HideMovieCase)">Video-Icons-CaseNoAnimation6</include>
						<animation effect="fade" start="20" end="20" time="0" condition="true">Conditional</animation>
						<visible>[Container.Content(Movies) + !Skin.HasSetting(Enable_Movies_Watched_Flags)] | [Container.Content(Seasons) + !Skin.HasSetting(Enable_TVShows_Watched_Flags)]</visible>
					</control>
					<control type="image">
						<left>278</left>
						<top>456</top>
						<width>52</width>
						<height>52</height>
						<aspectratio>keep</aspectratio>
						<texture flipy="true">$INFO[ListItem.Overlay]</texture>
						<include condition="!Skin.HasSetting(Hide-Video-Icons-CaseAnimation) + !Skin.HasSetting(HideMovieCase)">Video-Icons-CaseAnimation6</include>
						<include condition="Skin.HasSetting(Hide-Video-Icons-CaseAnimation) | Skin.HasSetting(HideMovieCase)">Video-Icons-CaseNoAnimation6</include>
						<animation effect="fade" start="20" end="20" time="0" condition="true">Conditional</animation>
						<visible>[Container.Content(Movies) + !Skin.HasSetting(Enable_Movies_Watched_Flags)] | [Container.Content(Seasons) + !Skin.HasSetting(Enable_TVShows_Watched_Flags)]</visible>
					</control>
				</focusedlayout>
			</control>
		</control>
		<control type="group">
			<include>Window_OpenClose_Visible_TopInfo_Animation</include>
			<visible>Control.IsVisible(57)</visible>
			<control type="label">
				<left>60</left>
				<top>90</top>
				<width>1800</width>
				<height>30</height>
				<font>font-35</font>
				<textcolor>blue</textcolor>
				<shadowcolor>black</shadowcolor>
				<align>center</align>
				<aligny>center</aligny>
				<label>[B]$INFO[ListItem.Label][/B]</label>
			</control>
			<control type="image">
				<left>360</left>
				<top>135</top>
				<width>1200</width>
				<height>1</height>
				<texture>separator.png</texture>
			</control>
		</control>
		<control type="group">
			<visible>Control.IsVisible(57)</visible>
			<include>Window_OpenClose_Visible_FanartIcon_Animation_Right</include>
			<include condition="Skin.HasSetting(MoviesExtraThumbs)">thumbs-extra-movies</include>
		</control>
		<control type="group" id="7029">
			<animation effect="fade" start="100" end="100" time="250">Hidden</animation>
			<visible>Control.IsVisible(57) + Container.OnNext</visible>
		</control>
		<control type="group" id="7030">
			<animation effect="fade" start="100" end="100" time="250">Hidden</animation>
			<visible>Control.IsVisible(57) + Container.OnPrevious</visible>
		</control>
		<control type="group">
			<left>0</left>
			<top>0</top>
			<include>Window_OpenClose_Animation</include>
			<visible>Control.IsVisible(57) + !Skin.HasSetting(HideInfoPanelIcons) + !Container.Content(Sets)</visible>
			<control type="group">
				<animation effect="zoom" start="960,0,1,1080" end="0,0,1920,1080" time="200" delay="2000">Visible</animation>
				<animation effect="zoom" start="0,0,1920,1080" end="0,300,1920,1" time="200">Hidden</animation>
				<visible>Control.IsVisible(57) + ![Container.Content(Movies) + String.IsEmpty(ListItem.Plot)] + !ListItem.IsParentFolder + !Control.IsVisible(7029) + !Control.IsVisible(7030)</visible>
				<control type="image">
					<left>240</left>
					<top>188</top>
					<width>1440</width>
					<height>225</height>
					<texture diffuse="underlay5-diffuse.png" border="0,10,0,10">underlay4.png</texture>
				</control>
				<control type="textbox">
					<left>450</left>
					<top>206</top>
					<width>1020</width>
					<height>192</height>
					<font>font-20</font>
					<textcolor>white</textcolor>
					<shadowcolor>black</shadowcolor>
					<align>justify</align>
					<label>$INFO[ListItem.Plot]</label>
					<autoscroll time="2000" delay="18000" repeat="5000">Skin.HasSetting(AutoScroll)</autoscroll>
				</control>
			</control>
		</control>
		<control type="group">
			<include>Window_OpenClose_Visible_TopInfo_Animation</include>
			<visible>Control.IsVisible(57)</visible>
			<control type="button" id="7025">
				<left>1833</left>
				<top>78</top>
				<width>60</width>
				<height>60</height>
				<label></label>
				<font></font>
				<texturefocus>trailer-focus.png</texturefocus>
				<texturenofocus>trailer-nofocus.png</texturenofocus>
				<onup>9000</onup>
				<ondown>57</ondown>
				<onleft>9000</onleft>
				<onright>9000</onright>
				<onclick condition="Skin.HasSetting(Fullscreen_Trailer)">PlayMedia("$INFO[ListItem.Trailer]")</onclick>
				<onclick condition="!Skin.HasSetting(Fullscreen_Trailer)">PlayMedia("$INFO[ListItem.Trailer]",1)</onclick>
				<visible>!Skin.HasSetting(Hide_Trailer_Icon) + !String.IsEmpty(Listitem.Trailer)</visible>
			</control>
		</control>
	</include>
	<include name="Icons-Movies_Extras">
		<control type="group">
			<visible>Control.IsVisible(57) + !Skin.HasSetting(Enable_Movies_Media_Flags) + Container.Content(Movies)</visible>
			<include>Window_OpenClose_Visible_MediaFlags_Animation</include>
			<control type="group">
				<left>1188</left>
				<top>1012</top>
				<width>708</width>
				<height>72</height>
				<animation effect="fade" start="70" end="70" time="0" condition="true">Conditional</animation>
				<animation effect="zoom" start="90" end="90" center="auto" time="0" condition="true">Conditional</animation>
				<include condition="!Skin.HasSetting(Enable_Movies_Media_Flags)">VideoMediaFlags</include>
			</control>
		</control>
	</include>
	<include name="Icons-Albums">
		<control type="group">
			<animation effect="rotatex" center="1080,0" start="-70" end="0" time="500" reversible="true">WindowOpen</animation>
			<animation effect="rotatex" center="1080,0" start="0" end="-70" time="500" reversible="true">WindowClose</animation>
			<visible>Control.IsVisible(56)</visible>
			<control type="image">
				<left>0</left>
				<top>990</top>
				<width>1920</width>
				<height>120</height>
				<texture>floor.png</texture>
			</control>
			<control type="group" id="7015">
				<animation effect="fade" start="100" end="100" time="250">Hidden</animation>
				<visible>Container.OnNext</visible>
				<control type="image">
					<left>819</left>
					<top>718</top>
					<width>320</width>
					<height>320</height>
					<aspectratio>stretch</aspectratio>
					<include condition="![String.Contains(ListItem.Path,plugin://) | String.Contains(ListItem.Path,special://) | String.Contains(Container.FolderPath,plugin://) | String.Contains(Container.FolderPath,addon://)]">musicalbumsdisc0-View_Icons</include>
					<include condition="String.Contains(ListItem.Path,plugin://) | String.Contains(ListItem.Path,special://) | String.Contains(Container.FolderPath,plugin://) | String.Contains(Container.FolderPath,addon://)">musicalbumsnodisc-View_Icons</include>
					<animation reversible="false" effect="zoom" start="819,718,319,319" end="478,764,228,228" time="200">Hidden</animation>
					<visible>Container.Content(Albums) + Container(56).OnNext + !ListItem(-1).IsParentFolder</visible>
				</control>
			</control>
			<control type="group" id="7016">
				<animation effect="fade" start="100" end="100" time="250">Hidden</animation>
				<visible>Container.OnPrevious</visible>
				<control type="image">
					<left>819</left>
					<top>718</top>
					<width>320</width>
					<height>320</height>
					<aspectratio>stretch</aspectratio>
					<include condition="![String.Contains(ListItem.Path,plugin://) | String.Contains(ListItem.Path,special://) | String.Contains(Container.FolderPath,plugin://) | String.Contains(Container.FolderPath,addon://)]">musicalbumsdisc1-View_Icons</include>
					<include condition="String.Contains(ListItem.Path,plugin://) | String.Contains(ListItem.Path,special://) | String.Contains(Container.FolderPath,plugin://) | String.Contains(Container.FolderPath,addon://)">musicalbumsnodisc-View_Icons</include>
					<animation reversible="false" effect="zoom" start="819,718,319,319" end="1209,764,228,228" time="200">Hidden</animation>
					<visible>Container.Content(Albums) + Container(56).OnPrevious + !ListItem(1).IsParentFolder</visible>
				</control>
			</control>
			<control type="group">
				<animation effect="fade" start="100" end="0" time="35">Hidden</animation>
				<visible>!Control.IsVisible(7015) + !Control.IsVisible(7016)</visible>
				<control type="image">
					<left>819</left>
					<top>718</top>
					<width>320</width>
					<height>320</height>
					<aspectratio>stretch</aspectratio>
					<include condition="![String.Contains(ListItem.Path,plugin://) | String.Contains(ListItem.Path,special://) | String.Contains(Container.FolderPath,plugin://) | String.Contains(Container.FolderPath,addon://)]">musicalbumsdisc-View_Icons</include>
					<include condition="String.Contains(ListItem.Path,plugin://) | String.Contains(ListItem.Path,special://) | String.Contains(Container.FolderPath,plugin://) | String.Contains(Container.FolderPath,addon://)">musicalbumsnodisc-View_Icons</include>
					<animation reversible="true" effect="zoom" start="819,718,319,319" end="861,765,228,228" time="250" condition="!Control.HasFocus(56)">Conditional</animation>
					<animation reversible="true" effect="zoom" start="861,765,228,228" end="819,718,319,319" time="250">WindowOpen</animation>
					<animation reversible="true" effect="fade" start="0" end="100" time="100" delay="200">Visible</animation>
					<visible>Container.Content(Albums) + !ListItem.IsParentFolder</visible>
				</control>
			</control>
			<control type="wraplist" id="56">
				<visible>Container.Content(Albums) | Container.Content(Songs)</visible>
				<left>0</left>
				<top>690</top>
				<width>1920</width>
				<height>675</height>
				<onleft>57</onleft>
				<onright>57</onright>
				<onup>9000</onup>
				<ondown>60</ondown>
				<viewtype label="536">icon</viewtype>
				<pagecontrol>60</pagecontrol>
				<scrolltime>250</scrolltime>
				<focusposition>2</focusposition>
				<orientation>horizontal</orientation>
				<hitrect x="777" y="660" w="366" h="366" />
				<preloaditems>2</preloaditems>
				<itemlayout width="384" height="465">
					<control type="image">
						<left>75</left>
						<top>64</top>
						<width>252</width>
						<height>243</height>
						<aspectratio>stretch</aspectratio>
						<texture background="true">$INFO[ListItem.Icon]</texture>
						<visible>ListItem.IsParentFolder</visible>
					</control>
					<control type="image">
						<left>48</left>
						<top>60</top>
						<width>288</width>
						<height>252</height>
						<texture>case-cd-inside.png</texture>
						<visible>!ListItem.IsParentFolder + !Skin.HasSetting(HideMusicCase)</visible>
					</control>
					<control type="image">
						<left>75</left>
						<top>64</top>
						<width>252</width>
						<height>243</height>
						<aspectratio>stretch</aspectratio>
						<texture background="true">$INFO[ListItem.Icon]</texture>
						<visible>!ListItem.IsParentFolder</visible>
					</control>
					<control type="image">
						<left>48</left>
						<top>60</top>
						<width>288</width>
						<height>252</height>
						<texture>case-cd.png</texture>
						<visible>!ListItem.IsParentFolder + !Skin.HasSetting(HideMusicCase)</visible>
					</control>
					<control type="image">
						<left>75</left>
						<top>316</top>
						<width>252</width>
						<height>243</height>
						<aspectratio>stretch</aspectratio>
						<texture flipy="true" diffuse="diffuse_mirror2.png" background="true">$INFO[ListItem.Icon]</texture>
						<visible>ListItem.IsParentFolder</visible>
					</control>
					<control type="image">
						<left>48</left>
						<top>312</top>
						<width>288</width>
						<height>252</height>
						<texture flipy="true" diffuse="diffuse_mirror2.png">case-cd-inside.png</texture>
						<visible>!ListItem.IsParentFolder + !Skin.HasSetting(HideMusicCase)</visible>
					</control>
					<control type="image">
						<left>75</left>
						<top>316</top>
						<width>252</width>
						<height>243</height>
						<aspectratio>stretch</aspectratio>
						<texture background="true" flipy="true" diffuse="diffuse_mirror2.png">$INFO[ListItem.Icon]</texture>
						<visible>!ListItem.IsParentFolder</visible>
					</control>
					<control type="image">
						<left>48</left>
						<top>312</top>
						<width>288</width>
						<height>252</height>
						<texture flipy="true" diffuse="diffuse_mirror2.png">case-cd.png</texture>
						<visible>!ListItem.IsParentFolder + !Skin.HasSetting(HideMusicCase)</visible>
					</control>
				</itemlayout>
				<focusedlayout width="384" height="465">
					<control type="image">
						<left>75</left>
						<top>64</top>
						<width>252</width>
						<height>243</height>
						<aspectratio>stretch</aspectratio>
						<texture background="true">$INFO[ListItem.Icon]</texture>
						<animation reversible="false" effect="zoom" start="75,64,252,243" end="27,16,352,339" time="250">Focus</animation>
						<animation reversible="false" effect="zoom" end="75,64,252,243" start="27,40,352,339" time="250">UnFocus</animation>
						<visible>ListItem.IsParentFolder</visible>
					</control>
					<control type="image">
						<left>48</left>
						<top>60</top>
						<width>288</width>
						<height>252</height>
						<aspectratio>stretch</aspectratio>
						<texture>case-cd-inside.png</texture>
						<animation reversible="false" effect="zoom" start="48,60,288,252" end="-10,10,402,351" time="250">Focus</animation>
						<animation reversible="false" effect="zoom" end="48,60,288,252" start="-10,10,402,351" time="250">UnFocus</animation>
						<visible>!ListItem.IsParentFolder + !Skin.HasSetting(HideMusicCase)</visible>
					</control>
					<control type="image">
						<left>93</left>
						<top>74</top>
						<width>228</width>
						<height>228</height>
						<aspectratio>stretch</aspectratio>
						<include condition="![String.Contains(ListItem.Path,plugin://) | String.Contains(ListItem.Path,special://) | String.Contains(Container.FolderPath,plugin://) | String.Contains(Container.FolderPath,addon://)]">musicsongsdisc-View_Icons</include>
						<include condition="String.Contains(ListItem.Path,plugin://) | String.Contains(ListItem.Path,special://) | String.Contains(Container.FolderPath,plugin://) | String.Contains(Container.FolderPath,addon://)">musicsongsnodisc-View_Icons</include>
						<animation effect="zoom" start="93,74,228,228" end="51,28,319,319" time="250">Focus</animation>
						<animation effect="zoom" start="51,28,319,319" end="93,74,228,228" time="250">UnFocus</animation>
						<visible>Container.Content(Songs) + !ListItem.IsParentFolder</visible>
					</control>
					<control type="image">
						<left>75</left>
						<top>316</top>
						<width>252</width>
						<height>243</height>
						<aspectratio>stretch</aspectratio>
						<texture flipy="true" diffuse="diffuse_mirror2.png" background="true">$INFO[ListItem.Icon]</texture>
						<animation reversible="false" effect="zoom" start="75,316,252,243" end="27,366,352,339" time="250">Focus</animation>
						<animation reversible="false" effect="zoom" end="75,316,252,243" start="27,366,352,339" time="250">UnFocus</animation>
						<visible>ListItem.IsParentFolder</visible>
					</control>
					<control type="image">
						<left>48</left>
						<top>312</top>
						<width>288</width>
						<height>252</height>
						<texture flipy="true" diffuse="diffuse_mirror2.png">case-cd-inside.png</texture>
						<animation reversible="false" effect="zoom" start="48,312,288,252" end="-10,363,402,351" time="250">Focus</animation>
						<animation reversible="false" effect="zoom" end="48,312,288,252" start="-10,363,402,351" time="250">UnFocus</animation>
						<visible>!ListItem.IsParentFolder + !Skin.HasSetting(HideMusicCase)</visible>
					</control>
					<control type="image">
						<left>75</left>
						<top>316</top>
						<width>252</width>
						<height>243</height>
						<aspectratio>stretch</aspectratio>
						<texture background="true" flipy="true" diffuse="diffuse_mirror2.png">$INFO[ListItem.Icon]</texture>
						<include condition="!Skin.HasSetting(Hide-Music-Icons-CaseAnimation) + !Skin.HasSetting(HideMusicCase)">Music-Icons-CaseAnimation1</include>
						<include condition="Skin.HasSetting(Hide-Music-Icons-CaseAnimation) | Skin.HasSetting(HideMusicCase)">Music-Icons-CaseNoAnimation1</include>
						<visible>!ListItem.IsParentFolder</visible>
					</control>
					<control type="image">
						<left>48</left>
						<top>312</top>
						<width>288</width>
						<height>252</height>
						<texture flipy="true" diffuse="diffuse_mirror2.png">case-cd.png</texture>
						<include condition="!Skin.HasSetting(Hide-Music-Icons-CaseAnimation) + !Skin.HasSetting(HideMusicCase)">Music-Icons-CaseAnimation2</include>
						<include condition="Skin.HasSetting(Hide-Music-Icons-CaseAnimation) | Skin.HasSetting(HideMusicCase)">Music-Icons-CaseNoAnimation2</include>
						<visible>!ListItem.IsParentFolder + !Skin.HasSetting(HideMusicCase)</visible>
					</control>
					<control type="image">
						<left>75</left>
						<top>64</top>
						<width>252</width>
						<height>243</height>
						<aspectratio>stretch</aspectratio>
						<texture background="true">$INFO[ListItem.Icon]</texture>
						<include condition="!Skin.HasSetting(Hide-Music-Icons-CaseAnimation) + !Skin.HasSetting(HideMusicCase)">Music-Icons-CaseAnimation3</include>
						<include condition="Skin.HasSetting(Hide-Music-Icons-CaseAnimation) | Skin.HasSetting(HideMusicCase)">Music-Icons-CaseNoAnimation3</include>
						<visible>!ListItem.IsParentFolder</visible>
					</control>
					<control type="image">
						<left>48</left>
						<top>60</top>
						<width>288</width>
						<height>252</height>
						<texture>case-cd.png</texture>
						<include condition="!Skin.HasSetting(Hide-Music-Icons-CaseAnimation) + !Skin.HasSetting(HideMusicCase)">Music-Icons-CaseAnimation4</include>
						<include condition="Skin.HasSetting(Hide-Music-Icons-CaseAnimation) | Skin.HasSetting(HideMusicCase)">Music-Icons-CaseNoAnimation4</include>
						<visible>!ListItem.IsParentFolder + !Skin.HasSetting(HideMusicCase)</visible>
					</control>
				</focusedlayout>
			</control>
			<control type="group">
				<left>616</left>
				<top>60</top>
				<include condition="!Skin.HasSetting(Enable_Music_Media_Flags)">MusicMediaFlags</include>
			</control>
		</control>
		<control type="group">
			<include>Window_OpenClose_Visible_TopInfo_Animation</include>
			<visible>Control.IsVisible(56)</visible>
			<control type="label">
				<left>30</left>
				<top>75</top>
				<width>1860</width>
				<height>30</height>
				<font>font-30</font>
				<textcolor>lightblue</textcolor>
				<shadowcolor>black</shadowcolor>
				<align>center</align>
				<aligny>center</aligny>
				<label>$VAR[ViewIconsLabel1]</label>
			</control>
			<control type="label">
				<left>30</left>
				<top>120</top>
				<width>1860</width>
				<height>30</height>
				<font>font-35</font>
				<textcolor>blue</textcolor>
				<shadowcolor>black</shadowcolor>
				<align>center</align>
				<aligny>center</aligny>
				<label>$VAR[ViewIconsLabel2]</label>
			</control>
			<control type="image">
				<left>360</left>
				<top>165</top>
				<width>1200</width>
				<height>1</height>
				<texture>separator.png</texture>
			</control>
		</control>
	</include>
</includes>
