<?xml version="1.0" encoding="UTF-8"?>
<includes>
	<!-- Horizontal -->
	<include name="HorizontalSubMenu">
		<control type="fixedlist" id="9010">
			<left>210</left>
			<top>3</top>
			<width>1500</width>
			<height>44</height>
			<movement>2</movement>
			<scrolltime tween="quadratic" easing="out">300</scrolltime>
			<focusposition>2</focusposition>
			<orientation>horizontal</orientation>
			<onup>9000</onup>
			<ondown condition="Control.IsVisible(90010) + [!Control.IsVisible(90020) | String.IsEqual(Skin.String(HorzMenu.Position),high)]">90010</ondown>
			<ondown condition="Control.IsVisible(90020)">90020</ondown>
			<ondown condition="!Control.IsVisible(90010) + !Control.IsVisible(90020)">9000</ondown>
			<onback>9000</onback>
			<pagecontrol />
			<animation effect="rotatex" start="0" end="180" time="800" loop="false" center="22,0" condition="Control.HasFocus(9010)">Conditional</animation>
			<animation effect="fade" time="1" delay="560" start="0" end="100" condition="Control.HasFocus(9010)">Conditional</animation>
			<itemlayout height="87" width="300">
				<control type="label">
					<width>300</width>
					<height>41</height>
					<font>font16_title</font>
					<textcolor>$VAR[UnfocusedSubMenuColor]</textcolor>
					<shadowcolor>shadow</shadowcolor>
					<align>center</align>
					<label>$INFO[ListItem.Label]</label>
				</control>
			</itemlayout>
			<focusedlayout height="87" width="300">
				<control type="group">
					<visible>Control.HasFocus(9010)</visible>
					<control type="image">
						<top>4</top>
						<width>300</width>
						<height>38</height>
						<texture colordiffuse="[HighlightBarColor]">listselect_fo.png</texture>
						<animation effect="slide" end="0,-3" condition="[String.IsEmpty(Skin.String(ThemeHomeMenuBarColor)) | String.IsEqual(Skin.String(ThemeHomeMenuBarColor),None)] + [String.IsEmpty(Skin.String(ThemeHomeSystemBarsColor)) | String.IsEqual(Skin.String(ThemeHomeSystemBarsColor),None)]">Conditional</animation>
					</control>
					<control type="label">
						<width>300</width>
						<height>41</height>
						<font>font16_title</font>
						<textcolor>$VAR[FocusedSubMenuColor]</textcolor>
						<shadowcolor>$VAR[ThemeHomeLabelColor]</shadowcolor>
						<align>center</align>
						<label>$INFO[ListItem.Label]</label>
					</control>
				</control>
				<control type="group">
					<visible>!Control.HasFocus(9010)</visible>
					<control type="label">
						<width>300</width>
						<height>41</height>
						<font>font16_title</font>
						<textcolor>$VAR[UnfocusedSubMenuColor]</textcolor>
						<shadowcolor>shadow</shadowcolor>
						<align>center</align>
						<label>$INFO[ListItem.Label]</label>
					</control>
				</control>
			</focusedlayout>
			<content>
				<include>skinshortcuts-submenu</include>
			</content>
		</control>
		<control type="button">
			<left>85</left>
			<top>6</top>
			<width>30</width>
			<height>30</height>
			<texturefocus flipx="true" colordiffuse="white">arrowright.png</texturefocus>
			<texturenofocus flipx="true">arrowright.png</texturenofocus>
			<visible>Container(9010).HasPrevious</visible>
			<onclick>Control.Move(9010,-1)</onclick>
		</control>
		<control type="button">
			<left>1800</left>
			<top>6</top>
			<width>30</width>
			<height>30</height>
			<texturefocus colordiffuse="white">arrowright.png</texturefocus>
			<texturenofocus>arrowright.png</texturenofocus>
			<visible>Container(9010).HasNext</visible>
			<onclick>Control.Move(9010,1)</onclick>
		</control>
	</include>
	<!-- 1Item Submenu -->
	<include name="1ItemSubMenu">
		<control type="wraplist" id="9010">
			<left>740</left>
			<top>3</top>
			<width>440</width>
			<height>40</height>
			<movement>2</movement>
			<scrolltime tween="quadratic" easing="out">300</scrolltime>
			<focusposition>0</focusposition>
			<orientation>horizontal</orientation>
			<onup>9000</onup>
			<ondown condition="Control.IsVisible(90010) + [!Control.IsVisible(90020) | String.IsEqual(Skin.String(HorzMenu.Position),high)]">90010</ondown>
			<ondown condition="Control.IsVisible(90020)">90020</ondown>
			<ondown condition="!Control.IsVisible(90010) + !Control.IsVisible(90020)">9000</ondown>
			<onback>9000</onback>
			<pagecontrol />
			<animation effect="rotatex" start="0" end="180" time="800" loop="false" center="22,0" condition="Control.HasFocus(9010)">Conditional</animation>
			<animation effect="fade" time="1" delay="680" start="0" end="100" condition="Control.HasFocus(9010)">Conditional</animation>
			<itemlayout height="87" width="440">
				<control type="label">
					<width>440</width>
					<height>41</height>
					<font>font16_title_bold</font>
					<textcolor>$VAR[UnfocusedSubMenuColor]</textcolor>
					<shadowcolor>shadow</shadowcolor>
					<align>center</align>
					<label>$INFO[ListItem.Label]</label>
				</control>
			</itemlayout>
			<focusedlayout height="87" width="440">
				<control type="group">
					<visible>Control.HasFocus(9010)</visible>
					<control type="label">
						<width>440</width>
						<height>41</height>
						<font>font16_title_bold</font>
						<textcolor>$VAR[FocusedSubMenuColor]</textcolor>
						<shadowcolor>$VAR[ThemeHomeLabelColor]</shadowcolor>
						<align>center</align>
						<label>$INFO[ListItem.Label]</label>
					</control>
				</control>
				<control type="group">
					<visible>!Control.HasFocus(9010)</visible>
					<control type="label">
						<width>440</width>
						<height>41</height>
						<font>font16_title_bold</font>
						<textcolor>$VAR[UnfocusedSubMenuColor]</textcolor>
						<shadowcolor>shadow</shadowcolor>
						<align>center</align>
						<label>$INFO[ListItem.Label]</label>
					</control>
				</control>
			</focusedlayout>
			<content>
				<include>skinshortcuts-submenu</include>
			</content>
		</control>
	</include>
	<include name="HorizontalMenuSystemBars">
		<control type="group">
			<top>-47</top>
			<control type="group">
				<animation effect="slide" end="0,1040" time="320" tween="cubic" easing="inout" condition="Skin.HasSetting(SystemBarOnTop)">Conditional</animation>
				<include condition="!Skin.HasSetting(SystemBarOnTop) | Skin.HasSetting(SystemBarOnTop) + [System.GetBool(lookandfeel.enablerssfeeds) + String.IsEqual(Skin.String(HorizontalRSSPosition),high)]">WindowOpenCloseAnimation</include>
				<control type="image">
					<width>100%</width>
					<height>87</height>
					<texture colordiffuse="$VAR[ThemeHomeSystemBarsColor]" flipy="true">submenu_bar.png</texture>
					<visible>[String.IsEmpty(Skin.String(ThemeHomeMenuBarColor)) | String.IsEqual(Skin.String(ThemeHomeMenuBarColor),None)] + [String.IsEmpty(Skin.String(ThemeHomeSystemBarsColor)) | String.IsEqual(Skin.String(ThemeHomeSystemBarsColor),None)]</visible>
				</control>
				<control type="image">
					<width>100%</width>
					<height>87</height>
					<texture colordiffuse="$VAR[ThemeHomeSystemBarsColor]" flipy="true">submenu_bar_white.png</texture>
					<visible>[!String.IsEmpty(Skin.String(ThemeHomeMenuBarColor)) + !String.IsEqual(Skin.String(ThemeHomeMenuBarColor),None)] | [!String.IsEmpty(Skin.String(ThemeHomeSystemBarsColor)) + !String.IsEqual(Skin.String(ThemeHomeSystemBarsColor),None)]</visible>
				</control>
				<include condition="System.HasAddon(service.library.data.provider)">PlayListStatsList</include>
				<control type="label">
					<top>46</top>
					<width>1080</width>
					<height>40</height>
					<label>$VAR[LibraryStatsVar]</label>
					<textoffsetx>20</textoffsetx>
					<font>font13_title</font>
					<textcolor>$VAR[ThemeHomeLabelColor]</textcolor>
					<shadowcolor>shadow</shadowcolor>
				</control>
				<control type="grouplist" id="9020">
					<visible>!String.IsEmpty(Container(9000).ListItem.Property(InfoLine)) | !Skin.HasSetting(CenteredInfoLine)</visible>
					<left>1100</left>
					<top>46</top>
					<width>800</width>
					<height>41</height>
					<align>right</align>
					<orientation>horizontal</orientation>
					<onup condition="Control.IsVisible(90010)">90010</onup>
					<onup condition="!Control.IsVisible(90010) + Control.IsVisible(90020) + String.IsEmpty(Skin.String(HorzMenu.Position))">90020</onup>
					<onup condition="!Control.IsVisible(90010) + !Control.IsVisible(90020)">9000</onup>
					<ondown>9000</ondown>
					<include condition="System.HasAddon(script.globalsearch) + !Skin.HasSetting(Disable.SearchButton)">HomeSearchButton</include>
					<control type="label" id="9026">
						<width>5</width>
						<height>41</height>
						<label />
						<font>font13_title</font>
						<textcolor>$VAR[ThemeHomeLabelColor]</textcolor>
					</control>
					<control type="multiimage">
						<width>60</width>
						<height>40</height>
						<imagepath>$VAR[WeatherIconsPathVar]$INFO[Weather.FanartCode]$VAR[WeatherIconsExtVar]</imagepath>
						<aspectratio>keep</aspectratio>
						<timeperimage>70</timeperimage>
						<fadetime>1</fadetime>
						<randomize>false</randomize>
						<visible>Weather.IsFetched + !String.IsEmpty(Weather.Plugin)</visible>
					</control>
					<control type="label" id="9023">
						<width>auto</width>
						<height>41</height>
						<label>$INFO[Weather.Temperature,,[COLOR grey] | [/COLOR]]</label>
						<font>font13_title</font>
						<textcolor>$VAR[ThemeHomeLabelColor]</textcolor>
						<visible>Weather.IsFetched + !String.IsEmpty(Weather.Plugin)</visible>
						<shadowcolor>shadow</shadowcolor>
					</control>
					<control type="label" id="9025">
						<width>auto</width>
						<height>41</height>
						<label>$INFO[System.Date,[COLOR grey], | [/COLOR]]$INFO[System.Time]</label>
						<font>font13_title</font>
						<textcolor>$VAR[ThemeHomeLabelColor]</textcolor>
						<shadowcolor>shadow</shadowcolor>
					</control>
				</control>
				<control type="grouplist" id="9020">
					<visible>String.IsEmpty(Container(9000).ListItem.Property(InfoLine)) + Skin.HasSetting(CenteredInfoLine)</visible>
					<top>46</top>
					<width>100%</width>
					<height>41</height>
					<align>center</align>
					<orientation>horizontal</orientation>
					<onup condition="Control.IsVisible(90010)">90010</onup>
					<onup condition="!Control.IsVisible(90010) + Control.IsVisible(90020) + String.IsEmpty(Skin.String(HorzMenu.Position))">90020</onup>
					<onup condition="!Control.IsVisible(90010) + !Control.IsVisible(90020)">9000</onup>
					<ondown>9000</ondown>
					<include condition="System.HasAddon(script.globalsearch) + !Skin.HasSetting(Disable.SearchButton)">HomeSearchButton</include>
					<control type="label" id="9026">
						<width>5</width>
						<height>41</height>
						<label />
						<font>font13_title</font>
						<textcolor>$VAR[ThemeHomeLabelColor]</textcolor>
					</control>
					<control type="multiimage">
						<width>60</width>
						<height>40</height>
						<imagepath>$VAR[WeatherIconsPathVar]$INFO[Weather.FanartCode]$VAR[WeatherIconsExtVar]</imagepath>
						<aspectratio>keep</aspectratio>
						<timeperimage>70</timeperimage>
						<fadetime>1</fadetime>
						<randomize>false</randomize>
						<visible>Weather.IsFetched + !String.IsEmpty(Weather.Plugin)</visible>
					</control>
					<control type="label" id="9023">
						<width>auto</width>
						<height>41</height>
						<label>$INFO[Weather.Temperature,,[COLOR grey] | [/COLOR]]</label>
						<font>font13_title</font>
						<textcolor>$VAR[ThemeHomeLabelColor]</textcolor>
						<visible>Weather.IsFetched + !String.IsEmpty(Weather.Plugin)</visible>
						<shadowcolor>shadow</shadowcolor>
					</control>
					<control type="label" id="9025">
						<width>auto</width>
						<height>41</height>
						<label>$INFO[System.Date,[COLOR grey], | [/COLOR]]$INFO[System.Time]</label>
						<font>font13_title</font>
						<textcolor>$VAR[ThemeHomeLabelColor]</textcolor>
						<shadowcolor>shadow</shadowcolor>
					</control>
				</control>
			</control>
		</control>
	</include>
	<include name="HorizontalMenu">
		<control type="group">
			<top>453</top>
			<animation effect="rotatex" start="0" end="180" time="800" loop="false" center="925,0" condition="Control.HasFocus(9010) + String.IsEmpty(Skin.String(HorzMenu.Position))">Conditional</animation>
			<animation effect="rotatex" start="0" end="180" time="800" loop="false" center="710,0" condition="Control.HasFocus(9010) + String.IsEqual(Skin.String(HorzMenu.Position),center)">Conditional</animation>
			<animation effect="rotatex" start="0" end="180" time="800" loop="false" center="155,0" condition="Control.HasFocus(9010) + String.IsEqual(Skin.String(HorzMenu.Position),high)">Conditional</animation>
			<animation effect="slide" end="0,350" time="320" tween="cubic" easing="inout" condition="String.IsEmpty(Skin.String(HorzMenu.Position))">Conditional</animation>
			<animation effect="slide" end="0,134" time="320" tween="cubic" easing="inout" condition="String.IsEqual(Skin.String(HorzMenu.Position),center)">Conditional</animation>
			<animation effect="slide" end="0,-420" time="320" tween="cubic" easing="inout" condition="String.IsEqual(Skin.String(HorzMenu.Position),high)">Conditional</animation>
			<include>WindowOpenCloseAnimation</include>
			<include condition="system.getbool(input.enablemouse)">SubmenuMouseButton</include>
			<!-- 3Item and Icon -->
			<control type="group">
				<visible>!String.IsEqual(Skin.String(MainMenu.Layout),1)</visible>
				<control type="image">
					<width>100%</width>
					<height>250</height>
					<texture>homemenu_back.png</texture>
					<visible>String.StartsWith(Skin.String(ThemeHomeMenuBarColor),ff) | String.IsEmpty(Skin.String(ThemeHomeMenuBarColor)) | String.IsEqual(Skin.String(ThemeHomeMenuBarColor),None)</visible>
				</control>
				<control type="image">
					<left>-5%</left>
					<width>110%</width>
					<height>250</height>
					<texture colordiffuse="$VAR[ThemeHomeMenuBarColor]">homemenu_back.png</texture>
					<visible>!String.IsEmpty(Skin.String(ThemeHomeMenuBarColor)) + !String.IsEqual(Skin.String(ThemeHomeMenuBarColor),None)</visible>
				</control>
			</control>
			<!-- 1Item -->
			<control type="group">
				<visible>String.IsEqual(Skin.String(MainMenu.Layout),1)</visible>
				<control type="image">
					<width>100%</width>
					<height>250</height>
					<texture>homemenu_back_1item.png</texture>
					<visible>String.StartsWith(Skin.String(ThemeHomeMenuBarColor),ff) | String.IsEmpty(Skin.String(ThemeHomeMenuBarColor)) | String.IsEqual(Skin.String(ThemeHomeMenuBarColor),None)</visible>
				</control>
				<control type="image">
					<width>100%</width>
					<height>250</height>
					<texture colordiffuse="$VAR[ThemeHomeMenuBarColor]">homemenu_back_white_1item.png</texture>
					<visible>!String.IsEmpty(Skin.String(ThemeHomeMenuBarColor)) + !String.IsEqual(Skin.String(ThemeHomeMenuBarColor),None)</visible>
				</control>
			</control>
			<!-- Horizontal Menu Content -->
			<include condition="Skin.HasSetting(HomeMenuNavVar) + !String.IsEqual(Skin.String(MainMenu.Layout),1)">MainMenuListFixed</include>
			<include condition="!Skin.HasSetting(HomeMenuNavVar) | String.IsEqual(Skin.String(MainMenu.Layout),1)">MainMenuListWrapped</include>
			<control type="group" id="9001">
				<top>100</top>
				<include>SubMenuAnimation</include>
				<include condition="!String.IsEqual(Skin.String(MainMenu.Layout),1)">HorizontalSubMenu</include>
				<include condition="String.IsEqual(Skin.String(MainMenu.Layout),1)">1ItemSubMenu</include>
			</control>
			<control type="group">
				<visible>!String.IsEqual(Skin.String(MainMenu.Layout),1)</visible>
				<control type="image">
					<top>64</top>
					<width>100</width>
					<height>120</height>
					<texture border="1">side_fade.png</texture>
				</control>
				<control type="image">
					<left>1820</left>
					<top>64</top>
					<width>100</width>
					<height>120</height>
					<texture flipx="true" border="1">side_fade.png</texture>
				</control>
				<control type="image">
					<top>90</top>
					<width>100%</width>
					<height>93</height>
					<texture border="1">gradient_floor.png</texture>
					<visible>!String.IsEqual(Skin.String(MainMenu.Layout),icons)</visible>
				</control>
				<control type="image">
					<width>100%</width>
					<height>250</height>
					<texture colordiffuse="$VAR[ThemeHomeLabelColor]">homemenu_back_glowbar.png</texture>
				</control>
			</control>
			<control type="group">
				<visible>String.IsEqual(Skin.String(MainMenu.Layout),1)</visible>
				<control type="image">
					<top>-2</top>
					<width>100%</width>
					<height>250</height>
					<texture colordiffuse="D9FFFFFF" border="1">1item_fade.png</texture>
				</control>
				<control type="image">
					<width>100%</width>
					<height>250</height>
					<texture colordiffuse="$VAR[ThemeHomeLabelColor]">homemenu_back_1item_glowbar.png</texture>
				</control>
			</control>
		</control>
	</include>
	<!-- Vertical -->
	<include name="VerticalMenu">
		<control type="group">
			<animation effect="rotatey" start="0" end="180" time="800" loop="false" center="165" condition="Control.HasFocus(9010)">Conditional</animation>
			<animation effect="slide" end="480,0" time="240" condition="Control.HasFocus(9010)">WindowClose</animation>
			<animation effect="slide" end="-480,0" time="240" condition="!Control.HasFocus(9010)">WindowClose</animation>
			<animation effect="slide" start="-480,0" end="0,0" delay="300" time="240" condition="!Window.Previous(startup)">WindowOpen</animation>
			<animation effect="slide" start="-480,0" end="0,0" delay="800" time="480" condition="Window.Previous(startup)">WindowOpen</animation>
			<animation effect="slide" end="-410,0" time="320" tween="cubic" easing="inout" condition="ControlGroup(90010).HasFocus | ControlGroup(90020).HasFocus">Conditional</animation>
			<control type="group">
				<width>330</width>
				<height>1080</height>
				<control type="image">
					<texture border="40">homemenu_back_vertical.png</texture>
					<animation effect="fade" start="100" end="80" condition="true">Conditional</animation>
					<visible>[String.IsEmpty(Skin.String(ThemeHomeMenuBarColor)) | String.IsEqual(Skin.String(ThemeHomeMenuBarColor),None)]</visible>
				</control>
				<control type="image">
					<texture colordiffuse="$VAR[ThemeHomeMenuBarColor]" border="40">homemenu_back_vertical.png</texture>
					<animation effect="fade" start="100" end="80" condition="true">Conditional</animation>
					<visible>!String.IsEmpty(Skin.String(ThemeHomeMenuBarColor)) + !String.IsEqual(Skin.String(ThemeHomeMenuBarColor),None)</visible>
				</control>
				<control type="image">
					<texture colordiffuse="$VAR[ThemeHomeLabelColor]" border="40">homemenu_vertical_glowbar.png</texture>
				</control>
			</control>
			<control type="button">
				<top>528</top>
				<width>25</width>
				<height>25</height>
				<texturefocus flipx="true" colordiffuse="white">arrowright2.png</texturefocus>
				<texturenofocus flipx="true" colordiffuse="grey">arrowright2.png</texturenofocus>
				<onclick>90001</onclick>
				<visible>String.IsEqual(Container(9000).ListItem.Property(hasSubmenu),True)</visible>
				<include>VisibleFadeAnimation</include>
			</control>
			<include condition="Skin.HasSetting(HomeMenuNavVar)">MainMenuListFixed</include>
			<include condition="!Skin.HasSetting(HomeMenuNavVar)">MainMenuListWrapped</include>
		</control>
	</include>
	<include name="VerticalSubMenu">
		<control type="group" id="90001">
			<animation effect="rotatey" start="-180" end="0" time="800" loop="false" center="161" condition="Control.HasFocus(9010)">Conditional</animation>
			<animation effect="slide" end="-500,0" time="240">WindowClose</animation>
			<animation effect="fade" time="1" delay="200" end="100" condition="Control.HasFocus(9010)">Conditional</animation>
			<animation effect="fade" time="1" start="100" end="0" condition="!Control.HasFocus(9010)">Conditional</animation>
			<control type="list" id="9010">
				<animation effect="fade" time="1" delay="300" start="0" end="100" condition="Control.HasFocus(9010)">Conditional</animation>
				<top>390</top>
				<width>380</width>
				<height>540</height>
				<onup>9010</onup>
				<ondown>9010</ondown>
				<onright>9000</onright>
				<pagecontrol />
				<scrolltime tween="quadratic" easing="out">300</scrolltime>
				<itemlayout height="60" width="375">
					<control type="label">
						<left>8</left>
						<width>308</width>
						<height>60</height>
						<font>font16_title_bold</font>
						<textcolor>$VAR[UnfocusedSubMenuColor]</textcolor>
						<shadowcolor>shadow</shadowcolor>
						<align>center</align>
						<label>$INFO[ListItem.Label]</label>
					</control>
				</itemlayout>
				<focusedlayout height="60" width="375">
					<control type="image">
						<left>7</left>
						<width>314</width>
						<height>60</height>
						<texture colordiffuse="[HighlightBarColor]">listselect_fo.png</texture>
					</control>
					<control type="label">
						<left>8</left>
						<width>308</width>
						<height>60</height>
						<font>font16_title_bold</font>
						<textcolor>$VAR[FocusedSubMenuColor]</textcolor>
						<shadowcolor>$VAR[ThemeHomeLabelColor]</shadowcolor>
						<align>center</align>
						<label>$INFO[ListItem.Label]</label>
					</control>
				</focusedlayout>
				<content>
					<include>skinshortcuts-submenu</include>
				</content>
			</control>
		</control>
	</include>
	<include name="VerticalMenuSystemBars">
		<control type="group">
			<animation effect="slide" end="1870,0" time="240">WindowClose</animation>
			<animation effect="slide" start="1400,0" end="0,0" delay="300" time="240" condition="!Window.Previous(startup)">WindowOpen</animation>
			<animation effect="slide" start="1400,0" end="0,0" delay="800" time="480" condition="Window.Previous(startup)">WindowOpen</animation>
			<control type="group">
				<animation effect="slide" end="-330,0" time="320" tween="cubic" easing="inout" condition="ControlGroup(90010).HasFocus | ControlGroup(90020).HasFocus">Conditional</animation>
				<control type="group">
					<height>87</height>
					<control type="group">
						<visible>!Skin.HasSetting(SystemBarOnTop) | system.getbool(lookandfeel.enablerssfeeds)</visible>
						<control type="image">
							<left>390</left>
							<width>1940</width>
							<texture colordiffuse="$VAR[ThemeHomeSystemBarsColor]">submenu_bar_white.png</texture>
						</control>
						<control type="image">
							<left>302</left>
							<width>90</width>
							<texture colordiffuse="$VAR[ThemeHomeSystemBarsColor]">submenu_end_white.png</texture>
						</control>
					</control>
					<control type="group">
						<top>992</top>
						<visible>Skin.HasSetting(SystemBarOnTop) | system.getbool(lookandfeel.enablerssfeeds)</visible>
						<control type="image">
							<left>390</left>
							<width>1940</width>
							<texture colordiffuse="$VAR[ThemeHomeSystemBarsColor]" flipy="true">submenu_bar_white.png</texture>
						</control>
						<control type="image">
							<left>302</left>
							<width>90</width>
							<texture colordiffuse="$VAR[ThemeHomeSystemBarsColor]" flipy="true">submenu_end_white.png</texture>
						</control>
					</control>
				</control>
			</control>
			<control type="group">
				<animation effect="slide" end="0,1040" time="320" tween="cubic" easing="inout" condition="Skin.HasSetting(SystemBarOnTop)">Conditional</animation>
				<control type="group">
					<animation effect="slide" end="-410,0" time="320" tween="cubic" easing="inout" condition="$EXP[HasVerticalMenuWithExtended]">Conditional</animation>
					<include condition="System.HasAddon(service.library.data.provider)">PlayListStatsList</include>
					<control type="label">
						<left>485</left>
						<width>740</width>
						<height>40</height>
						<label>$VAR[LibraryStatsVar]</label>
						<scroll>true</scroll>
						<textoffsetx>15</textoffsetx>
						<font>font13_title</font>
						<textcolor>$VAR[ThemeHomeLabelColor]</textcolor>
						<shadowcolor>shadow</shadowcolor>
					</control>
				</control>
				<control type="grouplist" id="9020">
					<left>990</left>
					<width>920</width>
					<height>41</height>
					<align>right</align>
					<orientation>horizontal</orientation>
					<control type="multiimage">
						<width>65</width>
						<height>40</height>
						<imagepath>$VAR[WeatherIconsPathVar]$INFO[Weather.FanartCode]$VAR[WeatherIconsExtVar]</imagepath>
						<aspectratio>keep</aspectratio>
						<timeperimage>70</timeperimage>
						<fadetime>1</fadetime>
						<randomize>false</randomize>
						<visible>Weather.IsFetched + !String.IsEmpty(Weather.Plugin)</visible>
					</control>
					<control type="label" id="9023">
						<width>auto</width>
						<height>41</height>
						<label>$INFO[Weather.Temperature,,[COLOR grey] | [/COLOR]]</label>
						<font>font13_title</font>
						<textcolor>$VAR[ThemeHomeLabelColor]</textcolor>
						<visible>Weather.IsFetched + !String.IsEmpty(Weather.Plugin)</visible>
						<shadowcolor>shadow</shadowcolor>
					</control>
					<control type="label" id="9025">
						<width>auto</width>
						<height>41</height>
						<label>$INFO[System.Date,[COLOR grey], | [/COLOR]]$INFO[System.Time]</label>
						<font>font13_title</font>
						<textcolor>$VAR[ThemeHomeLabelColor]</textcolor>
						<shadowcolor>shadow</shadowcolor>
					</control>
				</control>
			</control>
		</control>
	</include>
	<!-- Layouts -->
	<include name="MainMenuListContent">
		<left>-290</left>
		<top>75</top>
		<width>2800</width>
		<height>100</height>
		<movement>1</movement>
		<scrolltime tween="quadratic" easing="out">300</scrolltime>
		<include condition="String.IsEqual(Skin.String(MainMenu.Layout),icons)">FocusPosition4</include>
		<include condition="!String.IsEqual(Skin.String(MainMenu.Layout),icons)">FocusPosition2</include>
		<orientation>horizontal</orientation>
		<onleft>9000</onleft>
		<onright>9000</onright>
		<onup condition="Control.IsVisible(9027)">9020</onup>
		<onup condition="!Control.IsVisible(9027) + Control.IsVisible(90010) + [!String.IsEqual(Skin.String(HorzMenu.Position),high) | !Control.IsVisible(90020)]">90010</onup>
		<onup condition="!Control.IsVisible(9027) + Control.IsVisible(90020)">90020</onup>
		<ondown condition="String.IsEqual(Container(9000).ListItem.Property(hasSubmenu),True)">9001</ondown>
		<ondown condition="!String.IsEqual(Container(9000).ListItem.Property(hasSubmenu),True) + Control.IsVisible(90010) + [String.IsEqual(Skin.String(HorzMenu.Position),high) | !Control.IsVisible(90020)]">90010</ondown>
		<ondown condition="!String.IsEqual(Container(9000).ListItem.Property(hasSubmenu),True) + Control.IsVisible(90020)">90020</ondown>
		<onback condition="Skin.HasSetting(Home.Hide) + !Player.Playing">SetFocus(64)</onback>
		<pagecontrol />
		<animation effect="slide" start="0" end="-350,0" time="320" tween="cubic" easing="inout" condition="String.IsEqual(Skin.String(MainMenu.Layout),3)">Conditional</animation>
		<animation effect="slide" start="0" end="-350,0" time="320" tween="cubic" easing="inout" condition="String.IsEmpty(Skin.String(MainMenu.Layout))">Conditional</animation>
		<animation effect="slide" start="0" end="-275,0" time="320" tween="cubic" easing="inout" condition="String.IsEqual(Skin.String(MainMenu.Layout),icons)">Conditional</animation>
		<animation effect="slide" start="0" end="0,20" time="320" tween="cubic" easing="inout" condition="String.IsEqual(Skin.String(MainMenu.Layout),icons) + Skin.HasSetting(Disable.IconsMenuLabel)">Conditional</animation>
		<animation effect="slide" end="-0,5" condition="String.IsEqual(Skin.Font,$LOCALIZE[31483])">Conditional</animation>
		<animation effect="fade" time="1" delay="500" start="0" end="100" condition="!Control.HasFocus(9010)">Conditional</animation>
		<itemlayout height="100" width="640" condition="String.IsEmpty(Skin.String(MainMenu.Layout))">
			<control type="label">
				<left>3</left>
				<top>3</top>
				<width>640</width>
				<height>90</height>
				<font>font_MainMenu</font>
				<textcolor>black</textcolor>
				<shadowcolor>black</shadowcolor>
				<align>center</align>
				<label>$INFO[ListItem.Label]</label>
			</control>
			<control type="label">
				<width>640</width>
				<height>90</height>
				<font>font_MainMenu</font>
				<textcolor>$VAR[UnfocusedMainMenuColor]</textcolor>
				<align>center</align>
				<label>$INFO[ListItem.Label]</label>
			</control>
		</itemlayout>
		<focusedlayout height="100" width="640" condition="String.IsEmpty(Skin.String(MainMenu.Layout))">
			<control type="group">
				<animation type="Focus" reversible="false">
					<effect type="zoom" start="90,90" end="116,126" time="320" tween="sine" easing="inout" center="210,66" />
					<effect type="fade" start="80" end="100" time="320" tween="sine" easing="in" />
				</animation>
				<control type="label">
					<width>640</width>
					<height>90</height>
					<font>font_MainMenu</font>
					<textcolor>$VAR[UnfocusedMainMenuColor]</textcolor>
					<align>center</align>
					<label>$INFO[ListItem.Label]</label>
				</control>
				<control type="label">
					<left>3</left>
					<top>3</top>
					<width>640</width>
					<height>90</height>
					<font>font_MainMenu</font>
					<textcolor>black</textcolor>
					<shadowcolor>black</shadowcolor>
					<align>center</align>
					<label>$INFO[ListItem.Label]</label>
					<visible>Control.HasFocus(9000)</visible>
					<include>VisibleFadeAnimation</include>
				</control>
				<control type="label">
					<width>640</width>
					<height>90</height>
					<font>font_MainMenu</font>
					<textcolor>$VAR[FocusedMainMenuColor]</textcolor>
					<shadowcolor>$VAR[ThemeHomeLabelColor]</shadowcolor>
					<align>center</align>
					<label>$INFO[ListItem.Label]</label>
					<visible>Control.HasFocus(9000)</visible>
					<include>VisibleFadeAnimation</include>
				</control>
			</control>
		</focusedlayout>
		<itemlayout height="100" width="350" condition="String.IsEqual(Skin.String(MainMenu.Layout),icons) + !String.IsEmpty(Skin.String(MainMenu.Layout))">
			<control type="image">
				<left>72</left>
				<top>-23</top>
				<width>105</width>
				<height>105</height>
				<texture background="true">$INFO[ListItem.Icon]</texture>
				<colordiffuse>grey3</colordiffuse>
			</control>
			<control type="label">
				<left>2</left>
				<top>62</top>
				<width>250</width>
				<height>41</height>
				<font>font13_title</font>
				<textcolor>black</textcolor>
				<shadowcolor>black</shadowcolor>
				<align>center</align>
				<label>[UPPERCASE]$INFO[ListItem.Label][/UPPERCASE]</label>
				<visible>String.IsEqual(Skin.String(MainMenu.Layout),icons) + !Skin.HasSetting(Disable.IconsMenuLabel)</visible>
			</control>
			<control type="label">
				<top>60</top>
				<width>250</width>
				<height>41</height>
				<font>font13_title</font>
				<textcolor>$VAR[UnfocusedMainMenuIconLabelColor]</textcolor>
				<align>center</align>
				<label>[UPPERCASE]$INFO[ListItem.Label][/UPPERCASE]</label>
				<visible>String.IsEqual(Skin.String(MainMenu.Layout),icons) + !Skin.HasSetting(Disable.IconsMenuLabel)</visible>
			</control>
		</itemlayout>
		<focusedlayout height="100" width="350" condition="String.IsEqual(Skin.String(MainMenu.Layout),icons) + !String.IsEmpty(Skin.String(MainMenu.Layout))">
			<control type="group">
				<animation type="Focus" reversible="false">
					<effect type="zoom" start="90,90" end="100,100" time="320" tween="sine" easing="inout" center="210,66" />
					<effect type="fade" start="80" end="100" time="320" tween="sine" easing="in" />
				</animation>
				<control type="image">
					<left>72</left>
					<top>-23</top>
					<width>105</width>
					<height>105</height>
					<texture background="true">$INFO[ListItem.Icon]</texture>
					<colordiffuse>$VAR[UnfocusedMainMenuColor]</colordiffuse>
				</control>
				<control type="image">
					<left>72</left>
					<top>-23</top>
					<width>105</width>
					<height>105</height>
					<texture background="true">$INFO[ListItem.Icon]</texture>
					<visible>Control.HasFocus(9000)</visible>
					<include>VisibleFadeAnimation</include>
					<colordiffuse>$VAR[ThemeHomeLabelColor]</colordiffuse>
				</control>
				<control type="label">
					<top>60</top>
					<width>250</width>
					<height>41</height>
					<font>font13_title</font>
					<textcolor>$VAR[UnfocusedMainMenuIconLabelColor]</textcolor>
					<align>center</align>
					<label>[UPPERCASE]$INFO[ListItem.Label][/UPPERCASE]</label>
					<visible>String.IsEqual(Skin.String(MainMenu.Layout),icons) + !Skin.HasSetting(Disable.IconsMenuLabel)</visible>
				</control>
				<control type="label">
					<left>2</left>
					<top>62</top>
					<width>250</width>
					<height>41</height>
					<font>font13_title</font>
					<textcolor>black</textcolor>
					<shadowcolor>black</shadowcolor>
					<align>center</align>
					<label>[UPPERCASE]$INFO[ListItem.Label][/UPPERCASE]</label>
					<visible>Control.HasFocus(9000) + String.IsEqual(Skin.String(MainMenu.Layout),icons) + !Skin.HasSetting(Disable.IconsMenuLabel)</visible>
				</control>
				<control type="label">
					<top>60</top>
					<width>250</width>
					<height>41</height>
					<font>font13_title</font>
					<textcolor>$VAR[FocusedMainMenuIconLabelColor]</textcolor>
					<shadowcolor>$VAR[ThemeHomeLabelColor]</shadowcolor>
					<align>center</align>
					<label>[UPPERCASE]$INFO[ListItem.Label][/UPPERCASE]</label>
					<visible>Control.HasFocus(9000) + String.IsEqual(Skin.String(MainMenu.Layout),icons) + !Skin.HasSetting(Disable.IconsMenuLabel)</visible>
				</control>
			</control>
		</focusedlayout>
		<content>
			<include>skinshortcuts-mainmenu</include>
		</content>
	</include>
	<include name="OneMainMenuItemListContent">
		<top>72</top>
		<left>740</left>
		<width>440</width>
		<height>100</height>
		<onleft>9000</onleft>
		<onright>9000</onright>
		<onup condition="Control.IsVisible(9027)">9020</onup>
		<onup condition="!Control.IsVisible(9027) + Control.IsVisible(90010) + [!String.IsEqual(Skin.String(HorzMenu.Position),high) | !Control.IsVisible(90020)]">90010</onup>
		<onup condition="!Control.IsVisible(9027) + Control.IsVisible(90020)">90020</onup>
		<ondown condition="String.IsEqual(Container(9000).ListItem.Property(hasSubmenu),True)">9001</ondown>
		<ondown condition="!String.IsEqual(Container(9000).ListItem.Property(hasSubmenu),True) + Control.IsVisible(90010) + [String.IsEqual(Skin.String(HorzMenu.Position),high) | !Control.IsVisible(90020)]">90010</ondown>
		<ondown condition="!String.IsEqual(Container(9000).ListItem.Property(hasSubmenu),True) + Control.IsVisible(90020)">90020</ondown>
		<onback condition="Skin.HasSetting(Home.Hide) + !Player.Playing">SetFocus(64)</onback>
		<pagecontrol />
		<scrolltime tween="quadratic" easing="out">400</scrolltime>
		<orientation>horizontal</orientation>
		<animation effect="fade" time="1" delay="500" start="0" end="100" condition="!Control.HasFocus(9010)">Conditional</animation>
		<itemlayout height="100" width="440">
			<control type="label">
				<top>3</top>
				<left>3</left>
				<width>100%</width>
				<height>90</height>
				<font>font_MainMenu</font>
				<textcolor>$VAR[UnfocusedMainMenuColor]</textcolor>
				<shadowcolor>black</shadowcolor>
				<align>center</align>
				<label>$INFO[ListItem.Label]</label>
			</control>
			<control type="label">
				<width>100%</width>
				<height>90</height>
				<font>font_MainMenu</font>
				<textcolor>$VAR[UnfocusedMainMenuColor]</textcolor>
				<align>center</align>
				<label>$INFO[ListItem.Label]</label>
			</control>
		</itemlayout>
		<focusedlayout height="100" width="440">
			<control type="group">
				<animation type="Focus" reversible="false">
					<effect type="zoom" start="90,90" end="116,126" time="320" tween="sine" easing="inout" center="210,66" />
					<effect type="fade" start="80" end="100" time="320" tween="sine" easing="in" />
				</animation>
				<control type="label">
					<width>100%</width>
					<height>90</height>
					<font>font_MainMenu</font>
					<textcolor>$VAR[UnfocusedMainMenuColor]</textcolor>
					<align>center</align>
					<label>$INFO[ListItem.Label]</label>
				</control>
				<control type="label">
					<top>3</top>
					<left>3</left>
					<width>100%</width>
					<height>90</height>
					<font>font_MainMenu</font>
					<textcolor>black</textcolor>
					<shadowcolor>black</shadowcolor>
					<align>center</align>
					<label>$INFO[ListItem.Label]</label>
					<visible>Control.HasFocus(9000)</visible>
					<include>VisibleFadeAnimation</include>
				</control>
				<control type="label">
					<width>100%</width>
					<height>90</height>
					<font>font_MainMenu</font>
					<textcolor>$VAR[FocusedMainMenuColor]</textcolor>
					<shadowcolor>$VAR[ThemeHomeLabelColor]</shadowcolor>
					<align>center</align>
					<label>$INFO[ListItem.Label]</label>
					<visible>Control.HasFocus(9000)</visible>
					<include>VisibleFadeAnimation</include>
				</control>
			</control>
		</focusedlayout>
		<content>
			<include>skinshortcuts-mainmenu</include>
		</content>
	</include>
	<include name="VerticalMainMenuListContent">
		<left>24</left>
		<top>-142</top>
		<width>400</width>
		<height>1400</height>
		<onup>9000</onup>
		<ondown>9000</ondown>
		<onleft>90001</onleft>
		<onright condition="Control.IsVisible(90010)">90010</onright>
		<onright condition="!Control.IsVisible(90010) + Control.IsVisible(90020)">90020</onright>
		<onright condition="!Control.IsVisible(90010) + !Control.IsVisible(90020) + Control.IsVisible(9027)">9020</onright>
		<onback condition="Skin.HasSetting(Home.Hide) + !Player.Playing">SetFocus(64)</onback>
		<pagecontrol />
		<focusposition>3</focusposition>
		<scrolltime tween="quadratic" easing="out">200</scrolltime>
		<animation effect="fade" time="1" delay="500" start="0" end="100" condition="!Control.HasFocus(9010)">Conditional</animation>
		<itemlayout height="194" width="380">
			<control type="label">
				<left>3</left>
				<top>3</top>
				<width>280</width>
				<height>194</height>
				<font>font_VerticalMainMenu</font>
				<textcolor>black</textcolor>
				<align>center</align>
				<label>[UPPERCASE]$INFO[ListItem.Label][/UPPERCASE]</label>
				<shadowcolor>black</shadowcolor>
			</control>
			<control type="label">
				<width>280</width>
				<height>194</height>
				<font>font_VerticalMainMenu</font>
				<textcolor>$VAR[UnfocusedMainMenuColor]</textcolor>
				<align>center</align>
				<label>[UPPERCASE]$INFO[ListItem.Label][/UPPERCASE]</label>
			</control>
		</itemlayout>
		<focusedlayout height="194" width="380">
			<control type="group">
				<animation type="Focus" reversible="false">
					<effect type="zoom" start="90,90" end="108,140" time="320" tween="sine" easing="inout" center="100,100" />
					<effect type="fade" start="80" end="100" time="320" tween="sine" easing="in" />
				</animation>
				<control type="label">
					<width>280</width>
					<height>194</height>
					<font>font_VerticalMainMenu</font>
					<textcolor>$VAR[UnfocusedMainMenuColor]</textcolor>
					<align>center</align>
					<label>[UPPERCASE]$INFO[ListItem.Label][/UPPERCASE]</label>
				</control>
				<control type="label">
					<left>3</left>
					<top>3</top>
					<width>280</width>
					<height>194</height>
					<font>font_VerticalMainMenu</font>
					<textcolor>black</textcolor>
					<align>center</align>
					<label>[UPPERCASE]$INFO[ListItem.Label][/UPPERCASE]</label>
					<include>VisibleFadeAnimation</include>
					<shadowcolor>black</shadowcolor>
				</control>
				<control type="label">
					<width>280</width>
					<height>194</height>
					<font>font_VerticalMainMenu</font>
					<textcolor>$VAR[FocusedMainMenuColor]</textcolor>
					<align>center</align>
					<label>[UPPERCASE]$INFO[ListItem.Label][/UPPERCASE]</label>
					<shadowcolor>$VAR[ThemeHomeLabelColor]</shadowcolor>
					<visible>Control.HasFocus(9000)</visible>
					<include>VisibleFadeAnimation</include>
				</control>
			</control>
		</focusedlayout>
		<content>
			<include>skinshortcuts-mainmenu</include>
		</content>
	</include>
	<!-- Fixed/Wrap -->
	<include name="MainMenuListFixed">
		<control type="fixedlist" id="9000">
			<include condition="!String.IsEqual(Skin.String(MainMenu.Layout),vertical)">MainMenuListContent</include>
			<include condition="String.IsEqual(Skin.String(MainMenu.Layout),vertical)">VerticalMainMenuListContent</include>
		</control>
	</include>
	<include name="MainMenuListWrapped">
		<control type="wraplist" id="9000">
			<include condition="!String.IsEqual(Skin.String(MainMenu.Layout),vertical) + !String.IsEqual(Skin.String(MainMenu.Layout),1)">MainMenuListContent</include>
			<include condition="String.IsEqual(Skin.String(MainMenu.Layout),1)">OneMainMenuItemListContent</include>
			<include condition="String.IsEqual(Skin.String(MainMenu.Layout),vertical)">VerticalMainMenuListContent</include>
		</control>
	</include>
	<!-- Focus -->
	<include name="FocusPosition4">
		<focusposition>4</focusposition>
	</include>
	<include name="FocusPosition2">
		<focusposition>2</focusposition>
	</include>
	<include name="PlayListStatsList">
		<control type="list" id="43260">
			<visible>String.IsEqual(Container(9000).ListItem.Property(InfoLine),$LOCALIZE[31097]) | String.IsEqual(Container(9000).ListItem.Property(InfoLine),$LOCALIZE[31098]) | String.IsEqual(Container(9000).ListItem.Property(InfoLine),$LOCALIZE[31099])</visible>
			<visible>!ControlGroup(9004).HasFocus()</visible>
			<width>1</width>
			<height>1</height>
			<focusedlayout />
			<itemlayout />
			<content>$VAR[PlaylistStatsContentVar]</content>
		</control>
	</include>
	<include name="HomeSearchButton">
		<control type="button" id="9027">
			<label></label>
			<textoffsetx>0</textoffsetx>
			<width>50</width>
			<height>41</height>
			<align>center</align>
			<font>IconTiny</font>
			<textcolor>grey</textcolor>
			<shadowcolor>shadow</shadowcolor>
			<onclick>SetProperty(CustomSelectSearch,True,Home)</onclick>
			<onclick>ActivateWindow(1129)</onclick>
			<animation type="Visible">
				<effect type="fade" start="0" end="100" tween="sine" easing="inout" time="300" />
				<effect type="zoom" start="50" end="100" center="auto" tween="sine" easing="inout" time="300" />
			</animation>
			<animation type="Hidden">
				<effect type="fade" start="100" end="0" tween="sine" easing="inout" time="300" />
				<effect type="zoom" start="100" end="50" center="auto" tween="sine" easing="inout" time="300" />
			</animation>
		</control>
	</include>
	<include name="SubmenuMouseButton">
		<control type="button" id="99100">
			<top>145</top>
			<height>87</height>
			<width>100%</width>
			<texturefocus />
			<texturenofocus />
			<label />
			<font />
		</control>
	</include>
	<!-- Now Playing Widgets -->
	<include name="NowPlayingVideoWidget">
		<!-- Video Info -->
		<control type="group">
			<visible>Player.HasVideo + !Window.IsActive(script-globalsearch.xml)</visible>
			<include>VisibleFadeAnimation</include>
			<animation effect="slide" tween="cubic" time="720" start="0,1080" end="0,0" condition="String.IsEqual(Skin.String(HorzMenu.Position),center) + !String.IsEqual(Skin.String(MainMenu.Layout),vertical)">WindowOpen</animation>
			<animation effect="slide" tween="cubic" time="720" end="0,1080" start="0,0" condition="String.IsEqual(Skin.String(HorzMenu.Position),center) + !String.IsEqual(Skin.String(MainMenu.Layout),vertical)">WindowClose</animation>
			<animation effect="slide" tween="cubic" time="720" start="0,-1080" end="0,0" condition="String.IsEmpty(Skin.String(HorzMenu.Position)) | String.IsEqual(Skin.String(MainMenu.Layout),vertical)">WindowOpen</animation>
			<animation effect="slide" tween="cubic" time="720" end="0,-1080" start="0,0" condition="String.IsEmpty(Skin.String(HorzMenu.Position)) | String.IsEqual(Skin.String(MainMenu.Layout),vertical)">WindowClose</animation>
			<animation effect="slide" end="0,610" time="320" tween="cubic" easing="inout" condition="String.IsEqual(Skin.String(HorzMenu.Position),center) + !String.IsEqual(Skin.String(MainMenu.Layout),vertical)">Conditional</animation>
			<animation effect="slide" end="425,-30" time="320" tween="cubic" easing="inout" condition="String.IsEqual(Skin.String(MainMenu.Layout),vertical)">Conditional</animation>
			<animation effect="slide" end="-410,0" time="320" tween="cubic" easing="inout" condition="String.IsEqual(Skin.String(MainMenu.Layout),vertical) + String.Contains(Container(9000).ListItem.Property(widgetStyle),Extended) + ControlGroup(90010).HasFocus">Conditional</animation>
			<animation effect="slide" end="-410,0" time="320" tween="cubic" easing="inout" condition="String.IsEqual(Skin.String(MainMenu.Layout),vertical) + String.Contains(Container(9000).ListItem.Property(widgetStyle.2),Extended) + ControlGroup(90020).HasFocus">Conditional</animation>
			<animation effect="fade" start="100" end="0" condition="[!String.IsEqual(Skin.String(MainMenu.Layout),vertical) + ControlGroup(90020).HasFocus] | [!String.IsEqual(Skin.String(MainMenu.Layout),vertical) + ControlGroup(90010).HasFocus + !String.IsEqual(Container(9000).ListItem.Property(widgetStyle),List) + [String.IsEqual(Container(9000).ListItem.Property(widgetPanelInfo),Enabled)]]">Conditional</animation>
			<control type="image">
				<width>1920</width>
				<height>600</height>
				<texture>gradient_floor.png</texture>
				<visible>String.IsEqual(Skin.String(HorzMenu.Position),center) + !String.IsEqual(Skin.String(MainMenu.Layout),vertical)</visible>
			</control>
			<control type="image">
				<width>1920</width>
				<height>600</height>
				<texture flipy="true">gradient_floor.png</texture>
				<visible>String.IsEmpty(Skin.String(HorzMenu.Position)) | String.IsEqual(Skin.String(MainMenu.Layout),vertical)</visible>
			</control>
			<control type="group">
				<left>40</left>
				<top>82</top>
				<visible>VideoPlayer.Content(movies) | VideoPlayer.Content(episodes)</visible>
				<control type="image">
					<top>-20</top>
					<left>-20</left>
					<width>240</width>
					<height>340</height>
					<texture fallback="DefaultVideoCover.png">$VAR[HomeNowPlayingThumbVar]</texture>
					<bordertexture border="20">thumbs/thumb_shadow.png</bordertexture>
					<bordersize>20</bordersize>
				</control>
				<control type="grouplist">
					<left>240</left>
					<height>300</height>
					<itemgap>10</itemgap>
					<align>center</align>
					<control type="label">
						<width>940</width>
						<height>40</height>
						<font>font48</font>
						<textcolor>white2</textcolor>
						<shadowcolor>black</shadowcolor>
						<label>$INFO[Player.Title]</label>
					</control>
					<control type="label">
						<width>940</width>
						<height>40</height>
						<font>font15_title</font>
						<textcolor>$VAR[ThemeHomeLabelColor]</textcolor>
						<shadowcolor>black</shadowcolor>
						<label>$INFO[VideoPlayer.TvShowTitle]</label>
						<visible>VideoPlayer.Content(episodes)</visible>
					</control>
					<control type="label">
						<width>940</width>
						<height>40</height>
						<font>font15</font>
						<textcolor>white2</textcolor>
						<shadowcolor>black</shadowcolor>
						<label>$INFO[VideoPlayer.Season,$LOCALIZE[20373] ,], $INFO[VideoPlayer.Episode,$LOCALIZE[20452] , , ]</label>
						<visible>VideoPlayer.Content(episodes)</visible>
					</control>
					<control type="label">
						<width>940</width>
						<height>40</height>
						<font>font15</font>
						<textcolor>white2</textcolor>
						<shadowcolor>black</shadowcolor>
						<label>$INFO[VideoPlayer.Premiered]</label>
						<visible>VideoPlayer.Content(episodes)</visible>
					</control>
					<control type="label">
						<width>940</width>
						<height>40</height>
						<font>font15_title</font>
						<textcolor>$VAR[ThemeHomeLabelColor]</textcolor>
						<shadowcolor>black</shadowcolor>
						<label>$INFO[VideoPlayer.Tagline]</label>
						<visible>VideoPlayer.Content(movies) + !String.IsEmpty(VideoPlayer.Tagline)</visible>
					</control>
					<control type="label">
						<width>940</width>
						<height>40</height>
						<font>font15</font>
						<textcolor>white2</textcolor>
						<shadowcolor>black</shadowcolor>
						<label>$INFO[VideoPlayer.Year]$INFO[VideoPlayer.Genre, | ]</label>
						<visible>VideoPlayer.Content(movies)</visible>
					</control>
					<control type="label">
						<width>940</width>
						<height>40</height>
						<font>font15</font>
						<textcolor>white2</textcolor>
						<shadowcolor>black</shadowcolor>
						<label>$INFO[VideoPlayer.Studio]</label>
						<visible>VideoPlayer.Content(movies)</visible>
					</control>
					<control type="label">
						<height>50</height>
						<width>940</width>
						<label>[COLOR white2]$INFO[Player.Time][/COLOR]$INFO[Player.Duration, / [COLOR=white2],[/COLOR]]</label>
						<font>font48</font>
						<textcolor>$VAR[ThemeHomeLabelColor]</textcolor>
						<shadowcolor>black</shadowcolor>
					</control>
				</control>
			</control>
			<control type="group">
				<left>40</left>
				<top>82</top>
				<visible>[VideoPlayer.Content(musicvideos) | VideoPlayer.Content(livetv) | Player.IsInternetStream] + ![VideoPlayer.Content(episodes) | VideoPlayer.Content(movies)]</visible>
				<control type="image">
					<top>-20</top>
					<left>-20</left>
					<width>340</width>
					<height>340</height>
					<texture colordiffuse="11FFFFFF">back.png</texture>
					<bordertexture border="20">thumbs/thumb_shadow.png</bordertexture>
					<bordersize>20</bordersize>
					<visible>![VideoPlayer.Content(livetv) | Player.IsInternetStream]</visible>
				</control>
				<control type="image">
					<width>300</width>
					<height>300</height>
					<aspectratio>keep</aspectratio>
					<texture fallback="DefaultVideoCover.png">$VAR[HomeNowPlayingThumbVar]</texture>
				</control>
				<control type="group">
					<left>340</left>
					<height>300</height>
					<control type="group">
						<visible>VideoPlayer.Content(livetv)</visible>
						<control type="label">
							<width>840</width>
							<height>40</height>
							<font>font48</font>
							<textcolor>white2</textcolor>
							<shadowcolor>black</shadowcolor>
							<label>$INFO[VideoPlayer.ChannelName]</label>
						</control>
						<!-- Player.Title with RecordingIcon -->
						<control type="group">
							<visible>String.IsEqual(VideoPlayer.ChannelName,PVR.NowRecordingChannel)</visible>
							<top>50</top>
							<height>80</height>
							<!-- RecordingIcon -->
							<control type="image">
								<width>40</width>
								<height>40</height>
								<texture>new_pvr/PVR-IsRecording.png</texture>
								<animation effect="fade" start="100" end="40" time="2000" pulse="true" condition="true">Conditional</animation>
								<visible>PVR.IsRecording</visible>
							</control>
							<control type="label">
								<width>840</width>
								<left>40</left>
								<height>40</height>
								<font>font48</font>
								<textcolor>$VAR[ThemeHomeLabelColor]</textcolor>
								<shadowcolor>black</shadowcolor>
								<label>$INFO[Player.Title]</label>
							</control>
						</control>
						<control type="label">
							<width>840</width>
							<height>40</height>
							<top>50</top>
							<font>font48</font>
							<textcolor>$VAR[ThemeHomeLabelColor]</textcolor>
							<shadowcolor>black</shadowcolor>
							<label>$INFO[Player.Title]</label>
							<visible>!String.IsEqual(VideoPlayer.ChannelName,PVR.NowRecordingChannel)</visible>
						</control>
						<control type="grouplist">
							<top>100</top>
							<itemgap>10</itemgap>
							<control type="textbox">
								<width>840</width>
								<height max="120">auto</height>
								<font>font15</font>
								<shadowcolor>black</shadowcolor>
								<label>$INFO[VideoPlayer.Plot]</label>
								<autoscroll time="3000" delay="4000" repeat="5000">Skin.HasSetting(Enable.AutoScroll)</autoscroll>
							</control>
							<control type="label">
								<height>50</height>
								<width>840</width>
								<top>-20</top>
								<label>[COLOR white2]+$VAR[PlayerTimeRemainingAltVar][/COLOR]$INFO[VideoPlayer.NextStartTime, $LOCALIZE[31393]: [COLOR=white2],[/COLOR]]</label>
								<font>font48</font>
								<textcolor>$VAR[ThemeHomeLabelColor]</textcolor>
								<shadowcolor>black</shadowcolor>
							</control>
						</control>
					</control>
					<control type="grouplist">
						<height>300</height>
						<itemgap>10</itemgap>
						<align>center</align>
						<control type="label">
							<width>840</width>
							<height>40</height>
							<font>font48</font>
							<textcolor>$VAR[ThemeHomeLabelColor]</textcolor>
							<shadowcolor>black</shadowcolor>
							<label>$INFO[Player.Title]</label>
							<visible>!VideoPlayer.Content(livetv)</visible>
						</control>
						<control type="label">
							<width>840</width>
							<height>40</height>
							<font>font15_title</font>
							<textcolor>$VAR[ThemeHomeLabelColor]</textcolor>
							<shadowcolor>black</shadowcolor>
							<label>$INFO[VideoPlayer.Artist]</label>
							<visible>!String.IsEmpty(VideoPlayer.Artist) + !String.IsEqual(VideoPlayer.Studio,VideoPlayer.Artist)</visible>
						</control>
						<control type="label">
							<width>940</width>
							<height>40</height>
							<font>font15</font>
							<textcolor>white2</textcolor>
							<shadowcolor>black</shadowcolor>
							<label>$INFO[VideoPlayer.Premiered]$INFO[VideoPlayer.Genre, | ]</label>
							<visible>!String.IsEmpty(VideoPlayer.Premiered)</visible>
						</control>
						<control type="label">
							<width>840</width>
							<height>40</height>
							<font>font15</font>
							<textcolor>white2</textcolor>
							<shadowcolor>black</shadowcolor>
							<label>$INFO[VideoPlayer.Year]$INFO[VideoPlayer.Genre, | ]</label>
							<visible>String.IsEmpty(VideoPlayer.Premiered)</visible>
							<visible>VideoPlayer.Content(musicvideos) | [!String.IsEmpty(VideoPlayer.Year) | !String.IsEmpty(VideoPlayer.Genre)]</visible>
						</control>
						<control type="label">
							<width>840</width>
							<height>40</height>
							<font>font15</font>
							<textcolor>white2</textcolor>
							<shadowcolor>black</shadowcolor>
							<label>$INFO[VideoPlayer.Studio]</label>
							<visible>VideoPlayer.Content(musicvideos) | !String.IsEmpty(VideoPlayer.Studio)</visible>
						</control>
						<control type="label">
							<height>50</height>
							<width>940</width>
							<label>[COLOR white2]$INFO[Player.Time][/COLOR]$INFO[Player.Duration, / [COLOR=white2],[/COLOR]]</label>
							<font>font48</font>
							<textcolor>$VAR[ThemeHomeLabelColor]</textcolor>
							<shadowcolor>black</shadowcolor>
						</control>
					</control>
				</control>
			</control>
		</control>
	</include>
	<include name="NowPlayingMusicWidget">
		<!-- Music Info -->
		<control type="group">
			<visible>!Window.Next(musicplaylist) + !Window.Next(visualisation)</visible>
			<control type="group">
				<visible>Player.HasAudio + !Window.IsActive(script-globalsearch.xml)</visible>
				<include>VisibleFadeAnimation</include>
				<animation effect="slide" tween="cubic" time="720" start="0,1080" end="0,0" condition="String.IsEqual(Skin.String(HorzMenu.Position),center) + !String.IsEqual(Skin.String(MainMenu.Layout),vertical)">WindowOpen</animation>
				<animation effect="slide" tween="cubic" time="720" end="0,1080" start="0,0" condition="String.IsEqual(Skin.String(HorzMenu.Position),center) + !String.IsEqual(Skin.String(MainMenu.Layout),vertical)">WindowClose</animation>
				<animation effect="slide" tween="cubic" time="720" start="0,-1080" end="0,0" condition="String.IsEmpty(Skin.String(HorzMenu.Position)) | String.IsEqual(Skin.String(MainMenu.Layout),vertical)">WindowOpen</animation>
				<animation effect="slide" tween="cubic" time="720" end="0,-1080" start="0,0" condition="String.IsEmpty(Skin.String(HorzMenu.Position)) | String.IsEqual(Skin.String(MainMenu.Layout),vertical)">WindowClose</animation>
				<animation effect="slide" end="0,615" time="320" tween="cubic" easing="inout" condition="String.IsEqual(Skin.String(HorzMenu.Position),center) + !String.IsEqual(Skin.String(MainMenu.Layout),vertical)">Conditional</animation>
				<animation effect="slide" end="425,-30" time="320" tween="cubic" easing="inout" condition="String.IsEqual(Skin.String(MainMenu.Layout),vertical)">Conditional</animation>
				<animation effect="slide" end="-410,0" time="320" tween="cubic" easing="inout" condition="String.IsEqual(Skin.String(MainMenu.Layout),vertical) + String.Contains(Container(9000).ListItem.Property(widgetStyle),Extended) + ControlGroup(90010).HasFocus">Conditional</animation>
				<animation effect="slide" end="-410,0" time="320" tween="cubic" easing="inout" condition="String.IsEqual(Skin.String(MainMenu.Layout),vertical) + String.Contains(Container(9000).ListItem.Property(widgetStyle.2),Extended) + ControlGroup(90020).HasFocus">Conditional</animation>
				<animation effect="fade" start="100" end="0" condition="[!String.IsEqual(Skin.String(MainMenu.Layout),vertical) + ControlGroup(90020).HasFocus] | [!String.IsEqual(Skin.String(MainMenu.Layout),vertical) + ControlGroup(90010).HasFocus + !String.IsEqual(Container(9000).ListItem.Property(widgetStyle),List) + [String.IsEqual(Container(9000).ListItem.Property(widgetPanelInfo),Enabled)]]">Conditional</animation>
				<control type="image">
					<width>1920</width>
					<height>600</height>
					<texture>gradient_floor.png</texture>
					<visible>String.IsEqual(Skin.String(HorzMenu.Position),center) + !String.IsEqual(Skin.String(MainMenu.Layout),vertical)</visible>
				</control>
				<control type="image">
					<width>1920</width>
					<height>600</height>
					<texture flipy="true">gradient_floor.png</texture>
					<visible>String.IsEmpty(Skin.String(HorzMenu.Position)) | String.IsEqual(Skin.String(MainMenu.Layout),vertical)</visible>
				</control>
				<control type="group">
					<left>40</left>
					<top>82</top>
					<visible>!Player.IsInternetStream + !VideoPlayer.Content(livetv)</visible>
					<control type="image">
						<left>90</left>
						<top>-30</top>
						<width>360</width>
						<height>360</height>
						<aligny>top</aligny>
						<aspectratio align="left">keep</aspectratio>
						<fadetime>300</fadetime>
						<animation effect="rotate" end="-360" center="auto" time="8333" loop="true" reversible="false" condition="!Player.Paused">Conditional</animation>
						<texture background="true" diffuse="thumbs/boxes/cdart_mask.png">$VAR[PlayerArtworkDiscVar]</texture>
						<bordersize>30</bordersize>
					</control>
					<control type="image">
						<left>-28</left>
						<top>-28</top>
						<width>356</width>
						<height>356</height>
						<aspectratio align="center">scale</aspectratio>
						<texture diffuse="thumbs/boxes/cdcover_mask2.png" fallback="DefaultAlbumCover.png">$INFO[Player.Art(thumb)]</texture>
						<bordertexture border="28">thumbs/boxes/cd_shadow2.png</bordertexture>
						<bordersize>28</bordersize>
					</control>
					<control type="grouplist">
						<left>430</left>
						<height>300</height>
						<itemgap>10</itemgap>
						<align>center</align>
						<control type="label">
							<width>750</width>
							<height>40</height>
							<font>font48</font>
							<textcolor>white2</textcolor>
							<shadowcolor>black</shadowcolor>
							<label>$INFO[MusicPlayer.TrackNumber,,. ]$INFO[Player.Title]</label>
						</control>
						<control type="label">
							<width>750</width>
							<height>40</height>
							<font>font15_title</font>
							<textcolor>$VAR[ThemeHomeLabelColor]</textcolor>
							<shadowcolor>black</shadowcolor>
							<label>$INFO[MusicPlayer.Artist]</label>
						</control>
						<control type="label">
							<width>750</width>
							<height>40</height>
							<font>font15</font>
							<textcolor>white2</textcolor>
							<shadowcolor>black</shadowcolor>
							<label>$INFO[MusicPlayer.Album]$INFO[musicplayer.discnumber, - $LOCALIZE[427]:]</label>
						</control>
						<control type="label">
							<width>750</width>
							<height>40</height>
							<font>font15</font>
							<textcolor>$VAR[ThemeHomeLabelColor]</textcolor>
							<shadowcolor>black</shadowcolor>
							<label>$INFO[MusicPlayer.offset(1).TrackNumber,$LOCALIZE[19031]: [COLOR white2],.[/COLOR] ][COLOR white2]$INFO[MusicPlayer.offset(1).Artist,, - ]$INFO[MusicPlayer.offset(1).Title][/COLOR]</label>
						</control>
						<control type="label">
							<height>50</height>
							<width>750</width>
							<label>[COLOR white2]$INFO[Player.Time][/COLOR]$INFO[Player.Duration, / [COLOR=white2],[/COLOR]]</label>
							<font>font48</font>
							<textcolor>$VAR[ThemeHomeLabelColor]</textcolor>
							<shadowcolor>black</shadowcolor>
						</control>
					</control>
				</control>
				<control type="group">
					<left>40</left>
					<top>82</top>
					<visible>Player.IsInternetStream | VideoPlayer.Content(livetv)</visible>
					<control type="image">
						<width>340</width>
						<height>340</height>
						<aspectratio>keep</aspectratio>
						<bordersize>20</bordersize>
						<bordertexture border="20">thumbs/thumb_shadow.png</bordertexture>
						<texture fallback="DefaultVideoCover.png">$VAR[HomeNowPlayingThumbVar]</texture>
					</control>
					<control type="grouplist">
						<left>340</left>
						<height>300</height>
						<itemgap>10</itemgap>
						<align>center</align>
						<control type="label">
							<width>840</width>
							<height>40</height>
							<font>font48</font>
							<textcolor>white2</textcolor>
							<shadowcolor>black</shadowcolor>
							<label>$INFO[VideoPlayer.ChannelName]</label>
							<visible>VideoPlayer.Content(livetv)</visible>
						</control>
						<control type="label">
							<width>830</width>
							<height>40</height>
							<font>font48</font>
							<textcolor>white2</textcolor>
							<shadowcolor>black</shadowcolor>
							<label>$INFO[Player.Title]</label>
						</control>
						<control type="label">
							<width>830</width>
							<height>40</height>
							<font>font15_title</font>
							<textcolor>$VAR[ThemeHomeLabelColor]</textcolor>
							<shadowcolor>black</shadowcolor>
							<label>$INFO[MusicPlayer.Artist]</label>
							<visible>Player.IsInternetStream + !String.IsEmpty(MusicPlayer.Artist)</visible>
						</control>
						<control type="label">
							<width>830</width>
							<height>40</height>
							<font>font15</font>
							<textcolor>white2</textcolor>
							<shadowcolor>black</shadowcolor>
							<label>$INFO[MusicPlayer.Genre]</label>
							<visible>Player.IsInternetStream + !String.IsEmpty(MusicPlayer.Genre)</visible>
						</control>
						<control type="label">
							<width>830</width>
							<height>40</height>
							<font>font15</font>
							<textcolor>white2</textcolor>
							<shadowcolor>black</shadowcolor>
							<label>[COLOR=$VAR[ThemeHomeLabelColor]]$LOCALIZE[19031]:[/COLOR] $INFO[MusicPlayer.offset(1).Title]</label>
							<visible>Player.IsInternetStream + !String.IsEmpty(MusicPlayer.offset(1).Title)</visible>
						</control>
						<control type="textbox">
							<width>840</width>
							<height max="120">auto</height>
							<font>font15</font>
							<shadowcolor>black</shadowcolor>
							<label>$INFO[VideoPlayer.Plot]</label>
							<visible>VideoPlayer.Content(livetv)</visible>
							<autoscroll time="3000" delay="4000" repeat="5000">Skin.HasSetting(Enable.AutoScroll)</autoscroll>
						</control>
						<control type="label">
							<height>50</height>
							<width>830</width>
							<label>[COLOR=white2]$INFO[Player.Time][/COLOR]$INFO[Player.Duration, / [COLOR=white2],[/COLOR]]</label>
							<font>font48</font>
							<textcolor>$VAR[ThemeHomeLabelColor]</textcolor>
							<shadowcolor>black</shadowcolor>
						</control>
					</control>
				</control>
			</control>
		</control>
	</include>
	<!-- RSS Feed -->
	<include name="RSSFeed">
		<control type="group">
			<top>1040</top>
			<include>WindowOpenCloseAnimation</include>
			<animation effect="slide" end="0,-1045" time="320" tween="cubic" easing="inout" condition="Skin.HasSetting(SystemBarOnTop)">Conditional</animation>
			<control type="group">
				<visible>!String.IsEqual(Skin.String(HorizontalRSSPosition),low)</visible>
				<width>100%</width>
				<height>87</height>
				<control type="group">
					<visible>!String.IsEmpty(Skin.String(HorizontalRSSPosition))</visible>
					<control type="image">
						<texture colordiffuse="$VAR[ThemeHomeSystemBarsColor]">submenu_bar.png</texture>
						<visible>[String.IsEmpty(Skin.String(ThemeHomeMenuBarColor)) | String.IsEqual(Skin.String(ThemeHomeMenuBarColor),None)] + [String.IsEmpty(Skin.String(ThemeHomeSystemBarsColor)) | String.IsEqual(Skin.String(ThemeHomeSystemBarsColor),None)]</visible>
					</control>
					<control type="image">
						<texture colordiffuse="$VAR[ThemeHomeSystemBarsColor]">submenu_bar_white.png</texture>
						<visible>[!String.IsEmpty(Skin.String(ThemeHomeMenuBarColor)) + !String.IsEqual(Skin.String(ThemeHomeMenuBarColor),None)] | [!String.IsEmpty(Skin.String(ThemeHomeSystemBarsColor)) + !String.IsEqual(Skin.String(ThemeHomeSystemBarsColor),None)]</visible>
					</control>
				</control>
				<control type="group">
					<visible>String.IsEmpty(Skin.String(HorizontalRSSPosition))</visible>
					<top>1</top>
					<control type="image">
						<texture colordiffuse="$VAR[ThemeHomeSystemBarsColor]">submenu_bar.png</texture>
						<visible>[String.IsEmpty(Skin.String(ThemeHomeMenuBarColor)) | String.IsEqual(Skin.String(ThemeHomeMenuBarColor),None)] + [String.IsEmpty(Skin.String(ThemeHomeSystemBarsColor)) | String.IsEqual(Skin.String(ThemeHomeSystemBarsColor),None)]</visible>
					</control>
					<control type="image">
						<top>2</top>
						<height>85</height>
						<texture colordiffuse="$VAR[ThemeHomeSystemBarsColor]">submenu_bar_white.png</texture>
						<visible>[!String.IsEmpty(Skin.String(ThemeHomeMenuBarColor)) + !String.IsEqual(Skin.String(ThemeHomeMenuBarColor),None)] | [!String.IsEmpty(Skin.String(ThemeHomeSystemBarsColor)) + !String.IsEqual(Skin.String(ThemeHomeSystemBarsColor),None)]</visible>
					</control>
				</control>
			</control>
			<control type="group">
				<top>-43.5</top>
				<width>100%</width>
				<height>87</height>
				<visible>String.IsEqual(Skin.String(HorizontalRSSPosition),low)</visible>
				<control type="image">
					<texture colordiffuse="$VAR[ThemeHomeSystemBarsColor]" flipy="true">submenu_bar.png</texture>
					<visible>[String.IsEmpty(Skin.String(ThemeHomeMenuBarColor)) | String.IsEqual(Skin.String(ThemeHomeMenuBarColor),None)] + [String.IsEmpty(Skin.String(ThemeHomeSystemBarsColor)) | String.IsEqual(Skin.String(ThemeHomeSystemBarsColor),None)]</visible>
				</control>
				<control type="image">
					<texture colordiffuse="$VAR[ThemeHomeSystemBarsColor]" flipy="true">submenu_bar_white.png</texture>
					<visible>[!String.IsEmpty(Skin.String(ThemeHomeMenuBarColor)) + !String.IsEqual(Skin.String(ThemeHomeMenuBarColor),None)] | [!String.IsEmpty(Skin.String(ThemeHomeSystemBarsColor)) + !String.IsEqual(Skin.String(ThemeHomeSystemBarsColor),None)]</visible>
				</control>
			</control>
			<control type="label">
				<left>1880</left>
				<width>60</width>
				<height>41</height>
				<label></label>
				<font>IconSmall</font>
				<textcolor>$VAR[ThemeHomeLabelColor]</textcolor>
			</control>
			<control type="rss">
				<left>20</left>
				<height>30</height>
				<width>1858</width>
				<font>font13</font>
				<urlset>1</urlset>
				<textcolor>$VAR[ThemeHomeLabelColor]</textcolor>
				<titlecolor>$VAR[ThemeHomeLabelColor]</titlecolor>
				<headlinecolor>$VAR[RSSFeedColor]</headlinecolor>
				<shadowcolor>shadow</shadowcolor>
				<visible>!String.IsEmpty(Skin.String(HorizontalRSSPosition))</visible>
			</control>
			<control type="rss">
				<left>5</left>
				<height>30</height>
				<width>1865</width>
				<font>font13</font>
				<urlset>1</urlset>
				<textcolor>$VAR[ThemeHomeLabelColor]</textcolor>
				<titlecolor>$VAR[ThemeHomeLabelColor]</titlecolor>
				<headlinecolor>$VAR[RSSFeedColor]</headlinecolor>
				<shadowcolor>shadow</shadowcolor>
				<visible>String.IsEmpty(Skin.String(HorizontalRSSPosition))</visible>
			</control>
		</control>
	</include>
	<include name="RSSFeed2">
		<control type="group">
			<animation effect="slide" tween="cubic" time="720" start="0,-1080" end="0,0" condition="!String.IsEqual(Skin.String(MainMenu.Layout),vertical)">WindowOpen</animation>
			<animation effect="slide" tween="cubic" time="720" end="0,-1080" start="0,0" condition="!String.IsEqual(Skin.String(MainMenu.Layout),vertical)">WindowClose</animation>
			<top>993</top>
			<control type="group">
				<width>100%</width>
				<height>87</height>
				<animation effect="rotatex" end="180" time="320" center="20" tween="cubic" easing="inout" condition="true">Conditional</animation>
				<control type="image">
					<texture colordiffuse="$VAR[ThemeHomeSystemBarsColor]" flipy="true">submenu_bar.png</texture>
					<visible>[String.IsEmpty(Skin.String(ThemeHomeMenuBarColor)) | String.IsEqual(Skin.String(ThemeHomeMenuBarColor),None)] + [String.IsEmpty(Skin.String(ThemeHomeSystemBarsColor)) | String.IsEqual(Skin.String(ThemeHomeSystemBarsColor),None)]</visible>
				</control>
				<control type="image">
					<texture colordiffuse="$VAR[ThemeHomeSystemBarsColor]" flipy="true">submenu_bar_white.png</texture>
					<visible>[!String.IsEmpty(Skin.String(ThemeHomeMenuBarColor)) + !String.IsEqual(Skin.String(ThemeHomeMenuBarColor),None)] | [!String.IsEmpty(Skin.String(ThemeHomeSystemBarsColor)) + !String.IsEqual(Skin.String(ThemeHomeSystemBarsColor),None)]</visible>
				</control>
			</control>
			<control type="group">
				<control type="label">
					<left>1880</left>
					<top>42</top>
					<width>60</width>
					<height>41</height>
					<label></label>
					<font>IconSmall</font>
					<textcolor>$VAR[ThemeHomeLabelColor]</textcolor>
				</control>
				<control type="rss">
					<left>20</left>
					<top>43</top>
					<height>30</height>
					<width>1858</width>
					<font>font13</font>
					<urlset>1</urlset>
					<textcolor>$VAR[ThemeHomeLabelColor]</textcolor>
					<titlecolor>$VAR[ThemeHomeLabelColor]</titlecolor>
					<headlinecolor>$VAR[RSSFeedColor]</headlinecolor>
					<shadowcolor>shadow</shadowcolor>
				</control>
			</control>
		</control>
	</include>
	<include name="RSSFeedVerticalMenu">
		<control type="group">
			<animation effect="slide" end="1870,0" time="240">WindowClose</animation>
			<animation effect="slide" start="1400,0" end="0,0" delay="300" time="240" condition="!Window.Previous(startup)">WindowOpen</animation>
			<animation effect="slide" start="1400,0" end="0,0" delay="800" time="480" condition="Window.Previous(startup)">WindowOpen</animation>
			<animation effect="slide" end="1250,0" time="320" tween="cubic" easing="inout" condition="!system.getbool(lookandfeel.enablerssfeeds)">Conditional</animation>
			<animation effect="slide" end="100,0" time="320" tween="cubic" easing="inout" condition="!system.getbool(lookandfeel.enablerssfeeds) + !Skin.HasSetting(Disable.SearchButton) + !System.HasMediaDVD">Conditional</animation>
			<animation effect="slide" end="50,0" time="320" tween="cubic" easing="inout" condition="!system.getbool(lookandfeel.enablerssfeeds) + Skin.HasSetting(Disable.SearchButton) + System.HasMediaDVD">Conditional</animation>
			<visible>system.getbool(lookandfeel.enablerssfeeds) | [System.HasAddon(script.globalsearch) + !Skin.HasSetting(Disable.SearchButton)] | System.HasMediaDVD</visible>
			<top>1038</top>
			<control type="group">
				<animation effect="slide" end="0,-1040" time="320" tween="cubic" easing="inout" condition="Skin.HasSetting(SystemBarOnTop)">Conditional</animation>
				<control type="grouplist" id="9020">
					<top>3</top>
					<left>383</left>
					<width>1890</width>
					<height>41</height>
					<orientation>horizontal</orientation>
					<onleft>9000</onleft>
					<ondown condition="Control.IsVisible(90010)">90010</ondown>
					<ondown condition="!Control.IsVisible(90010) + Control.IsVisible(90020)">90020</ondown>
					<ondown condition="!Control.IsVisible(90010) + !Control.IsVisible(90020)">9000</ondown>
					<onup condition="Control.IsVisible(90020)">90020</onup>
					<onup condition="Control.IsVisible(90010) + !Control.IsVisible(90020)">90010</onup>
					<onup condition="!Control.IsVisible(90010) + !Control.IsVisible(90020)">9000</onup>
					<animation effect="slide" end="-410,0" time="320" tween="cubic" easing="inout" condition="String.Contains(Container(9000).ListItem.Property(widgetStyle),Extended) + ControlGroup(90010).HasFocus">Conditional</animation>
					<animation effect="slide" end="-410,0" time="320" tween="cubic" easing="inout" condition="String.Contains(Container(9000).ListItem.Property(widgetStyle.2),Extended) + ControlGroup(90020).HasFocus">Conditional</animation>
					<include condition="System.HasAddon(script.globalsearch) + !Skin.HasSetting(Disable.SearchButton)">HomeSearchButton</include>
					<control type="label">
						<width>410</width>
						<label />
						<visible>!ControlGroup(90010).HasFocus | [!String.Contains(Container(9000).ListItem.Property(widgetStyle),Extended) + ControlGroup(90010).HasFocus]</visible>
						<visible>!ControlGroup(90020).HasFocus | [!String.Contains(Container(9000).ListItem.Property(widgetStyle.2),Extended) + ControlGroup(90020).HasFocus]</visible>
					</control>
					<control type="rss">
						<height>30</height>
						<width min="1210" max="1770">auto</width>
						<font>font13</font>
						<urlset>1</urlset>
						<textcolor>$VAR[ThemeHomeLabelColor]</textcolor>
						<titlecolor>$VAR[ThemeHomeLabelColor]</titlecolor>
						<headlinecolor>$VAR[RSSFeedColor]</headlinecolor>
						<shadowcolor>shadow</shadowcolor>
						<visible>system.getbool(lookandfeel.enablerssfeeds)</visible>
						<animation effect="slide" end="-410,0" condition="[!ControlGroup(90010).HasFocus + !ControlGroup(90020).HasFocus] | [!String.Contains(Container(9000).ListItem.Property(widgetStyle),Extended) + ControlGroup(90010).HasFocus] | [!String.Contains(Container(9000).ListItem.Property(widgetStyle.2),Extended) + ControlGroup(90020).HasFocus]">Conditional</animation>
					</control>
				</control>
				<control type="label">
					<left>1880</left>
					<width>60</width>
					<height>41</height>
					<label></label>
					<font>IconSmall</font>
					<textcolor>$VAR[ThemeHomeLabelColor]</textcolor>
					<visible>system.getbool(lookandfeel.enablerssfeeds)</visible>
				</control>
			</control>
		</control>
	</include>
	<include name="LiveTVWidget">
		<control type="group">
			<left>490r</left>
			<top>45</top>
			<visible>!String.IsEmpty(Container(9000).ListItem.Property(widgetLiveTV))</visible>
			<include>WindowOpenCloseAnimation</include>
			<animation effect="fade" time="300">Visible</animation>
			<animation effect="fade" start="100" end="0" time="200" condition="ControlGroup(90020).HasFocus">Conditional</animation>
			<animation effect="slide" end="0,735" time="0" tween="cubic" easing="inout" condition="[String.IsEqual(Skin.String(HorzMenu.Position),center) | String.IsEqual(Skin.String(MainMenu.Layout),vertical)]">Conditional</animation>
			<!-- NextRecording -->
			<control type="group">
				<animation effect="slide" end="0,120" time="0" condition="PVR.IsRecording">Conditional</animation>
				<visible>PVR.HasNonRecordingTimer</visible>
				<height>120</height>
				<control type="image">
					<left>-200</left>
					<width>800</width>
					<height>120</height>
					<texture flipx="true" border="40,0,0,0" >side_fade.png</texture>
				</control>
				<control type="image">
					<left>390</left>
					<width>90</width>
					<height>120</height>
					<aspectratio>keep</aspectratio>
					<texture background="true" fallback="DefaultTVShows.png">$INFO[PVR.NextRecordingChannelIcon]</texture>
				</control>
				<control type="label">
					<left>340</left>
					<top>12</top>
					<height>26</height>
					<width>26</width>
					<textoffsetx>15</textoffsetx>
					<font>IconTiny</font>
					<textcolor>$VAR[ThemeHomeLabelColor]</textcolor>
					<label></label>
				</control>
				<control type="label">
					<left>-55</left>
					<top>12</top>
					<height>25</height>
					<width>400</width>
					<label>$LOCALIZE[19157][COLOR=grey]$INFO[PVR.NextRecordingChannel, - ,][/COLOR]</label>
					<align>right</align>
					<textcolor>$VAR[ThemeHomeLabelColor]</textcolor>
					<shadowcolor>black</shadowcolor>
				</control>
				<control type="label">
					<left>-20</left>
					<top>48</top>
					<height>25</height>
					<width>400</width>
					<label>$INFO[PVR.NextRecordingDateTime,$LOCALIZE[19126] - ]</label>
					<align>right</align>
					<scroll>true</scroll>
					<shadowcolor>black</shadowcolor>
				</control>
				<control type="label">
					<left>-420</left>
					<top>85</top>
					<height>25</height>
					<width>800</width>
					<label>$INFO[PVR.NextRecordingTitle]</label>
					<align>right</align>
					<font>font13_title</font>
					<shadowcolor>black</shadowcolor>
					<scroll>true</scroll>
				</control>
			</control>
			<!-- CurrentlyRecording -->
			<control type="group">
				<visible>PVR.IsRecording</visible>
				<height>150</height>
				<control type="image">
					<left>-200</left>
					<width>800</width>
					<height>120</height>
					<texture flipx="true" border="40,0,0,0" >side_fade.png</texture>
				</control>
				<control type="image">
					<left>390</left>
					<width>90</width>
					<height>120</height>
					<aspectratio>keep</aspectratio>
					<texture background="true" fallback="DefaultTVShows.png">$INFO[PVR.NowRecordingChannelIcon]</texture>
				</control>
				<control type="image">
					<left>340</left>
					<top>6</top>
					<visible>PVR.IsRecording</visible>
					<width>40</width>
					<height>40</height>
					<texture>new_pvr/PVR-IsRecording.png</texture>
					<animation effect="fade" start="100" end="40" time="2000" pulse="true" condition="true">Conditional</animation>
				</control>
				<control type="label">
					<left>-155</left>
					<top>12</top>
					<height>25</height>
					<width>500</width>
					<label>$LOCALIZE[19158][COLOR=grey]$INFO[PVR.NowRecordingChannel, - ,][/COLOR] $INFO[VideoPlayer.ChannelName]</label>
					<align>right</align>
					<textcolor>$VAR[ThemeHomeLabelColor]</textcolor>
					<shadowcolor>black</shadowcolor>
				</control>
				<control type="label">
					<left>-120</left>
					<top>48</top>
					<height>25</height>
					<width>500</width>
					<label>$INFO[PVR.NowRecordingDateTime,$LOCALIZE[19126] - ]</label>
					<align>right</align>
					<scroll>true</scroll>
					<shadowcolor>black</shadowcolor>
				</control>
				<control type="label">
					<left>-120</left>
					<top>85</top>
					<height>25</height>
					<width>500</width>
					<label>$INFO[PVR.NowRecordingTitle]</label>
					<align>right</align>
					<font>font13_title</font>
					<shadowcolor>black</shadowcolor>
					<scroll>true</scroll>
				</control>
			</control>
		</control>
	</include>
	<include name="FanartTitle">
		<control type="button">
			<top>1000</top>
			<width min="0" max="450">auto</width>
			<font>font10</font>
			<textcolor>FFDFDFDF</textcolor>
			<shadowcolor />
			<aligny>top</aligny>
			<textoffsetx>30</textoffsetx>
			<textoffsety>5</textoffsety>
			<label>$VAR[FanartTitleVar]</label>
			<texturenofocus border="30,0,30,30">text_shadow.png</texturenofocus>
			<include>VisibleFadeAnimation</include>
			<include>WindowOpenCloseAnimation</include>
			<animation effect="fade" time="600">WindowOpen</animation>
			<animation effect="fade" time="600">WindowClose</animation>
			<animation effect="slide" end="0,40" time="300" tween="cubic" easing="inout" condition="String.IsEqual(Skin.String(MainMenu.Layout),vertical)">Conditional</animation>
			<visible>![ControlGroup(90010).HasFocus() | ControlGroup(90020).HasFocus()] | [!String.IsEmpty(Container(9000).ListItem.Property(widgetDisableFanart)) + ControlGroup(90010).HasFocus() | !ControlGroup(90010).HasFocus()] + [!String.IsEmpty(Container(9000).ListItem.Property(widgetDisableFanart.2)) + ControlGroup(90020).HasFocus() | !ControlGroup(90020).HasFocus()]</visible>
			<visible>[String.Contains(Container(9000).ListItem.Property(background),i:playlist) | String.EndsWith(Container(9000).ListItem.Property(background),.Fanart)] + !String.IsEqual(Container(9000).ListItem.Property(background),Weather.Fanart) + ![Player.HasVideo + !Skin.HasSetting(Disable.ShowBackgroundVideo)]</visible>
		</control>
	</include>
</includes>