<?xml version="1.0" encoding="UTF-8"?>
<shortcuts>
	<shortcut>
		<defaultID>favs</defaultID>
		<label>Favs</label>
		<label2 />
		<icon>Favorites.png</icon>
		<thumb />
		<action>ActivateWindow(Favourites)</action>
	</shortcut>
	<shortcut>
		<defaultID>programs</defaultID>
		<label>31957</label>
		<label2 />
		<icon>DefaultProgram.png</icon>
		<thumb />
		<action>ActivateWindow(1133)</action>
	</shortcut>
	<shortcut>
		<defaultID>settings</defaultID>
		<label>13000</label>
		<label2 />
		<icon>DefaultAddonService.png</icon>
		<thumb />
		<action>ActivateWindow(Settings)</action>
	</shortcut>
	<shortcut>
		<defaultID>movies</defaultID>
		<label>20342</label>
		<label2 />
		<icon>DefaultMovies.png</icon>
		<thumb />
		<action>ActivateWindow(Videos,videodb://movies/titles/,return)</action>
	</shortcut>
	<shortcut>
		<defaultID>tvshows</defaultID>
		<label>20343</label>
		<label2 />
		<icon>DefaultTVShows.png</icon>
		<thumb />
		<action>ActivateWindow(Videos,videodb://tvshows/titles/,return)</action>
	</shortcut>
	<shortcut>
		<defaultID>livetv</defaultID>
		<label>31502</label>
		<label2 />
		<icon>DefaultAddonPVRClient.png</icon>
		<thumb />
		<action>ActivateWindow(TVChannels)</action>
		<disabled>True</disabled>
	</shortcut>
	<shortcut>
		<defaultID>music</defaultID>
		<label>2</label>
		<label2 />
		<icon>DefaultAudio.png</icon>
		<thumb />
		<action>ActivateWindow(Music,musicdb://,return)</action>
		<disabled>True</disabled>
	</shortcut>
	<shortcut>
		<defaultID>weather</defaultID>
		<label>12600</label>
		<label2 />
		<icon>DefaultAddonWeather.png</icon>
		<thumb />
		<action>ActivateWindow(Weather)</action>
		<disabled>True</disabled>
	</shortcut>	
	<shortcut>
		<defaultID>atreides</defaultID>
		<label>Atreides</label>
		<label2>Video Add-On</label2>
		<icon>DefaultShortcut.png</icon>
		<thumb>image://D%3a%5cDropbox%5cKodi%5cBuild-Real%20Steel%5cKodi%5cportable_data%5caddons%5cplugin.video.atreides%5cicon.png/</thumb>
		<action>ActivateWindow(Videos,"plugin://plugin.video.atreides",return)</action>
		<visible>System.HasAddon(plugin.video.atreides)</visible>
	</shortcut>
</shortcuts>
