<?xml version="1.0" encoding="UTF-8"?>
<shortcuts>
	<shortcut>
		<defaultID>4</defaultID>
		<label>4</label>
		<label2 />
		<icon />
		<thumb />
		<action>RunAddon(script.tv.show.next.aired,return)</action>
		<visible>System.HasAddon(script.tv.show.next.aired)</visible>
	</shortcut>
	<shortcut>
		<defaultID>575</defaultID>
		<label>575</label>
		<label2 />
		<icon />
		<thumb />
		<action>ActivateWindow(Videos,videodb://inprogresstvshows/,return)</action>
	</shortcut>
	<shortcut>
		<defaultID>31328</defaultID>
		<label>Neu Hinzugefügt</label>
		<label2 />
		<icon />
		<thumb />
		<action>ActivateWindow(Videos,videodb://recentlyaddedepisodes/,return)</action>
	</shortcut>
	<shortcut>
		<defaultID>135</defaultID>
		<label>135</label>
		<label2 />
		<icon />
		<thumb />
		<action>ActivateWindow(Videos,videodb://tvshows/genres/,return)</action>
	</shortcut>
	<shortcut>
		<defaultID>652</defaultID>
		<label>652</label>
		<label2 />
		<icon />
		<thumb />
		<action>ActivateWindow(Videos,videodb://tvshows/years/,return)</action>
	</shortcut>
	<shortcut>
		<defaultID>344</defaultID>
		<label>344</label>
		<label2 />
		<icon />
		<thumb />
		<action>ActivateWindow(Videos,videodb://tvshows/actors/,return)</action>
	</shortcut>
</shortcuts>