<?xml version="1.0" encoding="UTF-8"?>
<window type="dialog" id="3100">
        <include>Animation_Window_Dialog</include>
	<defaultcontrol always="true">1</defaultcontrol>
        <allowoverlay>yes</allowoverlay>
	<controls>

	<control type="group">
		<include>AspectRatio_Both</include>

	        <!-- Dialog Header -->
		<include content="Dialog_General_Header">
			<param name="header_id">49</param>
			<param name="header_label">Favourites</param>
			<param name="separator">true</param>
			<param name="scroll_onleft">1</param>
			<param name="scroll_onright">50</param>
		</include>

		<!-- Category -->
		<control type="grouplist">
			<include>Dialog_General_Grouplist_Category</include>
			<include content="Dialog_General_Grouplist_Category_Image">
				<param name="icon">$INFO[Container(1).ListItem.Icon]</param>
				<param name="fallback">dialog/icon_favorite.png</param>
				<param name="visible">true</param>
			</include>
		</control>

		<!-- Content -->
		<control type="list" id="1">
			<onleft>50</onleft>
			<onright condition="!Control.isVisible(100)">50</onright>
			<include>Dialog_General_List</include>
			<content>
				<include>PLEX_Favourite_Dialog</include>
			</content>
		</control>

		<!-- Footer -->
		<include>PLEX_Favourite_Buttons</include>

	</control>
	</controls>
</window>
