<?xml version="1.0" encoding="UTF-8"?>
<window type="dialog" id="1152">
        <allowoverlay>yes</allowoverlay>
	<!--<include>Animation_CommonFade_600</include>-->
	<defaultcontrol always="true">10</defaultcontrol>

	<controls>

		<!-- Background -->
		<control type="image">
			<include>AspectRatio_Background</include>
			<texture>bg_black.png</texture>
			<colordiffuse>DD000000</colordiffuse>
			<aspectratio>scale</aspectratio>
			<include>Animation_CommonFade_300</include>
		</control>

		<control type="group">
			<include>AspectRatio_Both</include>


		<control type="grouplist">
			<left>280</left>
			<height>1440</height>
			<align>center</align>
			<orientation>vertical</orientation>
			<itemgap>20</itemgap>
			<usecontrolcoords>true</usecontrolcoords>
			<visible>!ControlGroup(1000).hasFocus</visible>
			<include>Animation_CommonFade_300</include>

			<!-- Header -->
			<control type="group">
				<width>2000</width>
				<height>80</height>
				<control type="image">
					<width>2000</width>
					<height>80</height>
					<texture>bg_white.png</texture>
					<colordiffuse>33FFFFFF</colordiffuse>
				</control>
				<control type="label">
					<width>2000</width>
					<height>80</height>
					<label>NEW NOTIFICATION</label>
					<aligny>center</aligny>
					<align>center</align>
					<font>Lato_Black_20</font>
				</control>
			</control>

			<control type="label">
				<width>2000</width>
				<height>160</height>
				<label>NO DATA</label>
				<font>Lato_Thin_50</font>
				<align>center</align>
				<aligny>center</aligny>
				<textcolor>88FFFFFF</textcolor>
				<visible>String.isEmpty(Skin.String(Notification_Drawer1_Label))</visible>
			</control>
			<!-- New Notification -->
			<include content="Notification_Focus"><param name="visible">Control.hasFocus(1)</param></include>
			<include content="Notification_Grouplist">
				<param name="target">Drawer1</param>
				<param name="width">auto</param>
			</include>

			<!-- Actions -->        
			<control type="image">
				<width>2000</width>
				<colordiffuse>33FFFFFF</colordiffuse>
				<include>SeparatorH</include>
			</control>

			<control type="grouplist" id="9">
				<top>20</top>
        			<width>2000</width>
				<height>140</height>
				<orientation>horizontal</orientation>
				<height>80</height>
				<align>center</align>
			
				<include content="Notification_Button">
					<param name="id">10</param>
					<param name="label">Acknowledge</param>
					<param name="icon">icon_notification_ack.png</param>
					<param name="onclick">Dialog.Close(1152)</param>
					<param name="onup">1</param>
					<param name="onup_cond">!String.isEmpty(Skin.String(Notification_Drawer1_Label))</param>
					<param name="ondown">2</param>
					<param name="ondown_cond">!String.isEmpty(Skin.String(Notification_Drawer2_Label))</param>
				</include>

				<include content="Notification_Button">
					<param name="id">11</param>
					<param name="label">Snooze (5min)</param>
					<param name="icon">icon_notification_snooze.png</param>
					<param name="onclick">AlarmClock(snooze,ActivateWindow(1152),5,silent)</param>
					<param name="onclick2">Dialog.Close(1152)</param>
					<param name="ondown">2</param>
					<param name="ondown_cond">!String.isEmpty(Skin.String(Notification_Drawer2_Label))</param>
				</include>

				<include content="Notification_Button">
					<param name="id">12</param>
					<param name="label">Pin to Home</param>
					<param name="icon">icon_notification_home.png</param>
					<param name="onup">1</param>
					<param name="onup_cond">!String.isEmpty(Skin.String(Notification_Drawer1_Label))</param>
					<param name="ondown">2</param>
					<param name="ondown_cond">!String.isEmpty(Skin.String(Notification_Drawer2_Label))</param>
				</include>

				<include content="Notification_Button">
					<param name="id">13</param>
					<param name="label">Hide History</param>
					<param name="icon">icon_notification_history.png</param>
					<param name="onclick">Skin.SetBool(Notification_Hide_History)</param>
					<param name="visible">!Skin.hasSetting(Notification_Hide_History)</param>
					<param name="onup">1</param>
					<param name="onup_cond">!String.isEmpty(Skin.String(Notification_Drawer1_Label))</param>
					<param name="ondown">2</param>
					<param name="ondown_cond">!String.isEmpty(Skin.String(Notification_Drawer2_Label))</param>
				</include>
				<include content="Notification_Button">
					<param name="id">14</param>
					<param name="label">Show History</param>
					<param name="icon">icon_notification_history.png</param>
					<param name="onclick">Skin.Reset(Notification_Hide_History)</param>
					<param name="visible">Skin.hasSetting(Notification_Hide_History)</param>
					<param name="onup">1</param>
					<param name="onup_cond">!String.isEmpty(Skin.String(Notification_Drawer1_Label))</param>
					<param name="ondown">2</param>
					<param name="ondown_cond">!String.isEmpty(Skin.String(Notification_Drawer2_Label))</param>
				</include>

				<include content="Notification_Button">
					<param name="id">15</param>
					<param name="label">Clear History</param>
					<param name="icon">icon_notification_delete.png</param>
					<param name="onclick">ActivateWindow(1151)</param>
					<param name="onclick2">Dialog.Close(1152)</param>
					<param name="onup">1</param>
					<param name="onup_cond">!String.isEmpty(Skin.String(Notification_Drawer1_Label))</param>
					<param name="ondown">2</param>
					<param name="ondown_cond">!String.isEmpty(Skin.String(Notification_Drawer2_Label))</param>
				</include>

			</control>

			<!-- Buttons -->
			<control type="group">
				<height>0</height>
				<control type="button" id="1">
					<height>0</height>
					<onclick>SetFocus(1001)</onclick>
					<onup condition="!String.isEmpty(Skin.String(Notification_Drawer4_Label))">4</onup>
					<ondown>10</ondown>
				</control>
				<control type="button" id="2">
					<height>0</height>
					<onup>10</onup>
					<onclick>SetFocus(1002)</onclick>
					<ondown condition="!String.isEmpty(Skin.String(Notification_Drawer3_Label))">3</ondown>
					<ondown condition="String.isEmpty(Skin.String(Notification_Drawer3_Label))">1</ondown>
				</control>
				<control type="button" id="3">
					<height>0</height>
					<onup>2</onup>
					<onclick>SetFocus(1003)</onclick>
					<ondown condition="!String.isEmpty(Skin.String(Notification_Drawer4_Label))">4</ondown>
					<ondown condition="String.isEmpty(Skin.String(Notification_Drawer3_Label))">1</ondown>
				</control>
				<control type="button" id="4">
					<height>0</height>
					<onup>3</onup>
					<ondown>1</ondown>
					<onclick>SetFocus(1004)</onclick>
				</control>
			</control>

			<!-- Recent -->
			<control type="group">
				<width>2000</width>
				<height>80</height>

				<visible>![ String.isEmpty(Skin.String(Notification_Drawer2_Label)) + String.isEmpty(Skin.String(Notification_Drawer3_Label)) + String.isEmpty(Skin.String(Notification_Drawer4_Label)) ]</visible>
				<control type="image">
					<width>2000</width>
					<height>80</height>
					<texture>bg_white.png</texture>
					<colordiffuse>33FFFFFF</colordiffuse>
				</control>
				<control type="label">
					<width>2000</width>
					<height>80</height>
					<label>HISTORY</label>
					<aligny>center</aligny>
					<align>center</align>
					<font>Lato_Black_20</font>
				</control>
			</control>

			<!-- 2 -->
			<include content="Notification_Focus"><param name="visible">Control.hasFocus(2)</param></include>
			<include content="Notification_Grouplist">
				<param name="target">Drawer2</param>
				<param name="width">1040</param>
			</include>
			<control type="image">
				<width>2000</width>
				<colordiffuse>33FFFFFF</colordiffuse>
				<include>SeparatorH</include>
                                <visible>!String.isEmpty(Skin.String(Notification_Drawer2_Label))</visible>
			</control>

			<!-- 3 -->
			<include content="Notification_Focus"><param name="visible">Control.hasFocus(3)</param></include>
			<include content="Notification_Grouplist">
				<param name="target">Drawer3</param>
				<param name="width">1040</param>
			</include>
			<control type="image">
				<width>2000</width>
				<colordiffuse>33FFFFFF</colordiffuse>
				<include>SeparatorH</include>
                                <visible>!String.isEmpty(Skin.String(Notification_Drawer3_Label))</visible>
			</control>

			<!-- 4 -->
			<include content="Notification_Focus"><param name="visible">Control.hasFocus(4)</param></include>
			<include content="Notification_Grouplist">
				<param name="target">Drawer4</param>
				<param name="width">1040</param>
			</include>
		</control>

		<!-- MORE -->
		<control type="group" id="1000">

			<include content="Notification_Detail">
				<param name="target">Drawer1</param>
				<param name="visible">1001</param>
			</include>

			<include content="Notification_Detail">
				<param name="target">Drawer2</param>
				<param name="visible">1002</param>
			</include>

			<include content="Notification_Detail">
				<param name="target">Drawer3</param>
				<param name="visible">1003</param>
			</include>

			<include content="Notification_Detail">
				<param name="target">Drawer4</param>
				<param name="visible">1004</param>
			</include>

			<control type="button" id="1001">
				<onclick>SetFocus(1)</onclick>
			</control>
			<control type="button" id="1002">
				<onclick>SetFocus(2)</onclick>
			</control>
			<control type="button" id="1003">
				<onclick>SetFocus(3)</onclick>
			</control>
			<control type="button" id="1004">
				<onclick>SetFocus(4)</onclick>
			</control>


		</control>

	</control>

	<!-- Clock -->
	<control type="group">
		<include>Clock_Right_Pos_BG</include>
		<include>Clock_Right</include>
	</control>

	</controls>
</window>

