<?xml version="1.0" encoding="UTF-8"?>
<includes>

	<include name="Notification_Grouplist">

			<!-- Notification -->
			<control type="grouplist">
				<width>2000</width>
				<height>160</height>
				<orientation>horizontal</orientation>
				<usecontrolcoords>true</usecontrolcoords>
				<align>center</align>
				<itemgap>20</itemgap>
				<visible>!String.isEmpty(Skin.String(Notification_$PARAM[target]_Label))</visible>
				
				<!-- Time/Date -->
				<control type="group">
					<width>280</width>
					<height>160</height>
					<control type="label">
						<label>$INFO[Skin.String(Notification_$PARAM[target]_Time)]</label>
						<font>Roboto_Condensed_35</font>
						<width>280</width>
						<align>right</align>
					</control>
					<control type="label">
						<top>90</top>
						<label>$INFO[Skin.String(Notification_$PARAM[target]_Date)]</label>
						<font>Roboto_Condensed_20</font>
						<width>280</width>
						<align>right</align>
					</control>
				</control>

				<!-- Separator -->        
				<control type="image">
					<top>-20</top>
					<width>4</width>
					<height>200</height>
					<texture>confluence/separator-hz.png</texture>
					<colordiffuse>FFFFFFFF</colordiffuse>
				</control>

				<!-- Icon -->
                                <control type="image">
					<texture>$INFO[Skin.String(Notification_$PARAM[target]_Icon)]</texture>
					<width>160</width>
					<height>160</height>
					<aspectratio>scale</aspectratio>
				</control>

				<!-- Separator -->        
				<control type="image">
					<top>-20</top>
					<width>4</width>
					<height>200</height>
					<texture>confluence/separator-hz.png</texture>
					<colordiffuse>FFFFFFFF</colordiffuse>
				</control>

				<control type="label">
					<label>$INFO[Skin.String(Notification_$PARAM[target]_Label)][CR]$INFO[Skin.String(Notification_$PARAM[target]_Label2)]</label>
					<font>Lato_Light_30</font>
					<height>160</height>
					<aligny>center</aligny>
					<width min="280" max="1460">$PARAM[width]</width>
				</control>

			</control>

	</include>

	<!-- Notification Focus Bar -->
	<include name="Notification_Focus">
		<control type="group">
			<height>0</height>
			<control type="image">
				<top>20</top>
				<width>2000</width>
				<height>160</height>
				<include>navigation_options_image</include>
				<visible>$PARAM[visible]</visible>

			</control>
		</control>
	</include>

	<!-- Notification Button -->
        <include name="Notification_Button">
		<param name="visible">true</param>
		<param name="onclick">noop</param>
		<param name="onclick2">noop</param>
		<param name="selected">false</param>
		<param name="icon2"></param>
		<param name="onup">noop</param>
		<param name="onup_cond">true</param>
		<param name="ondown">noop</param>
		<param name="ondown_cond">true</param>

		<definition>
		<control type="radiobutton" id="$PARAM[id]">
	                <label>$PARAM[label]</label>
			<onclick>$PARAM[onclick]</onclick>
			<onclick>$PARAM[onclick2]</onclick>
			<onup condition="$PARAM[onup_cond]">$PARAM[onup]</onup>
			<ondown condition="$PARAM[ondown_cond]">$PARAM[ondown]</ondown>
	                <textureradioonfocus colordiffuse="$VAR[Var_Color_Icon_Hex]">$PARAM[icon2]</textureradioonfocus>
	                <textureradioonnofocus colordiffuse="FFAAAAAA">$PARAM[icon2]</textureradioonnofocus>
	                <textureradioofffocus colordiffuse="$VAR[Var_Color_Icon_Hex]">$PARAM[icon]</textureradioofffocus>
	                <textureradiooffnofocus colordiffuse="FFAAAAAA">$PARAM[icon]</textureradiooffnofocus>
			<textureradiooffdisabled colordiffuse="TextDisabled">$PARAM[icon]</textureradiooffdisabled>
			<textureradioondisabled colordiffuse="TextDisabled">$PARAM[icon2]</textureradioondisabled>
			<width>356</width>
	                <radioposx>138</radioposx>
			<selected>$PARAM[selected]</selected>
			<visible>$PARAM[visible]</visible>
			<include>DialogInfo_Button_Template</include>
		</control>
		</definition>
        </include>

	<include name="Notification_Detail">
                <control type="grouplist">
                        <left>280</left>
                        <height>1440</height>
                        <align>center</align>
                        <orientation>vertical</orientation>
                        <itemgap>40</itemgap>
                        <usecontrolcoords>true</usecontrolcoords>
                        <include>Animation_CommonFade_300</include>
			<visible>Control.hasFocus($PARAM[visible])</visible>

			<!-- Header -->
			<control type="group">
				<width>2000</width>
				<height>80</height>
				<control type="image">
					<width>2000</width>
					<height>80</height>
					<texture>bg_white.png</texture>
					<colordiffuse>33FFFFFF</colordiffuse>
				</control>
				<control type="label">
					<width>2000</width>
					<height>80</height>
					<label>NOTIFICATION $INFO[Skin.String(Notification_$PARAM[target]_Time)] $INFO[Skin.String(Notification_$PARAM[target]_Date)]</label>
					<aligny>center</aligny>
					<align>center</align>
					<font>Lato_Black_20</font>
				</control>
			</control>

			<control type="textbox">
				<label>$INFO[Skin.String(Notification_$PARAM[target]_Label)]</label>
				<width>2000</width>
				<height min="20" max="280">auto</height>
				<font>Lato_Light_40</font>
				<align>center</align>
				<textcolor>FFFFFFFF</textcolor>
			</control>

			<control type="textbox">
				<label>$INFO[Skin.String(Notification_$PARAM[target]_Label2)]</label>
				<width>2000</width>
				<height min="20" max="360">auto</height>
				<font>Lato_Light_30</font>
				<align>center</align>
				<textcolor>FFFFFFFF</textcolor>
			</control>

			<control type="image">
				<texture>$INFO[Skin.String(Notification_$PARAM[target]_Icon)]</texture>
				<height>400</height>
				<width>2000</width>
				<aspectratio>keep</aspectratio>
			</control>
		</control>
	</include>
</includes>

