<?xml version="1.0" encoding="UTF-8"?>
<window id="503">
	<defaultcontrol allways="true">6</defaultcontrol>
	<allowoverlay>no</allowoverlay>
	<include>Animation_Window_Dialog</include>

	<controls>
		<control type="image">
			<include>Dimensions_Fullscreen</include>
			<fadetime>400</fadetime>
			<texture>backdrops/curtains_diffuse.png</texture>
			<include>Animation_CommonFade</include>
			<visible>Window.IsActive(503)</visible>
		</control>
		<control type="group">
			<top>20</top>
			<control type="image">
				<left>890</left>
				<top>80</top>
				<width>780</width>
				<height>1280</height>
				<texture>confluence/black-back.png</texture>
			</control>
			<control type="label">
				<left>950</left>
				<top>90</top>
				<width>660</width>
				<height>60</height>
				<font>Font_SettingsHeading</font>
				<textcolor>mainblue</textcolor>
				<scroll>true</scroll>
				<align>center</align>
				<aligny>center</aligny>
				<label>$LOCALIZE[31061]</label>
			</control>
			<control type="group" id="9000">
				<left>950</left>
				<top>1100</top>
				<control type="button" id="6">
					<description>Open Button</description>
					<left>0</left>
					<top>0</top>
					<width>660</width>
					<label>31055</label>
					<align>center</align>
					<font>Font_SettingsHeading</font>
					<textcolor>38b8b7b7</textcolor>
					<focusedcolor>mainblue</focusedcolor>
					<onleft>50</onleft>
					<onright>100</onright>
					<onup>8</onup>
					<ondown>7</ondown>
				</control>
				<control type="button" id="7">
					<description>Save Button</description>
					<left>0</left>
					<top>80</top>
					<width>660</width>
					<label>31056</label>
					<align>center</align>
					<font>Font_SettingsHeading</font>
					<textcolor>38b8b7b7</textcolor>
					<focusedcolor>mainblue</focusedcolor>
					<onleft>50</onleft>
					<onright>100</onright>
					<onup>6</onup>
					<ondown>8</ondown>
				</control>
				<control type="button" id="8">
					<description>Clear button</description>
					<left>0</left>
					<top>160</top>
					<width>660</width>
					<label>31057</label>
					<align>center</align>
					<font>Font_SettingsHeading</font>
					<textcolor>38b8b7b7</textcolor>
					<focusedcolor>mainblue</focusedcolor>
					<onleft>50</onleft>
					<onright>100</onright>
					<onup>7</onup>
					<ondown>6</ondown>
				</control>
			</control>
			<control type="group">
				<visible>Control.HasFocus(50)</visible>
				<include>VisibleFadeEffect</include>
				<include>Animation_Bartowski_Context_Zoom</include>
				<control type="image">
					<left>960</left>
					<top>180</top>
					<width>640</width>
					<height>400</height>
					<aspectratio>keep</aspectratio>
					<texture>$INFO[Container(50).ListItem.Icon]</texture>
				</control>
				<control type="textbox">
					<left>960</left>
					<top>600</top>
					<width>640</width>
					<height>440</height>
					<font>Bartowski_settings_small</font>
					<align>center</align>
					<textcolor>white</textcolor>
					<shadowcolor>black</shadowcolor>
					<pagecontrol></pagecontrol>
					<label>$INFO[Container(50).ListItem.Title,[B][COLOR=mainblue]$LOCALIZE[556]:[/COLOR][/B] ,[CR]]$INFO[Container(50).ListItem.Artist,[B][COLOR=mainblue]$LOCALIZE[557]:[/COLOR][/B] ,[CR]]$INFO[Container(50).ListItem.Album,[B][COLOR=mainblue]$LOCALIZE[558]:[/COLOR][/B] ,[CR]]$INFO[Container(50).ListItem.Duration,[B][COLOR=mainblue]$LOCALIZE[555]:[/COLOR][/B] ,[CR]]$INFO[Container(50).ListItem.TrackNumber,[B][COLOR=mainblue]$LOCALIZE[554]:[/COLOR][/B] ,[CR]]$INFO[Container(50).ListItem.Genre,[B][COLOR=mainblue]$LOCALIZE[515]:[/COLOR][/B] ,[CR]]</label>
				</control>
			</control>
			<control type="group">
				<visible>Control.HasFocus(100)</visible>
				<include>VisibleFadeEffect</include>
				<include>Animation_Bartowski_Context_Zoom</include>
				<control type="image">
					<left>930</left>
					<top>180</top>
					<width>700</width>
					<height>400</height>
					<aspectratio>keep</aspectratio>
					<texture>$INFO[Container(100).ListItem.Icon]</texture>
				</control>
				<control type="textbox">
					<left>930</left>
					<top>600</top>
					<width>700</width>
					<height>440</height>
					<font>Bartowski_settings_small</font>
					<align>center</align>
					<textcolor>white</textcolor>
					<shadowcolor>black</shadowcolor>
					<pagecontrol></pagecontrol>
					<label>$INFO[Container(100).ListItem.Title,[B][COLOR=mainblue]$LOCALIZE[556]:[/COLOR][/B] ,[CR]]$INFO[Container(100).ListItem.Artist,[B][COLOR=mainblue]$LOCALIZE[557]:[/COLOR][/B] ,[CR]]$INFO[Container(100).ListItem.Album,[B][COLOR=mainblue]$LOCALIZE[558]:[/COLOR][/B] ,[CR]]$INFO[Container(100).ListItem.Duration,[B][COLOR=mainblue]$LOCALIZE[555]:[/COLOR][/B] ,[CR]]$INFO[Container(100).ListItem.TrackNumber,[B][COLOR=mainblue]$LOCALIZE[554]:[/COLOR][/B] ,[CR]]$INFO[Container(100).ListItem.Genre,[B][COLOR=mainblue]$LOCALIZE[515]:[/COLOR][/B] ,[CR]]</label>
				</control>
			</control>
		</control>
		<control type="group">
			<animation effect="slide" start="-960,0" end="0,0" time="500" tween="quadratic" easing="out">WindowOpen</animation>
			<animation effect="slide" end="-960,0" start="0,0" time="500" tween="quadratic" easing="out">WindowClose</animation>
			<control type="image">
				<left>0</left>
				<top>0</top>
				<width>960</width>
				<height>1440</height>
				<texture border="0,0,15,0">confluence/MediaBladeSub1.png</texture>
			</control>
			<control type="label">
				<left>60</left>
				<top>80</top>
				<width>820</width>
				<height>60</height>
				<font>font16caps</font>
				<textcolor>black</textcolor>
				<scroll>true</scroll>
				<align>left</align>
				<aligny>center</aligny>
				<label>31058</label>
			</control>
			<control type="image">
				<left>20</left>
				<top>160</top>
				<width>920</width>
				<height>8</height>
				<texture>confluence/separator.png</texture>
			</control>
			<control type="image">
				<left>20</left>
				<top>100r</top>
				<width>920</width>
				<height>8</height>
				<texture>confluence/separator.png</texture>
			</control>
			<!--<control type="label">
				<description>number of files/pages in left list text label</description>
				<left>60</left>
				<top>76r</top>
				<width>820</width>
				<font>font12</font>
				<align>left</align>
				<scroll>true</scroll>
				<textcolor>mainblue</textcolor>
				<shadowcolor>black</shadowcolor>
				<label>($INFO[Container(50).NumItems]) $LOCALIZE[31025] - $LOCALIZE[31024] ($INFO[Container(50).CurrentPage]/$INFO[Container(50).NumPages])</label>
			</control>-->
			<control type="scrollbar" id="30">
				<left>40</left>
				<top>200</top>
				<width>50</width>
				<height>1080</height>
				<texturesliderbackground border="0,14,0,14">ScrollBarV.png</texturesliderbackground>
				<textureslidernibfocus>ScrollBarV_Nib_Focus1.png</textureslidernibfocus>
				<onleft>31</onleft>
				<onright>50</onright>
				<showonepage>false</showonepage>
				<orientation>vertical</orientation>
				
			</control>
			<control type="list" id="50">
				<left>100</left>
				<top>200</top>
				<width>800</width>
				<height>1080</height>
				<onleft>30</onleft>
				<onright>9000</onright>
				<onup>50</onup>
				<ondown>50</ondown>
				<viewtype label="">list</viewtype>
				<pagecontrol>30</pagecontrol>
				<scrolltime>200</scrolltime>
				<itemlayout height="60" width="800">
					<control type="label">
						<left>10</left>
						<top>0</top>
						<width>760</width>
						<height>60</height>
						<font>font12caps_title</font>
						<textcolor>black</textcolor>
						<selectedcolor>selected</selectedcolor>
						<align>left</align>
						<aligny>center</aligny>
						<info>ListItem.Label</info>
					</control>
					<control type="label">
						<left>790</left>
						<top>0</top>
						<width>720</width>
						<height>60</height>
						<font>font12caps_title</font>
						<textcolor>black</textcolor>
						<selectedcolor>selected</selectedcolor>
						<align>right</align>
						<aligny>center</aligny>
						<info>ListItem.Label2</info>
					</control>
				</itemlayout>
				<focusedlayout height="60" width="800">
					<control type="image">
						<left>0</left>
						<top>0</top>
						<width>800</width>
						<height>60</height>
						<texture>confluence/button-focus-big.png</texture>
						<visible>Control.HasFocus(50)</visible>
						<include>VisibleFadeEffect</include>
					</control>
					<control type="label">
						<left>10</left>
						<top>0</top>
						<width>760</width>
						<height>60</height>
						<font>font12caps_title</font>
						<textcolor>white</textcolor>
						<selectedcolor>selected</selectedcolor>
						<align>left</align>
						<aligny>center</aligny>
						<info>ListItem.Label</info>
					</control>
					<control type="label">
						<left>790</left>
						<top>0</top>
						<width>720</width>
						<height>60</height>
						<font>font12caps_title</font>
						<textcolor>white</textcolor>
						<selectedcolor>selected</selectedcolor>
						<align>right</align>
						<aligny>center</aligny>
						<info>ListItem.Label2</info>
					</control>
				</focusedlayout>
			</control>
		</control>
		<control type="group">
			<animation effect="slide" start="960,0" end="0,0" time="500" tween="quadratic" easing="out">WindowOpen</animation>
			<animation effect="slide" end="960,0" start="0,0" time="500" tween="quadratic" easing="out">WindowClose</animation>
			<left>1600</left>
			<control type="image">
				<left>0</left>
				<top>0</top>
				<width>960</width>
				<height>1440</height>
				<texture border="15,0,0,0" flipx="true">confluence/MediaBladeSub1.png</texture>
			</control>
			<control type="label">
				<left>880</left>
				<top>80</top>
				<width>820</width>
				<height>60</height>
				<font>font16caps</font>
				<textcolor>black</textcolor>
				<scroll>true</scroll>
				<align>right</align>
				<aligny>center</aligny>
				<label>31059</label>
			</control>
			<control type="image">
				<left>20</left>
				<top>160</top>
				<width>920</width>
				<height>8</height>
				<texture>confluence/separator.png</texture>
			</control>
			<control type="image">
				<left>20</left>
				<top>100r</top>
				<width>920</width>
				<height>8</height>
				<texture>confluence/separator.png</texture>
			</control>
			<!--<control type="label">
				<description>Page Count Label</description>
				<left>880</left>
				<top>76r</top>
				<width>600</width>
				<height>40</height>
				<font>font12</font>
				<textcolor>mainblue</textcolor>
				<scroll>false</scroll>
				<align>right</align>
				<aligny>center</aligny>
				<label>($INFO[Container(100).NumItems]) $LOCALIZE[31025] - $LOCALIZE[31024] ($INFO[Container(100).CurrentPage]/$INFO[Container(100).NumPages])</label>
			</control>-->
			<control type="scrollbar" id="31">
				<left>860</left>
				<top>200</top>
				<width>50</width>
				<height>1100</height>
				<texturesliderbackground border="0,14,0,14">ScrollBarV.png</texturesliderbackground>
				<textureslidernibfocus>ScrollBarV_Nib_Focus1.png</textureslidernibfocus>
				<onleft>100</onleft>
				<onright>30</onright>
				<showonepage>false</showonepage>
				<orientation>vertical</orientation>
			</control>
			<control type="list" id="100">
				<left>40</left>
				<top>200</top>
				<width>800</width>
				<height>1100</height>
				<onleft>9000</onleft>
				<onright>31</onright>
				<onup>100</onup>
				<ondown>100</ondown>
				<viewtype label="">list</viewtype>
				<pagecontrol>31</pagecontrol>
				<scrolltime>200</scrolltime>
				<itemlayout height="60" width="800">
					<control type="label">
						<left>10</left>
						<top>0</top>
						<width>760</width>
						<height>60</height>
						<font>font12caps_title</font>
						<textcolor>black</textcolor>
						<selectedcolor>selected</selectedcolor>
						<align>left</align>
						<aligny>center</aligny>
						<info>ListItem.Label</info>
					</control>
					<control type="label">
						<left>790</left>
						<top>0</top>
						<width>720</width>
						<height>60</height>
						<font>font12caps_title</font>
						<textcolor>black</textcolor>
						<selectedcolor>selected</selectedcolor>
						<align>right</align>
						<aligny>center</aligny>
						<info>ListItem.Label2</info>
					</control>
				</itemlayout>
				<focusedlayout height="60" width="800">
					<control type="image">
						<left>0</left>
						<top>0</top>
						<width>800</width>
						<height>60</height>
						<texture>confluence/button-focus-big.png</texture>
						<visible>Control.HasFocus(100)</visible>
						<include>VisibleFadeEffect</include>
					</control>
					<control type="label">
						<left>10</left>
						<top>0</top>
						<width>760</width>
						<height>60</height>
						<font>font12caps_title</font>
						<textcolor>white</textcolor>
						<selectedcolor>selected</selectedcolor>
						<align>left</align>
						<aligny>center</aligny>
						<info>ListItem.Label</info>
					</control>
					<control type="label">
						<left>790</left>
						<top>0</top>
						<width>720</width>
						<height>60</height>
						<font>font12caps_title</font>
						<textcolor>white</textcolor>
						<selectedcolor>selected</selectedcolor>
						<align>right</align>
						<aligny>center</aligny>
						<info>ListItem.Label2</info>
					</control>
				</focusedlayout>
			</control>
		</control>
		<control type="group">
			<left>120</left>
			<top>0</top>
			<animation effect="slide" end="-620,0" time="400" tween="quadratic" easing="out">WindowClose</animation>
			<animation effect="slide" start="-620,0" time="400" tween="quadratic" easing="out">WindowOpen</animation>
			<control type="image">
				<left>0</left>
				<top>0</top>
				<width>500</width>
				<height>70</height>
				<texture border="0,0,32,0">header.png</texture>
			</control>
			<control type="label">
				<include>WindowTitleCommons</include>
				<left>440</left>
				<label>$LOCALIZE[10503]</label>
				<textcolor>black</textcolor>
			</control>
		</control>
		
	</controls>
</window>
