<?xml version="1.0" encoding="UTF-8"?>

<includes>
	<include name="Viewmode_List">
		<include>Viewmode_List_1</include>
		<include>Viewmode_List_2</include>
	</include>

	<!-- List #1 (100/Info) -->
	<include name="Viewmode_List_1">

		<control type="fixedlist" id="100">
			<left>860</left><!-- 860 -->
			<include>AspectRatio_PosY</include>
			<height>1440</height>
			<include>AspectRatio_Width_840</include>
			<onleft>7001</onleft>
			<onright>105</onright>
			<pagecontrol>105</pagecontrol>
			<viewtype label="List #1">list</viewtype>
			<orientation>vertical</orientation>
			<focusposition>5</focusposition>
			<movement>5</movement>

			<include>Viewmode_List1_General</include>
			<include>Viewmode_List1_Itemlayout</include>
		</control>		

		<control type="group">
			<visible>Control.IsVisible(100)</visible>

			<!-- Sortbar -->
			<include>Viewmode_Sortbar</include>

			<!-- Scrollbar -->
			<control type="group" id="50">
				<control type="scrollbar" id="105">
					<top>10</top>
					<height>1420</height>
					<onleft>100</onleft>
					<onright>7003</onright>
					<include>vscrollbar</include>
					<animation effect="slide" end="-840,0" time="800" tween="cubic" easing="inout" condition="Skin.HasSetting(List1_Sidebar_Right)">Conditional</animation>
					<animation effect="fade" start="100" end="10" time="800" pulse="true" condition="Control.hasFocus(105)">Conditional</animation>
				</control>
			</control>

		</control>

	</include>

	<!-- List #2 (110/Full) -->
	<include name="Viewmode_List_2">

		<control type="fixedlist" id="110">
			<left>20</left>
			<include>AspectRatio_PosY</include>
			<height>1440</height>
			<include>AspectRatio_Width_1260</include>
			<onleft>7001</onleft>
			<onright>115</onright>
			<pagecontrol>115</pagecontrol>
			<viewtype label="List #2">list</viewtype>
			<orientation>vertical</orientation>
			<focusposition>8</focusposition>
			<movement>8</movement>

			<include>Viewmode_List2_General_NoSidebar</include>
			<include>Viewmode_List2_Itemlayout</include>
		</control>		

		<control type="group">
			<visible>Control.IsVisible(110)</visible>

			<!-- Sortbar -->
			<include>Viewmode_Sortbar</include>

			<!-- Scrollbar -->
			<control type="group" id="50">
				<control type="scrollbar" id="115">
					<top>10</top>
					<height>1420</height>
					<onleft>100</onleft>
					<onright>7003</onright>
					<include>vscrollbar</include>
					<animation effect="fade" start="100" end="10" time="800" pulse="true" condition="Control.hasFocus(115)">Conditional</animation>
				</control>
			</control>

		</control>

	</include>

	<!-- List #3 (120/Low) -->
	<include name="Viewmode_List_3">

		<control type="group">
			<visible>Control.IsVisible(120)</visible>
			<include>AspectRatio_PosY_Full</include>

			<!-- Background -->
			<control type="image">
				<left>0</left>
				<top>900</top>
				<include>AspectRatio_Width</include>
				<height>540</height>
				<texture>bg_black.png</texture>
				<colordiffuse>99000000</colordiffuse>
			</control>
			<control type="image">
				<left>0</left>
				<top>900</top>
				<include>SeparatorH</include>
			</control>

			<!-- Sortbar -->
			<include>Viewmode_Sortbar</include>

			<!-- Scrollbar -->
			<control type="group" id="50">
				<control type="scrollbar" id="125">
					<left>1728</left>
					<top>920</top>
					<height>484</height>
					<onleft>100</onleft>
					<onright>7003</onright>
					<include>vscrollbar</include>
					<animation effect="fade" start="100" end="10" time="800" pulse="true" condition="Control.hasFocus(125)">Conditional</animation>
					<animation effect="slide" end="270" time="800" tween="cubic" easing="inout" condition="Skin.HasSetting(List3_Sidebar_Right)">Conditional</animation>
				</control>
			</control>

			<!-- Image -->
			<control type="group">
				<animation effect="slide" end="2000" time="800" tween="cubic" easing="inout" condition="Skin.HasSetting(List3_Sidebar_Right)">Conditional</animation>

				<control type="group">
					<include>Viewmode_Visible_Cover</include>
					<left>40</left>
					<top>680</top>
					<include>Viewmode_Image_xLarge</include>
				</control>
				<control type="group">
					<include>Viewmode_Visible_Square</include>
					<left>40</left>
					<top>650</top>
					<include>Viewmode_Image_xLarge</include>
				</control>
				<control type="group">
					<include>Viewmode_Visible_Thumb</include>
					<left>40</left>
					<top>580</top>
					<include>Viewmode_Image_xLarge</include>
				</control>

			</control>

			<!-- Sidebar -->
			<control type="group">
				<animation effect="slide" end="-1740" time="800" tween="cubic" easing="inout" condition="Skin.HasSetting(List3_Sidebar_Right)">Conditional</animation>
				<include>AspectRatio_PosX_Full</include>

				<control type="group">
					<left>1760</left>
					<top>1240</top>
					<include>Viewmode_Sidebar_Info</include>
				</control>
				<control type="group">
					<left>1760</left>
					<top>940</top>
					<control type="textbox">
						<width>760</width>
						<include>AspectRatio_Height_125</include>
						<align>justify</align>
						<label>$VAR[Var_Info_Plot]</label>
						<font>Font_Bartowski_Movies_Plot</font>
						<textcolor>$VAR[Var_Color_Plot_Hex]</textcolor>
						<autoscroll time="3000" delay="5000" repeat="5000">Skin.HasSetting(autoscroll)</autoscroll>
					</control>

				</control>
			</control>

			<!-- Horizontal Info -->
			<control type="group">
				<top>20</top>
				<left>40</left>
				<include>Viewmode_Horizontal_Info</include>
			</control>
		
		</control>

		<control type="fixedlist" id="120">
			<left>560</left>
			<top>920</top>
			<include>AspectRatio_PosY_Full</include>
			<height>484</height>
			<include>AspectRatio_Width_580</include>
			<onleft>7001</onleft>
			<onright>125</onright>
			<pagecontrol>125</pagecontrol>
			<viewtype label="List #3">list</viewtype>
			<orientation>vertical</orientation>
			<focusposition>1</focusposition>
			<movement>1</movement>
			<animation effect="slide" end="270" time="800" tween="cubic" easing="inout" condition="Skin.HasSetting(List3_Sidebar_Right)">Conditional</animation>

			<include>Viewmode_List2_General_NoSidebar</include>
			<include>Viewmode_List3_Itemlayout</include>
		</control>		

	</include>

</includes>
