<?xml version="1.0" encoding="UTF-8"?>
<window>
	<defaultcontrol always="true">3</defaultcontrol>
	<coordinates>
		<left>215</left>
		<top>60</top>
	</coordinates>
	<include>dialogeffect</include>
	<controls>
		<control type="group">
			<animation effect="fade" start="100" end="0" time="150" condition="Window.Is(contentsettings) + Window.IsActive(AddonSettings)">Conditional</animation>
			<animation effect="fade" start="100" end="0" time="300" condition="[Window.Is(osdaudiosettings) | Window.Is(osdvideosettings)] + [Window.IsVisible(SliderDialog) |  Window.IsVisible(FileBrowser)]">Conditional</animation>
			<include content="DialogBackgroundCommons">
				<param name="DialogBackgroundWidth" value="850" />
				<param name="DialogBackgroundHeight" value="600" />
				<param name="DialogHeaderWidth" value="720" />
				<param name="DialogHeaderId" value="2" />
				<param name="CloseButtonLeft" value="760" />
				<param name="CloseButtonNav" value="10" />
			</include>
			<control type="grouplist" id="3">
				<description>Categories Area</description>
				<left>45</left>
				<top>70</top>
				<width>759</width>
				<height>40</height>
				<itemgap>5</itemgap>
				<align>center</align>
				<orientation>horizontal</orientation>
				<onleft>3</onleft>
				<onright>3</onright>
				<onup>9001</onup>
				<ondown>5</ondown>
			</control>
			<control type="button" id="10">
				<description>Default Category Button</description>
				<width>186</width>
				<height>40</height>
				<textoffsetx>20</textoffsetx>
				<align>center</align>
				<aligny>center</aligny>
				<font>font12_title</font>
				<pulseonselect>false</pulseonselect>
			</control>
			<control type="image">
				<description>Has Previous</description>
				<left>25</left>
				<top>80</top>
				<width>20</width>
				<height>20</height>
				<texture>scroll-left-focus.png</texture>
				<visible>Container(3).HasPrevious</visible>
			</control>
			<control type="image">
				<description>Has Next</description>
				<left>805</left>
				<top>80</top>
				<width>20</width>
				<height>20</height>
				<texture>scroll-right-focus.png</texture>
				<visible>Container(3).HasNext</visible>
			</control>
			<control type="grouplist" id="5">
				<description>control area</description>
				<left>40</left>
				<top>120</top>
				<width>770</width>
				<height>380</height>
				<itemgap>5</itemgap>
				<pagecontrol>60</pagecontrol>
				<onup>3</onup>
				<ondown>9001</ondown>
				<onleft>5</onleft>
				<onright>60</onright>
			</control>
			<control type="scrollbar" id="60">
				<left>815</left>
				<top>120</top>
				<width>25</width>
				<height>380</height>
				<texturesliderbackground border="0,14,0,14">ScrollBarV.png</texturesliderbackground>
				<texturesliderbar border="0,14,0,14">ScrollBarV_bar.png</texturesliderbar>
				<texturesliderbarfocus colordiffuse="$INFO[Skin.String(menuColor)]" border="0,14,0,14">ScrollBarV_bar_focus.png</texturesliderbarfocus>
				<textureslidernib>ScrollBarNib.png</textureslidernib>
				<textureslidernibfocus>ScrollBarNib.png</textureslidernibfocus>
				<onleft>5</onleft>
				<onright>5</onright>
				<showonepage>false</showonepage>
				<orientation>vertical</orientation>
			</control>
			<control type="button" id="7">
				<description>Default Button</description>
				<height>40</height>
				<font>font13</font>
				<texturefocus colordiffuse="$INFO[Skin.String(menuColor)]" border="5">button-focus2.png</texturefocus>
			</control>
			<control type="radiobutton" id="8">
				<description>Default RadioButton</description>
				<height>40</height>
				<font>font13</font>
				<textwidth>695</textwidth>
				<texturefocus colordiffuse="$INFO[Skin.String(menuColor)]" border="5">button-focus2.png</texturefocus>
			</control>
			<control type="spincontrolex" id="9">
				<description>Default SpinControlex</description>
				<height>40</height>
				<font>font13</font>
				<textcolor>grey2</textcolor>
				<focusedcolor>white</focusedcolor>
				<texturenofocus border="5">button-nofocus.png</texturenofocus>
				<texturefocus colordiffuse="$INFO[Skin.String(menuColor)]" border="5">button-focus2.png</texturefocus>
				<aligny>center</aligny>
			</control>
			<control type="image" id="11">
				<description>separator image</description>
				<height>2</height>
				<texture>separator2.png</texture>
			</control>
			<control type="edit" id="12">
				<description>Default Edit</description>
				<height>40</height>
				<font>font13</font>
				<textcolor>grey2</textcolor>
				<focusedcolor>white</focusedcolor>
				<texturenofocus border="5">button-nofocus.png</texturenofocus>
				<texturefocus colordiffuse="$INFO[Skin.String(menuColor)]" border="5">button-focus2.png</texturefocus>
			</control>
			<control type="sliderex" id="13">
				<description>Default Slider</description>
				<height>40</height>
				<texturenofocus border="5">button-nofocus.png</texturenofocus>
				<texturefocus colordiffuse="$INFO[Skin.String(menuColor)]" border="5">button-focus2.png</texturefocus>
				<font>font13</font>
				<textcolor>grey2</textcolor>
				<focusedcolor>white</focusedcolor>
			</control>
			<control type="label" id="14">
				<description>Default Heading</description>
				<height>35</height>
				<font>font13_title</font>
				<align>left</align>
				<aligny>center</aligny>
				<textcolor>$INFO[Skin.String(menuColor)]</textcolor>
				<shadowcolor>black</shadowcolor>
			</control>
			<control type="grouplist" id="9001">
				<top>535</top>
				<left>95</left>
				<width>660</width>
				<align>center</align>
				<itemgap>10</itemgap>
				<orientation>horizontal</orientation>
				<control type="button" id="28">
					<description>OK Button</description>
					<top>0</top>
					<width>200</width>
					<height>40</height>
					<align>center</align>
					<aligny>center</aligny>
					<font>font12_title</font>
					<onleft>30</onleft>
					<onright>29</onright>
					<onup>5</onup>
					<ondown>5</ondown>
				</control>
				<control type="button" id="29">
					<description>Cancel Button</description>
					<top>0</top>
					<width>200</width>
					<height>40</height>
					<align>center</align>
					<aligny>center</aligny>
					<font>font12_title</font>
					<label/>
					<onleft>28</onleft>
					<onright>30</onright>
					<onup>5</onup>
					<ondown>5</ondown>
				</control>
				<control type="button" id="30">
					<description>Settings Button</description>
					<top>0</top>
					<width>200</width>
					<height>40</height>
					<align>center</align>
					<aligny>center</aligny>
					<font>font12_title</font>
					<onleft>29</onleft>
					<onright>28</onright>
					<onup>5</onup>
					<ondown>5</ondown>
				</control>
			</control>
		</control>
	</controls>
</window>
