<?xml version="1.0" encoding="utf-8"?>
<window>
	<defaultcontrol always="true">9090</defaultcontrol>
	<coordinates>
		<system>1</system>
		<left>0</left>
		<top>0</top>
	</coordinates>
	<controls>
		<control type="group">
			<depth>DepthSideBlade</depth>
			<animation effect="slide" start="400,0" end="0,0" time="300" tween="quadratic" easing="out">WindowOpen</animation>
			<animation effect="slide" start="0,0" end="400,0" time="300" tween="quadratic" easing="out">WindowClose</animation>
			<control type="image">
				<left>400r</left>
				<top>0</top>
				<width>420</width>
				<height>720</height>
				<texture border="15,0,0,0" flipx="true">MediaBladeSub.png</texture>
			</control>
			<control type="button">
				<description>Close Window Button</description>
				<left>380r</left>
				<top>0</top>
				<width>64</width>
				<height>32</height>
				<label/>
				<font/>
				<onclick>PreviousMenu</onclick>
				<texturefocus colordiffuse="$INFO[Skin.String(menuColor)]" >DialogCloseButton-focus.png</texturefocus>
				<texturenofocus>DialogCloseButton.png</texturenofocus>
				<onleft>450</onleft>
				<onright>450</onright>
				<onup>450</onup>
				<ondown>450</ondown>
				<visible>system.getbool(input.enablemouse)</visible>
			</control>
			<control type="label">
				<left>380r</left>
				<top>35</top>
				<width>360</width>
				<height>40</height>
				<font>font13_title</font>
				<align>center</align>
				<aligny>center</aligny>
				<textcolor>$INFO[Skin.String(menuColor)]</textcolor>
				<shadowcolor>black</shadowcolor>
				<label>$LOCALIZE[137] T9</label>
			</control>
			<control type="group">
				<left>375r</left>
				<top>100</top>
				<control type="image">
					<left>0</left>
					<top>0</top>
					<width>360</width>
					<height>50</height>
					<aspectratio>stretch</aspectratio>
					<texture border="20">KeyboardEditArea.png</texture>
				</control>
				<control type="image">
					<left>0</left>
					<top>53</top>
					<width>360</width>
					<height>2</height>
					<aspectratio>stretch</aspectratio>
					<texture>separator.png</texture>
				</control>
				<control type="label" id="600">
					<left>0</left>
					<top>12</top>
					<width>350</width>
					<height>50</height>
					<align>center</align>
					<scroll>true</scroll>
					<scrollspeed>20</scrollspeed>
				</control>
			</control>
			<control type="panel" id="9090">
				<left>375r</left>
				<top>150</top>
				<width>360</width>
				<height>300</height>
				<onleft>Action(Close)</onleft>
				<onup condition="Integer.IsGreater(Container(9091).NumItems,0)">Control.SetFocus(9091,999)</onup>
				<ondown condition="Integer.IsGreater(Container(9091).NumItems,0)">Control.SetFocus(9091,0)</ondown>
				<onback>noop</onback>
				<orientation>vertical</orientation>
				<scrolltime tween="quadratic" easing="out">200</scrolltime>
				<itemlayout height="60" width="120">
					<control type="image">
						<left>0</left>
						<top>27</top>
						<width>120</width>
						<height>60</height>
						<texture border="3">KeyboardKeyNF.png</texture>
					</control>
					<control type="label">
						<left>0</left>
						<top>20</top>
						<width>120</width>
						<height>60</height>
						<align>center</align>
						<aligny>center</aligny>
						<font>font12</font>
						<label>$INFO[ListItem.Label]</label>
					</control>
					<control type="label">
						<left>0</left>
						<top>40</top>
						<width>120</width>
						<height>60</height>
						<align>center</align>
						<aligny>center</aligny>
						<font>font10</font>
						<label>$INFO[ListItem.Label2]</label>
					</control>
				</itemlayout>
				<focusedlayout height="60" width="120">
					<control type="image">
						<left>0</left>
						<top>27</top>
						<width>120</width>
						<height>60</height>
						<texture border="5">KeyboardKey.png</texture>
					</control>
					<control type="label">
						<left>0</left>
						<top>20</top>
						<width>120</width>
						<height>60</height>
						<align>center</align>
						<aligny>center</aligny>
						<font>font12</font>
						<label>$INFO[ListItem.Label]</label>
					</control>
					<control type="label">
						<left>0</left>
						<top>40</top>
						<width>120</width>
						<height>60</height>
						<align>center</align>
						<aligny>center</aligny>
						<font>font10</font>
						<label>$INFO[ListItem.Label2]</label>
					</control>
				</focusedlayout>
			</control>
			<control type="list" id="9091">
				<left>375r</left>
				<top>430</top>
				<width>360</width>
				<height>270</height>
				<onleft>9091</onleft>
				<onright>Action(Close)</onright>
				<onup>9090</onup>
				<ondown>9090</ondown>
				<onback>noop</onback>
				<orientation>vertical</orientation>
				<scrolltime tween="quadratic" easing="out">200</scrolltime>
				<itemlayout height="55" width="360">
					<control type="image">
						<left>0</left>
						<top>0</top>
						<width>360</width>
						<height>45</height>
						<texture border="3">KeyboardKeyNF.png</texture>
					</control>
					<control type="label">
						<left>0</left>
						<top>0</top>
						<width>360</width>
						<height>45</height>
						<align>center</align>
						<aligny>center</aligny>
						<font>font12</font>
						<label>$INFO[ListItem.Label]</label>
					</control>
				</itemlayout>
				<focusedlayout height="55" width="360">
					<control type="image">
						<left>0</left>
						<top>0</top>
						<width>360</width>
						<height>45</height>
						<texture border="3">KeyboardKeyNF.png</texture>
						<visible>!Control.HasFocus(9091)</visible>
					</control>
					<control type="image">
						<left>0</left>
						<top>0</top>
						<width>360</width>
						<height>45</height>
						<texture border="5">KeyboardKey.png</texture>
						<visible>Control.HasFocus(9091)</visible>
					</control>
					<control type="label">
						<left>0</left>
						<top>0</top>
						<width>360</width>
						<height>45</height>
						<align>center</align>
						<aligny>center</aligny>
						<font>font12</font>
						<label>$INFO[ListItem.Label]</label>
					</control>
				</focusedlayout>
			</control>
		</control>
	</controls>
</window>
