<?xml version="1.0" encoding="utf-8"?>
<window id="2003">
    <defaultcontrol always="true">9000</defaultcontrol>
     <onload>Skin.Reset(VideoCast)</onload>
	<onunload>Skin.Reset(VideoCast)</onunload>
    <controls>
		<include>NowPlayingControls</include>
		<include>TouchscreenNavigation</include>
		
		
        <control type="group">
            <animation type="WindowClose">
                <effect type="fade" time="300" />
                <effect type="slide" end="+1500,0" time="300" />
            </animation>
            <animation type="WindowOpen">
                <effect type="fade" time="300" />
                <effect type="slide" start="+1500,0" time="300" />
            </animation>
            <control type="group">
                <left></left>
                <top></top>
                <control type="group">
                    <visible>!String.IsEqual(ListItem.DBType,musicvideo)</visible>
                    <!-- Background for Description -->
					<control type="image">
                        <left>465</left>
                        <top>180</top>
                        <width>785</width>
                        <height>425</height>
                        <texture>music_fanart_diffuse.png</texture>
						<visible>!Skin.HasSetting(VideoCast)</visible>
                    </control>
					<!-- Background for Cast -->
					<control type="image">
                        <left>465</left>
                        <top>180</top>
                        <width>785</width>
                        <height>125</height>
                        <texture>music_fanart_diffuse.png</texture>
						<visible>Skin.HasSetting(VideoCast)</visible>
                    </control>
					<!-- Cover Backgrounds -->	
					 <control type="image">
                        <description>BG Image for Default Icon</description>
                        <left>165</left>
                        <top>180</top>
                        <width>290</width>
                        <height>425</height>
                        <texture>button.png</texture>
                        <bordersize>5</bordersize>
						<bordertexture>white_box.png</bordertexture>
                        <!--<visible>Control.HasFocus(50) + String.Contains(Container(50).ListItem.Icon,Default)</visible>-->
                    </control>
					 <control type="image">
                        <description>BG Image for Default Icon</description>
                        <left>165</left>
                        <top>180</top>
                        <width>290</width>
                        <height>425</height>
                        <texture>tile.png</texture>
                        <bordersize>5</bordersize>
                        <!--<visible>Control.HasFocus(50) + String.Contains(Container(50).ListItem.Icon,Default)</visible>-->
                    </control>
					
					<!-- Cover for Movies and Tv Shows-->
					<control type="image">
                        <description>Cover for Movies and Tv Shows</description>
                        <left>165</left>
                        <top>180</top>
                        <width>290</width>
                        <height>425</height>
                        <texture>$INFO[ListItem.Art(poster)]</texture>
                        <aspectratio align="right" aligny="center">scale</aspectratio>
                        <!--<bordertexture border="5">white_box.png</bordertexture>-->
                        <bordersize>5</bordersize>
                        <visible>[String.IsEqual(ListItem.DBType,movie) | String.IsEqual(ListItem.DBType,tvshow)]</visible>
                    </control>
					<control type="image">
                        <description>Fallback Cover for Movies and Tv Shows</description>
                        <left>165</left>
                        <top>180</top>
                        <width>290</width>
                        <height>425</height>
                        <texture>$INFO[ListItem.Art(thumb)]</texture>
                        <aspectratio align="right" aligny="center">scale</aspectratio>
                        <!--<bordertexture border="5">white_box.png</bordertexture>-->
                        <bordersize>5</bordersize>
                        <visible>[String.IsEqual(ListItem.DBType,movie) | String.IsEqual(ListItem.DBType,tvshow)] + String.IsEmpty(ListItem.Art(poster))</visible>
                    </control>
					<!-- Cover for Episodes-->
					<control type="image">
                        <description>Cover Image</description>
                        <left>165</left>
                        <top>180</top>
                        <width>290</width>
                        <height>425</height>
                        <texture>$INFO[ListItem.Art(season.poster)]</texture>
                        <aspectratio align="right" aligny="center">scale</aspectratio>
                        <!--<bordertexture border="5">white_box.png</bordertexture>-->
                        <bordersize>5</bordersize>
                        <visible>String.IsEqual(ListItem.DBType,episode)</visible>
                    </control>
					<!-- Cover Seasons -->
					<control type="image">
                        <description>Cover Image</description>
                        <left>165</left>
                        <top>180</top>
                        <width>290</width>
                        <height>425</height>
                        <texture>$VAR[SeasonPoster]</texture>
                        <aspectratio align="right" aligny="center">scale</aspectratio>
                        <!--<bordertexture border="5">white_box.png</bordertexture>-->
                        <bordersize>5</bordersize>
                        <visible>String.IsEqual(ListItem.DBType,tvshow)</visible>
                    </control>
					<!-- Cover for Other -->					
                    <control type="image">
                        <description>Cover Image</description>
                        <left>165</left>
                        <top>180</top>
                        <width>290</width>
                        <height>425</height>
                        <texture>$INFO[ListItem.Icon]</texture>
                        <aspectratio align="right" aligny="center">stretch</aspectratio>
                        <!--<bordertexture border="5">white_box.png</bordertexture>-->
                        <bordersize>5</bordersize>
                        <visible>!String.IsEqual(ListItem.DBType,episode) + !String.IsEqual(ListItem.DBType,musicvideo) + !String.IsEqual(ListItem.DBType,movie) + !String.IsEqual(ListItem.DBType,tvshow)</visible>
                    </control>

					<!-- Main Title for Movies and Tv Shows -->
					<control type="fadelabel">
                        <left>485</left>
                        <top>185</top>
                        <height>30</height>
                        <width>650</width>
                        <font>Panel_Title</font>
                        <aligny>top</aligny>
                        <label>$INFO[ListItem.Label]</label>
                        <scroll>true</scroll>
                        <scrollout>false</scrollout>
                        <pauseatend>600</pauseatend>
                        <scrollspeed>50</scrollspeed>
                        <visible>[Window.IsActive(1) | String.IsEqual(ListItem.DBType,movie) | String.IsEqual(ListItem.DBType,tvshow)]</visible>
                    </control>
					<!-- Year -->
					<control type="fadelabel">
                        <left>1130</left>
                        <top>185</top>
                        <height>30</height>
                        <width>100</width>
                        <font>Panel_Title</font>
                        <aligny>top</aligny>
						<align>right</align>
                        <label>[COLOR Accent]$INFO[ListItem.Year][/COLOR]</label>
                        <scroll>true</scroll>
                        <scrollout>false</scrollout>
                        <pauseatend>600</pauseatend>
                        <scrollspeed>50</scrollspeed>
                        <visible>[Window.IsActive(1) | String.IsEqual(ListItem.DBType,movie) | String.IsEqual(ListItem.DBType,tvshow)]</visible>
                    </control>
                    <!-- Main Title for Episodes -->
					<control type="fadelabel">
                        <left>485</left>
                        <top>185</top>
                        <height>30</height>
                        <width>745</width>
                        <font>Panel_Title</font>
                        <aligny>top</aligny>
                        <label>$INFO[ListItem.Title]</label>
                        <visible>true</visible>
                        <scroll>true</scroll>
                        <scrollout>false</scrollout>
                        <pauseatend>600</pauseatend>
                        <scrollspeed>50</scrollspeed>
                        <visible>[Window.IsActive(1) | String.IsEqual(ListItem.DBType,episode)]</visible>
                    </control>
					<!-- Duration and Movie & Tv Show Genre -->
					<control type="label">
                        <left>485</left>
                        <top>245</top>
                        <width>745</width>
                        <height>50</height>
                        <aligny>top</aligny>
                        <font>Panel_Title_Footer</font>
                        <textcolor>white</textcolor>
                        <label>$INFO[ListItem.Duration(mins),, $LOCALIZE[31299] • ]$INFO[ListItem.Genre]</label>
                        <visible>String.IsEqual(ListItem.DBType,movie)</visible>
                    </control>
					 <!-- Tv Show Genre -->
					<control type="label">
                        <left>485</left>
                        <top>245</top>
                        <width>745</width>
                        <height>50</height>
                        <aligny>top</aligny>
                        <font>Panel_Title_Footer</font>
                        <textcolor>white</textcolor>
                        <label>$INFO[ListItem.Genre]</label> 
                        <visible>String.IsEqual(ListItem.DBType,tvshow)</visible>
                    </control>
                    <!-- Tv Show Title Season & Episode Nr -->
					<control type="label">
                        <left>485</left>
                        <top>245</top>
                        <width>745</width>
                        <height>50</height>
                        <aligny>top</aligny>
                        <font>Panel_Title_Footer</font>
                        <textcolor>white</textcolor>
                        <label>$INFO[ListItem.TVShowTitle] • $INFO[ListItem.Season,$LOCALIZE[20373] ] • $INFO[ListItem.Episode,$LOCALIZE[20359] ]</label>
                        <visible>String.IsEqual(ListItem.DBType,episode)</visible>
                    </control>
					<!-- Rating -->
                    <control type="image">
                        <left>485</left>
                        <top>275</top>
                        <width>100</width>
                        <height>25</height>
                        <texture>$VAR[ItemStarRating]</texture>
						<aspectratio scalediffuse="false">keep</aspectratio>
                        <visible>!String.IsEmpty(ListItem.Title) + [String.IsEqual(ListItem.DBType,movie) | String.IsEqual(ListItem.DBType,tvshow) | String.IsEqual(ListItem.DBType,episode)]</visible>
                    </control>
                    <!-- Season and Episodes for TV Shows-->
					<control type="label">
                        <left>485</left>
                        <top>550</top>
                        <width>300</width>
                        <height>50</height>
                        <align>left</align>
                        <font>Panel_Description_Footer</font>
                        <label>[COLOR Accent]$INFO[ListItem.Property(TotalSeasons) ,[COLOR White]$LOCALIZE[33054] [/COLOR], ][/COLOR][COLOR Accent]$INFO[ListItem.Property(TotalEpisodes),[COLOR White]$LOCALIZE[20360] [/COLOR]]  [/COLOR]</label>
                        <visible>String.IsEqual(ListItem.DBType,tvshow) + !Skin.HasSetting(VideoCast)</visible>
                    </control>
					<!-- Video Info icons -->
					<control type="grouplist">
                        <left>465</left>
                        <top>555</top>
                        <width>785</width>
                        <height>44</height>
						<align>center</align>
                        <itemgap>0</itemgap>
						<visible>!Skin.HasSetting(VideoCast)</visible>
                        <orientation>horizontal</orientation>
						<!-- Video Resolution -->
						<control type="image">
							<description>Video rez Image</description>
                            <width>78</width>
                            <height>44</height>
                            <aspectratio>keep</aspectratio>
                            <texture>$INFO[ListItem.VideoResolution,other_textures/flagging/video/,.png]</texture>
							<visible>!String.IsEmpty(ListItem.VideoResolution)</visible>
                       </control>
        				<!-- Video Codec Non Divx-->
                        <control type="image">
                            <description>Common Codec Image</description>
                            <width>78</width>
                            <height>44</height>
                            <aspectratio>keep</aspectratio>
                            <texture>$INFO[ListItem.VideoCodec,other_textures/flagging/video/,.png]</texture>
                            <!-- Don't show if its one of the 500 divx codecs -->
                            <visible>!String.IsEmpty(ListItem.VideoCodec) + !String.Contains(ListItem.VideoCodec,div) + !String.IsEqual(ListItem.VideoCodec,dx50)</visible>
                        </control>
						<!-- Video Codec Divx-->
                        <control type="image">
                            <description>Divx Codec Image</description>
                            <width>auto</width>
                            <height>44</height>
                            <aspectratio>keep</aspectratio>
                            <texture>other_textures/flagging/video/divx.png</texture>
                            <visible>!String.IsEmpty(ListItem.VideoCodec) + [String.Contains(ListItem.VideoCodec,div) | String.IsEqual(ListItem.VideoCodec,dx50)]</visible>
                        </control>
						<!-- Video Source Image -->
						<control type="image">
                            <description>Video Source Image</description>
                            <width>78</width>
                            <height>44</height>
                            <aspectratio>keep</aspectratio>
                            <texture>$VAR[VideoSourceImage]</texture>
                        </control>
              			<!-- Video Rating Flag --> 
                        <control type="image">
                            <description>Rated G</description>
                            <width>78</width>
                            <height>44</height>
                            <aspectratio>keep</aspectratio>
                            <texture>$INFO[ListItem.mpaa,other_textures/flagging/ratings/,.png]</texture>
                            <visible>!String.IsEmpty(ListItem.Mpaa)</visible>
                        </control>
				        <!-- Audio Codec -->
						<control type="image">
                            <description>Audio Codec Image</description>
                            <width>78</width>
                            <height>44</height>
                            <aspectratio>keep</aspectratio>
                            <texture>$INFO[ListItem.AudioCodec,other_textures/flagging/audio/,.png]</texture>
							<visible>!String.IsEmpty(ListItem.AudioCodec)</visible>
                        </control>
                        <!-- Audio Channels -->
						<control type="image">
                            <description>Audio Channels Image</description>
                            <width>78</width>
                            <height>44</height>
                            <aspectratio>keep</aspectratio>
                            <texture>$INFO[ListItem.AudioChannels,other_textures/flagging/audio/,.png]</texture>
							<visible>!String.IsEmpty(ListItem.AudioChannels)</visible>
                        </control>						
                        <!-- Aspect Ratio  -->
						<control type="image">
                            <description>Aspectratio Image</description>
                            <width>78</width>
                            <height>44</height>
                            <aspectratio>keep</aspectratio>
                            <texture colordiffuse="FFFFFFFF">$INFO[ListItem.VideoAspect,other_textures/flagging/aspectratio/,.png]</texture>
							<visible>!String.IsEmpty(ListItem.VideoAspect)</visible>
						</control>
						 <!-- 3D -->
						 <control type="image">
                            <description>Aspectratio Image</description>
                            <width>78</width>
                            <height>44</height>
						       <aspectratio>keep</aspectratio>
                            <texture colordiffuse="FFFFFFFF">other_textures/flagging/videos/3d.png</texture>
							<visible>ListItem.IsStereoscopic</visible>
                        </control>
						
						
						
					</control>
                    <!-- Cast List 	-->
				<control type="panel" id="50">
                        <description>Cast</description>
                        <left>465</left>
                        <top>310</top>
                        <width>790</width>
                        <height>305</height>
                        <onup>50</onup>
                        <ondown>50</ondown>
                        <onleft>9000</onleft>
                        <onright>50</onright>
                        <orientation>vertical</orientation>
                        <scrolltime>200</scrolltime>
						<visible>!String.IsEqual(ListItem.DBType,musicvideo) + Skin.HasSetting(VideoCast)</visible>
                        <itemlayout height="305" width="158">
                            <control type="image">
                                <width>153</width>
                                <height>200</height>
                                <texture>tile.png</texture>
                            </control>
							<control type="image">
								<top>205</top>
								<width>153</width>
								<height>90</height>
								<texture>tile.png</texture>
							</control>
							<control type="image">
                                <width>153</width>
                                <height>200</height>
                                <texture>$INFO[ListItem.Art(thumb)]</texture>
								<bordersize>5</bordersize>
								<aspectratio>scale</aspectratio>
                             </control>
                            <control type="image">
                                <width>153</width>
                                <height>200</height>
                                <texture>$INFO[ListItem.Icon]</texture>
								<bordersize>5</bordersize>
								<aspectratio>keep</aspectratio>
								<visible>String.IsEmpty(ListItem.Art(thumb))</visible>
					        </control>
							<control type="label">
                                <left>5</left>
								<top>210</top>
                                <width>143</width>
								<height>20</height>
                                <label>$INFO[ListItem.Label]</label>
								<wrapmultiline>true</wrapmultiline>
								<align>center</align>
								<aligny>center</aligny>
								<font>Panel_Description</font>
                            </control>
							<control type="label">
                                <left>5</left>
								<top>235</top>
                                <width>143</width>
								<height>20</height>
                                <label>$LOCALIZE[20347]</label>
								<wrapmultiline>true</wrapmultiline>
								<align>center</align>
								<aligny>center</aligny>
								<font>Panel_Description</font>
                            </control>
							<control type="label">
                                <left>5</left>
                                <top>260</top>
                                <width>143</width>
								<height>20</height>
                                <label>$INFO[ListItem.Label2]</label>
								<wrapmultiline>true</wrapmultiline>
								<align>center</align>
								<aligny>center</aligny>
								<font>Panel_Description</font>
								<align>center</align>
                            </control>
                        </itemlayout>
                        <focusedlayout height="305" width="158">
                            
							<control type="image">
								<width>153</width>
								<height>200</height>
								<texture>button.png</texture>
								<animation effect="fade" start="100" end="50" condition="!Control.HasFocus(50)">Conditional</animation>
							</control>
							<control type="image">
								<top>205</top>
								<width>153</width>
								<height>90</height>
								<texture>tile.png</texture>
							</control>
							<control type="image">
                                <width>153</width>
                                <height>200</height>
                                <texture>$INFO[ListItem.Art(thumb)]</texture>
								<bordersize>5</bordersize>
								<aspectratio>scale</aspectratio>
                                <animation effect="fade" start="100" end="50" condition="!Control.HasFocus(50)">Conditional</animation>
					        </control>
							<control type="image">
                                <width>153</width>
                                <height>200</height>
                                <texture>$INFO[ListItem.Icon]</texture>
								<bordersize>5</bordersize>
								<aspectratio>keep</aspectratio>
                                <animation effect="fade" start="100" end="50" condition="!Control.HasFocus(50)">Conditional</animation>
								<visible>String.IsEmpty(ListItem.Art(thumb))</visible>
					        </control>
							<control type="label">
                                <left>5</left>
								<top>210</top>
                                <width>143</width>
								<height>20</height>
                                <label>$INFO[ListItem.Label]</label>
								<wrapmultiline>true</wrapmultiline>
								<align>center</align>
								<aligny>center</aligny>
								<font>Panel_Description</font>
								<animation effect="fade" start="100" end="50" condition="!Control.HasFocus(50)">Conditional</animation>
								<textcolor>Accent</textcolor>
                            </control>
							<control type="label">
                                <left>5</left>
								<top>235</top>
                                <width>143</width>
								<height>20</height>
                                <label>$LOCALIZE[20347]</label>
								<wrapmultiline>true</wrapmultiline>
								<align>center</align>
								<aligny>center</aligny>
								<font>Panel_Description</font>
								<animation effect="fade" start="100" end="50" condition="!Control.HasFocus(50)">Conditional</animation>
								<textcolor>Accent</textcolor>
                            </control>
							<control type="label">
                                <left>5</left>
                                <top>260</top>
                                <width>143</width>
								<height>20</height>
                                <label>$INFO[ListItem.Label2]</label>
								<wrapmultiline>true</wrapmultiline>
								<align>center</align>
								<aligny>center</aligny>
								<font>Panel_Description</font>
								<align>center</align>
								<animation effect="fade" start="100" end="50" condition="!Control.HasFocus(50)">Conditional</animation>
								<textcolor>Accent</textcolor>
                            </control>
							
                        </focusedlayout>
                    </control>
					
                    <!-- Description Text -->
					<control type="textbox" id="4">
                        <description>Plot</description>
                        <left>485</left>
                        <top>302</top>
                        <width>745</width>
                        <height>250</height>
                        <align>justify</align>
						<font>Panel_Description</font>
                        <pagecontrol>60</pagecontrol>
						<visible>!Skin.HasSetting(VideoCast)</visible>
                    </control>
                </control>
                <!-- Music Video Info -->
				<control type="group">
					<!-- Background -->	
                    <visible>String.IsEqual(ListItem.DBType,musicvideo)</visible>
                    <control type="image">
                        <left>600</left>
                        <top>180</top>
                        <width>650</width>
                        <height>425</height>
                        <texture>music_fanart_diffuse.png</texture>
                    </control>
					<!-- Cover -->
                    <control type="image">
                        <description>Cover Image</description>
                        <left>165</left>
                        <top>180</top>
                        <width>425</width>
                        <height>425</height>
                        <texture>$INFO[ListItem.Art(poster)]</texture>
                        <aspectratio>scale</aspectratio>
                        <bordertexture border="5">white_box.png</bordertexture>
                        <bordersize>5</bordersize>
                    </control>
					<!-- Title -->
                    <control type="fadelabel" id="140">
                        <left>620</left>
                        <top>185</top>
                        <height>30</height>
                        <width>615</width>
                        <font>Panel_Title</font>
                        <aligny>top</aligny>
                        <label>$INFO[ListItem.Title]</label>
                        <visible>true</visible>
                        <scroll>true</scroll>
                        <scrollout>false</scrollout>
                        <pauseatend>600</pauseatend>
                        <scrollspeed>50</scrollspeed>
				    </control>
					<!-- Artist -->
					<control type="label">
                        <left>165</left>
                        <top>615</top>
                        <height>50</height>
                        <width>615</width>
                        <font>Panel_Hint</font>
                        <aligny>top</aligny>
                        <label>$INFO[ListItem.Artist]</label>
                        <visible>true</visible>
                        <scroll>true</scroll>
                        <scrollout>false</scrollout>
                        <pauseatend>600</pauseatend>
                        <scrollspeed>50</scrollspeed>
				    </control>
					<!-- Album -->
					<control type="label">
                        <left>620</left>
                        <top>245</top>
                        <height>50</height>
                        <width>610</width>
                        <font>Panel_Title_Footer</font>
                        <aligny>top</aligny>
                        <label>$INFO[ListItem.Album] [COLOR Accent]$INFO[ListItem.Year][/COLOR]</label>
                        <scroll>true</scroll>
                        <scrollout>false</scrollout>
                        <pauseatend>600</pauseatend>
                        <scrollspeed>50</scrollspeed>
				    </control>
					<!-- Genre -->
					 <control type="label">
                        <left>620</left>
                        <top>525</top>
                        <height>50</height>
                        <width>610</width>
                        <font>Panel_Title_Footer</font>
                        <aligny>top</aligny>
                        <label>$LOCALIZE[515] [COLOR Accent]$INFO[ListItem.Genre][/COLOR]</label>
                        <visible>true</visible>
                        <scroll>true</scroll>
                        <scrollout>false</scrollout>
                        <pauseatend>600</pauseatend>
                        <scrollspeed>50</scrollspeed>
				    </control>
					<!-- Rating -->
					 <control type="image">
						<left>620</left>
                        <top>275</top>
                        <width>100</width>
                        <height>25</height>
                        <texture>$VAR[ItemStarRating]</texture>
						<aspectratio scalediffuse="false">keep</aspectratio>
                     </control>
					<!-- Description Text -->
					<control type="textbox" id="4">
                        <description>Plot</description>
                        <left>620</left>
                        <top>302</top>
                        <width>610</width>
                        <height>220</height>
                        <align>justify</align>
						<font>Panel_Description</font>
                        <pagecontrol>60</pagecontrol>
                    </control>
					
					<!--  INFO Icons -->
					<control type="grouplist">
                        <left>620</left>
                        <top>560</top>
                        <width>610</width>
                        <height>44</height>
                        <itemgap>0</itemgap>
						<align>center</align>
                        <orientation>horizontal</orientation>
						<!-- Video Resolution -->
                        <control type="image">
                            <description>Video rez Image</description>
                            <width>90</width>
                            <height>33</height>
                            <aspectratio>keep</aspectratio>
                            <texture>$INFO[ListItem.VideoResolution,other_textures/flagging/video/,.png]</texture>
							<visible>!String.IsEmpty(ListItem.VideoResolution)</visible>
                        </control>
						<!-- Video Codec Non Divx-->
                        <control type="image">
                            <description>Common Codec Image</description>
                            <width>90</width>
                            <height>33</height>
                            <aspectratio>keep</aspectratio>
                            <texture>$INFO[ListItem.VideoCodec,other_textures/flagging/video/,.png]</texture>
                            <visible>!String.IsEmpty(ListItem.VideoCodec) + !String.Contains(ListItem.VideoCodec,div) + !String.IsEqual(ListItem.VideoCodec,dx50)</visible>
                        </control>
						<!-- Video Codec Divx-->
                        <control type="image">
                            <description>Divx Codec Image</description>
                            <width>90</width>
                            <height>33</height>
                            <aspectratio>keep</aspectratio>
                            <texture>other_textures/flagging/video/divx.png</texture>
                            <visible>!String.IsEmpty(ListItem.VideoCodec) + [String.Contains(ListItem.VideoCodec,div) | String.IsEqual(ListItem.VideoCodec,dx50)]</visible>
                        </control>
						<!-- Video Source Flag-->
                        <control type="image">
                            <description>Video Source Flag</description>
                            <width>90</width>
                            <height>33</height>
                            <aspectratio>keep</aspectratio>
                            <texture>$VAR[VideoSourceImage]</texture>
                          </control>
						 <!-- Video Rating Flag --> 
                        <control type="image">
                            <description>Rated G</description>
                            <width>90</width>
                            <height>33</height>
                            <aspectratio>keep</aspectratio>
                            <texture>$INFO[ListItem.mpaa,other_textures/flagging/ratings/,.png]</texture>
                            <visible>!String.IsEmpty(ListItem.Mpaa)</visible>
                        </control>
						<!-- Audio Codec Flag -->
                        <control type="image">
                            <description>Audio Codec</description>
                            <width>90</width>
                            <height>33</height>
                            <aspectratio>keep</aspectratio>
                            <texture>$INFO[ListItem.AudioCodec,other_textures/flagging/audio/,.png]</texture>
                            <visible>!String.IsEmpty(ListItem.AudioCodec)</visible>
                       	</control>
						<!-- Aspect Ratio -->
                         <control type="image">
                            <description>Aspectratio Image</description>
                            <width>60</width>
                            <height>33</height>
                            <aspectratio>keep</aspectratio>
                            <texture>$INFO[ListItem.VideoAspect,other_textures/flagging/aspectratio/,.png]</texture>
							 <visible>!String.IsEmpty(ListItem.VideoAspect)</visible>
                        </control>
                    </control>
                
			
                
				
				</control>
            </control>
            <!-- Left Menu-->
			<control type="grouplist" id="9000">
                <left>25</left>
                <top>180</top>
                <width>130</width>
                <height>430</height>
                <itemgap></itemgap>
                <onup>9000</onup>
                <ondown>9000</ondown>
                <onleft>9000</onleft>
				<onright>50</onright>
                <orientation>vertical</orientation>
				<control type="button" id="70">
					<description>Show Video Cast</description>
					<width>130</width>
					<align>center</align>
					<label>$LOCALIZE[206]</label>
					<textoffsetx>10</textoffsetx>
					<font>Panel_Hint</font>
					<onclick>Skin.ToggleSetting(VideoCast)</onclick>
					<visible>!String.IsEqual(ListItem.DBType,musicvideo) + !Skin.HasSetting(VideoCast)</visible>
				</control>
				<control type="button" id="71">
					<description>Show Video Description</description>
					<width>130</width>
					<align>center</align>
					<label>$LOCALIZE[207]</label>
					<textoffsetx>10</textoffsetx>
					<font>Panel_Hint</font>
					<onclick>Skin.ToggleSetting(VideoCast)</onclick>
					<visible>!String.IsEqual(ListItem.DBType,musicvideo) + Skin.HasSetting(VideoCast)</visible>
				</control>					
				<control type="button" id="8">
                    <description>Play</description>
                    <label>208</label>
                    <width>130</width>
					<textoffsetx>10</textoffsetx>
                    <align>center</align>
					<font>Panel_Hint</font>
                </control>
				 <control type="button" id="9">
                    <description>Resume</description>
                    <label>13404</label>
                    <width>130</width>
					<textoffsetx>10</textoffsetx>
                    <align>center</align>
					<font>Panel_Hint</font>
                </control>
				<control type="button" id="11">
                    <description>Trailer</description>
                    <label>$LOCALIZE[20410]</label>
                    <width>130</width>
					<textoffsetx>10</textoffsetx>
                    <align>center</align>
					<font>Panel_Hint</font>
                    <visible>String.IsEqual(ListItem.DBType,movie)</visible>
                </control>
                <control type="button" id="6">
                    <description>Refresh</description>
                    <label>184</label>
                    <width>130</width>
					<textoffsetx>10</textoffsetx>
                    <align>center</align>
					<font>Panel_Hint</font>
                </control>
                <control type="button" id="10">
                    <description>Poster</description>
                    <label>$LOCALIZE[31724]</label>
                    <width>130</width>
					<textoffsetx>10</textoffsetx>
                    <align>center</align>
					<font>Panel_Hint</font>
                </control>
				<control type="button" id="49">
					<description>Home Theatre</description>
					<width>130</width>
					<textoffsetx>10</textoffsetx>
                    <align>center</align>
					<font>Panel_Hint</font>
					<label>$LOCALIZE[31042]</label>
					<onclick>Dialog.Close(MovieInformation)</onclick>
					<onclick>XBMC.RunScript(script.cinema.experience,movieid=$INFO[ListItem.DBID])</onclick>
					<visible>system.hasaddon(script.cinema.experience) + String.IsEqual(ListItem.DBType,movie)</visible>
				</control>
				<control type="button" id="7">
					<description>Rating</description>
						<textoffsetx>5</textoffsetx>
						<width>130</width>
						<label>38023</label>
						<font>Panel_Hint</font>
					<align>center</align>
				</control>
				<control type="button" id="72">
					<description>Extend Info</description>
					<width>130</width>
					<textoffsetx>10</textoffsetx>
                    <align>center</align>
					<font>Panel_Hint</font>
					<label>$LOCALIZE[29915]+</label>
					<onclick>RunScript(script.extendedinfo,info=extendedinfo,dbid=$INFO[ListItem.DBID])</onclick>
					<visible>system.hasaddon(script.extendedinfo) + String.IsEqual(ListItem.DBType,movie)</visible>
				</control>
				
					
					
					
					
					
            </control>
        

		
		
		
		</control>
    
	
	</controls>
</window>