<?xml version="1.0" encoding="utf-8"?>
<window id="151">
    <defaultcontrol></defaultcontrol>
     
    <controls>
        <control type="group">
            <visible>!Window.IsVisible(fullscreenvideo) + !Window.IsVisible(visualisation)</visible>
            <animation type="WindowOpen">
                <effect type="slide" time="300" start="0,-40" end="0,0" easing="out" tween="cubic" />
            </animation>
            <animation type="WindowClose">
                <effect type="slide" time="300" start="0,0" end="0,-40" easing="in" tween="cubic" />
            </animation>
            <animation type="Visible">
                <effect type="slidey" time="300" start="0,-40" end="0,0" easing="out" tween="cubic" />
            </animation>
            <animation type="Hidden">
                <effect type="slidey" time="300" start="0,0" end="0,-40" easing="in" tween="cubic" />
            </animation>
			<animation effect="slide" start="0,0" end="0,30" time="300" easing="inout" tween="cubic" condition="Window.IsVisible(107)">Conditional</animation>
            <control type="image">
                <description>background image</description>
                <left>0</left>
                <top>0</top>
                <width>1280</width>
                <height>30</height>
                <aspectratio>scale</aspectratio>
                <texture>tile.png</texture>
            </control>
            <control type="label" id="30">
                <description>heading</description>
				<include>HiddenButton</include>
            </control>
            <control type="label" id="31">
                <description>message</description>
				<include>HiddenButton</include>
            </control>
			<control type="label">
				<left>0</left>
				<top>0</top>
				<height>30</height>
				<width>1280</width>
				<scroll>true</scroll>
				<font>Panel_Hint</font>
				<label>[COLOR=Accent]$INFO[Control.GetLabel(30)][/COLOR]$INFO[Control.GetLabel(31), • ]</label>
			</control>
            <control type="progress" id="32">
                <description>progress control</description>
                <left>0</left>
                <top>30</top>
                <width>1280</width>
                <height>5</height>
                <texturebg>progressnotification.png</texturebg>
                <midtexture>progresslime.png</midtexture>
            </control>
        </control>

    </controls>
</window>