<?xml version="1.0" encoding="utf-8"?>
<window id="146">
    <defaultcontrol always="true">9000</defaultcontrol>
     
    <controls>
	<include>NowPlayingControls</include>
	<include>TouchscreenNavigation</include>
	
		
	
	<control type="group">
			<animation type="WindowClose">
                <effect type="fade" time="300" />
                <effect type="slide" end="+1500,0" time="300" />
            </animation>
            <animation type="WindowOpen">
                <effect type="fade" time="300" />
                <effect type="slide" start="+1500,0" time="300" />
            </animation>
			<animation type="Conditional" condition="Window.IsVisible(addonsettings)">
				<effect type="slide" end="-1500" time="300" />
			</animation>	
			<control type="image">
				<left>615</left>
				<top>180</top>
				<width>635</width>
				<height>425</height>
				<texture>music_fanart_diffuse.png</texture>
			</control>
			<!-- Album Image -->
			<control type="image">
				<description>Cover Image</description>
				<left>180</left>
				<top>180</top>
				<width>425</width>
				<height>425</height>
				<texture>$INFO[ListItem.Icon]</texture>
				<aspectratio align="right" aligny="center">stretch</aspectratio>
				<bordersize>5</bordersize>
				<bordertexture>white_box.png</bordertexture>
			 </control>
			<!--This control shows the label of the add-on creator on the bottom of the description field -->
			<control type="label">
				<left>635</left>
				<top>560</top>
				<width>610</width>
				<height>50</height>
				<aligny>top</aligny>
				<font>Panel_Title_Footer</font>
				<label>$LOCALIZE[21863]: [COLOR Accent]$INFO[ListItem.AddonCreator][/COLOR]</label>
				<visible>!String.IsEmpty(ListItem.AddonCreator)</visible>
			</control>
			<!--This control shows the Addon Version on the top right of the description field -->
			<control type="label">
				<left>1130</left>
					<top>185</top>
					<height>30</height>
					<width>100</width>
					<font>Panel_Title</font>
					<aligny>top</aligny>
					<align>right</align>
				<label>[COLOR Accent]$INFO[ListItem.AddonVersion][/COLOR]</label>
			</control>
			<!--This control shows the label Description -->
			<control type="label">
				<left>635</left>
			<top>185</top>
			<height>30</height>
			<width>595</width>
			<font>Panel_Title</font>
			<aligny>top</aligny>
				<font>Panel_Description_Title</font>
				<label>$INFO[ListItem.AddonName]</label>
			</control>
			<!--This control shows the item summary -->
			<control type="label">
				<left>635</left>
				<top>245</top>
				<width>600</width>
				<height>50</height>
				<aligny>top</aligny>
				<font>Panel_Title_Footer</font>
				<scroll>true</scroll>
				<label>[COLOR Accent]$INFO[ListItem.AddonSummary][/COLOR]</label>
			</control>
			<!--This control shows the Item Description -->
			<control type="textbox">
				<left>635</left>
			<top>300</top>
			<width>595</width>
			<height>250</height>
			<align>justify</align>
			<font>Panel_Description</font>
			<info>ListItem.AddonDescription</info>
			</control>
			<!-- This control displays the Footer Text below the main Poster-->
			<control type="label">
				<include>ViewFooterTitle</include>	
				<label>$INFO[ListItem.AddonDisclaimer,[B]$LOCALIZE[24052]:[/B] ]</label>
				<scroll>true</scroll>
			</control>
			<control type="grouplist" id="9000">
	                <left>25</left>
                    <top>240</top>
                    <width>145</width>
                    <height>430</height>
                    <itemgap></itemgap>
                    <onup>9000</onup>
                    <ondown>9000</ondown>
                    <onright>9000</onright>
                    <onleft>9000</onleft>
                    <orientation>vertical</orientation>

			<control type="button" id="6">
				<description>Install Uninstall Addon button</description>
				<width>145</width>
				<font>Panel_Hint</font>						
				<align>center</align>
				<label></label>
			</control>
			<control type="button" id="7">
				<description>Enbale Disable Addon button</description>
				<width>145</width>
				<font>Panel_Hint</font>						
				<align>center</align>
				<label></label>
			</control>
			<control type="button" id="9">
				<description>Addon Settings</description>
				<label>24020</label>
				<width>145</width>
				<font>Panel_Hint</font>						
				<align>center</align>
				<label></label>
				<onfocus>SetProperty(addon,$INFO[ListItem.AddonName],10140)</onfocus>
			</control>
			<control type="button" id="8">
				<description>Update Addon button</description>
				<label>24069</label>
				<width>145</width>
				<font>Panel_Hint</font>						
				<align>center</align>
				<label></label>
			</control>
			<control type="button" id="12">
				<description>Launch Button</description>
				<width>145</width>
				<font>Panel_Hint</font>						
				<align>center</align>
				<label></label>
			</control>
			<control type="button" id="10">
				<description>Dependencies</description>
				<width>145</width>
				<font>Panel_Hint</font>						
				<align>center</align>
				<label>$LOCALIZE[39024]</label>
			</control>
			<control type="radiobutton" id="13">
				<description>Auto Update Button</description>
				<width>145</width>
				<font>Panel_Hint</font>						
				<align>center</align>
				<label></label>
			</control>

		
				
				
				
				</control>	
	
</control>	
	
	</controls>
</window>