<?xml version="1.0" encoding="utf-8"?>
<window type="dialog" id="142">
    <controls>
		<control type="group">
			<animation effect="fade" start="100" end="0" time="300" condition="Window.IsVisible(osdvideosettings) | Window.IsVisible(osdaudiosettings) | Window.IsVisible(osdsubtitlesettings) | Window.IsVisible(videobookmarks) | Window.IsVisible(subtitlesearch)  | Window.IsActive(pvrchannelguide)">conditional</animation>
			<control type="image">
				<visible>!Window.IsVisible(videoosd)</visible>
				<width>1280</width>
				<height>60</height>
				<texture>tile.png</texture>
			</control>
			<!-- Video Info icons -->
					<control type="grouplist">
						<visible>!Window.IsVisible(videoosd)</visible>
						<top>5</top>
						<width>1280</width>
						<align>center</align>
						<orientation>horizontal</orientation>
						<control type="image">
							<description>Title</description>
							<width>100</width>
							<height>50</height>
							<texture fallback="other_textures\flagging\ratings\unrated.png">$INFO[VideoPlayer.mpaa,other_textures\flagging\ratings\,.png]</texture>
							<aspectratio>keep</aspectratio>
							<align>left</align>
							<visible>!VideoPlayer.Content(livetv) + !VideoPlayer.Content(musicvideos)</visible>
						</control>	
						<control type="image">
							<description>Title</description>
							<width>100</width>
							<height>50</height>
							<texture>$VAR[VideoSourcePlayerImage]</texture>
							<aspectratio>keep</aspectratio>
							<align>left</align>
							<visible>!VideoPlayer.Content(livetv) + !VideoPlayer.Content(musicvideos)</visible>
						</control>							
						<control type="image">
							<description>Title</description>
							<width>100</width>
							<height>50</height>
							<texture>$INFO[VideoPlayer.VideoAspect,other_textures\flagging\aspectratio\,.png]</texture>
							<aspectratio>keep</aspectratio>
							<align>left</align>
						</control>
						<control type="image">
							<description>Title</description>
							<width>100</width>
							<height>50</height>
							<texture>$INFO[VideoPlayer.AudioChannels,other_textures\flagging\audio\,.png]</texture>
							<aspectratio>keep</aspectratio>
							<align>left</align>
						</control>
						<control type="image">
							<description>Title</description>
							<width>100</width>
							<height>50</height>
							<texture>$INFO[VideoPlayer.VideoResolution,other_textures\flagging\video\,.png]</texture>
							<aspectratio>keep</aspectratio>
							<align>left</align>
						</control>
						<control type="image">
							<description>Title</description>
							<width>100</width>
							<height>50</height>
							<texture>$INFO[VideoPlayer.VideoCodec,other_textures\flagging\video\,.png]</texture>
							<aspectratio>keep</aspectratio>
							<align>left</align>
						</control>
						<control type="image">
							<description>Title</description>
							<width>100</width>
							<height>50</height>
							<texture>$INFO[VideoPlayer.AudioCodec,other_textures\flagging\audio\,.png]</texture>
							<aspectratio>keep</aspectratio>
							<align>left</align>
						</control>
					</control>
			<include>VideoFullScreenInfo</include>	
		</control>
	</controls>
</window>