<?xml version="1.0" encoding="utf-8"?>
<window id="134">
    <defaultcontrol always="true">450</defaultcontrol>
     
    <controls>
		<include>NowPlayingControls</include>
		<include>TouchscreenNavigation</include>
		
		
		<control type="group">
            <animation type="WindowClose">
                <effect type="fade" time="300" />
                <effect type="slide" end="+1500,0" time="300" />
            </animation>
            <animation type="WindowOpen">
                <effect type="fade" time="300" />
                <effect type="slide" start="+1500,0" time="300" delay="300" />
            </animation>
            <control type="label">
			<include>ViewMainTitle</include>
                <label>$LOCALIZE[1036]</label>
            </control>
            <control type="panel" id="450">
                <left>370</left>
                <top>290</top>
                <width>850</width>
                <height>320</height>
                <scrolltime>200</scrolltime>
                <onleft>450</onleft>
                <onright>450</onright>
                <onup>450</onup>
                <ondown>450</ondown>
                <orientation>vertical</orientation>
                <focusposition>4</focusposition>
                <pagecontrol>451</pagecontrol>
                <itemlayout width="160" height="160">
                    <control type="image">
                        <include>PanelButtonImageNF</include>
                    </control>
                    <control type="image">
                        <width>155</width>
                        <height>155</height>
                        <texture>$INFO[ListItem.Icon]</texture>
                        <aspectratio>scale</aspectratio>
                        <colordiffuse>ImageDiffuse</colordiffuse>
						<bordersize>5</bordersize>
                    </control>
					<control type="image">
                        <width>155</width>
                        <height>155</height>
                        <texture>defaultfolder.png</texture>
                        <aspectratio>scale</aspectratio>
						<colordiffuse>ImageDiffuse</colordiffuse>
                        <bordersize>5</bordersize>
						<visible>String.IsEmpty(ListItem.Icon)</visible>
                    </control>
					<control type="image">
						<left>5</left>
						<top>120</top>
                        <width>145</width>
                        <height>30</height>
                        <texture>tile.png</texture>
                    </control>
					<control type="label">
                        <label>$INFO[ListItem.Label]</label>
                        <left>10</left>
                        <top>120</top>
                        <height>30</height>
                        <width>140</width>
                        <font>Panel_Scroll_Label</font>
                        <align>left</align>
                    </control>
                </itemlayout>
                <focusedlayout width="160" height="160">
                    <control type="image">
                        <include>PanelButtonImageFO</include>
                    </control>
					<control type="image">
                        <width>155</width>
                        <height>155</height>
                        <texture>tile.png</texture>
                        <aspectratio>scale</aspectratio>
                       	<bordersize>5</bordersize>
						<visible>String.IsEmpty(ListItem.Icon)</visible>
                    </control>
                	<control type="image">
                        <width>155</width>
                        <height>155</height>
                        <texture>$INFO[ListItem.Icon]</texture>
                        <aspectratio>scale</aspectratio>
						<bordersize>5</bordersize>
                        <animation effect="fade" start="50" time="400" easing="out" tween="linear">Focus</animation>
                    </control>
					<control type="image">
                        <width>155</width>
                        <height>155</height>
                        <texture>defaultfolder.png</texture>
                        <aspectratio>scale</aspectratio>
                        <bordersize>5</bordersize>
						<visible>String.IsEmpty(ListItem.Icon)</visible>
                    </control>
					<control type="image">
						<left>5</left>
						<top>120</top>
                        <width>145</width>
                        <height>30</height>
                        <texture>tile.png</texture>
                    </control>
                    
                    <control type="label">
                        <label>$INFO[ListItem.Label]</label>
                        <left>10</left>
                        <top>120</top>
                        <height>30</height>
                        <width>140</width>
                        <font>Panel_Scroll_Label</font>
                        <align>left</align>
                    </control>
                </focusedlayout>
            </control>
            <control type="scrollbar" id="451">
                <left>1170</left>
                <top>290</top>
                <width>5</width>
                <height>315</height>
                <texturesliderbackground></texturesliderbackground>
                <textureslidernib>bar.png</textureslidernib>
                <textureslidernibfocus>scroll_nib.png</textureslidernibfocus>
                <texturesliderbar></texturesliderbar>
                <texturesliderbarfocus></texturesliderbarfocus>
                <showonepage>true</showonepage>
                <orientation>vertical</orientation>
            </control>
            <control type="fadelabel" id="140">
                <left>370</left>
                <top>215</top>
                <height>30</height>
                <width>800</width>
                <font>Panel_Title</font>
                <aligny>top</aligny>
                <label>[COLOR Accent]$INFO[ListItem.Label][/COLOR]</label>
                <scroll>true</scroll>
                <scrollout>false</scrollout>
                <pauseatend>600</pauseatend>
                <scrollspeed>50</scrollspeed>
            </control>
			 <control type="image">
                <left>50</left>
                <top>290</top>
                <width>315</width>
                <height>315</height>
                <texture background="true">tile.png</texture>
            </control>
			 <control type="image">
                <left>50</left>
                <top>290</top>
                <width>315</width>
                <height>315</height>
                <texture background="true">$INFO[Container(450).ListItem.Icon]</texture>
                <fadetime>200</fadetime>
                <aspectratio scalediffuse="false">keep</aspectratio>
                <bordersize>5</bordersize>
				<bordertexture>white_box.png</bordertexture>
			</control>
			<control type="image">
                <left>50</left>
                <top>290</top>
                <width>315</width>
                <height>315</height>
                <texture background="true">button.png</texture>
                <fadetime>200</fadetime>
                <aspectratio scalediffuse="false">keep</aspectratio>
                <bordersize>5</bordersize>
				<bordertexture>white_box.png</bordertexture>
				<align>right</align>
				<visible>String.IsEmpty(ListItem.Icon)</visible>
            </control>
			<control type="image">
                <left>50</left>
                <top>290</top>
                <width>315</width>
                <height>315</height>
                <texture background="true">tile.png</texture>
                <fadetime>200</fadetime>
                <aspectratio scalediffuse="false">keep</aspectratio>
                <bordersize>5</bordersize>
				<align>right</align>
				<visible>String.IsEmpty(ListItem.Icon)</visible>
            </control>
			<control type="image">
                <left>50</left>
                <top>290</top>
                <width>315</width>
                <height>315</height>
                <texture background="true">defaultfolder.png</texture>
                <fadetime>200</fadetime>
                <aspectratio scalediffuse="false">keep</aspectratio>
                <bordersize>5</bordersize>
				<align>right</align>
				<visible>String.IsEmpty(ListItem.Icon)</visible>
            </control>

        </control>
    </controls>
</window>