<?xml version="1.0" encoding="utf-8"?>
<window id="115">
    <defaultcontrol always="true">901</defaultcontrol>
     
    <visible>[VideoPlayer.IsFullscreen | Window.IsVisible(visualisation)] + [Player.Seeking | Player.DisplayAfterSeek | Player.paused | Player.Forwarding | Player.rewinding | !String.IsEmpty(Player.SeekNumeric) | !String.IsEmpty(PVR.ChannelNumberInput)]</visible>
	<controls>
        <control type="group">
            <top>150</top>
            <visible>!Player.Caching</visible>
            <control type="label">
				<width>1280</width>
                <height>32</height>
                <align>center</align>
                <font>SeekBarState</font>
                <label>$LOCALIZE[112]</label>
				<textcolor>88FFFFFF</textcolor>
                <visible>player.paused + !Window.IsVisible(10140)</visible>
            </control>
            <control type="label">
                <width>1280</width>
                <height>32</height>
                <align>center</align>
                <font>SeekBarState</font>
                <label>FFx2</label>
				<textcolor>88FFFFFF</textcolor>
                <visible>player.forwarding2x</visible>
            </control>
            <control type="label">
                <width>1280</width>
                <height>32</height>
                <align>center</align>
                <font>SeekBarState</font>
                <label>FFx4</label>
				<textcolor>88FFFFFF</textcolor>
                <visible>player.forwarding4x</visible>
            </control>
            <control type="label">
                <width>1280</width>
                <height>32</height>
                <align>center</align>
                <font>SeekBarState</font>
                <label>FFx8</label>
				<textcolor>88FFFFFF</textcolor>
                <visible>player.forwarding8x</visible>
            </control>
            <control type="label">
                <width>1280</width>
                <height>32</height>
                <align>center</align>
                <font>SeekBarState</font>
                <label>FFx16</label>
				<textcolor>88FFFFFF</textcolor>
                <visible>player.forwarding16x</visible>
            </control>
            <control type="label">
                <width>1280</width>
                <height>32</height>
                <align>center</align>
                <font>SeekBarState</font>
                <label>FFx32</label>
				<textcolor>88FFFFFF</textcolor>
                <visible>player.forwarding32x</visible>
            </control>
            <control type="label">
                <width>1280</width>
                <height>32</height>
                <align>center</align>
                <font>SeekBarState</font>
                <label>RWx2</label>
				<textcolor>88FFFFFF</textcolor>
                <visible>player.rewinding2x</visible>
            </control>
            <control type="label">
                <width>1280</width>
                <height>32</height>
                <align>center</align>
                <font>SeekBarState</font>
                <label>RWx4</label>
				<textcolor>88FFFFFF</textcolor>
                <visible>player.rewinding4x</visible>
            </control>
            <control type="label">
                <width>1280</width>
                <height>32</height>
                <align>center</align>
                <font>SeekBarState</font>
                <label>RWx8</label>
				<textcolor>88FFFFFF</textcolor>
                <visible>player.rewinding8x</visible>
            </control>
            <control type="label">
                <width>1280</width>
                <height>32</height>
                <align>center</align>
                <font>SeekBarState</font>
                <label>RWx16</label>
				<textcolor>88FFFFFF</textcolor>
                <visible>player.rewinding16x</visible>
            </control>
            <control type="label">
                <width>1280</width>
                <height>32</height>
                <align>center</align>
                <font>SeekBarState</font>
                <label>RWx32</label>
				<textcolor>88FFFFFF</textcolor>
                <visible>player.rewinding32x</visible>
            </control>
            <control type="label">
                <width>1280</width>
                <height>32</height>
                <align>center</align>
                <font>SeekBarState</font>
                <label>$INFO[Player.SeekStepSize]</label>
				<textcolor>88FFFFFF</textcolor>
            </control>			
        
		</control>
		
		<control type="label">
			<top>70</top>
			<width>1280</width>
			<height>150</height>
			<align>center</align>
			<aligny>top</aligny>
			<font>SeekBarState</font>
			<textcolor>Accent</textcolor>
			<label>$INFO[PVR.ChannelNumberInput]</label>
			<visible>!String.IsEmpty(PVR.ChannelNumberInput)</visible>
		</control>
		
        <control type="group">
            
            <top>150</top>
            <visible>!String.IsEmpty(Player.CacheLevel) + Player.Caching</visible>
            <!--
			<control type="image">
                <description>Busy animation</description>
                <left>20</left>
                <top>20</top>
                <width>32</width>
                <height>32</height>
                <texture>other_textures/busy.png</texture>
                <aspectratio>keep</aspectratio>
                <animation effect="rotate" start="360" end="0" center="36,36" time="1200" loop="true" condition="true">conditional</animation>
            </control>
			-->
            <control type="label" id="24">
                <description>buffering label</description>
                <width>1280</width>
                <height>32</height>
                <align>center</align>
                <font>SeekBarState</font>
				<textcolor>88FFFFFF</textcolor>
                <label>$LOCALIZE[15107] $INFO[Player.CacheLevel]%</label>
            </control>
        </control>
				<!-- This Displays the Current Time on the Top Right 		-->
				<control type="group">
					<visible>player.paused + !Window.IsActive(musicosd) + !Player.ShowInfo</visible>
					<include>BarClock</include>
				</control>
			
			
			<!-- Progress Bar -->
			<control type="group">	
				<animation effect="slide" start="0,70" end="0,0" time="1200" tween="cubic" easing="out">Visible</animation>
				<animation effect="slide" start="0,0" end="0,70" time="100" tween="cubic" easing="in">Hidden</animation>
				<top>685</top>
				<visible>!Window.IsActive(videoosd) + !Window.IsActive(fullscreeninfo) + !Player.HasGame + !Window.IsActive(musicosd) + !Player.ShowInfo</visible>
				<!-- Background for Progress Bar -->
				<control type="image">
					<description>black bar</description>
					<left>0</left>
					<top>10</top>
					<width>1280</width>
					<height>25</height>
					<fadetime>200</fadetime>
					<texture background="true">tile.png</texture>
				</control>
				<!-- Progress Bar -->
				<control type="progress">
					<description>Progressbar</description>
					<left>110</left>
					<top>20</top>
					<width>1070</width>
					<height>5</height>
					<info>Player.Progress</info>
					<texturebg>progresswhite.png</texturebg>
					<midtexture>progresslime.png</midtexture>
				</control>
				<!-- Player Time Elapsed-->
				<control type="label">
					<left>0</left>
					<top>0</top>
					<width>100</width>
					<label>$INFO[MusicPlayer.Time]</label>
					<align>center</align>
					<font>Panel_Hint</font>
					<textcolor>Accent</textcolor>
				</control>
				<!-- Player Time Remaining-->
				<control type="label">
					<left>1180</left>
					<top>0</top>
					<width>100</width>
					<label>$INFO[MusicPlayer.TimeRemaining,-]</label>
					<align>center</align>
					<font>Panel_Hint</font>
				</control>
			</control>

   </controls>
</window>