<?xml version="1.0" encoding="utf-8"?>
<window id="126">
    <defaultcontrol always="true">450</defaultcontrol>
     
    <controls>
        <include>GlobalOverlay</include>
        <control type="group">
            <animation type="WindowOpen">
                <effect type="slide" time="400" start="1280" end="0" easing="out" tween="cubic" />
            </animation>
            <animation type="WindowClose">
                <effect type="slide" time="400" start="0" end="1280" easing="in" tween="cubic" />
            </animation>
			<control type="group">
				<visible>!Skin.HasSetting(ThemeBackgroundColor)</visible>
				<control type="image">
					<width>1280</width>
					<height>720</height>
					<texture>other_textures/black-back.png</texture>
				</control>           
				<control type="image">
				<width>1280</width>
					<height>720</height>
					<texture>other_textures/black-back.png</texture>
				</control>
				<control type="image">
				<width>1280</width>
					<height>720</height>
					<texture>boxBackground.png</texture>
				</control>
				<control type="image">
				<width>1280</width>
					<height>720</height>
					<texture>music_fanart_diffuse.png</texture>
				</control>				
			</control>
			<control type="group">
				<visible>Skin.HasSetting(ThemeBackgroundColor)</visible>
				<control type="image">
				<width>1280</width>
					<height>720</height>
					<texture>button.png</texture>
				</control>           
				<control type="image">
				<width>1280</width>
					<height>720</height>
					<texture>tile.png</texture>
				</control>

			</control>	

			<control type="image">
				<left>50</left>
				<top>70</top>
				<width>590</width>
				<height>540</height>
				<texture>tile.png</texture>
			</control>
			
			
            <control type="image">
                <description>Large Icon Image</description>
                <left>645</left>
                <top>70</top>
                <width>585</width>
                <height>540</height>
                <texture>$INFO[Container(450).ListItem.Art(thumb)]</texture>
                <aspectratio align="center" aligny="center">keep</aspectratio>
                <bordersize>5</bordersize>
				<bordertexture>white_box.png</bordertexture>
                <animation type="WindowOpen">
                    <effect type="slide" time="300" start="+1165, 0" end="0,0" easing="out" tween="cubic" />
                </animation>
                <animation type="WindowClose">
                    <effect type="slide" time="300" start="0,0" end="+1165,0" easing="in" tween="cubic" />
                </animation>
            </control>
			<control type="image">
                <description>Large Icon Image</description>
                <left>645</left>
                <top>70</top>
                <width>585</width>
                <height>540</height>
                <texture>$INFO[Container(450).ListItem.Icon]</texture>
                <aspectratio align="center" aligny="center">keep</aspectratio>
                <bordersize>5</bordersize>
                <animation type="WindowOpen">
                    <effect type="slide" time="300" start="+1165, 0" end="0,0" easing="out" tween="cubic" />
                </animation>
                <animation type="WindowClose">
                    <effect type="slide" time="300" start="0,0" end="+1165,0" easing="in" tween="cubic" />
                </animation>
				<visible>String.IsEmpty(Container(450).ListItem.Art(thumb))</visible>
            </control>
		
			<control type="label" id="411">
                <description>Heading</description>
                <left>50</left>
                <top>0</top>
                <width>1180</width>
                <font>Panel_Description_Title</font>
                 </control>
            <control type="label" id="412">
                <description>Path</description>
                <left>50</left>
                <top>35</top>
                <width>1180</width>
                <haspath>true</haspath>
                <font>Panel_Info</font>
            </control>
            <control type="list" id="450">
                <left>50</left>
                <top>70</top>
                <width>590</width>
                <height>530</height>
                <onup>450</onup>
                <onleft>9000</onleft>
                <onright>9000</onright>
                <ondown>450</ondown>
                <itemlayout height="45">
                    <control type="label">
                        <left>10</left>
                        <width>570</width>
                        <info>ListItem.Label</info>
						<font>Panel_Info</font>
				
                    </control>
                </itemlayout>
                <focusedlayout height="45">
                    <control type="image">
                        <width>590</width>
                        <height>45</height>
                        <texture>tile.png</texture>
                        <animation effect="fade" start="100" end="50" condition="!Control.HasFocus(450)">Conditional</animation>
                    </control>
                     <control type="label">
                        <left>10</left>
                        <width>570</width>
                        <info>ListItem.Label</info>
						<font>Panel_Info</font>
						<textcolor>Accent</textcolor>
				
                    </control>
                </focusedlayout>
            </control>
            <control type="grouplist" id="9000">
                <left>50</left>
                <top>615</top>
                <itemgap>10</itemgap>
                <orientation>horizontal</orientation>
                <onup>450</onup>
                <ondown>450</ondown>
                <control type="button" id="413">
                    <description>Ok</description>
                    <width>135</width>
                    <label>186</label>
                    <font>Panel_Hint</font>
					<focusedcolor>White</focusedcolor>
					<texturefocus>button.png</texturefocus>
					<texturenofocus>tile.png</texturenofocus>
                </control>
                <control type="button" id="414">
                    <description>Cancel</description>
                    <width>135</width>
                    <label>222</label>
                    <font>Panel_Hint</font>
					<focusedcolor>White</focusedcolor>
					<texturefocus>button.png</texturefocus>
					<texturenofocus>tile.png</texturenofocus>
                </control>
            </control>
        </control>
    </controls>
</window>