<?xml version="1.0" encoding="utf-8"?>
<window>
	<defaultcontrol always="true">2000</defaultcontrol>
	<controls>
		<control type="group">

			<visible>!Window.IsActive(GameVideoFilter) + !Window.IsActive(GameStretchMode) + !Window.IsActive(GameControllers) + !Window.IsActive(GameVideoRotation)</visible>
			
	
			<!-- Controller Image -->
			<control type="group">
				<visible>System.GetBool(gamesgeneral.showosdhelp)</visible>
				<animation effect="slide" start="-180" end="0" time="600" tween="cubic" easing="out">WindowOpen</animation>
				<animation effect="slide" start="0" end="-180" time="600" tween="cubic" easing="in">Hidden</animation>
				<top>455</top>
				<!-- Square Bg -->
				<control type="image">
					<left>0</left>
					<top>5</top>
					<width>260</width>
					<height>260</height>
					<texture>tile.png</texture>
				</control>
				<!-- Controller Image -->
				<control type="image">
					<description>Non Movie Non Tv Show cover image</description>
					<left>10</left>
					<top>15</top>
					<width>240</width>
					<height>240</height>
					<texture background="true">button.png</texture>
					<bordertexture border="5">white_box.png</bordertexture>
					<bordersize>5</bordersize>
				</control>
				<control type="gamecontroller" id="1102">
					<left>20</left>
					<top>25</top>
					<width>230</width>
					<height>230</height>
				</control>
			</control>	
				
			<!-- Help Text -->
			<control type="group">
				<visible>System.GetBool(gamesgeneral.showosdhelp)</visible>
				<top>455</top>
				<left>265</left>
				<animation effect="slide" start="1100" end="0" time="600" tween="cubic" easing="out">WindowOpen</animation>
				<animation effect="slide" start="0" end="1100" time="600" tween="cubic" easing="in">Hidden</animation>
				<control type="image">
					<description>black bar</description>
					<top>5</top>
					<width>1100</width>
					<height>250</height>
					<fadetime>200</fadetime>
					<texture background="true">tile.png</texture>
				</control>
				<!-- Help Text Header -->	
				<control type="label">
					<top>20</top>
					<left>15</left>
					<description>Help Text Header</description>
					<width>1050</width>
					<scroll>yes</scroll>
					<font>Music_Vis_Title</font>
					<align>left</align>
					<label>[COLOR Accent]$LOCALIZE[35221][/COLOR]</label>
				 </control>
				<control type="textbox" id="1101">
					<description>Help text</description>
					<top>112</top>
					<font>Music_Vis_Title3</font>
					<!--<top>67</top>
					<font>Music_Vis_Title2</font>-->
					<left>15</left>
					<height>200</height>
					
				</control>
			</control>
			
			<!-- Player Controls / Time / Buttons -->
			<control type="group">
				<visible>!System.GetBool(gamesgeneral.showosdhelp)</visible>
				<animation effect="slide" start="0,-70" end="0,0" time="600" tween="cubic" easing="out">WindowOpen</animation>
				<animation effect="slide" start="0,0" end="0,-70" time="600" tween="cubic" easing="in">WindowClose</animation>
				<animation effect="slide" start="0,0" end="0,-70" time="600" tween="cubic" easing="in">Hidden</animation>			
				
				<!-- This Displays the Current Time on the Top Right 		-->
				<control type="label">
					<label>$INFO[System.Time(hh:mm)][COLOR Accent]$INFO[System.Time(xx), ][/COLOR]</label>
					<top>10</top>
					<left>1000</left>
					<height>50</height>
					<width>270</width>
					<font>Clock</font>
					<align>right</align>
					<shadowcolor>black</shadowcolor>
					<visible>!Window.IsActive(seekbar)</visible>
				</control>
				<!-- This Displays the Current Date on the Top Right -->
				<control type="label">
					<label> $INFO[System.Date(ddd)] • [COLOR Accent]$INFO[System.Date(mmm)] $INFO[System.Date(dd)][/COLOR]</label>
					<left>1000</left>
					<top>30</top>
					<height>100</height>
					<width>270</width>
					<font>Clock_Footer</font>
					<shadowcolor>black</shadowcolor>
					<align>right</align>
					<visible>!Skin.HasSetting(DisplayWeatherInfo)+!Window.IsActive(seekbar)</visible>
				</control>
				<!-- This Displays the Current Weather on the Top Right -->
				<control type="label">
					<!--<label>$INFO[Window(Weather).Property(Current.Temperature)]$INFO[System.TemperatureUnits, ]</label>-->
					<label>$INFO[Weather.Temperature] • $INFO[System.Date(ddd)] • [COLOR Accent]$INFO[System.Date(mmm)] $INFO[System.Date(dd)][/COLOR]</label>
					<left>1000</left>
					<top>30</top>
					<height>100</height>
					<width>270</width>
					<font>Clock_Footer</font>
					<shadowcolor>black</shadowcolor>
					<align>right</align>
					<visible>Weather.IsFetched + Skin.HasSetting(DisplayWeatherInfo)+!Window.IsActive(seekbar)</visible>
				</control>
				<!-- Game Settings -->
				<control type="grouplist" id="1000">
					<left>5</left>
					<top>5</top>
					<width>500</width>
					<height>60</height>
					<itemgap>10</itemgap>
					<orientation>horizontal</orientation>
					<align>left</align>
					<onleft>2003</onleft>
					<onright>2001</onright>
					<onup>noop</onup>
					<ondown>noop</ondown>
					<visible>!Window.IsVisible(GameVideoFilter) + !Window.IsVisible(GameStretchMode) + !Window.IsVisible(GameVideoRotation) + !Window.IsVisible(GameVolume) + !Window.IsVisible(GameControllers) + !Window.IsVisible(GameAdvancedSettings)</visible>
					<control type="button" id="1001">
						<description>Exit FullSCreen</description>
						<top>5</top>
						<left>1050</left>
						<width>40</width>
						<height>40</height>
						<label>$LOCALIZE[13014]</label>
						<font></font>
						<texturefocus colordiffuse="Accent">other_textures/osd/minimize.png</texturefocus>
                        <texturenofocus>other_textures/osd/minimize.png</texturenofocus>
						<onclick>Dialog.Close(all,true)</onclick>
						<onclick>ParentDir</onclick>
						<visible>System.Platform.IOS | System.Platform.Android | System.getbool(input.enablemouse)</visible>
					</control>
					<control type="button" id="1002">
						<description>Audio Settings</description>
						<width>40</width>
						<height>40</height>
						<label>$LOCALIZE[13376]</label>
						<font></font>
						<texturefocus colordiffuse="Accent">other_textures/osd/audiosettings.png</texturefocus>
						<texturenofocus>other_textures/osd/audiosettings.png</texturenofocus>
						<onclick>ActivateWindow(GameVolume)</onclick>
					</control>
					<control type="button" id="1003">
						<description>Video Filters</description>
						<width>40</width>
						<height>40</height>
						<label>$LOCALIZE[10820]</label>
						<align>left</align>
						<font></font>
						<texturefocus colordiffuse="Accent">other_textures/osd/filters.png</texturefocus>
						<texturenofocus>other_textures/osd/filters.png</texturenofocus>
						<onclick>ActivateWindow(GameVideoFilter)</onclick>
					</control>
					<control type="button" id="1004">
						<description>Scaling</description>
						<width>40</width>
						<height>40</height>
						<label>$LOCALIZE[35233]</label>
						<align>left</align>
						<font></font>
						<texturefocus colordiffuse="Accent">other_textures/osd/scaling.png</texturefocus>
						<texturenofocus>other_textures/osd/scaling.png</texturenofocus>
						<onclick>ActivateWindow(GameStretchMode)</onclick>
					</control>
					<control type="button" id="1005">
						<description>Rotation</description>
						<width>40</width>
						<height>40</height>
						<label>$LOCALIZE[35227]</label>
						<align>left</align>
						<font></font>
						<texturefocus colordiffuse="Accent">other_textures/osd/rotation.png</texturefocus>
						<texturenofocus>other_textures/osd/rotation.png</texturenofocus>
						<onclick>ActivateWindow(GameVideoRotation)</onclick>
					</control>
					<control type="button" id="1006">
						<description>3D</description>
						<width>40</width>
						<height>40</height>
						<label>$LOCALIZE[10823]</label>
						<align>left</align>
						<font></font>
						<texturefocus colordiffuse="Accent">other_textures/osd/controllers.png</texturefocus>
						<texturenofocus>other_textures/osd/controllers.png</texturenofocus>
						<onclick>ActivateWindow(GameControllers)</onclick>
					</control>
					<control type="button" id="1007">
						<description>Advanced Settings</description>
						<width>40</width>
						<height>40</height>
						<label>$LOCALIZE[5]</label>
						<align>left</align>
						<font></font>
						<texturefocus colordiffuse="Accent">other_textures/osd/presetsettings.png</texturefocus>
						<texturenofocus>other_textures/osd/presetsettings.png</texturenofocus>
						<onclick>ActivateWindow(GameAdvancedSettings)</onclick>
					</control>
				</control>
				<!-- Player Controls -->
				<control type="grouplist" id="2000">
					<centerleft>640</centerleft>
					<top>5</top>
					<width>500</width>
					<height>40</height>
					<itemgap>5</itemgap>
					<orientation>horizontal</orientation>
					<align>center</align>
					<onleft>1007</onleft>
					<onright>1001</onright>
					<onup>noop</onup>
					<ondown>noop</ondown>
					<visible>!Window.IsVisible(GameVideoFilter) + !Window.IsVisible(GameStretchMode) + !Window.IsVisible(GameVideoRotation) + !Window.IsVisible(GameVolume) + !Window.IsVisible(GameControllers) + !Window.IsVisible(GameAdvancedSettings)</visible>
					<control type="button" id="2001">
						<description>Skip Back</description>
						<width>40</width>
						<height>40</height>
						<label>210</label>
						<font></font>
						<texturefocus colordiffuse="Accent">other_textures/osd/previous.png</texturefocus>
						<texturenofocus>other_textures/osd/previous.png</texturenofocus>
						<onclick>PlayerControl(Reset)</onclick>
					</control>
						<control type="togglebutton" id="2002">
						<description>Play/pause</description>
						<width>40</width>
						<height>40</height>
						<label>31037</label>
						<altlabel>208</altlabel>
						<font></font>
						<texturefocus colordiffuse="Accent">other_textures/osd/pause.png</texturefocus>
						<texturenofocus>other_textures/osd/pause.png</texturenofocus>
						<usealttexture>Player.paused | Player.Forwarding | Player.rewinding</usealttexture>
						<alttexturefocus colordiffuse="Accent">other_textures/osd/play.png</alttexturefocus>
						<alttexturenofocus>other_textures/osd/play.png</alttexturenofocus>
						<onclick>PlayerControl(Play)</onclick>
					</control>
					<control type="button" id="2003">
						<description>Stop</description>
						<width>40</width>
						<height>40</height>
						<label>31038</label>
						<font></font>
						<texturefocus colordiffuse="Accent">other_textures/osd/stop.png</texturefocus>
						<texturenofocus>other_textures/osd/stop.png</texturenofocus>
						<onclick>PlayerControl(Stop)</onclick>
					</control>
				</control>
			</control>
		</control>
	</controls>
</window>
