<?xml version="1.0" encoding="UTF-8"?>
<window  type="dialog" id="4069">
    <defaultcontrol>9000</defaultcontrol>
    <controls>
		<include>SkinFanart</include>
		 <!-- Fanart List -->
		<control type="wraplist" id="114">
            <description>Fanart Slideshow List</description>
            <top>-1280</top>
            <left>-720</left>
            <orientation>horizontal</orientation>
            <scrolltime>10000</scrolltime>
            <autoscroll>True</autoscroll>
            <itemlayout width="0" height="0"></itemlayout>
            <focusedlayout width="0" height="0"></focusedlayout>
        </control>
        <!-- Fanart -->
		<control type="image" id="102">
            <description>Fanart Slideshow Image</description>
            <include>Dimensions_Fullscreen</include>
            <aspectratio>scale</aspectratio>
            <fadetime>1000</fadetime>
            <texture background="true">$INFO[Container(113).ListItem.Art(fanart)]</texture>
			<!--<texture background="true">$INFO[Container(114).ListItem.Art(thumb)]</texture>-->
		</control>
		
		<control type="image">
            <description>Fanart Slideshow Image</description>
            <include>Dimensions_Fullscreen</include>
            <aspectratio>scale</aspectratio>
            <texture>music_fanart_diffuse.png</texture>
        </control>
		
		<include>NowPlayingControls</include>
		<include>TouchscreenNavigation</include>
		
		
		<!-- Description Background -->
		<control type="image">
			<left>465</left>
			<top>180</top>
			<width>785</width>
			<height>425</height>
			<texture>music_fanart_diffuse.png</texture>
		</control>
		<!-- Data List -->
		<control type="list" id="113">
            <description>Invisible List for Info</description>
            <posx>1</posx>
            <posy>1</posy>
            <itemlayout width="0" height="0"></itemlayout>
            <focusedlayout width="0" height="0"></focusedlayout>
        </control>
        <!-- Poster List -->
		<control type="wraplist" id="115">
            <description>Poster Slideshow List</description>
            <top>-1280</top>
            <left>-720</left>
            <orientation>vertical</orientation>
            <scrolltime>10000</scrolltime>
            <autoscroll>True</autoscroll>
			<itemlayout width="0" height="0"></itemlayout>
            <focusedlayout width="0" height="0"></focusedlayout>
        </control> 
        <!-- Poster -->
		<control type="image" id="101">
             <description>Game Cover</description>
			<left>165</left>
			<top>180</top>
			<width>290</width>
			<height>425</height>
			<aspectratio align="right" aligny="top">keep</aspectratio>
			<bordertexture border="5">white_box.png</bordertexture>
			<bordersize>5</bordersize>
			<fadetime>1000</fadetime>
            <!--<texture background="true">$INFO[Container(115).ListItem.Art(poster)]</texture>-->
			<texture background="true">$INFO[Container(113).ListItem.Art(poster)]</texture>
        </control>
		<!-- Description -->
		<control type="textbox" id="104">
			<description>Plot</description>
			<left>485</left>
			<top>302</top>
			<width>745</width>
			<height>250</height>
			<align>justify</align>
			<font>Panel_Description</font>
			<!--<scrolltime>200</scrolltime>
			<autoscroll delay="3000" time="1000" repeat="10000"></autoscroll>-->
			<label>$INFO[Container(113).ListItem.Plot]</label>
        </control>
		<!-- Trailer Background
		<control type="image">
		 <description>Trailer Background</description>
			<left>465</left>
			<top>180</top>
			<width>785</width>
			<height>425</height>
            <texture>other_textures/black-back.png</texture>
			<visible>String.IsEqual(Window(HOME).Property(iagl.trailer_started),True)</visible>
		</control>-->
	   <!-- Trailer Window -->
		<control type="videowindow" id="105">
            <description>Trailer Window</description>
            <left>465</left>
			<top>180</top>
			<width>785</width>
			<height>425</height>
			<visible>false</visible>
        </control>
 

        <!-- EMU Logo -->
		<control type="image" id="103">
            <description>Logo Image</description>
            <left>25</left>
			<top>100</top>
			<width>130</width>
			<height>130</height>
            <aspectratio align="center" aligny="bottom">keep</aspectratio>
            <texture>$INFO[Container(113).ListItem.Property(emu_logo)]</texture>
        </control>
		<!-- Main Title -->
		<control type="fadelabel">
			<left>485</left>
			<top>185</top>
			<height>30</height>
			<width>650</width>
			<font>Panel_Title</font>
			<aligny>top</aligny>
			<label>$INFO[Container(113).ListItem.Title]</label>
			<scroll>true</scroll>
			<scrollout>false</scrollout>
			<pauseatend>600</pauseatend>
			<scrollspeed>50</scrollspeed>
		</control>
		<!-- Year -->
		<control type="fadelabel">
			<left>1130</left>
			<top>185</top>
			<height>30</height>
			<width>100</width>
			<font>Panel_Title</font>
			<aligny>top</aligny>
			<align>right</align>
			<label>[COLOR Accent]$INFO[Container(113).ListItem.Year][/COLOR]</label>
			<scroll>true</scroll>
			<scrollout>false</scrollout>
			<pauseatend>600</pauseatend>
			<scrollspeed>50</scrollspeed>
		</control>
		<!-- Rom Studio -->
		<control type="label">
			<left>485</left>
			<top>245</top>
			<width>745</width>
			<height>50</height>
			<aligny>top</aligny>
			<font>Panel_Title_Footer</font>
			<textcolor>white</textcolor>
			<label>$INFO[Container(113).ListItem.Studio]</label>
		</control>
		<!-- Tags -->
		<control type="label">
			<left>950</left>
			<top>245</top>
			<width>280</width>
			<height>25</height>
			<align>right</align>
			<font>Panel_Description_Footer</font>
		   <label>$INFO[Container(113).ListItem.Property(tag),[,]]</label>
		</control>
		<!-- Rating -->
		<control type="image">
			<left>485</left>
			<top>275</top>
			<width>100</width>
			<height>25</height>
			<texture>$VAR[IarlRating]</texture>
			<aspectratio scalediffuse="false">keep</aspectratio>
		</control>
		<!-- Genre -->
		<control type="label">
			<left>485</left>
			<top>550</top>
			<width>300</width>
			<height>50</height>
			<align>left</align>
			<font>Panel_Description_Footer</font>
			<label>$INFO[Container(113).ListItem.Genre,[COLOR Accent]$LOCALIZE[515] [/COLOR]]</label>
		</control>
		<!-- Nr of Players -->
		<control type="label">
			<left>950</left>
			<top>565</top>
			<width>280</width>
			<height>25</height>
			<align>right</align>
			<font>Panel_Description_Footer</font>
		   <label>$INFO[Container(113).ListItem.Property(nplayers),, [COLOR Accent]$LOCALIZE[31051] [/COLOR]]</label>
		</control>
		<!-- Left Menu-->
		<control type="grouplist" id="9000">
                <left>25</left>
                <top>240</top>
                <width>130</width>
                <height>430</height>
                <itemgap></itemgap>
                <onup>9000</onup>
                <ondown>9000</ondown>
				<orientation>vertical</orientation>
				<control type="button" id="3001">
                    <description>Launch</description>
                    <label>518</label>
                    <width>130</width>
					<textoffsetx>10</textoffsetx>
                    <align>center</align>
					<font>Panel_Hint</font>
                </control>
				<control type="button" id="3002">
                    <description>Download</description>
                    <label>33003</label>
                    <width>130</width>
					<textoffsetx>10</textoffsetx>
                    <align>center</align>
					<font>Panel_Hint</font>
                </control>
				<control type="button" id="3003">
                    <description>Close</description>
                    <label>15067</label>
                    <width>130</width>
					<textoffsetx>10</textoffsetx>
                    <align>center</align>
                    <font>Panel_Hint</font>
                </control>
				<control type="button" id="3004">
                    <description>Trailer</description>
                    <label>20410</label>
                    <width>130</width>
					<textoffsetx>10</textoffsetx>
                    <align>center</align>
					<font>Panel_Hint</font>
					<onclick>PlayMedia($INFO[Container(113).ListItem.Trailer],False,1)</onclick>
                </control>
			</control>
		<!-- ESRB Logo -->
		<control type="image">
			<description>Esrb Logo</description>
			<left>25</left>
			<top>445</top>
			<width>130</width>
			<height>180</height>
			<aspectratio align="center" aligny="top">keep</aspectratio>
			<texture>$VAR[IarlEsrb]</texture>
		</control>
   </controls>
</window>