<window>
	<allowoverlay>no</allowoverlay>
	<defaultcontrol always="false">101</defaultcontrol>
	<onload>Skin.ToggleSetting(showLyricsDialog)</onload>
	<onunload>Skin.Reset(showLyricsDialog)</onunload>
	<coordinates>
		<system>1</system>
		<left>0</left>
		<top>0</top>
	</coordinates>
	<controls>
		<control type="group">
			<visible>Skin.HasSetting(showLyricsDialog) + !Window.IsVisible(AddonSettings)</visible>
		
	
			
			<animation effect="fade" start="0" end="100" time="300" tween="quadratic" easing="out">WindowOpen</animation>
			<animation effect="fade" start="100" end="0" time="300" tween="quadratic" easing="out">WindowClose</animation>
	
			
			<!--XBMC Lyrics Label-->			
			<control type="label">
				<description>header label</description>
				<left>0</left>
				<top>10</top>
				<width>1280</width>
				<height>30</height>
				<font>Panel_Hint</font>
				<label>$ADDON[script.cu.lrclyrics 32199]$INFO[Control.GetLabel(200), • ]</label>
				<align>center</align>
				<aligny>center</aligny>
				<textcolor>white</textcolor>
				<shadowcolor>black</shadowcolor>
			</control>
			<!-- ** Required ** Do not change <id> or <type> (Smooth scrolling list for lyrics) -->
			<control type="list" id="110">
				<left>0</left>
				<top>80</top>
				<width>1280</width>
				<height>350</height>
				<onleft>111</onleft>
				<onright>111</onright>
				<onup>110</onup>
				<ondown>110</ondown>
				<pagecontrol>111</pagecontrol>
				<scrolltime>500</scrolltime>
				<movement>6</movement>
				<focusposition>6</focusposition>
				<itemlayout height="30">
					<control type="label">
						<left>0</left>
						<width>1280</width>
						<height>25</height>
						<font>Panel_Hint</font>
						<aligny>center</aligny>
						<align>center</align>
						<label fallback="--">$INFO[ListItem.Label]</label>
						<animation effect="fade" start="100" end="70" condition="true">Conditional</animation>
					</control>
				</itemlayout>
				<focusedlayout height="50">
					<control type="label">
						<left>0</left>
						<width>1280</width>
						<height>40</height>
						<font>Music_Vis_Title4</font>
						<aligny>center</aligny>
						<align>center</align>
						<shadowcolor>black</shadowcolor>
						<textcolor>White</textcolor>
						<label fallback="--">$INFO[ListItem.Label]</label>
						<visible>!Control.HasFocus(110)</visible>
					</control>
					<control type="label">
						<left>0</left>
						<width>1280</width>
						<height>40</height>
						<font>Music_Vis_Title4</font>
						<aligny>center</aligny>
						<align>center</align>
						<shadowcolor>black</shadowcolor>
						<textcolor>White</textcolor>
						<label fallback="--">$INFO[ListItem.Label]</label>
						<visible>!Control.HasFocus(110)</visible>
					</control>
										<control type="label">
						<left>0</left>
						<width>1280</width>
						<height>40</height>
						<font>Music_Vis_Title4</font>
						<aligny>center</aligny>
						<align>center</align>
						<shadowcolor>black</shadowcolor>
						<textcolor>White</textcolor>
						<label fallback="--">$INFO[ListItem.Label]</label>
						<visible>Control.HasFocus(110)</visible>
					</control>
					<control type="label">
						<left>0</left>
						<width>1280</width>
						<height>40</height>
						<font>Music_Vis_Title4</font>
						<aligny>center</aligny>
						<align>center</align>
						<shadowcolor>black</shadowcolor>
						<textcolor>White</textcolor>
						<label fallback="--">$INFO[ListItem.Label]</label>
						<visible>Control.HasFocus(110)</visible>
					</control>
				</focusedlayout>
			</control>
			<control type="spincontrol" id="111">
				<description>Next page button</description>
				<height>30</height>
				<width>30</width>
				<left>1210</left>
				<top>440</top>
				<subtype>page</subtype>
				<font>Panel_Hint</font>
				<onleft>110</onleft>
				<onright>110</onright>
				<ondown>110</ondown>
				<onup>110</onup>
				<textureup>other_textures/arrowupg.png</textureup>
				<texturedown>other_textures/arrowdowng.png</texturedown>
				<textureupfocus>other_textures/arrowupfo.png</textureupfocus>
				<texturedownfocus>other_textures/arrowdownfo.png</texturedownfocus>
				<showonepage>true</showonepage>
				<align>right</align>
				<visible>Control.IsVisible(110)</visible>
			</control>
			<!-- ** Required ** Do not change <id> or <type> (Song Chooser if it gets it wrong) -->
			<control type="list" id="120">
				<left>0</left>
				<top>240</top>
				<width>1280</width>
				<height>440</height>
				<onleft>121</onleft>
				<onright>121</onright>
				<onup>120</onup>
				<ondown>120</ondown>
				<pagecontrol>121</pagecontrol>
				<scrolltime>200</scrolltime>
				<animation effect="slide" start="0,0" end="20,0" time="0" condition="!Control.IsVisible(121)">Conditional</animation>
				<itemlayout height="40">
					<control type="image">
						<left>0</left>
						<top>0</top>
						<width>550</width>
						<height>41</height>
						<texture border="5">tile.png</texture>
					</control>
					<control type="label">
						<left>10</left>
						<top>0</top>
						<width>530</width>
						<height>40</height>
						<font>Panel_Hint</font>
						<align>left</align>
						<aligny>center</aligny>
						<info>ListItem.Label</info>
					</control>
				</itemlayout>
				<focusedlayout height="40">
					<control type="image">
						<left>0</left>
						<top>0</top>
						<width>550</width>
						<height>41</height>
						<visible>!Control.HasFocus(120)</visible>
						<texture border="5">button.png</texture>
					</control>
					<control type="image">
						<left>0</left>
						<top>0</top>
						<width>550</width>
						<height>41</height>
						<visible>Control.HasFocus(120)</visible>
						<texture border="5">button.png</texture>
					</control>
					<control type="label">
						<left>10</left>
						<top>0</top>
						<width>530</width>
						<height>40</height>
						<font>Panel_Hint</font>
						<align>left</align>
						<aligny>center</aligny>
						<info>ListItem.Label</info>
					</control>
				</focusedlayout>
			</control>
			<control type="spincontrol" id="121">
				<description>Next page button</description>
				<left>520</left>
				<top>650</top>
				<subtype>page</subtype>
				<font>Panel_Hint</font>
				<textureup></textureup>
                <textureupfocus></textureupfocus>
                <texturedown></texturedown>
                <texturedownfocus></texturedownfocus>
				<onleft>120</onleft>
				<onright>120</onright>
				<ondown>120</ondown>
				<onup>120</onup>
				<showonepage>true</showonepage>
				<visible>Control.IsVisible(120)</visible>
			</control>
			
			<control type="label" id="200">
				<description>Scraper label</description>
				<visible>false</visible>
			</control>
		</control>
		
	</controls>
</window>