<?xml version="1.0" encoding="utf-8"?>
<window id="12">
    <defaultcontrol always="true">3</defaultcontrol>
	<controls>
        <include>SkinFanart</include>
        <include>BarClock</include>
		
		
		<control type="group"><visible>![Window.IsVisible(2003) | Window.IsVisible(DialogAddonInfo.xml) | Window.IsVisible(DialogMusicInfo.xml) | Window.IsVisible(DialogFavourites.xml)]</visible><include>NowPlayingControls</include><include>TouchscreenNavigation</include></control>
        <control type="group">
            <visible>!Window.IsVisible(10140)</visible>
            <animation type="TYPE" condition="Window.IsVisible(DialogPVRChannelManager.xml)" reversible="false">
                <effect type="slide" end="-1500,0" time="200" />
            </animation>
            <animation type="TYPE" condition="!Window.IsVisible(DialogPVRChannelManager.xml)" reversible="false">
                <effect type="slide" start="-1500,0" time="200" />
            </animation>
			<animation type="TYPE" condition="Window.IsVisible(DialogPVRGroupManager.xml)" reversible="false">
                <effect type="slide" end="-1500,0" time="200" />
            </animation>
            <animation type="TYPE" condition="!Window.IsVisible(DialogPVRGroupManager.xml)" reversible="false">
                <effect type="slide" start="-1500,0" time="200" />
            </animation>
            <animation type="WindowClose">
                <effect type="fade" time="300" />
                <effect type="slide" end="+1500,0" time="300" />
            </animation>
            <animation type="WindowOpen">
                <effect type="fade" time="300" />
                <effect type="slide" start="+1500,0" time="300" />
            </animation>
            <animation type="Hidden">
                <effect type="fade" time="300" />
                <effect type="slide" end="+1500,0" time="300" />
            </animation>
            <animation type="Visible">
                <effect type="fade" time="300" />
                <effect type="slide" start="+1500,0" time="300" />
            </animation>
			 <control type="image">
                <description>background image</description>
                <left>50</left>
                <top>290</top>
                <width>45</width>
                <height>315</height>
                <aspectratio>scale</aspectratio>
                <texture>tile.png</texture>
            </control>
			 <control type="image">
                <description>background image</description>
                <left>100</left>
                <top>290</top>
                <width>240</width>
                <height>315</height>
                <aspectratio>scale</aspectratio>
                <texture>tile.png</texture>
            </control>
			<control type="image">
                <description>background image</description>
                <left>345</left>
                <top>290</top>
                <width>810</width>
                <height>315</height>
                <aspectratio>scale</aspectratio>
                <texture>tile.png</texture>
            </control>
			<!-- Display Settings as Label -->
			<control type="label">
                <label>$LOCALIZE[14201]</label>
                <left>50</left>
                <top>215</top>
                <height>30</height>
                <width>1000</width>
                <font>Panel_Title</font>
                <align>left</align>
				<aligny>top</aligny>
				<visible>Window.IsActive(playersettings)</visible>
            </control>
			<control type="label">
                <label>$LOCALIZE[14205]</label>
                <left>50</left>
                <top>215</top>
                <height>30</height>
                <width>1000</width>
                <font>Panel_Title</font>
                <align>left</align>
				<aligny>top</aligny>
				<visible>Window.IsActive(pvrsettings)</visible>
            </control>
			<control type="label">
                <label>$LOCALIZE[14207]</label>
                <left>50</left>
                <top>215</top>
                <height>30</height>
                <width>1000</width>
                <font>Panel_Title</font>
                <align>left</align>
				<aligny>top</aligny>
				<visible>Window.IsActive(interfacesettings)</visible>
            </control>
			<control type="label">
                <label>$LOCALIZE[14208]</label>
                <left>50</left>
                <top>215</top>
                <height>30</height>
                <width>1000</width>
                <font>Panel_Title</font>
                <align>left</align>
				<aligny>top</aligny>
				<visible>Window.IsActive(servicesettings)</visible>
            </control>
			<control type="label">
                <label>$LOCALIZE[14209]</label>
                <left>50</left>
                <top>215</top>
                <height>30</height>
                <width>1000</width>
                <font>Panel_Title</font>
                <align>left</align>
				<aligny>top</aligny>
				<visible>Window.IsActive(systemsettings)</visible>
            </control>
			<control type="label">
                <label>$LOCALIZE[14212]</label>
                <left>50</left>
                <top>215</top>
                <height>30</height>
                <width>1000</width>
                <font>Panel_Title</font>
                <align>left</align>
				<aligny>top</aligny>
				<visible>Window.IsActive(mediasettings)</visible>
            </control>

            <control type="grouplist" id="3">
                <description>Button Area</description>
                <left>100</left>
                <top>290</top>
                <width>240</width>
                <height>315</height>
                <itemgap>0</itemgap>
                <onleft>20</onleft>
                <onright>5</onright>
                <onup>3</onup>
                <ondown>3</ondown>
                <orientation>vertical</orientation>
	        </control>
            <control type="grouplist" id="5">
                <description>Control Area</description>
                <left>345</left>
                <top>290</top>
                <width>810</width>
                <height>315</height>
                <itemgap>0</itemgap>
                <onleft>3</onleft>
                <onright>3</onright>
                <onup>5</onup>
                <ondown>5</ondown>
                <orientation>vertical</orientation>

            </control>
			<control type="image" id="11">
                <description>Default Separator</description>
                <height>2</height>
				<texture>button.png</texture>
            </control>
			<control type="label" id="14">
                <description>Section Header</description>
				<height>45</height>
				<font>List_Settings_Title</font>
				<textcolor>Accent</textcolor>
				<textoffsetx>10</textoffsetx>
				<align>left</align>
            </control>
            <control type="button" id="7">
                <description>Default Button</description>
                <align>left</align>
                <focusedcolor>Accent</focusedcolor>
				<font>List_Settings</font>
            </control>
            <control type="radiobutton" id="8">
                <description>Default Radio Button</description>
                 <align>left</align>
                <focusedcolor>Accent</focusedcolor>
				<font>List_Settings</font>
            </control>
            <control type="spincontrolex" id="9">
                <description>Default Spin Control</description>
                <align>left</align>
                <focusedcolor>Accent</focusedcolor>
                <textureup>other_textures/arrowupfo.png</textureup>
                <texturedown>other_textures/arrowdownfo.png</texturedown>
                <textureupfocus>other_textures/arrowupg.png</textureupfocus>
                <texturedownfocus>other_textures/arrowdowng.png</texturedownfocus>
				<font>List_Settings</font>
            </control>
            <control type="button" id="10">
                <description>Default Category Button</description>
				<width>240</width>
                <align>right</align>
                <focusedcolor>Accent</focusedcolor>
				<font>List_Unfocused</font>
            </control>
			<control type="sliderex" id="13">
                <description>Default Slider</description>
                <focusedcolor>Accent</focusedcolor>
				<font>List_Settings</font>
      		</control>
            <control type="image">
                <left>1155</left>
                <top>290</top>
                <width>40</width>
                <height>40</height>
                <texture flipy="true">down_arrow.png</texture>
                <visible>Container(5).HasPrevious</visible>
                <animation effect="fade" time="400">VisibleChange</animation>
            </control>
            <control type="image">
                <left>1155</left>
                <top>565</top>
                <width>40</width>
                <height>40</height>
                <texture>down_arrow.png</texture>
                <visible>Container(5).HasNext</visible>
                <animation effect="fade" time="400">VisibleChange</animation>
            </control>
		
			<control type="button" id="20">
				<animation effect="rotate" end="90" center="50,605" time="0" condition="true" reversible="false">Conditional</animation>
				<description>Setting level button</description>
				<left>50</left>
				<top>605</top>
				<height>45</height>
				<width>315</width>
				<label>10037</label>
				<align>center</align>
				<aligny>center</aligny>
       			<font>Panel_Hint</font>
				<texturenofocus></texturenofocus>
				<pulseonselect>false</pulseonselect>
				<onleft>noop</onleft>
				<onright>3</onright>
				<onup>noop</onup>
				<ondown>noop</ondown>
				<onclick>SettingsLevelChange</onclick>
			</control>
			<!--
			<control type="textbox" id="6">
			   <description>Setting Description</description>
			   <left>345</left>
			   <top>610</top>
			   <width>810</width>
			   <height>60</height>
			   <visible>true</visible>
			   <font>List_Hint</font>
			   <textcolor>Accent</textcolor>
			   <pulseonselect>no</pulseonselect>
			   <autoscroll delay="3000" time="1000" repeat="10000"></autoscroll>
			   <label></label>
			</control>
			-->
			
		</control>
    </controls>
</window>