<?xml version="1.0" encoding="utf-8"?>
<window id="136">
    <defaultcontrol always="true">22</defaultcontrol>
    <allowoverlay>no</allowoverlay>
    <controls>
        <control type="group">
            <left>0</left>
            <top>0</top>
            <animation type="WindowClose">
                <effect type="fade" time="300" />
                <effect type="slide" end="+1500,0" time="300" />
            </animation>
            <animation type="WindowOpen">
                <effect type="fade" time="300" delay="400" />
                <effect type="slide" start="+1500,0" time="300" delay="400" />
            </animation>
			<control type="group">
				<left>185</left>
				<!-- Heading -->
				<control type="label" id="2">
					<top>215</top>
					<height>30</height>
					<width>800</width>
					<font>Panel_Title</font>
					<align>Left</align>
					<aligny>Top</aligny>
					<textcolor>Accent</textcolor>
				</control>
				<!-- Playlist Name -->
				<control type="button" id="12">
					<description>Name Button</description>
					<top>290</top>
					<width>620</width>
					<height>40</height>
					<font>List_Settings</font>
					<aligny>center</aligny>
					<align>left</align>
					<textoffsetx>10</textoffsetx>
					<focusedcolor>White</focusedcolor>
					<texturefocus>button.png</texturefocus>
					<texturenofocus>tile.png</texturenofocus>
					<onup>23</onup>
					<onleft>20</onleft>
					<onright>22</onright>
					<ondown>10</ondown>
					<label>21433</label>
				</control>
				<control type="grouplist" id="9000">
					<top>290</top>
					<left>625</left>
					<onleft>12</onleft>
					<onright>9001</onright>
					<!-- Playlist Type Selector -->
					<control type="button" id="22">
						<description>Set Playlist type</description>
						<width>320</width>
						<height>40</height>
						<label>467</label>
						<font>List_Settings</font>
						<aligny>center</aligny>
						<align>left</align>
						<textoffsetx>10</textoffsetx>
						<focusedcolor>White</focusedcolor>
						<texturefocus>button.png</texturefocus>
						<texturenofocus>tile.png</texturenofocus>
					</control>
					<!-- Rule Matching Option -->
					<control type="button" id="16">
						<width>320</width>
						<height>40</height>
						<label>21424</label>
						<onright>17</onright>
						<font>List_Settings</font>
						<aligny>center</aligny>
						<align>left</align>
						<textoffsetx>10</textoffsetx>
						<focusedcolor>White</focusedcolor>
						<texturefocus>button.png</texturefocus>
						<texturenofocus>tile.png</texturenofocus>
					</control>
					<!-- Result Limitation Option -->
					<control type="button" id="17">
						<width>320</width>
						<height>40</height>
						<label>21427</label>
						<font>List_Settings</font>
						<aligny>center</aligny>
						<align>left</align>
						<textoffsetx>10</textoffsetx>
						<focusedcolor>White</focusedcolor>
						<texturefocus>button.png</texturefocus>
						<texturenofocus>tile.png</texturenofocus>
					</control>
					<!-- Sort Direction -->
					<control type="button" id="19">
						<width>320</width>
						<height>40</height>
						<label></label>
						<font>List_Settings</font>
						<aligny>center</aligny>
						<align>left</align>
						<textoffsetx>10</textoffsetx>
						<focusedcolor>White</focusedcolor>
						<texturefocus>button.png</texturefocus>
						<texturenofocus>tile.png</texturenofocus>
					</control>
					<!-- Oder By Option-->
					<control type="button" id="18">
						<width>320</width>
						<height>40</height>
						<label>21429</label>
						<aligny>center</aligny>
						<align>left</align>
						<textoffsetx>10</textoffsetx>
						<font>List_Settings</font>
						<focusedcolor>White</focusedcolor>
						<texturefocus>button.png</texturefocus>
						<texturenofocus>tile.png</texturenofocus>
					</control>
					<!-- Group By Option-->
					<control type="button" id="23">
						<width>320</width>
						<height>40</height>
						<label>21458</label>
						<aligny>center</aligny>
						<align>left</align>
						<textoffsetx>10</textoffsetx>
						<font>List_Settings</font>
						<focusedcolor>White</focusedcolor>
						<texturefocus>button.png</texturefocus>
						<texturenofocus>tile.png</texturenofocus>
					</control>
					<!-- Mixed Option -->
					<control type="radiobutton" id="24">
						<width>320</width>
						<height>40</height>
						<aligny>center</aligny>
						<align>left</align>
						<textoffsetx>10</textoffsetx>
						<font>List_Settings</font>
						<label>21459</label>
						<texturenofocus>tile.png</texturenofocus>
						<texturefocus>button.png</texturefocus>
						<textureradioonfocus>other_textures/radiobuttonfo.png</textureradioonfocus>
						<textureradioonnofocus>other_textures/radiobutton2fo.png</textureradioonnofocus>
						<textureradioofffocus>other_textures/radiobuttonnf.png</textureradioofffocus>
						<textureradiooffnofocus>other_textures/radiobutton2nf.png</textureradiooffnofocus>
					</control>
					
				</control>
				<control type="image">
					<top>335</top>
					<width>620</width>
					<height>265</height>4
					<texture>tile.png</texture>
				</control>
				<!-- Rules List -->
				<control type="list" id="10">
					<description>Rules List Control</description>
					<top>335</top>
					<width>620</width>
					<height>270</height>
					<onup>12</onup>
					<onleft>9001</onleft>
					<onright>9000</onright>
					<ondown>12</ondown>
					<itemlayout width="775" height="45">
						<!-- Label Rule Item -->
						<control type="label">
							<left>20</left>
							<top>0</top>
							<width>735</width>
							<font>List_Settings</font>
							<info>ListItem.Label</info>
						</control>
					</itemlayout>
					<focusedlayout width="775" height="45">
						<!-- Background Rule Item -->
						<control type="image">
							<left>0</left>
							<top>0</top>
							<width>775</width>
							<height>40</height>
							<texture>tile.png</texture>
						</control>
						<!-- Label Rule Item -->
						<control type="label">
							<left>20</left>
							<top>0</top>
							<width>735</width>
							<info>ListItem.Label</info>
							<font>List_Settings</font>
							<textcolor>White</textcolor>
							<visible>!Control.HasFocus(10) + !ControlGroup(9000).HasFocus</visible>
						</control>
						<control type="label">
							<left>20</left>
							<top>0</top>
							<width>735</width>
							<info>ListItem.Label</info>
							<font>List_Settings</font>
							<textcolor>Accent</textcolor>
							<visible>Control.HasFocus(10) | ControlGroup(9000).HasFocus</visible>
						</control>
					</focusedlayout>
				</control>

			</control>
				<control type="grouplist" id="9001">
					<left>25</left>
					<top>290</top>
					<width>150</width>
					<height>330</height>
					<itemgap>5</itemgap>
					<onright>12</onright>
					<ondown>9001</ondown>
					<orientation>vertical</orientation>
					<control type="button" id="20">
						<description>Ok Button</description>
						<width>150</width>
						<height>40</height>
						<align>center</align>
						<label>186</label>
						<font>Panel_Hint</font>
						<focusedcolor>White</focusedcolor>
						<texturefocus>button.png</texturefocus>
						<texturenofocus>tile.png</texturenofocus>
					</control>
					<control type="button" id="21">
						<description>Cancel Button</description>
						<width>150</width>
						<height>40</height>
						<align>center</align>
						<label>222</label>
						<font>Panel_Hint</font>
						<focusedcolor>White</focusedcolor>
						<texturefocus>button.png</texturefocus>
						<texturenofocus>tile.png</texturenofocus>
					</control>
				</control>
			
		</control>
    </controls>
</window>