<?xml version="1.0" encoding="utf-8"?>
<includes>
    <include name="Viewtype_Panel_Tall_ListInfo">
        <control type="group">
            <visible>Control.IsVisible(563)</visible>
            <animation type="TYPE" condition="Window.IsVisible(2003) | Window.IsVisible(DialogAddonSettings.xml)" reversible="false">
                <effect type="slide" end="-1500,0" time="200" />
            </animation>
            <animation type="TYPE" condition="!Window.IsVisible(2003) + !Window.IsVisible(DialogAddonSettings.xml)" reversible="false">
                <effect type="slide" start="-1500,0" time="200" />
            </animation>
  			<animation type="WindowClose">
                <effect type="fade" time="300" />
                <effect type="slide" end="+1500,0" time="300" />
            </animation>
            <animation type="WindowOpen">
                <effect type="fade" time="300" />
                <effect type="slide" start="+1500,0" time="300" />
            </animation>

			<!-- Short List Background-->
			<control type="image">
				<left>270</left>
				<top>290</top>
				<width>520</width>
				<height>315</height>
				<texture>music_fanart_diffuse.png</texture>
				<fadetime>200</fadetime>
				<aspectratio scalediffuse="false">stretch</aspectratio>
			</control>
			<control type="list" id="563">
				<viewtype label="List Info">List Info</viewtype>
				<left>270</left>
				<top>290</top>
				<width>520</width>
				<height>315</height>
				<scrolltime>200</scrolltime>
				<onleft>9000</onleft>
				<onleft>Skin.ToggleSetting(showViewOptions)</onleft>
				<onright>5631</onright>
				<onup>563</onup>
				<ondown>563</ondown>
				<pagecontrol>5631</pagecontrol>
				<visible>Container.Content(Movies) | Container.Content(TVShows)</visible>
				<itemlayout height="45" width="520">
					<control type="label">
						<left>25</left>
						<width>460</width>
						<font>List_Unfocused</font>
						<label>$INFO[ListItem.Label]</label>
					</control>
						<control type="image">
							<left>475</left>
							<width>45</width>
							<height>45</height>
							<bordersize>5</bordersize>
							<texture>OverlayWatchedList.png</texture>
							<visible>String.IsEqual(ListItem.Overlay,OverlayWatched.png)</visible>
						</control>
						<control type="image">
							<left>475</left>
							<width>45</width>
							<height>45</height>
							<bordersize>5</bordersize>
							<texture>OverlayWatchingList.png</texture>
							<visible>ListItem.IsResumable + !String.IsEqual(ListItem.Overlay,OverlayWatched.png)</visible>
						</control>
						<control type="image">
							<left>430</left>
							<width>45</width>
							<height>45</height>
							<bordersize>5</bordersize>
							<texture>Overlay3DList.png</texture>
							<visible>ListItem.IsStereoscopic</visible>
							<animation type="TYPE" condition="!String.IsEqual(ListItem.Overlay,OverlayWatched.png) + !ListItem.IsResumable" reversible="false">
								<effect type="slide" start="45" end="45" time="50" />
							</animation>
						</control>
						<control type="image">
							<left>430</left>
							<width>45</width>
							<height>45</height>
							<bordersize>5</bordersize>
							<texture>OverlayHDList.png</texture>
							<visible>Integer.IsGreater(ListItem.VideoResolution,699) + !ListItem.IsStereoscopic</visible>
								<animation type="TYPE" condition="!String.IsEqual(ListItem.Overlay,OverlayWatched.png) + !ListItem.IsResumable" reversible="false">
								<effect type="slide" start="45"  end="45" time="50" />
							</animation>
						</control>
						<control type="image">
							<left>430</left>
							<width>45</width>
							<height>45</height>
							<bordersize>5</bordersize>
							<texture>Overlay4KList.png</texture>
							<visible>String.IsEqual(ListItem.VideoResolution,4K) + !ListItem.IsStereoscopic</visible>
								<animation type="TYPE" condition="!String.IsEqual(ListItem.Overlay,OverlayWatched.png) + !ListItem.IsResumable" reversible="false">
								<effect type="slide" start="45" end="45" time="50" />
							</animation>
						</control>
		
				</itemlayout>
				<focusedlayout height="45"   width="520">
					<control type="image">
						<width>520</width>
						<height>45</height>
						<texture colordiffuse="AccentDiffuse">button.png</texture>
					 </control>
					<control type="label">
						<left>25</left>
						<width>460</width>
						<font>List_Focused</font>
						<selectedcolor>White</selectedcolor>
						<aligny>center</aligny>
						<label>$INFO[ListItem.Label]</label>
						<shadowcolor>FF000000</shadowcolor>								
					</control>
						<control type="image">
							<left>475</left>
							<width>45</width>
							<height>45</height>
							<bordersize>5</bordersize>
							<texture>OverlayWatchedList.png</texture>
							<visible>String.IsEqual(ListItem.Overlay,OverlayWatched.png)</visible>
						</control>
						<control type="image">
							<left>475</left>
							<width>45</width>
							<height>45</height>
							<bordersize>5</bordersize>
							<texture>OverlayWatchingList.png</texture>
							<visible>ListItem.IsResumable + !String.IsEqual(ListItem.Overlay,OverlayWatched.png)</visible>
						</control>
						<control type="image">
							<left>430</left>
							<width>45</width>
							<height>45</height>
							<bordersize>5</bordersize>
							<texture>Overlay3DList.png</texture>
							<visible>ListItem.IsStereoscopic</visible>
							<animation type="TYPE" condition="!String.IsEqual(ListItem.Overlay,OverlayWatched.png) + !ListItem.IsResumable" reversible="false">
								<effect type="slide" start="45" end="45" time="50" />
							</animation>
						</control>
						<control type="image">
							<left>430</left>
							<width>45</width>
							<height>45</height>
							<bordersize>5</bordersize>
							<texture>OverlayHDList.png</texture>
							<visible>Integer.IsGreater(ListItem.VideoResolution,699) + !ListItem.IsStereoscopic</visible>
								<animation type="TYPE" condition="!String.IsEqual(ListItem.Overlay,OverlayWatched.png) + !ListItem.IsResumable" reversible="false">
								<effect type="slide" start="45"  end="45" time="50" />
							</animation>
						</control>
						<control type="image">
							<left>430</left>
							<width>45</width>
							<height>45</height>
							<bordersize>5</bordersize>
							<texture>Overlay4KList.png</texture>
							<visible>String.IsEqual(ListItem.VideoResolution,4K) + !ListItem.IsStereoscopic</visible>
								<animation type="TYPE" condition="!String.IsEqual(ListItem.Overlay,OverlayWatched.png) + !ListItem.IsResumable" reversible="false">
								<effect type="slide" start="45" end="45" time="50" />
							</animation>
						</control>

				</focusedlayout>
			</control>
			
			<control type="scrollbar" id="5631">
				<left>795</left>
				<top>290</top>
				<width>5</width>
				<height>315</height>
				<onleft>563</onleft>
				<showonepage>true</showonepage>
				<orientation>vertical</orientation>
			</control>

			<include>MovieTvShowPanelPoster</include>

			<include>MovieTvShowPanelDescription</include>

			<!-- This control displays the Footer Text below the main Poster-->
            <control type="label">
				<include>ViewFooterTitle</include>	
                <label>$VAR[PanelFooterText]</label>
            </control>
		
		</control>
    </include>
</includes>