<?xml version="1.0" encoding="utf-8"?>
<includes>
   
   <include name="EPGTimelineView">
        <control type="group">
            <description>TV Guide Timeline</description>
            <visible>Control.IsVisible(10)</visible>
            <control type="label">
                <include>ViewMainTitle</include>	
                <label>$LOCALIZE[19069] [COLOR Accent]$LOCALIZE[19032][/COLOR]</label>
            </control>
			<!-- Main EPG Background -->
			<control type="group">
				<include>PanelCoordinates</include>
				<!-- Date Background -->
				<control type="image">
					<width>235</width>
					<height>40</height>
					<texture>tile.png</texture>
					<fadetime>200</fadetime>
					<aspectratio scalediffuse="false">stretch</aspectratio>
				</control>
				<!-- Ruler Background -->
				<control type="image">
					<left>240</left>
					<width>990</width>
					<height>40</height>
					<texture>tile.png</texture>
					<fadetime>200</fadetime>
					<aspectratio scalediffuse="false">stretch</aspectratio>
				</control>
			</control>
            <control type="epggrid" id="10">
                <description>EPG Grid</description>
				<viewtype label="19032">EPG Timeline View</viewtype>
                <include>PanelCoordinates</include>
                <width>1230</width>
                <height>315</height>
                <pagecontrol>10</pagecontrol>
                <scrolltime>350</scrolltime>
                <timeblocks>40</timeblocks>
                <rulerunit>6</rulerunit>
				<onleft>9000</onleft>
				<onleft>Skin.ToggleSetting(showViewOptions)</onleft>
                <onright>noop</onright>
                <onup>10</onup>
                <ondown>10</ondown>
				<progresstexture diffuse="button.png" colordiffuse="88FFFFFF" border="0,0,6,0">EpgProgress.png</progresstexture>
                <rulerlayout height="40" width="40">
                    <control type="label" id="2">
                        <left>10</left>
                        <top>0</top>
                        <width>40</width>
						<font>List_Unfocused</font>
                        <label>$INFO[ListItem.Label]</label>
                    </control>
                </rulerlayout>
                <channellayout height="45" width="240">
                    <control type="image">
                        <left>0</left>
                        <top>5</top>
                        <width>45</width>
                        <height>43</height>
                        <texture>tile.png</texture>
                    </control>
					<control type="image">
                        <left>50</left>
                        <top>5</top>
                        <width>185</width>
                        <height>43</height>
                        <texture>tile.png</texture>
                    </control>
                    <control type="label">
						<top>4</top>
						<width>45</width>
                        <align>center</align>
						<font>List_Unfocused</font>
                        <label>$INFO[ListItem.ChannelNumberLabel]</label>
                    </control>
                    <control type="label" id="1">
                        <left>60</left>
						<top>4</top>
                        <width>165</width>
						<font>List_Unfocused</font>
                        <label>$INFO[ListItem.ChannelName]</label>
                    </control>
                </channellayout>
                <focusedchannellayout height="45" width="240">
                    <control type="image">
                        <left>50</left>
                        <top>5</top>
                        <width>185</width>
                        <height>43</height>
                        <texture>button.png</texture>
                    </control>
					<control type="image">
                        <left>50</left>
                        <top>5</top>
                        <width>185</width>
                        <height>43</height>
                        <texture>tile.png</texture>
                    </control>
                    <control type="image">
						<top>5</top>
                        <width>45</width>
                        <height>43</height>
                        <texture>button.png</texture>
                    </control>
					 <control type="image">
						<top>5</top>
                        <width>45</width>
                        <height>43</height>
                        <texture>tile.png</texture>
                    </control>
                    <control type="label">
						<top>4</top>
                        <width>45</width>
                        <align>center</align>
						<font>List_Unfocused</font>
                        <label>$INFO[ListItem.ChannelNumberLabel]</label>
                    </control>
                    <control type="label" id="1">
						<top>4</top>
                        <left>60</left>
                        <width>165</width>
						<font>List_Unfocused</font>
                        <label>$INFO[ListItem.ChannelName]</label>
                    </control>
                </focusedchannellayout>
                <itemlayout height="45" width="140">
                     <control type="image" id="2">
                        <left></left>
                        <top>4</top>
						<height>45</height>
                        <width>140</width>
						<bordersize>1</bordersize>
						<aspectratio>stretch</aspectratio>
                        <texture>tile.png</texture>
                    </control>
					<control type="label" id="1">
                        <left>10</left>
                        <width>120</width>
						<font>List_PVR</font>
                        <info>ListItem.Label</info>
                    </control>
                    <control type="image">
                        <left>5</left>
                        <top>28</top>
                        <width>30</width>
                        <height>20</height>
                        <texture>PVR-IsRecording.png</texture>
                        <visible>ListItem.IsRecording</visible>
                    </control>
                    <control type="image">
                        <left>5</left>
                        <top>28</top>
                        <width>20</width>
                        <height>20</height>
                        <texture>PVR-HasTimer.png</texture>
                        <visible>ListItem.HasTimer + !ListItem.IsRecording</visible>
                    </control>
                </itemlayout>
                <focusedlayout height="45" width="140">
					<control type="image" id="2">
                        <left></left>
                        <top>4</top>
						<height>45</height>
                        <width>140</width>
						<bordersize>1</bordersize>
                        <texture>button.png</texture>
                    </control>
                    <control type="label" id="1">
                        <left>10</left>
                        <width>120</width>
						<font>List_PVR</font>
                        <label>$INFO[ListItem.Label]</label>
                    </control>
                    <control type="image">
                        <left>5</left>
                        <top>28</top>
                        <width>30</width>
                        <height>20</height>
                        <texture>PVR-IsRecording.png</texture>
                        <visible>ListItem.IsRecording</visible>
                    </control>
                    <control type="image">
                        <left>5</left>
                        <top>28</top>
                        <width>20</width>
                        <height>20</height>
                        <texture>PVR-HasTimer.png</texture>
                        <visible>ListItem.HasTimer + !ListItem.IsRecording</visible>
                    </control>
                </focusedlayout>
            </control>
        </control>
    </include>
 
 <!--
    <include name="LiveTVGuideChannelView">
        <control type="group">
            <description>TV Guide Channel</description>
            <visible>Control.IsVisible(13)</visible>
			<control type="label">
				<include>ViewMainTitle</include>	
                <left>395</left>
                <top>210</top>
                <width>600</width>
                <height>50</height>
                <textcolor>White</textcolor>
                <label>$LOCALIZE[19069] [COLOR Accent]$LOCALIZE[19029][/COLOR]</label>
            </control>
            <control type="group">
                <include>PanelCoordinates</include>
				<control type="image">
					<left>0</left>
					<width>280</width>
					<height>43</height>
					<texture>tile.png</texture>
				</control>
				<control type="image">
					<left>285</left>
					<width>900</width>
					<height>43</height>
					<texture>tile.png</texture>
				</control>
				<control type="label">
                    <description>Date Time label</description>
                    <left>20</left>
                    <width>300</width>
                    <height>45</height>
					<font>List_Unfocused</font>
                    <label>[B]$LOCALIZE[21820][/B]</label>
                </control>
                <control type="label">
                    <description>Title</description>
                    <left>300</left>
                    <width>600</width>
                    <height>45</height>
					<font>List_Unfocused</font>
                    <label>[B]$LOCALIZE[369][/B]</label>
                </control>
                <control type="list" id="13">
					<viewtype label="19029">EPG Channel View</viewtype>
                    <left>0</left>
                    <top>45</top>
                    <width>1204</width>
                    <height>270</height>
                    <onup>13</onup>
                    <ondown>13</ondown>
                    <onleft>9000</onleft>
					<onleft>Skin.ToggleSetting(showViewOptions)</onleft>
                    <pagecontrol>75</pagecontrol>
                    <scrolltime>200</scrolltime>
                    <itemlayout height="45">
						<control type="image">
							<left>0</left>
							<width>280</width>
							<height>43</height>
							<texture>tile.png</texture>
						</control>
						<control type="image">
							<left>285</left>
							<width>900</width>
							<height>43</height>
							<texture>tile.png</texture>
						</control>
                       <control type="label">
                            <left>20</left>
                            <top>0</top>
                            <width>240</width>
                            <height>40</height>
							<font>List_Unfocused</font>
                            <label>$INFO[ListItem.Date]</label>
                        </control>
                         <control type="label">
                            <left>300</left>
                            <width>620</width>
                            <font>List_Unfocused</font>
                            <align>left</align>
							<height>43</height>
                            <label>$INFO[ListItem.Label]</label>
                        </control>
                        <control type="image">
                            <left>1150</left>
							<top>9</top>
                            <width>25</width>
                            <height>25</height>
                            <texture>PVRRecording.png</texture>
                            <visible>ListItem.IsRecording</visible>
                        </control>
						<control type="image">
                            <left>1150</left>
							<top>9</top>
                            <width>25</width>
                            <height>25</height>
                            <texture>PVRTimer.png</texture>
                            <visible>ListItem.HasTimer + !ListItem.IsRecording</visible>
                        </control>
                        <control type="label">
                            <left>940</left>
                            <top>0</top>
                            <width>80</width>
                            <height>40</height>
                            <align>left</align>
                            <label>19043</label>
                            <visible>ListItem.IsRecording</visible>
                        </control>
                        <control type="label">
                            <left>940</left>
                            <top>0</top>
                            <width>80</width>
                            <height>40</height>
                            <align>left</align>
                            <label>31510</label>
                            <visible>ListItem.HasTimer</visible>
                        </control>
                    </itemlayout>
                    <focusedlayout height="135">
                        <control type="image">
							<left>0</left>
							<width>280</width>
							<height>43</height>
							<texture>button.png</texture>
						</control>
						<control type="image">
							<left>285</left>
							<width>900</width>
							<height>43</height>
							<texture>button.png</texture>
						</control>
						<control type="image">
							<left>0</left>
							<top>48</top>
							<width>1185</width>
							<height>82</height>
							<texture>tile.png</texture>
						</control>
                        <control type="label">
                            <left>20</left>
                            <top>0</top>
                            <width>240</width>
                            <height>40</height>
							<font>List_Focused</font>
                            <label>[B]$INFO[ListItem.Date][/B]</label>
                        </control>
                         <control type="label">
                            <left>300</left>
                            <width>620</width>
                            <font>List_Focused</font>
                            <align>left</align>
							<height>43</height>
                            <label>[B]$INFO[ListItem.Label][/B]</label>
                        </control>
                        
                         <control type="textbox">
                            <description>Plot Value for TVShow</description>
                            <left>10</left>
                            <top>48</top>
                            <width>1165</width>
                            <height>72</height>
                            <align>justify</align>
							<font>Panel_Description</font>
                            <pagecontrol></pagecontrol>
                            <info>ListItem.Plot</info>
                        </control>
						<control type="image">
                            <left>1150</left>
							<top>9</top>
                            <width>25</width>
                            <height>25</height>
                            <texture>PVRRecording.png</texture>
                            <visible>ListItem.IsRecording</visible>
                        </control>
						<control type="image">
                            <left>1150</left>
							<top>9</top>
                            <width>25</width>
                            <height>25</height>
                            <texture>PVRTimer.png</texture>
                            <visible>ListItem.HasTimer + !ListItem.IsRecording</visible>
                        </control>
                        <control type="label">
                            <left>940</left>
                            <top>0</top>
                            <width>80</width>
                            <height>40</height>
                            <align>left</align>
                            <label>19043</label>
                            <visible>ListItem.IsRecording</visible>
                        </control>
                        <control type="label">
                            <left>940</left>
                            <top>0</top>
                            <width>80</width>
                            <height>40</height>
                            <align>left</align>
                            <label>31510</label>
                            <visible>ListItem.HasTimer</visible>
                        </control>
                    </focusedlayout>
                </control>
                <control type="scrollbar" id="33">
                    <left>1190</left>
                    <top>0</top>
                    <width>5</width>
                    <height>315</height>
                    <texturesliderbackground></texturesliderbackground>
                    <textureslidernib>bar.png</textureslidernib>
                    <textureslidernibfocus>scroll_nib.png</textureslidernibfocus>
                    <texturesliderbar></texturesliderbar>
                    <texturesliderbarfocus></texturesliderbarfocus>
                    <showonepage>true</showonepage>
                    <orientation>vertical</orientation>
                </control>
            </control>
        </control>
    
	</include>
    	<include name="LiveTVGuideNowView">
        	<control type="group">
            <description>TV Guide Now</description>
            <visible>Control.IsVisible(14)</visible>
            <control type="label">
				<include>ViewMainTitle</include>	
                <left>395</left>
                <top>210</top>
                <width>600</width>
                <height>50</height>
                <textcolor>White</textcolor>
                <label>$LOCALIZE[19069] [COLOR Accent]$LOCALIZE[19030][/COLOR]</label>
            </control>
            <control type="group">
                <include>PanelCoordinates</include>
				<control type="image">
					<left>0</left>
					<width>90</width>
					<height>43</height>
					<texture>tile.png</texture>
				</control>
				<control type="image">
					<left>95</left>
					<width>185</width>
					<height>43</height>
					<texture>tile.png</texture>
				</control>
				<control type="image">
					<left>285</left>
					<width>900</width>
					<height>43</height>
					<texture>tile.png</texture>
				</control>
                <control type="label">
                    <description>Time label</description>
                    <left>0</left>
					<width>90</width>
					<height>43</height>
					<align>center</align>
					<font>List_Unfocused</font>
                    <label>[B]$LOCALIZE[555][/B]</label>
                </control>
                <control type="label">
                    <description>Channel label</description>
                    <left>110</left>
					<width>185</width>
					<height>43</height>
					<font>List_Unfocused</font>
                    <label>[B]$LOCALIZE[19029][/B]</label>
                </control>
                <control type="label">
                    <description>Title</description>
                    <left>300</left>
					<width>620</width>
					<font>List_Unfocused</font>
					<align>left</align>
					<height>43</height>
                    <label>[B]$LOCALIZE[369][/B]</label>
                </control>
                <control type="list" id="14">
					<viewtype label="19030">EPG Now</viewtype>
                    <left>0</left>
                    <top>45</top>
                    <width>1204</width>
                    <height>270</height>
                    <onup>14</onup>
                    <ondown>14</ondown>
                    <onleft>9000</onleft>
					<onleft>Skin.ToggleSetting(showViewOptions)</onleft>
                    <pagecontrol>76</pagecontrol>
                    <scrolltime>200</scrolltime>
                    <itemlayout height="45">
						<control type="image">
							<left>0</left>
							<width>90</width>
							<height>43</height>
							<texture>tile.png</texture>
						</control>
						<control type="image">
							<left>95</left>
							<width>185</width>
							<height>43</height>
							<texture>tile.png</texture>
						</control>
						<control type="image">
							<left>285</left>
							<width>900</width>
							<height>43</height>
							<texture>tile.png</texture>
						</control>
						<control type="label">
							<width>90</width>
							<height>43</height>
							<align>center</align>
							<font>List_Unfocused</font>
							<label>$INFO[ListItem.StartTime]</label>
						</control>
						<control type="label">
							<left>110</left>
							<width>185</width>
							<height>43</height>
							<font>List_Unfocused</font>
							<label>$INFO[ListItem.ChannelName]</label>
						</control>
                        <control type="label">
                            <left>300</left>
                            <width>620</width>
                            <font>List_Settings</font>
                            <align>left</align>
							<height>43</height>
                            <info>ListItem.Label</info>
                        </control>
                        <control type="image">
                            <left>1150</left>
							<top>9</top>
                            <width>25</width>
                            <height>25</height>
                            <texture>PVRRecording.png</texture>
                            <visible>ListItem.IsRecording</visible>
                        </control>
						<control type="image">
                            <left>1150</left>
							<top>9</top>
                            <width>25</width>
                            <height>25</height>
                            <texture>PVRTimer.png</texture>
                            <visible>ListItem.HasTimer + !ListItem.IsRecording</visible>
                        </control>

                    </itemlayout>
                    <focusedlayout height="135">
                        <control type="image">
							<left>0</left>
							<width>90</width>
							<height>43</height>
							<texture>button.png</texture>
						</control>
						<control type="image">
							<left>95</left>
							<width>185</width>
							<height>43</height>
							<texture>button.png</texture>
						</control>
						<control type="image">
							<left>285</left>
							<width>900</width>
							<height>43</height>
							<texture>button.png</texture>
						</control>
						<control type="image">
							<left>0</left>
							<top>48</top>
							<width>1185</width>
							<height>82</height>
							<texture>tile.png</texture>
						</control>
                        <control type="label">
							<width>90</width>
							<height>43</height>
							<align>center</align>
							<font>List_Focused</font>
							<label>[B]$INFO[ListItem.StartTime][/B]</label>
						</control>
						<control type="label">
							<left>110</left>
							<width>185</width>
							<height>43</height>
							<font>List_Focused</font>
							<label>[B]$INFO[ListItem.ChannelName][/B]</label>
						</control>
                        <control type="label">
                            <left>300</left>
                            <width>620</width>
                            <font>List_Focused</font>
                            <align>left</align>
							<height>43</height>
                            <label>[B]$INFO[ListItem.Label][/B]</label>
                        </control>
                        <control type="image">
                            <left>1150</left>
							<top>9</top>
                            <width>25</width>
                            <height>25</height>
                            <texture>PVRRecording.png</texture>
                            <visible>ListItem.IsRecording</visible>
                        </control>
						<control type="image">
                            <left>1150</left>
							<top>9</top>
                            <width>25</width>
                            <height>25</height>
                            <texture>PVRTimer.png</texture>
                            <visible>ListItem.HasTimer + !ListItem.IsRecording</visible>
                        </control>
                        <control type="textbox">
                            <description>Plot Value for TVShow</description>
                            <left>10</left>
                            <top>48</top>
                            <width>1165</width>
                            <height>72</height>
                            <align>justify</align>
							<font>Panel_Description</font>
                            <pagecontrol></pagecontrol>
                            <info>ListItem.Plot</info>
                        </control>
                    </focusedlayout>
                </control>
                <control type="scrollbar" id="31">
                    <left>1190</left>
                    <top>0</top>
                    <width>5</width>
                    <height>315</height>
                    <texturesliderbackground></texturesliderbackground>
                    <textureslidernib>bar.png</textureslidernib>
                    <textureslidernibfocus>scroll_nib.png</textureslidernibfocus>
                    <texturesliderbar></texturesliderbar>
                    <texturesliderbarfocus></texturesliderbarfocus>
                    <showonepage>true</showonepage>
                    <orientation>vertical</orientation>
                </control>
            </control>
        </control>
    </include>
	<include name="LiveTVGuideNextView">
		<control type="group">
		<description>TV Guide Next</description>
		<visible>Control.IsVisible(12)</visible>
		<control type="label">
			<include>ViewMainTitle</include>	
			<left>395</left>
			<top>210</top>
			<width>600</width>
			<height>50</height>
			<textcolor>White</textcolor>
			<label>$LOCALIZE[19069][COLOR Accent] $LOCALIZE[19031][/COLOR]</label>
		</control>
		<control type="group">
			<include>PanelCoordinates</include>
			<control type="image">
				<left>0</left>
				<width>90</width>
				<height>43</height>
				<texture>tile.png</texture>
			</control>
			<control type="image">
				<left>95</left>
				<width>185</width>
				<height>43</height>
				<texture>tile.png</texture>
			</control>
			<control type="image">
				<left>285</left>
				<width>900</width>
				<height>43</height>
				<texture>tile.png</texture>
			</control>
			<control type="label">
				<description>Time label</description>
				<left>0</left>
				<width>90</width>
				<height>43</height>
				<align>center</align>
				<font>List_Unfocused</font>
				<label>[B]$LOCALIZE[555][/B]</label>
			</control>
			<control type="label">
				<description>Channel label</description>
				<left>110</left>
				<width>185</width>
				<height>43</height>
				<font>List_Unfocused</font>
				<label>[B]$LOCALIZE[19029][/B]</label>
			</control>
			<control type="label">
				<description>Title</description>
				<left>300</left>
				<width>620</width>
				<font>List_Unfocused</font>
				<align>left</align>
				<height>43</height>
				<label>[B]$LOCALIZE[369][/B]</label>
			</control>
			<control type="list" id="12">
				<viewtype label="19031">EPG Next View</viewtype>
				<left>0</left>
				<top>45</top>
				<width>1204</width>
				<height>270</height>
				<onup>12</onup>
				<ondown>12</ondown>
				<onleft>9000</onleft>
				<onleft>Skin.ToggleSetting(showViewOptions)</onleft>
				<pagecontrol>76</pagecontrol>
				<scrolltime>200</scrolltime>
				<itemlayout height="45">
					<control type="image">
						<left>0</left>
						<width>90</width>
						<height>43</height>
						<texture>tile.png</texture>
					</control>
					<control type="image">
						<left>95</left>
						<width>185</width>
						<height>43</height>
						<texture>tile.png</texture>
					</control>
					<control type="image">
						<left>285</left>
						<width>900</width>
						<height>43</height>
						<texture>tile.png</texture>
					</control>
					<control type="label">
						<width>90</width>
						<height>43</height>
						<align>center</align>
						<font>List_Unfocused</font>
						<label>$INFO[ListItem.StartTime]</label>
					</control>
					<control type="label">
						<left>110</left>
						<width>185</width>
						<height>43</height>
						<font>List_Unfocused</font>
						<label>$INFO[ListItem.ChannelName]</label>
					</control>
					<control type="label">
						<left>300</left>
						<width>620</width>
						<font>List_Settings</font>
						<align>left</align>
						<height>43</height>
						<info>ListItem.Label</info>
					</control>
					<control type="image">
						<left>1150</left>
						<top>9</top>
						<width>25</width>
						<height>25</height>
						<texture>PVRRecording.png</texture>
						<visible>ListItem.IsRecording</visible>
					</control>
					<control type="image">
						<left>1150</left>
						<top>9</top>
						<width>25</width>
						<height>25</height>
						<texture>PVRTimer.png</texture>
						<visible>ListItem.HasTimer + !ListItem.IsRecording</visible>
					</control>

				</itemlayout>
				<focusedlayout height="135">
					<control type="image">
						<left>0</left>
						<width>90</width>
						<height>43</height>
						<texture>button.png</texture>
					</control>
					<control type="image">
						<left>95</left>
						<width>185</width>
						<height>43</height>
						<texture>button.png</texture>
					</control>
					<control type="image">
						<left>285</left>
						<width>900</width>
						<height>43</height>
						<texture>button.png</texture>
					</control>
					<control type="image">
						<left>0</left>
						<top>48</top>
						<width>1185</width>
						<height>82</height>
						<texture>tile.png</texture>
					</control>
					<control type="label">
						<width>90</width>
						<height>43</height>
						<align>center</align>
						<font>List_Focused</font>
						<label>[B]$INFO[ListItem.StartTime][/B]</label>
					</control>
					<control type="label">
						<left>110</left>
						<width>185</width>
						<height>43</height>
						<font>List_Focused</font>
						<label>[B]$INFO[ListItem.ChannelName][/B]</label>
					</control>
					<control type="label">
						<left>300</left>
						<width>620</width>
						<font>List_Focused</font>
						<align>left</align>
						<height>43</height>
						<label>[B]$INFO[ListItem.Label][/B]</label>
					</control>
					<control type="image">
						<left>1150</left>
						<top>9</top>
						<width>25</width>
						<height>25</height>
						<texture>PVRRecording.png</texture>
						<visible>ListItem.IsRecording</visible>
					</control>
					<control type="image">
						<left>1150</left>
						<top>9</top>
						<width>25</width>
						<height>25</height>
						<texture>PVRTimer.png</texture>
						<visible>ListItem.HasTimer + !ListItem.IsRecording</visible>
					</control>
					<control type="textbox">
						<description>Plot Value for TVShow</description>
						<left>10</left>
						<top>48</top>
						<width>1165</width>
						<height>72</height>
						<align>justify</align>
						<font>Panel_Description</font>
						<pagecontrol></pagecontrol>
						<info>ListItem.Plot</info>
					</control>
				</focusedlayout>
			</control>
			<control type="scrollbar" id="31">
				<left>1190</left>
				<top>0</top>
				<width>5</width>
				<height>315</height>
				<texturesliderbackground></texturesliderbackground>
				<textureslidernib>bar.png</textureslidernib>
				<textureslidernibfocus>scroll_nib.png</textureslidernibfocus>
				<texturesliderbar></texturesliderbar>
				<texturesliderbarfocus></texturesliderbarfocus>
				<showonepage>true</showonepage>
				<orientation>vertical</orientation>
			</control>
		</control>
	</control>
    </include>
-->
	</includes>