<?xml version="1.0" encoding="utf-8"?>
<includes>
    <include name="Viewtype_FanartLogo">
        <control type="group">
            <visible>Control.IsVisible(539)</visible>
			<description>Fanart Logo (id=539)</description>
            <visible>Container.Content(movies) | Container.Content(tvshows)</visible>
            <!--This control defines the list that will display the items -->
		 <control type="group">     
				<animation type="TYPE" condition="Window.IsVisible(2001) | Window.IsVisible(2003) | Window.IsVisible(139) | Window.IsVisible(136)" reversible="false">
					<effect type="slide" end="-1500,0" time="300" />
				</animation>
				<animation type="TYPE" condition="!Window.IsVisible(2001) + !Window.IsVisible(2003) + !Window.IsVisible(139) + !Window.IsVisible(136)" reversible="false">
					<effect type="slide" start="-1500,0" time="300" />
				</animation>
				<animation type="WindowClose">
					<effect type="fade" time="300" />
					<effect type="slide" end="-1500,0" time="300" />
				</animation>
				<animation type="WindowOpen">
					<effect type="fade" time="300" />
					<effect type="slide" start="-1500,0" time="300" />
				</animation>
			<control type="fixedlist" id="539">
				<left>20</left>
                <top>400</top>
                <height>400</height>
				<width>400</width>
                <onleft>9000</onleft>
				<onleft>Skin.ToggleSetting(showViewOptions)</onleft>
				<onright>5391</onright>
                <onup>539</onup>
                <ondown>539</ondown>
	            <pagecontrol>5391</pagecontrol>
				<visible>[Container.Content(movies) | Container.Content(tvshows)]</visible>
				<viewtype label="Fanart Logo">Fanart</viewtype>
            	<itemlayout width="400" height="400">
				</itemlayout>
                <focusedlayout width="400" height="400">

                </focusedlayout>            
			</control>	
			
			<control type="image" id="1234">
				<left>20</left>
				<top>400</top>
				<height>400</height>
				<width>400</width>				
				<texture>$INFO[ListItem.Path,,logo.png]</texture>
				<aspectratio>keep</aspectratio>
			</control>
			<control type="label">
				<left>20</left>
				<bottom>40</bottom>
				<width>1200</width>
				<height>90</height>
				<aligny>center</aligny>
				<font>Music_Vis_Title</font>
				<label>$INFO[ListItem.Label]</label>
				<shadowcolor>FF000000</shadowcolor>
				<visible>String.IsEmpty(Control.GetLabel(1234))</visible>
			</control>
		</control>
		<control type="group">
			<animation type="TYPE" condition="Window.IsVisible(2001) | Window.IsVisible(2003) | Window.IsVisible(139) | Window.IsVisible(136)" reversible="false">
				<effect type="slide" end="+1500,0" time="300" />
			</animation>
			<animation type="TYPE" condition="!Window.IsVisible(2001) + !Window.IsVisible(2003) + !Window.IsVisible(139) + !Window.IsVisible(136)" reversible="false">
				<effect type="slide" start="+1500,0" time="300" />
			</animation>
			<animation type="WindowClose">
				<effect type="fade" time="300" />
				<effect type="slide" end="+1500,0" time="300" />
			</animation>
			<animation type="WindowOpen">
				<effect type="fade" time="300" />
				<effect type="slide" start="+1500,0" time="300" />
			</animation>
			<!-- Previous Button -->
			<control type="button" id="110">
				<top>120</top>
				<left>1200</left>
				<width>60</width>
				<height>60</height>
				<onclick>Control.Move(539,-1)</onclick>
				<texturefocus flipy="true">down_arrow.png</texturefocus>
				<texturenofocus flipy="true">down_arrow.png</texturenofocus>
				<visible>[System.Platform.IOS | System.Platform.Android | System.getbool(input.enablemouse)]</visible>
			</control>
			<!-- Next Button -->
			<control type="button" id="120">
				<top>650</top>
				<left>1205</left>
				<width>60</width>
				<height>60</height>
				<onclick>Control.Move(539,1)</onclick>
				<texturefocus>down_arrow.png</texturefocus>
				<texturenofocus>down_arrow.png</texturenofocus>
				<visible>[System.Platform.IOS | System.Platform.Android | System.getbool(input.enablemouse)]</visible>
			</control>
			<!--This control defines the scrollbar controlling the large list list -->
			<control type="scrollbar" id="5391">

				<left>1275</left>
				<top>15</top>
				<width>5</width>
				<height>690</height>
				<onleft>539</onleft>
			   <orientation>vertical</orientation>
			</control>
		</control>
		
		
		</control>
    </include>
</includes>