<?xml version="1.0" encoding="utf-8"?>
<includes>
    <include name="Viewtype_Banner_Wide">
        <control type="group">
            <visible>Control.IsVisible(535)</visible>
            <animation type="TYPE" condition="Window.IsVisible(2003) | Window.IsVisible(DialogAddonSettings.xml)" reversible="false">
                <effect type="slide" end="-1500,0" time="200" />
            </animation>
            <animation type="TYPE" condition="!Window.IsVisible(2003) + !Window.IsVisible(DialogAddonSettings.xml)" reversible="false">
                <effect type="slide" start="-1500,0" time="200" />
            </animation>
  			<animation type="WindowClose">
                <effect type="fade" time="300" />
                <effect type="slide" end="+1500,0" time="300" />
            </animation>
            <animation type="WindowOpen">
                <effect type="fade" time="300" />
                <effect type="slide" start="+1500,0" time="300" />
            </animation>

            <!-- This control displays the Movie Tv Show or Episode Title on the Top of the Poster Panel-->
			<control type="label">
                <left>50</left>
                <top>215</top>
                <height>30</height>
                <width>1220</width>
                <font>Panel_Title</font>
                <textcolor>White</textcolor>
                <aligny>top</aligny>
               <scroll>true</scroll>
                <scrollout>false</scrollout>
                <pauseatend>600</pauseatend>
                <scrollspeed>50</scrollspeed>
				<label>$INFO[ListItem.Label]</label>
                <visible>Container.Content(tvshows)</visible>
            </control>
	
			<control type="panel" id="535">
				<viewtype label="Banner">Banner Info</viewtype>
				<left>50</left>
				<top>290</top>
				<width>1215</width>
				<height>320</height>
				<scrolltime>200</scrolltime>
				<onleft>9000</onleft>
				<onleft>Skin.ToggleSetting(showViewOptions)</onleft>
				<onright>5351</onright>
				<onup>535</onup>
				<ondown>535</ondown>
				<pagecontrol>5351</pagecontrol>
				<visible>Container.Content(TVShows)</visible>
				<itemlayout height="80" width="405">
					<control type="image">
						<width>400</width>
						<height>75</height>
						<texture>tile.png</texture>
						<visible>String.IsEmpty(ListItem.Art(banner)) + [String.IsEqual(ListItem.Label,..) | String.Contains(ListItem.Label,default)]</visible>
					</control>
					<control type="image">
						<width>400</width>
						<height>75</height>
						<texture>$INFO[ListItem.Icon]</texture>
						<bordersize>5</bordersize>
						<aspectratio>keep</aspectratio>
						<colordiffuse>ImageDiffuse</colordiffuse>
						<visible>String.IsEmpty(ListItem.Art(banner)) + [String.IsEqual(ListItem.Label,..) | String.Contains(ListItem.Label,default)]</visible>
					</control>
					<control type="image">
						<width>400</width>
						<height>75</height>
						<texture>$INFO[ListItem.Art(banner)]</texture>
						<bordersize>5</bordersize>
						<bordertexture>tile.png</bordertexture>
						<aspectratio>stretch</aspectratio>
					</control>
					<control type="image">
						<width>400</width>
						<height>75</height>
						<texture>$INFO[ListItem.Art(thumb)]</texture>
						<bordersize>5</bordersize>
						<bordertexture>tile.png</bordertexture>
						<aspectratio>scale</aspectratio>
						<visible>String.IsEmpty(ListItem.Art(banner))</visible>
					</control>
					<!-- This Control Displays the Watched Icon on the Top Right Corner of an Item of the Panel -->
					<control type="image">
						<left>340</left>
						<width>60</width>
						<height>60</height>
						<texture>watched.png</texture>
						<animation type="Focus" reversible="false">
							<effect type="zoom" center="0,0" start="80" end="120" time="400" tween="back" easing="out" />
							<effect type="fade" start="80" end="100" time="400" />
						</animation>
						<visible>String.IsEqual(ListItem.Overlay,OverlayWatched.png)</visible>
					</control>
				</itemlayout>
				<focusedlayout height="80"  width="405">
					<control type="image">
						<width>400</width>
						<height>75</height>
						<texture>button.png</texture>
						<visible>String.IsEmpty(ListItem.Art(banner)) + [String.IsEqual(ListItem.Label,..) | String.Contains(ListItem.Label,default)]</visible>
					</control>
					<control type="image">
						<width>400</width>
						<height>75</height>
						<texture>$INFO[ListItem.Icon]</texture>
						<bordersize>5</bordersize>
						<aspectratio>keep</aspectratio>
						<visible>String.IsEmpty(ListItem.Art(banner)) + [String.IsEqual(ListItem.Label,..) | String.Contains(ListItem.Label,default)]</visible>
					</control>
					
					<control type="image">
						<width>400</width>
						<height>75</height>
						<texture>$INFO[ListItem.Art(banner)]</texture>
						<bordersize>5</bordersize>
						<bordertexture>button.png</bordertexture>
						<aspectratio>stretch</aspectratio>
					</control>
					<control type="image">
						<width>400</width>
						<height>75</height>
						<texture>$INFO[ListItem.Art(thumb)]</texture>
						<bordersize>5</bordersize>
						<bordertexture>button.png</bordertexture>
						<aspectratio>scale</aspectratio>
						<visible>String.IsEmpty(ListItem.Art(banner))</visible>
					</control>
					<!-- This Control Displays the watched Icon -->
					<control type="image">
						<left>340</left>
						<width>60</width>
						<height>60</height>
						<texture>watched.png</texture>
						<animation type="Focus" reversible="false">
							<effect type="zoom" center="400,0" start="80" end="100" time="400" tween="back" easing="out" />
							<effect type="fade" start="80" end="100" time="400" />
						</animation>
						<visible>String.IsEqual(ListItem.Overlay,OverlayWatched.png)</visible>
					</control>
				</focusedlayout>
			</control>
		
			<control type="scrollbar" id="5351">
				<left>1265</left>
				<top>290</top>
				<width>5</width>
				<height>315</height>
				<onleft>535</onleft>
				<orientation>vertical</orientation>
			</control>

			<!-- This control displays the Footer Text below the main Poster-->
            <control type="label">
				<include>ViewFooterTitle</include>	
                <label>$VAR[PanelFooterText]</label>
            </control>
		
		</control>
    </include>
</includes>