<?xml version="1.0" encoding="utf-8"?>
<includes>
    <include name="Viewtype_Panel_Wide">
        <control type="group">
            <visible>Control.IsVisible(530)</visible>
            <animation type="TYPE" condition="Window.IsVisible(2003)" reversible="false">
                <effect type="slide" end="-1500,0" time="200" />
            </animation>
            <animation type="TYPE" condition="!Window.IsVisible(2003)" reversible="false">
                <effect type="slide" start="-1500,0" time="200" />
            </animation>
            <animation type="WindowClose">
                <effect type="fade" time="300" />
                <effect type="slide" end="+1500,0" time="300" />
            </animation>
            <animation type="WindowOpen">
                <effect type="fade" time="300" />
                <effect type="slide" start="+1500,0" time="300" />
            </animation>
            <animation effect="fade" time="300">WindowOpen</animation>
            <animation type="WindowClose">
                <effect type="fade" time="300" />
            </animation>
			
            <control type="panel" id="530">
                <viewtype label="Panel Wide">Wide_Panel</viewtype>
                <left>50</left>
				<top>290</top>
				<width>1200</width>
				<height>320</height>
				<scrolltime>200</scrolltime>
                <orientation>vertical</orientation>
                <onright>5301</onright>
                <onleft>9000</onleft>
				<onleft>Skin.ToggleSetting(showViewOptions)</onleft>
                <pagecontrol>5301</pagecontrol>
                <preloaditems>1</preloaditems>
                <include>PanelsVisibility</include>	
				<itemlayout width="300" height="160">
                    <control type="image">
						<include>PanelWideButtonImageNF</include>
                    </control>
                    <control type="label">
                        <label>$INFO[ListItem.Label]</label>
						<include>PanelWideButtonTitle</include>
                    </control>
					<control type="image">
                        <include>PanelWideButtonIcon</include>
                        <texture background="true" fallback="DefaultKodiLogo.png">$INFO[ListItem.Icon]</texture>
					</control>
                </itemlayout>
                <focusedlayout width="300" height="160">
                    <control type="image">
                        <include>PanelWideButtonImageFO</include>
                    </control>
                    <control type="image">
                        <include>PanelWideButtonIcon</include>
                        <texture background="true" fallback="DefaultKodiLogo.png">$INFO[ListItem.Icon]</texture>
					</control>
                    <control type="label">
                        <label>$INFO[ListItem.Label]</label>
						<include>PanelWideButtonTitle</include>
					</control>
                </focusedlayout>
            </control>
			
			
			<!--This control shows the Main Label -->
			<control type="label">
				<include>ViewMainTitle</include>
				<label>$VAR[MainWindowTitle]</label>
			</control>

	
	
			     
         </control>
    </include>
</includes>