<?xml version="1.0" encoding="utf-8"?>
<includes>
    <include name="Viewtype_RecentEpisodes_Wide">
        <control type="group">
            <visible>Control.IsVisible(562)</visible>
            <description>Episode List View (id=562)</description>
            <visible>$EXP[isRecentEpisodeList]</visible>
            <animation type="TYPE" condition="Window.IsVisible(2003)" reversible="false">
                <effect type="slide" end="-1500,0" time="200" />
            </animation>
            <animation type="TYPE" condition="!Window.IsVisible(2003)" reversible="false">
                <effect type="slide" start="-1500,0" time="200" />
            </animation>
            <animation type="WindowClose">
                <effect type="fade" time="300" />
                <effect type="slide" end="+1500,0" time="300" />
            </animation>
            <animation type="WindowOpen">
                <effect type="fade" time="300" />
                <effect type="slide" start="+1500,0" time="300" />
            </animation>
            <!-- White Background Main Poster -->
			<control type="image">
                <left>50</left>
                <top>290</top>
                <width>215</width>
                <height>315</height>
                <texture>music_fanart_diffuse.png</texture>
                <aspectratio scalediffuse="false">stretch</aspectratio>
             </control>
            <!-- Main Poster from Icon-->
			<control type="image">
                <left>50</left>
                <top>290</top>
                <width>215</width>
                <height>315</height>
                <texture background="true">$INFO[ListItem.Icon]</texture>
                <fadetime>200</fadetime>
                <aspectratio scalediffuse="false">keep</aspectratio>
                <visible>String.IsEmpty(ListItem.Art(tvshow.poster))</visible>
                <bordersize>5</bordersize>
            </control>
			 <!-- Main Poster from Poster-->
			<control type="image">
                <left>50</left>
                <top>290</top>
                <width>215</width>
                <height>315</height>
                <texture background="true">$INFO[ListItem.Art(tvshow.poster)]</texture>
                <aspectratio scalediffuse="false">scale</aspectratio>
                <visible>!String.IsEqual(ListItem.Label,..)</visible>
                <bordersize>5</bordersize>
				<bordertexture>white_box.png</bordertexture>
            </control>
			
			 <!-- 
			<control type="image" id="9200">
                <left>50</left>
                <top>290</top>
                <width>215</width>
                <height>315</height>
                <texture fallback="blank.png" background="true">$INFO[ListItem.Path]$INFO[ListItem.Season,../season0,-poster.jpg]</texture>
                <aspectratio scalediffuse="false">scale</aspectratio>
                <visible>!String.IsEqual(ListItem.Label,..) + !Integer.IsGreater(ListItem.Season,9)"</visible>
                <bordersize>5</bordersize>
            </control>
			<control type="image" id="9201">
                <left>50</left>
                <top>290</top>
                <width>215</width>
                <height>315</height>
                <texture fallback="blank.png" background="true">$INFO[ListItem.Path]$INFO[ListItem.Season,../season,-poster.jpg]</texture>
                <aspectratio scalediffuse="false">scale</aspectratio>
                <visible>!String.IsEqual(ListItem.Label,..) + Integer.IsGreater(ListItem.Season,9)"</visible>
                <bordersize>5</bordersize>
            </control>
			-->
			

            <!-- Default Poster-->
			<control type="image">
                <left>50</left>
                <top>290</top>
                <width>215</width>
                <height>315</height>
                <texture background="true">defaultvideo.png</texture>
                <fadetime>200</fadetime>
                <aspectratio scalediffuse="false">keep</aspectratio>
                <visible>String.IsEmpty(ListItem.Icon)</visible>
                <bordersize>5</bordersize>
            </control>
            <!-- Episodes Panel -->
			<control type="panel" id="562">
                <left>270</left>
                <top>290</top>
                <width>960</width>
                <height>320</height>
                <scrolltime>200</scrolltime>
                <onup>562</onup>
                <ondown>562</ondown>
                <onright>5621</onright>
		        <onleft>9000</onleft>
				<onleft>Skin.ToggleSetting(showViewOptions)</onleft>
                <viewtype label="Thumb">Episodes View</viewtype>
                <orientation>vertical</orientation>
                <focusposition>4</focusposition>
                <pagecontrol>5621</pagecontrol>
                <visible>$EXP[isRecentEpisodeList]</visible>
                 <!-- Unfocused Item layout -->
				<itemlayout width="240" height="160">
                    <!-- Dark Episode Background -->
					<control type="image">
                        <width>235</width>
                        <height>155</height>
                        <texture>tile.png</texture>
                        <aspectratio>scale</aspectratio>
                    </control>
					<!-- Default Icon Image -->
					<control type="image">
                        <width>235</width>
                        <height>155</height>
                        <texture>$INFO[ListItem.Icon]</texture>
                        <aspectratio>keep</aspectratio>
                        <bordersize>25</bordersize>
						<visible>String.IsEqual(ListItem.Label,..)</visible>
                    </control>
                    <!-- Episode Image -->
					<control type="image">
                        <width>235</width>
                        <height>155</height>
                        <texture>$INFO[ListItem.Icon]</texture>
                        <aspectratio>scale</aspectratio>
                        <bordersize>5</bordersize>
						<visible>!String.IsEqual(ListItem.Label,..)</visible>
                    </control>
					<!-- Darken Image -->
					<control type="image">
                        <width>235</width>
                        <height>155</height>
                        <texture>music_fanart_diffuse.png</texture>
                        <aspectratio>scale</aspectratio>
                        <bordersize>5</bordersize>
		            </control>
					<!-- Episode Number -->
			        <control type="label">
                        <label>$VAR[SeasonAndEpisodeNumber]</label>
                        <width>235</width>
                        <height>155</height>
                        <font>Panel_Title</font>
                        <align>center</align>
						<aligny>center</aligny>
						<textcolor>CCFFFFFF</textcolor>
					 </control>
			       <control type="label">
                        <label>$INFO[ListItem.TVShowTitle]</label>
                        <top>115</top>
                        <left>10</left>
						<height>40</height>
                        <width>215</width>
                        <font>Panel_Description_Footer</font>
                        <align>center</align>
						<aligny>center</aligny>
						<scroll>true</scroll>
                    </control>
	                <control type="image">
                        <left>175</left>
                        <top></top>
                        <width>60</width>
                        <height>60</height>
                        <texture>OverlayWatchedPanel.png</texture>
                        <animation type="Unfocus" reversible="false">
                            <effect type="zoom" center="0,0" start="80" end="120" time="400" tween="back" easing="out" />
                            <effect type="fade" start="80" end="100" time="400" />
                        </animation>
                        <visible>[Container.Content(Episodes) + String.IsEqual(ListItem.Overlay,OverlayWatched.png)] | [Container.Content(TVShows) + String.IsEqual(ListItem.Overlay,OverlayWatched.png)]</visible>
                    </control>
                    <control type="image">
                        <left>175</left>
                        <top></top>
                        <width>60</width>
                        <height>60</height>
                        <texture>OverlayWatchingPanel.png</texture>
                        <animation type="Unfocus" reversible="false">
                            <effect type="zoom" center="0,0" start="80" end="120" time="400" tween="back" easing="out" />
                            <effect type="fade" start="80" end="100" time="400" />
                        </animation>
                        <visible>Container.Content(Episodes) + ListItem.IsResumable + !String.IsEqual(ListItem.Overlay,OverlayWatched.png)</visible>
                    </control>
                </itemlayout>
                <!-- Focused Item layout -->
				<focusedlayout width="240" height="160">

					<control type="image">
                        <width>235</width>
                        <height>155</height>
						<texture>button.png</texture>
                        <aspectratio>scale</aspectratio>
                    </control>
					<control type="image">
                        <width>235</width>
                        <height>155</height>
						<texture>tile.png</texture>
                        <aspectratio>scale</aspectratio>
						<bordersize>5</bordersize>
						<visible>String.IsEqual(ListItem.Label,..)</visible>						
                    </control>
					<!-- Default Icon Image -->
					<control type="image">
                        <width>235</width>
                        <height>155</height>
                        <texture>$INFO[ListItem.Icon]</texture>
                        <aspectratio>keep</aspectratio>
                        <bordersize>25</bordersize>
						<visible>String.IsEqual(ListItem.Label,..)</visible>
                    </control>
					
					
					
					<control type="image">
                        <width>235</width>
                        <height>155</height>
                        <texture>$INFO[ListItem.Icon]</texture>
                        <aspectratio>scale</aspectratio>
						<bordersize>5</bordersize>
						<visible>!String.IsEqual(ListItem.Label,..)</visible>
					</control>

					<control type="image">
						<top>115</top>
                        <width>235</width>
                        <height>40</height>
						<texture>button.png</texture>
                        <aspectratio>scale</aspectratio>
						<visible>!String.IsEqual(ListItem.Label,..)</visible>
                    </control>
					<!-- Episode Number -->
			        <control type="label">
                        <label>$VAR[SeasonAndEpisodeNumber]</label>
                        <width>235</width>
                        <height>155</height>
                        <font>Panel_Title</font>
                        <align>center</align>
						<aligny>center</aligny>
						<textcolor>CCFFFFFF</textcolor>
		             </control>
					 <control type="label">
                        <label>$INFO[ListItem.TVShowTitle]</label>
                        <top>115</top>
                        <left>10</left>
						<height>40</height>
                        <width>215</width>
                        <font>Panel_Description_Footer</font>
                        <align>center</align>
						<aligny>center</aligny>
						<scroll>true</scroll>
                    </control>
				    <control type="image">
                        <left>175</left>
                        <top>0</top>
                        <width>60</width>
                        <height>60</height>
                        <texture>OverlayWatchedPanel.png</texture>
                        <animation type="Focus" reversible="false">
                            <effect type="zoom" center="235,0" start="80" end="120" time="400" tween="back" easing="out" />
                            <effect type="fade" start="80" end="100" time="400" />
                        </animation>
                        <visible>[Container.Content(Episodes) + String.IsEqual(ListItem.Overlay,OverlayWatched.png)] | [Container.Content(TVShows) + String.IsEqual(ListItem.Overlay,OverlayWatched.png)]</visible>
                    </control>
                    <control type="image">
                        <left>175</left>
                        <top>0</top>
                        <width>60</width>
                        <height>60</height>
                        <texture>OverlayWatchingPanel.png</texture>
                        <animation type="Focus" reversible="false">
                            <effect type="zoom" center="235,0" start="80" end="120" time="400" tween="back" easing="out" />
                            <effect type="fade" start="80" end="100" time="400" />
                        </animation>
                        <visible>Container.Content(Episodes) + ListItem.IsResumable + !String.IsEqual(ListItem.Overlay,OverlayWatched.png)</visible>
                    </control>
                </focusedlayout>
            </control>
            <!-- Episode Title Season -->
			<control type="label" id="140">
				<left>50</left>
                <top>215</top>
                <height>30</height>
                <width>1200</width>
                <font>Panel_Title</font>
                <textcolor>White</textcolor>
                <aligny>top</aligny>
                <visible>true</visible>
                <scroll>true</scroll>
                <scrollout>false</scrollout>
                <pauseatend>600</pauseatend>
                <scrollspeed>50</scrollspeed>
                <label>$INFO[ListItem.Title]</label>
				<visible>Container.Content(episodes)</visible>
            </control>
			<!-- Tv Show Title & Season -->
			<control type="label">
	            <left>50</left>
                <top>610</top>
                <width>600</width>
                <height>50</height>
                <align>left</align>
				<aligny>top</aligny>
                <font>Panel_Title_Footer</font>
                <label>$INFO[ListItem.TVShowTitle,, • ]$INFO[ListItem.Season,$LOCALIZE[20373] ]</label>
                <visible>Container.Content(episodes)</visible>
            </control>

			<!-- List Scrollbar -->
            <control type="scrollbar" id="5621">
                <left>1230</left>
                <top>290</top>
                <width>5</width>
                <height>315</height>
				<onleft>562</onleft>
                <showonepage>true</showonepage>
                <orientation>vertical</orientation>
            </control>
        </control>
    </include>
</includes>