<?xml version="1.0" encoding="UTF-8"?>
<shortcuts>
	<shortcut>
		<defaultID>tvshows</defaultID>
		<label>20343</label>
		<label2 />
		<icon>DefaultTVShows.png</icon>
		<thumb>DefaultTVShows.png</thumb>
		<action>ActivateWindow(Videos,videodb://tvshows/titles/,return)</action>
	</shortcut>
	<shortcut>
		<defaultID>favourites</defaultID>
		<label>1036</label>
		<label2 />
		<icon>Favorites.png</icon>
		<thumb>Favorites.png</thumb>
		<action>ActivateWindow(Favourites)</action>
	</shortcut>
	<shortcut>
		<defaultID>movies</defaultID>
		<label>20342</label>
		<label2 />
		<icon>DefaultMovies.png</icon>
		<thumb>DefaultMovies.png</thumb>
		<action>ActivateWindow(Videos,videodb://movies/titles/,return)</action>
	</shortcut>
	<shortcut>
		<defaultID>settings</defaultID>
		<label>13000</label>
		<label2 />
		<icon>DefaultAddonService.png</icon>
		<thumb>DefaultAddonService.png</thumb>
		<action>ActivateWindow(Settings)</action>
	</shortcut>
	<shortcut>
		<defaultID>programs</defaultID>
		<label>31957</label>
		<label2 />
		<icon>DefaultProgram.png</icon>
		<thumb>DefaultProgram.png</thumb>
		<action>ActivateWindow(1133)</action>
	</shortcut>
	<shortcut>
		<defaultID>livetv</defaultID>
		<label>31502</label>
		<label2 />
		<icon>DefaultAddonPVRClient.png</icon>
		<thumb>DefaultAddonPVRClient.png</thumb>
		<action>ActivateWindow(TVChannels)</action>
		<disabled>True</disabled>
	</shortcut>
	<shortcut>
		<defaultID>music</defaultID>
		<label>2</label>
		<label2 />
		<icon>DefaultAudio.png</icon>
		<thumb>DefaultAudio.png</thumb>
		<action>ActivateWindow(Music,musicdb://,return)</action>
		<disabled>True</disabled>
	</shortcut>
	<shortcut>
		<defaultID>power</defaultID>
		<label>33060</label>
		<label2 />
		<icon>power.png</icon>
		<thumb>power.png</thumb>
		<action>ActivateWindow(shutdownmenu)</action>
		<disabled>True</disabled>
	</shortcut>
</shortcuts>
