<?xml version="1.0" encoding="UTF-8"?>
<includes>
<include name="HomeSubMenu4k">
		<control type="image" id="90101">
			<width>35</width>
			<height>35</height>
			<colordiffuse>$VAR[HomeMenuTransparent]</colordiffuse>
			<texture border="0,0,0,3" flipx="true">HomeSubEnd.png</texture>
		</control>
		<control type="button" id="901606">
			<include>ButtonHomeSubCommonValues</include>
			<label>ab 6 Jahre</label>
			<onclick>ActivateWindow(10025,&quot;special://skin/playlists/ab 6.xsp&quot;,return)</onclick>
	
		</control>
		<control type="button" id="901601">
			<include>ButtonHomeSubCommonValues</include>
			<label>ab 12 Jahre</label>
			<onclick>ActivateWindow(10025,&quot;special://skin/playlists/ab 12.xsp&quot;,return)</onclick>

		</control>
		<control type="button" id="901608">
			<include>ButtonHomeSubCommonValues</include>
			<label>ab 16 Jahre</label>
			<onclick>ActivateWindow(10025,&quot;special://skin/playlists/ab 16.xsp&quot;,return)</onclick>

		</control>
		<control type="button" id="901602">
			<include>ButtonHomeSubCommonValues</include>
			<label>ab 18 Jahre</label>
			<onclick>ActivateWindow(10025,&quot;special://skin/playlists/ab 18.xsp&quot;,return)</onclick>

		</control>
		<control type="button" id="901603">
			<include>ButtonHomeSubCommonValues</include>
			<label>4k FILME</label>
			<onclick>ActivateWindow(10025,&quot;special://skin/playlists/4k.xsp&quot;,return)</onclick>

		</control>
        <control type="image" id="90108">
			<width>35</width>
			<height>35</height>
			<colordiffuse>$VAR[HomeMenuTransparent]</colordiffuse>
			<texture border="0,0,0,3">HomeSubEnd.png</texture>
		</control>
	</include>
	<include name="HomeSubMenuVideos">
		<control type="image" id="90101">
			<width>35</width>
			<height>35</height>
			<colordiffuse>$VAR[HomeMenuTransparent]</colordiffuse>
			<texture border="0,0,0,3" flipx="true">HomeSubEnd.png</texture>
		</control>
		<control type="button" id="90102">
			<include>ButtonHomeSubCommonValues</include>
			<label>342</label>
			<onclick>ActivateWindow(Videos,MovieTitles,return)</onclick>
			<visible>Library.HasContent(Movies) + Skin.HasSetting(HomeMenuNoMoviesButton)</visible>
		</control>
		<control type="button" id="90103">
			<include>ButtonHomeSubCommonValues</include>
			<label>20343</label>
			<onclick>ActivateWindow(Videos,TvShowTitles,return)</onclick>
			<visible>Library.HasContent(TVShows) + Skin.HasSetting(HomeMenuNoTVShowsButton)</visible>
		</control>
		<control type="button" id="90104">
			<include>ButtonHomeSubCommonValues</include>
			<label>20389</label>
			<onclick>ActivateWindow(Videos,MusicVideoTitles,return)</onclick>
			<visible>Library.HasContent(MusicVideos)</visible>
		</control>
		<control type="button" id="90105">
			<include>ButtonHomeSubCommonValues</include>
			<label>744</label>
			<onclick>ActivateWindow(Videos,Files,return)</onclick>
		</control>
		<control type="button" id="90106">
			<include>ButtonHomeSubCommonValues</include>
			<label>14022</label>
			<onclick>ActivateWindow(Videos,Root)</onclick>
			<visible>Library.HasContent(Video)</visible>
		</control>
		<control type="button" id="90107">
			<include>ButtonHomeSubCommonValues</include>
			<label>24001</label>
			<onclick>ActivateWindow(Videos,Addons,return)</onclick>
		</control>
		<control type="image" id="90108">
			<width>35</width>
			<height>35</height>
			<colordiffuse>$VAR[HomeMenuTransparent]</colordiffuse>
			<texture border="0,0,0,3">HomeSubEnd.png</texture>
		</control>
	</include>
	<include name="HomeSubMenuHDMovies">
		<control type="image" id="80161">
			<width>35</width>
			<height>35</height>
			<colordiffuse>$VAR[HomeMenuTransparent]</colordiffuse>
			<texture border="0,0,0,3" flipx="true">HomeSubEnd.png</texture>
		</control>
		<control type="button" id="80162">
			<include>ButtonHomeSubCommonValues</include>
			<label>$INFO[Skin.String(HDMenu_Custom2_Label)]</label>
			<onclick>ActivateWindow(10025,$INFO[Skin.String(HDMenu_Custom2_Path)],return)</onclick>
			<visible>Skin.HasSetting(HDMenu_Custom2)</visible>
		</control>
		<control type="button" id="80163">
			<include>ButtonHomeSubCommonValues</include>
			<label>$INFO[Skin.String(HDMenu_Custom3_Label)]</label>
			<onclick>ActivateWindow(10025,$INFO[Skin.String(HDMenu_Custom3_Path)],return)</onclick>
			<visible>Skin.HasSetting(HDMenu_Custom3)</visible>
		</control>
		<control type="button" id="80164">
			<include>ButtonHomeSubCommonValues</include>
			<label>$INFO[Skin.String(HDMenu_Custom4_Label)]</label>
			<onclick>ActivateWindow(10025,$INFO[Skin.String(HDMenu_Custom4_Path)],return)</onclick>
			<visible>Skin.HasSetting(HDMenu_Custom4)</visible>
		</control>		
		<control type="image" id="80168">
			<width>35</width>
			<height>35</height>
			<colordiffuse>$VAR[HomeMenuTransparent]</colordiffuse>
			<texture border="0,0,0,3">HomeSubEnd.png</texture>
		</control>
	</include>	
	<include name="HomeSubMenuMovies">
		<control type="image" id="90161">
			<width>35</width>
			<height>35</height>
			<colordiffuse>$VAR[HomeMenuTransparent]</colordiffuse>
			<texture border="0,0,0,3" flipx="true">HomeSubEnd.png</texture>
		</control>
		<control type="button" id="90162">
			<include>ButtonHomeSubCommonValues</include>
			<label>31328</label>
			<onclick>ActivateWindow(Videos,RecentlyAddedMovies,return)</onclick>
		</control>
		<control type="button" id="90163">
			<include>ButtonHomeSubCommonValues</include>
			<label>575</label>
			<onclick>ActivateWindow(Videos,special://skin/playlists/inprogress.xsp,return)</onclick>
		</control>
		<control type="button" id="90164">
			<include>ButtonHomeSubCommonValues</include>
			<label>20434</label>
			<onclick>ActivateWindow(Videos,MovieSets,return)</onclick>
			<visible>Library.HasContent(MovieSets)</visible>
		</control>
		<control type="button" id="90165">
			<include>ButtonHomeSubCommonValues</include>
			<label>744</label>
			<onclick>ActivateWindow(Videos,Files,return)</onclick>
		</control>		
		<control type="button" id="90166">
			<include>ButtonHomeSubCommonValues</include>
			<label>135</label>
			<onclick>ActivateWindow(Videos,MovieGenres,return)</onclick>
		</control>
		<control type="image" id="90168">
			<width>35</width>
			<height>35</height>
			<colordiffuse>$VAR[HomeMenuTransparent]</colordiffuse>
			<texture border="0,0,0,3">HomeSubEnd.png</texture>
		</control>
	</include>
	<include name="HomeSubMenuTVShows">
		<control type="image" id="90171">
			<width>35</width>
			<height>35</height>
			<colordiffuse>$VAR[HomeMenuTransparent]</colordiffuse>
			<texture border="0,0,0,3" flipx="true">HomeSubEnd.png</texture>
		</control>
		<control type="button" id="90172">
			<include>ButtonHomeSubCommonValues</include>
			<label>31328</label>
			<onclick>ActivateWindow(Videos,RecentlyAddedEpisodes,return)</onclick>
		</control>
		<control type="button" id="90174">
			<include>ButtonHomeSubCommonValues</include>
			<label>135</label>
			<onclick>ActivateWindow(Videos,TVShowGenres,return)</onclick>
		</control>
		<control type="image" id="90177">
			<width>35</width>
			<height>35</height>
			<colordiffuse>$VAR[HomeMenuTransparent]</colordiffuse>
			<texture border="0,0,0,3">HomeSubEnd.png</texture>
		</control>
	</include>
	<include name="HomeSubMenuMusic">
		<control type="image" id="90111">
			<width>35</width>
			<height>35</height>
			<colordiffuse>$VAR[HomeMenuTransparent]</colordiffuse>
			<texture border="0,0,0,3" flipx="true">HomeSubEnd.png</texture>
		</control>
		<control type="button" id="90112">
			<include>ButtonHomeSubCommonValues</include>
			<label>133</label>
			<onclick>ActivateWindow(Music,Artists,return)</onclick>
			<visible>Library.HasContent(Music)</visible>
		</control>
		<control type="button" id="90113">
			<include>ButtonHomeSubCommonValues</include>
			<label>132</label>
			<onclick>ActivateWindow(Music,Albums,return)</onclick>
			<visible>Library.HasContent(Music)</visible>
		</control>
		<control type="button" id="90114">
			<include>ButtonHomeSubCommonValues</include>
			<label>134</label>
			<onclick>ActivateWindow(Music,Songs,return)</onclick>
			<visible>Library.HasContent(Music)</visible>
		</control>
		<control type="button" id="90115">
			<include>ButtonHomeSubCommonValues</include>
			<label>744</label>
			<onclick>ActivateWindow(Music,Files,return)</onclick>
		</control>
		<!-- <control type="button" id="90116">
			<include>ButtonHomeSubCommonValues</include>
			<label>14022</label>
			<onclick>ActivateWindow(Music,Root)</onclick>
			<visible>Library.HasContent(Music)</visible>
		</control> -->
		<control type="button" id="90117">
			<include>ButtonHomeSubCommonValues</include>
			<label>24001</label>
			<onclick>ActivateWindow(Music,Addons,return)</onclick>
		</control>
		<control type="button" id="90118">
			<include>ButtonHomeSubCommonValues</include>
			<label>589</label>
			<onclick>PlayerControl(Partymode(music))</onclick>
			<visible>Library.HasContent(Music)</visible>
		</control>
		<control type="image" id="90119">
			<width>35</width>
			<height>35</height>
			<texture border="0,0,0,3">HomeSubEnd.png</texture>
			<colordiffuse>$VAR[HomeMenuTransparent]</colordiffuse>
		</control>
	</include>
	<include name="HomeSubMenuSystem">
		<control type="image" id="90121">
			<width>35</width>
			<height>35</height>
			<colordiffuse>$VAR[HomeMenuTransparent]</colordiffuse>
			<texture border="0,0,0,3" flipx="true">HomeSubEnd.png</texture>
		</control>
		<control type="button" id="90123">
			<include>ButtonHomeSubCommonValues</include>
			<label>20077</label>
			<onclick>ActivateWindow(SkinSettings)</onclick>
		</control>
		<control type="button" id="90120">
			<include>ButtonHomeSubCommonValues</include>
			<label>LibreELEC</label>
			<onclick>RunAddon(service.libreelec.settings)</onclick>
			<visible>System.HasAddon(service.libreelec.settings)</visible>
		</control>
		<control type="button" id="90400">
			<include>ButtonHomeSubCommonValues</include>
			<label>CoreELEC</label>
			<onclick>RunAddon(service.coreelec.settings)</onclick>
			<visible>System.HasAddon(service.coreelec.settings)</visible>
		</control>
		<control type="button" id="901234">
			<include>ButtonHomeSubCommonValues</include>
			<label>7</label>
			<onclick>ActivateWindow(FileManager)</onclick>
		</control>
		<control type="button" id="90124">
			<include>ButtonHomeSubCommonValues</include>
			<label>13200</label>
			<onclick>ActivateWindow(Profiles)</onclick>
		</control>
		<control type="button" id="90125">
			<include>ButtonHomeSubCommonValues</include>
			<label>130</label>
			<onclick>ActivateWindow(SystemInfo)</onclick>
		</control>
		<control type="button" id="90126">
			<include>ButtonHomeSubCommonValues</include>
			<label>14111</label>
			<onclick>ActivateWindow(EventLog,events://,return)</onclick>
			<visible>system.getbool(eventlog.enabled)</visible>
		</control>
		<control type="image" id="90129">
			<width>35</width>
			<height>35</height>
			<colordiffuse>$VAR[HomeMenuTransparent]</colordiffuse>
			<texture border="0,0,0,3">HomeSubEnd.png</texture>
		</control>
	</include>
	<include name="HomeSubMenuPlayDisc">
		<control type="image" id="90131">
			<width>35</width>
			<height>35</height>
			<colordiffuse>$VAR[HomeMenuTransparent]</colordiffuse>
			<texture border="0,0,0,3" flipx="true">HomeSubEnd.png</texture>
		</control>
		<control type="button" id="90132">
			<include>ButtonHomeSubCommonValues</include>
			<label>13391</label>
			<onclick>SetFocus(9000)</onclick>
			<onclick>EjectTray()</onclick>
		</control>
		<control type="image" id="90126">
			<width>35</width>
			<height>35</height>
			<colordiffuse>$VAR[HomeMenuTransparent]</colordiffuse>
			<texture border="0,0,0,3">HomeSubEnd.png</texture>
		</control>
	</include>
	<include name="HomeSubMenuPrograms">
		<control type="image" id="90301">
			<width>35</width>
			<height>35</height>
			<texture border="0,0,0,3" flipx="true">HomeSubEnd.png</texture>
			<colordiffuse>$VAR[HomeMenuTransparent]</colordiffuse>
		</control>
		<control type="button" id="90302">
			<include>ButtonHomeSubCommonValues</include>
			<label>24998</label>
			<onclick>ActivateWindow(addonbrowser,addons://user,return)</onclick>
		</control>
		<control type="button" id="90303">
			<include>ButtonHomeSubCommonValues</include>
			<label>Repo Install.</label>
			<onclick>ActivateWindow(addonbrowser,addons://repos/,return)</onclick>
		</control>
		<control type="button" id="90304">
			<include>ButtonHomeSubCommonValues</include>
			<label>Zipp Install.</label>
			<onclick>InstallFromZip</onclick>
		</control>
		<control type="button" id="90305">
			<include>ButtonHomeSubCommonValues</include>
			<label>137</label>
			<onclick>ActivateWindow(addonbrowser,addons://search,return)</onclick>
		</control>
		<control type="image" id="90306">
			<width>35</width>
			<height>35</height>
			<texture border="0,0,0,3">HomeSubEnd.png</texture>
			<colordiffuse>$VAR[HomeMenuTransparent]</colordiffuse>
		</control>
	</include>
	<include name="HomeSubMenuPictures">
		<control type="image" id="90147">
			<width>35</width>
			<height>35</height>
			<colordiffuse>$VAR[HomeMenuTransparent]</colordiffuse>
			<texture border="0,0,0,3" flipx="true">HomeSubEnd.png</texture>
		</control>
		<control type="button" id="90148">
			<include>ButtonHomeSubCommonValues</include>
			<label>24001</label>
			<onclick>ActivateWindow(Pictures,Addons,return)</onclick>
		</control>
		<control type="image" id="90149">
			<width>35</width>
			<height>35</height>
			<colordiffuse>$VAR[HomeMenuTransparent]</colordiffuse>
			<texture border="0,0,0,3">HomeSubEnd.png</texture>
		</control>
	</include>
	<include name="HomeSubMenuLiveTV">
		<control type="image" id="90141">
			<width>35</width>
			<height>35</height>
			<colordiffuse>$VAR[HomeMenuTransparent]</colordiffuse>
			<texture border="0,0,0,3" flipx="true">HomeSubEnd.png</texture>
		</control>
		<control type="button" id="90143">
			<include>ButtonHomeSubCommonValues</include>
			<label>19019</label>
			<onclick>ActivateWindow(TVChannels)</onclick>
		</control>
		<control type="button" id="90144">
			<include>ButtonHomeSubCommonValues</include>
			<label>19069</label>
			<onclick>ActivateWindow(TVGuide)</onclick>
		</control>
		<control type="button" id="90145">
			<include>ButtonHomeSubCommonValues</include>
			<label>19163</label>
			<onclick>ActivateWindow(TVRecordings)</onclick>
		</control>
		<control type="button" id="90146">
			<include>ButtonHomeSubCommonValues</include>
			<label>19040</label>
			<onclick>ActivateWindow(TVTimers)</onclick>
		</control>
		<control type="button" id="90147">
			<include>ButtonHomeSubCommonValues</include>
			<label>137</label>
			<onclick>ActivateWindow(TVSearch)</onclick>
		</control>
		<control type="image" id="90148">
			<width>35</width>
			<height>35</height>
			<colordiffuse>$VAR[HomeMenuTransparent]</colordiffuse>
			<texture border="0,0,0,3">HomeSubEnd.png</texture>
		</control>
	</include>
	<include name="HomeSubMenuRadio">
		<control type="image" id="90141">
			<width>35</width>
			<height>35</height>
			<colordiffuse>$VAR[HomeMenuTransparent]</colordiffuse>
			<texture border="0,0,0,3" flipx="true">HomeSubEnd.png</texture>
		</control>
		<control type="button" id="90243">
			<include>ButtonHomeSubCommonValues</include>
			<label>19019</label>
			<onclick>ActivateWindow(RadioChannels)</onclick>
		</control>
		<control type="button" id="90244">
			<include>ButtonHomeSubCommonValues</include>
			<label>19069</label>
			<onclick>ActivateWindow(RadioGuide)</onclick>
		</control>
		<control type="button" id="90245">
			<include>ButtonHomeSubCommonValues</include>
			<label>19163</label>
			<onclick>ActivateWindow(RadioRecordings)</onclick>
		</control>
		<control type="button" id="90246">
			<include>ButtonHomeSubCommonValues</include>
			<label>19040</label>
			<onclick>ActivateWindow(RadioTimers)</onclick>
		</control>
		<control type="button" id="90247">
			<include>ButtonHomeSubCommonValues</include>
			<label>137</label>
			<onclick>ActivateWindow(RadioSearch)</onclick>
		</control>
		<control type="image" id="90248">
			<width>35</width>
			<height>35</height>
			<colordiffuse>$VAR[HomeMenuTransparent]</colordiffuse>
			<texture border="0,0,0,3">HomeSubEnd.png</texture>
		</control>
	</include>
		<include name="HomeAddonItemsVideos">
		<item>
			<label>$INFO[system.addontitle(Skin.String(HomeVideosButton1))]</label>
			<onclick>RunAddon($INFO[Skin.String(HomeVideosButton1)])</onclick>
			<icon>$INFO[system.addonicon(Skin.String(HomeVideosButton1))]</icon>
			<thumb>-</thumb>
			<visible>!String.IsEmpty(Skin.String(HomeVideosButton1))</visible>
		</item>
		<item>
			<label>$INFO[system.addontitle(Skin.String(HomeVideosButton2))]</label>
			<onclick>RunAddon($INFO[Skin.String(HomeVideosButton2)])</onclick>
			<icon>$INFO[system.addonicon(Skin.String(HomeVideosButton2))]</icon>
			<thumb>-</thumb>
			<visible>!String.IsEmpty(Skin.String(HomeVideosButton2))</visible>
		</item>
		<item>
			<label>$INFO[system.addontitle(Skin.String(HomeVideosButton3))]</label>
			<onclick>RunAddon($INFO[Skin.String(HomeVideosButton3)])</onclick>
			<icon>$INFO[system.addonicon(Skin.String(HomeVideosButton3))]</icon>
			<thumb>-</thumb>
			<visible>!String.IsEmpty(Skin.String(HomeVideosButton3))</visible>
		</item>
		<item>
			<label>$INFO[system.addontitle(Skin.String(HomeVideosButton4))]</label>
			<onclick>RunAddon($INFO[Skin.String(HomeVideosButton4)])</onclick>
			<icon>$INFO[system.addonicon(Skin.String(HomeVideosButton4))]</icon>
			<thumb>-</thumb>
			<visible>!String.IsEmpty(Skin.String(HomeVideosButton4))</visible>
		</item>
		<item>
			<label>$INFO[system.addontitle(Skin.String(HomeVideosButton5))]</label>
			<onclick>RunAddon($INFO[Skin.String(HomeVideosButton5)])</onclick>
			<icon>$INFO[system.addonicon(Skin.String(HomeVideosButton5))]</icon>
			<thumb>-</thumb>
			<visible>!String.IsEmpty(Skin.String(HomeVideosButton5))</visible>
		</item>
			<item>
			<label>$INFO[system.addontitle(Skin.String(HomeVideosButton6))]</label>
			<onclick>RunAddon($INFO[Skin.String(HomeVideosButton6)])</onclick>
			<icon>$INFO[system.addonicon(Skin.String(HomeVideosButton6))]</icon>
			<thumb>-</thumb>
			<visible>!String.IsEmpty(Skin.String(HomeVideosButton6))</visible>
		</item>
		<item>
			<label>$INFO[system.addontitle(Skin.String(HomeVideosButton7))]</label>
			<onclick>RunAddon($INFO[Skin.String(HomeVideosButton7)])</onclick>
			<icon>$INFO[system.addonicon(Skin.String(HomeVideosButton7))]</icon>
			<thumb>-</thumb>
			<visible>!String.IsEmpty(Skin.String(HomeVideosButton7))</visible>
		</item>
		<item>
			<label>$INFO[system.addontitle(Skin.String(HomeVideosButton8))]</label>
			<onclick>RunAddon($INFO[Skin.String(HomeVideosButton8)])</onclick>
			<icon>$INFO[system.addonicon(Skin.String(HomeVideosButton8))]</icon>
			<thumb>-</thumb>
			<visible>!String.IsEmpty(Skin.String(HomeVideosButton8))</visible>
		</item>
		<item>
			<label>$INFO[system.addontitle(Skin.String(HomeVideosButton9))]</label>
			<onclick>RunAddon($INFO[Skin.String(HomeVideosButton9)])</onclick>
			<icon>$INFO[system.addonicon(Skin.String(HomeVideosButton9))]</icon>
			<thumb>-</thumb>
			<visible>!String.IsEmpty(Skin.String(HomeVideosButton9))</visible>
		</item>
		<item>
			<label>$INFO[system.addontitle(Skin.String(HomeVideosButton10))]</label>
			<onclick>RunAddon($INFO[Skin.String(HomeVideosButton10)])</onclick>
			<icon>$INFO[system.addonicon(Skin.String(HomeVideosButton10))]</icon>
			<thumb>-</thumb>
			<visible>!String.IsEmpty(Skin.String(HomeVideosButton10))</visible>
		</item>
	</include>
	<include name="HomeAddonItemsMusic">
		<item>
			<label>$INFO[system.addontitle(Skin.String(HomeMusicButton1))]</label>
			<onclick>RunAddon($INFO[Skin.String(HomeMusicButton1)])</onclick>
			<icon>$INFO[system.addonicon(Skin.String(HomeMusicButton1))]</icon>
			<thumb>-</thumb>
			<visible>!String.IsEmpty(Skin.String(HomeMusicButton1))</visible>
		</item>
		<item>
			<label>$INFO[system.addontitle(Skin.String(HomeMusicButton2))]</label>
			<onclick>RunAddon($INFO[Skin.String(HomeMusicButton2)])</onclick>
			<icon>$INFO[system.addonicon(Skin.String(HomeMusicButton2))]</icon>
			<thumb>-</thumb>
			<visible>!String.IsEmpty(Skin.String(HomeMusicButton2))</visible>
		</item>
		<item>
			<label>$INFO[system.addontitle(Skin.String(HomeMusicButton3))]</label>
			<onclick>RunAddon($INFO[Skin.String(HomeMusicButton3)])</onclick>
			<icon>$INFO[system.addonicon(Skin.String(HomeMusicButton3))]</icon>
			<thumb>-</thumb>
			<visible>!String.IsEmpty(Skin.String(HomeMusicButton3))</visible>
		</item>
		<item>
			<label>$INFO[system.addontitle(Skin.String(HomeMusicButton4))]</label>
			<onclick>RunAddon($INFO[Skin.String(HomeMusicButton4)])</onclick>
			<icon>$INFO[system.addonicon(Skin.String(HomeMusicButton4))]</icon>
			<thumb>-</thumb>
			<visible>!String.IsEmpty(Skin.String(HomeMusicButton4))</visible>
		</item>
		<item>
			<label>$INFO[system.addontitle(Skin.String(HomeMusicButton5))]</label>
			<onclick>RunAddon($INFO[Skin.String(HomeMusicButton5)])</onclick>
			<icon>$INFO[system.addonicon(Skin.String(HomeMusicButton5))]</icon>
			<thumb>-</thumb>
			<visible>!String.IsEmpty(Skin.String(HomeMusicButton5))</visible>
		</item>
		<item>
			<label>$INFO[system.addontitle(Skin.String(HomeMusicButton6))]</label>
			<onclick>RunAddon($INFO[Skin.String(HomeMusicButton6)])</onclick>
			<icon>$INFO[system.addonicon(Skin.String(HomeMusicButton6))]</icon>
			<thumb>-</thumb>
			<visible>!String.IsEmpty(Skin.String(HomeMusicButton6))</visible>
		</item>
		<item>
			<label>$INFO[system.addontitle(Skin.String(HomeMusicButton7))]</label>
			<onclick>RunAddon($INFO[Skin.String(HomeMusicButton7)])</onclick>
			<icon>$INFO[system.addonicon(Skin.String(HomeMusicButton7))]</icon>
			<thumb>-</thumb>
			<visible>!String.IsEmpty(Skin.String(HomeMusicButton7))</visible>
		</item>
		<item>
			<label>$INFO[system.addontitle(Skin.String(HomeMusicButton8))]</label>
			<onclick>RunAddon($INFO[Skin.String(HomeMusicButton8)])</onclick>
			<icon>$INFO[system.addonicon(Skin.String(HomeMusicButton8))]</icon>
			<thumb>-</thumb>
			<visible>!String.IsEmpty(Skin.String(HomeMusicButton8))</visible>
		</item>
		<item>
			<label>$INFO[system.addontitle(Skin.String(HomeMusicButton9))]</label>
			<onclick>RunAddon($INFO[Skin.String(HomeMusicButton9)])</onclick>
			<icon>$INFO[system.addonicon(Skin.String(HomeMusicButton9))]</icon>
			<thumb>-</thumb>
			<visible>!String.IsEmpty(Skin.String(HomeMusicButton9))</visible>
		</item>
		<item>
			<label>$INFO[system.addontitle(Skin.String(HomeMusicButton10))]</label>
			<onclick>RunAddon($INFO[Skin.String(HomeMusicButton10)])</onclick>
			<icon>$INFO[system.addonicon(Skin.String(HomeMusicButton10))]</icon>
			<thumb>-</thumb>
			<visible>!String.IsEmpty(Skin.String(HomeMusicButton10))</visible>
		</item>
	</include>
	<include name="HomeAddonItemsMovies">
		<item>
			<label>$INFO[system.addontitle(Skin.String(HomeMoviesButton1))]</label>
			<onclick>RunAddon($INFO[Skin.String(HomeMoviesButton1)])</onclick>
			<icon>$INFO[system.addonicon(Skin.String(HomeMoviesButton1))]</icon>
			<thumb>-</thumb>
			<visible>!String.IsEmpty(Skin.String(HomeMoviesButton1))</visible>
		</item>
		<item>
			<label>$INFO[system.addontitle(Skin.String(HomeMoviesButton2))]</label>
			<onclick>RunAddon($INFO[Skin.String(HomeMoviesButton2)])</onclick>
			<icon>$INFO[system.addonicon(Skin.String(HomeMoviesButton2))]</icon>
			<thumb>-</thumb>
			<visible>!String.IsEmpty(Skin.String(HomeMoviesButton2))</visible>
		</item>
	    <item>
			<label>$INFO[system.addontitle(Skin.String(HomeMoviesButton3))]</label>
			<onclick>RunAddon($INFO[Skin.String(HomeMoviesButton3)])</onclick>
			<icon>$INFO[system.addonicon(Skin.String(HomeMoviesButton3))]</icon>
			<thumb>-</thumb>
			<visible>!String.IsEmpty(Skin.String(HomeMoviesButton3))</visible>
		</item>
		<item>
			<label>$INFO[system.addontitle(Skin.String(HomeMoviesButton4))]</label>
			<onclick>RunAddon($INFO[Skin.String(HomeMoviesButton4)])</onclick>
			<icon>$INFO[system.addonicon(Skin.String(HomeMoviesButton4))]</icon>
			<thumb>-</thumb>
			<visible>!String.IsEmpty(Skin.String(HomeMoviesButton4))</visible>
		</item>
		<item>
			<label>$INFO[system.addontitle(Skin.String(HomeMoviesButton5))]</label>
			<onclick>RunAddon($INFO[Skin.String(HomeMoviesButton5)])</onclick>
			<icon>$INFO[system.addonicon(Skin.String(HomeMoviesButton5))]</icon>
			<thumb>-</thumb>
			<visible>!String.IsEmpty(Skin.String(HomeMoviesButton5))</visible>
		</item>
		<item>
			<label>$INFO[system.addontitle(Skin.String(HomeMoviesButton6))]</label>
			<onclick>RunAddon($INFO[Skin.String(HomeMoviesButton6)])</onclick>
			<icon>$INFO[system.addonicon(Skin.String(HomeMoviesButton6))]</icon>
			<thumb>-</thumb>
			<visible>!String.IsEmpty(Skin.String(HomeMoviesButton6))</visible>
		</item>
		<item>
			<label>$INFO[system.addontitle(Skin.String(HomeMoviesButton7))]</label>
			<onclick>RunAddon($INFO[Skin.String(HomeMoviesButton7)])</onclick>
			<icon>$INFO[system.addonicon(Skin.String(HomeMoviesButton7))]</icon>
			<thumb>-</thumb>
			<visible>!String.IsEmpty(Skin.String(HomeMoviesButton7))</visible>
		</item>
		<item>
			<label>$INFO[system.addontitle(Skin.String(HomeMoviesButton8))]</label>
			<onclick>RunAddon($INFO[Skin.String(HomeMoviesButton8)])</onclick>
			<icon>$INFO[system.addonicon(Skin.String(HomeMoviesButton8))]</icon>
			<thumb>-</thumb>
			<visible>!String.IsEmpty(Skin.String(HomeMoviesButton8))</visible>
		</item>
		<item>
			<label>$INFO[system.addontitle(Skin.String(HomeMoviesButton9))]</label>
			<onclick>RunAddon($INFO[Skin.String(HomeMoviesButton9)])</onclick>
			<icon>$INFO[system.addonicon(Skin.String(HomeMoviesButton9))]</icon>
			<thumb>-</thumb>
			<visible>!String.IsEmpty(Skin.String(HomeMoviesButton9))</visible>
		</item>
		<item>
			<label>$INFO[system.addontitle(Skin.String(HomeMoviesButton10))]</label>
			<onclick>RunAddon($INFO[Skin.String(HomeMoviesButton10)])</onclick>
			<icon>$INFO[system.addonicon(Skin.String(HomeMoviesButton10))]</icon>
			<thumb>-</thumb>
			<visible>!String.IsEmpty(Skin.String(HomeMoviesButton10))</visible>
		</item>
	</include>
	<include name="HomeAddonItemsTvShows">
		<item>
			<label>$INFO[system.addontitle(Skin.String(HomeTvShowsButton1))]</label>
			<onclick>RunAddon($INFO[Skin.String(HomeTvShowsButton1)])</onclick>
			<icon>$INFO[system.addonicon(Skin.String(HomeTvShowsButton1))]</icon>
			<thumb>-</thumb>
			<visible>!String.IsEmpty(Skin.String(HomeTvShowsButton1))</visible>
		</item>
		<item>
			<label>$INFO[system.addontitle(Skin.String(HomeTvShowsButton2))]</label>
			<onclick>RunAddon($INFO[Skin.String(HomeTvShowsButton2)])</onclick>
			<icon>$INFO[system.addonicon(Skin.String(HomeTvShowsButton2))]</icon>
			<thumb>-</thumb>
			<visible>!String.IsEmpty(Skin.String(HomeTvShowsButton2))</visible>
		</item>
	    <item>
			<label>$INFO[system.addontitle(Skin.String(HomeTvShowsButton3))]</label>
			<onclick>RunAddon($INFO[Skin.String(HomeTvShowsButton3)])</onclick>
			<icon>$INFO[system.addonicon(Skin.String(HomeTvShowsButton3))]</icon>
			<thumb>-</thumb>
			<visible>!String.IsEmpty(Skin.String(HomeTvShowsButton3))</visible>
		</item>
		<item>
			<label>$INFO[system.addontitle(Skin.String(HomeTvShowsButton4))]</label>
			<onclick>RunAddon($INFO[Skin.String(HomeTvShowsButton4)])</onclick>
			<icon>$INFO[system.addonicon(Skin.String(HomeTvShowsButton4))]</icon>
			<thumb>-</thumb>
			<visible>!String.IsEmpty(Skin.String(HomeTvShowsButton4))</visible>
		</item>
		<item>
			<label>$INFO[system.addontitle(Skin.String(HomeTvShowsButton5))]</label>
			<onclick>RunAddon($INFO[Skin.String(HomeTvShowsButton5)])</onclick>
			<icon>$INFO[system.addonicon(Skin.String(HomeTvShowsButton5))]</icon>
			<thumb>-</thumb>
			<visible>!String.IsEmpty(Skin.String(HomeTvShowsButton5))</visible>
		</item>
		<item>
			<label>$INFO[system.addontitle(Skin.String(HomeTvShowsButton6))]</label>
			<onclick>RunAddon($INFO[Skin.String(HomeTvShowsButton6)])</onclick>
			<icon>$INFO[system.addonicon(Skin.String(HomeTvShowsButton6))]</icon>
			<thumb>-</thumb>
			<visible>!String.IsEmpty(Skin.String(HomeTvShowsButton6))</visible>
		</item>
		<item>
			<label>$INFO[system.addontitle(Skin.String(HomeTvShowsButton7))]</label>
			<onclick>RunAddon($INFO[Skin.String(HomeTvShowsButton7)])</onclick>
			<icon>$INFO[system.addonicon(Skin.String(HomeTvShowsButton7))]</icon>
			<thumb>-</thumb>
			<visible>!String.IsEmpty(Skin.String(HomeTvShowsButton7))</visible>
		</item>
		<item>
			<label>$INFO[system.addontitle(Skin.String(HomeTvShowsButton8))]</label>
			<onclick>RunAddon($INFO[Skin.String(HomeTvShowsButton8)])</onclick>
			<icon>$INFO[system.addonicon(Skin.String(HomeTvShowsButton8))]</icon>
			<thumb>-</thumb>
			<visible>!String.IsEmpty(Skin.String(HomeTvShowsButton8))</visible>
		</item>
		<item>
			<label>$INFO[system.addontitle(Skin.String(HomeTvShowsButton9))]</label>
			<onclick>RunAddon($INFO[Skin.String(HomeTvShowsButton9)])</onclick>
			<icon>$INFO[system.addonicon(Skin.String(HomeTvShowsButton9))]</icon>
			<thumb>-</thumb>
			<visible>!String.IsEmpty(Skin.String(HomeTvShowsButton9))</visible>
		</item>
		<item>
			<label>$INFO[system.addontitle(Skin.String(HomeTvShowsButton10))]</label>
			<onclick>RunAddon($INFO[Skin.String(HomeTvShowsButton10)])</onclick>
			<icon>$INFO[system.addonicon(Skin.String(HomeTvShowsButton10))]</icon>
			<thumb>-</thumb>
			<visible>!String.IsEmpty(Skin.String(HomeTvShowsButton10))</visible>
		</item>
	</include>
	<include name="HomeAddonItemsPrograms">
		<item>
			<label>$INFO[system.addontitle(Skin.String(HomeProgramButton1))]</label>
			<onclick>RunAddon($INFO[Skin.String(HomeProgramButton1)])</onclick>
			<icon>$INFO[system.addonicon(Skin.String(HomeProgramButton1))]</icon>
			<thumb>-</thumb>
			<visible>!IsEmpty(Skin.String(HomeProgramButton1))</visible>
		</item>
		<item>
			<label>$INFO[system.addontitle(Skin.String(HomeProgramButton2))]</label>
			<onclick>RunAddon($INFO[Skin.String(HomeProgramButton2)])</onclick>
			<icon>$INFO[system.addonicon(Skin.String(HomeProgramButton2))]</icon>
			<thumb>-</thumb>
			<visible>!IsEmpty(Skin.String(HomeProgramButton2))</visible>
		</item>
		<item>
			<label>$INFO[system.addontitle(Skin.String(HomeProgramButton3))]</label>
			<onclick>RunAddon($INFO[Skin.String(HomeProgramButton3)])</onclick>
			<icon>$INFO[system.addonicon(Skin.String(HomeProgramButton3))]</icon>
			<thumb>-</thumb>
			<visible>!IsEmpty(Skin.String(HomeProgramButton3))</visible>
		</item>
		<item>
			<label>$INFO[system.addontitle(Skin.String(HomeProgramButton4))]</label>
			<onclick>RunAddon($INFO[Skin.String(HomeProgramButton4)])</onclick>
			<icon>$INFO[system.addonicon(Skin.String(HomeProgramButton4))]</icon>
			<thumb>-</thumb>
			<visible>!IsEmpty(Skin.String(HomeProgramButton4))</visible>
		</item>
		<item>
			<label>$INFO[system.addontitle(Skin.String(HomeProgramButton5))]</label>
			<onclick>RunAddon($INFO[Skin.String(HomeProgramButton5)])</onclick>
			<icon>$INFO[system.addonicon(Skin.String(HomeProgramButton5))]</icon>
			<thumb>-</thumb>
			<visible>!IsEmpty(Skin.String(HomeProgramButton5))</visible>
		</item>
		<item>
			<label>$INFO[system.addontitle(Skin.String(HomeProgramButton6))]</label>
			<onclick>RunAddon($INFO[Skin.String(HomeProgramButton6)])</onclick>
			<icon>$INFO[system.addonicon(Skin.String(HomeProgramButton6))]</icon>
			<thumb>-</thumb>
			<visible>!IsEmpty(Skin.String(HomeProgramButton6))</visible>
		</item>
		<item>
			<label>$INFO[system.addontitle(Skin.String(HomeProgramButton7))]</label>
			<onclick>RunAddon($INFO[Skin.String(HomeProgramButton7)])</onclick>
			<icon>$INFO[system.addonicon(Skin.String(HomeProgramButton7))]</icon>
			<thumb>-</thumb>
			<visible>!IsEmpty(Skin.String(HomeProgramButton7))</visible>
		</item>
		<item>
			<label>$INFO[system.addontitle(Skin.String(HomeProgramButton8))]</label>
			<onclick>RunAddon($INFO[Skin.String(HomeProgramButton8)])</onclick>
			<icon>$INFO[system.addonicon(Skin.String(HomeProgramButton8))]</icon>
			<thumb>-</thumb>
			<visible>!IsEmpty(Skin.String(HomeProgramButton8))</visible>
		</item>
		<item>
			<label>$INFO[system.addontitle(Skin.String(HomeProgramButton9))]</label>
			<onclick>RunAddon($INFO[Skin.String(HomeProgramButton9)])</onclick>
			<icon>$INFO[system.addonicon(Skin.String(HomeProgramButton9))]</icon>
			<thumb>-</thumb>
			<visible>!IsEmpty(Skin.String(HomeProgramButton9))</visible>
		</item>
		<item>
			<label>$INFO[system.addontitle(Skin.String(HomeProgramButton10))]</label>
			<onclick>RunAddon($INFO[Skin.String(HomeProgramButton10)])</onclick>
			<icon>$INFO[system.addonicon(Skin.String(HomeProgramButton10))]</icon>
			<thumb>-</thumb>
			<visible>!IsEmpty(Skin.String(HomeProgramButton10))</visible>
		</item>
	</include>
	<include name="HomeAddonItemsSettings">
		<item>
			<label>$INFO[system.addontitle(Skin.String(HomeSettingsButton1))]</label>
			<onclick>RunAddon($INFO[Skin.String(HomeSettingsButton1)])</onclick>
			<icon>$INFO[system.addonicon(Skin.String(HomeSettingsButton1))]</icon>
			<thumb>-</thumb>
			<visible>!String.IsEmpty(Skin.String(HomeSettingsButton1))</visible>
		</item>
		<item>
			<label>$INFO[system.addontitle(Skin.String(HomeSettingsButton2))]</label>
			<onclick>RunAddon($INFO[Skin.String(HomeSettingsButton2)])</onclick>
			<icon>$INFO[system.addonicon(Skin.String(HomeSettingsButton2))]</icon>
			<thumb>-</thumb>
			<visible>!String.IsEmpty(Skin.String(HomeSettingsButton2))</visible>
		</item>
		<item>
			<label>$INFO[system.addontitle(Skin.String(HomeSettingsButton3))]</label>
			<onclick>RunAddon($INFO[Skin.String(HomeSettingsButton3)])</onclick>
			<icon>$INFO[system.addonicon(Skin.String(HomeSettingsButton3))]</icon>
			<thumb>-</thumb>
			<visible>!String.IsEmpty(Skin.String(HomeSettingsButton3))</visible>
		</item>
		<item>
			<label>$INFO[system.addontitle(Skin.String(HomeSettingsButton4))]</label>
			<onclick>RunAddon($INFO[Skin.String(HomeProgramButton4)])</onclick>
			<icon>$INFO[system.addonicon(Skin.String(HomeSettingsButton4))]</icon>
			<thumb>-</thumb>
			<visible>!String.IsEmpty(Skin.String(HomeSettingsButton4))</visible>
		</item>
		<item>
			<label>$INFO[system.addontitle(Skin.String(HomeSettingsButton5))]</label>
			<onclick>RunAddon($INFO[Skin.String(HomeSettingsButton5)])</onclick>
			<icon>$INFO[system.addonicon(Skin.String(HomeSettingsButton5))]</icon>
			<thumb>-</thumb>
			<visible>!String.IsEmpty(Skin.String(HomeSettingsButton5))</visible>
		</item>
		<item>
			<label>$INFO[system.addontitle(Skin.String(HomeSettingsButton6))]</label>
			<onclick>RunAddon($INFO[Skin.String(HomeSettingsButton6)])</onclick>
			<icon>$INFO[system.addonicon(Skin.String(HomeSettingsButton6))]</icon>
			<thumb>-</thumb>
			<visible>!String.IsEmpty(Skin.String(HomeSettingsButton6))</visible>
		</item>
		<item>
			<label>$INFO[system.addontitle(Skin.String(HomeSettingsButton7))]</label>
			<onclick>RunAddon($INFO[Skin.String(HomeSettingsButton7)])</onclick>
			<icon>$INFO[system.addonicon(Skin.String(HomeSettingsButton7))]</icon>
			<thumb>-</thumb>
			<visible>!String.IsEmpty(Skin.String(HomeSettingsButton7))</visible>
		</item>
		<item>
			<label>$INFO[system.addontitle(Skin.String(HomeSettingsButton8))]</label>
			<onclick>RunAddon($INFO[Skin.String(HomeSettingsButton8)])</onclick>
			<icon>$INFO[system.addonicon(Skin.String(HomeSettingsButton8))]</icon>
			<thumb>-</thumb>
			<visible>!String.IsEmpty(Skin.String(HomeSettingsButton8))</visible>
		</item>
		<item>
			<label>$INFO[system.addontitle(Skin.String(HomeSettingsButton9))]</label>
			<onclick>RunAddon($INFO[Skin.String(HomeProgramButton9)])</onclick>
			<icon>$INFO[system.addonicon(Skin.String(HomeSettingsButton9))]</icon>
			<thumb>-</thumb>
			<visible>!String.IsEmpty(Skin.String(HomeSettingsButton9))</visible>
		</item>
		<item>
			<label>$INFO[system.addontitle(Skin.String(HomeSettingsButton10))]</label>
			<onclick>RunAddon($INFO[Skin.String(HomeSettingsButton10)])</onclick>
			<icon>$INFO[system.addonicon(Skin.String(HomeSettingsButton10))]</icon>
			<thumb>-</thumb>
			<visible>!String.IsEmpty(Skin.String(HomeSettingsButton10))</visible>
		</item>
	</include>
</includes>
		