<?xml version="1.0" encoding="UTF-8"?>
<window id="1168" type="dialog">
	<defaultcontrol always="true">8999</defaultcontrol>
	<controls>
		<control type="group">
			<animation type="WindowOpen">
				 <effect type="fade" start="0" end="100"  time="200"/>
				 <effect type="rotatex" start="292" end="0" center="auto" time="600" tween="cubic" easing="Out" reversable="true"/>
			</animation>
			<animation type="WindowClose">
				 <effect type="fade" start="100" end="0" delay="400" time="300"/>
				 <effect type="rotatex" start="0" end="292" center="auto" time="600" tween="cubic" easing="In" reversable="true"/>
			</animation>
			<left>0</left>
			<top>88</top>
			<control type="image">
				<left>554</left>
				<width>800</width>
				<height>904</height>
				<texture border="40">fireworks.gif</texture>
			</control>
			<control type="image">
				<left>554</left>
				<width>800</width>
				<height>904</height>
				<texture border="40">credits_border.png</texture>
			</control>
			<control type="label">
				<left>0</left>
				<top>52</top>
				<width>1920</width>
				<height>40</height>
				<font>font30_title</font>
				<align>center</align>
				<textcolor>white</textcolor>
				<label>Credits</label>
			</control>
			<control type="label">
				<left>0</left>
				<top>430</top>
				<width>1920</width>
				<height>40</height>
				<font>font16</font>
				<align>center</align>
				<textcolor>white</textcolor>
				<label>Terrorize Kodi</label>
			</control>
			<control type="label">
				<left>0</left>
				<top>820</top>
				<width>1920</width>
				<height>40</height>
				<font>font16</font>
				<align>center</align>
				<textcolor>white</textcolor>
				<label>SideKick</label>
			</control>
			<control type="image">
				<top>120</top>
				<left>812</left>
				<width>300</width>
				<height>300</height>
				<texture>tk.png</texture>
			</control>
			<control type="image">
				<top>510</top>
				<left>812</left>
				<width>300</width>
				<height>300</height>
				<texture>sk.png</texture>
			</control>
			<control type="button" id="8999">
				<left>1230</left>
				<top>20</top>
				<width>100</width>
				<height>100</height>
				<focusedcolor>$VAR[ThemeLabelColor]</focusedcolor>
				<onclick>Dialog.Close(1168)</onclick>
				<texturefocus>close_button_nofocus.png</texturefocus>
				<texturenofocus>close_button_focus.png</texturenofocus>
				<visible>system.getbool(input.enablemouse)</visible>
			</control>
		</control>
	</controls>
</window>