<?xml version="1.0" encoding="UTF-8"?>
<window id="6037" type="dialog">
	<!-- Aeon MQ 7 -->
	<!-- Filme anos -->
	<defaultcontrol>-</defaultcontrol>
	<include>SubMenuCommon</include>
	<controls>
	<control type="group">
	<include condition="Window.IsVisible(6000)">MenuCustom</include>
	<control type="group">
	<!-- default group -->
	<include>Animation_SubMenu</include>
	<include condition="Window.IsVisible(6000)">SubmenuGoTo</include>
	<include condition="Window.IsVisible(Home)">SubMenuDefault</include>
	<control type="panel" id="9000">
	<include condition="Window.IsVisible(6000)">SubmenuCustomList</include>
	<include condition="Window.IsVisible(Home) + !Skin.HasSetting(mainmenuvertical)">SubmenuHList</include>
	<include condition="Window.IsVisible(Home) + Skin.HasSetting(mainmenuvertical)">SubmenuVList</include>
	<content>
	<item>
	<label fallback="31014">$VAR[value_menu3701.label]</label>
	<property name="condition">$INFO[skin.string(menu3701.visible)]</property>
	<property name="name">menu3701</property>
	<property name="id">$INFO[skin.string(menu3701.master)]</property>
	<onclick condition="Window.IsVisible(6000)">SetFocus(5000)</onclick>
	<onclick condition="Window.IsVisible(Home)">Dialog.Close(6037)</onclick>
	<onclick condition="Window.IsVisible(Home)">Skin.SetString(submenu_action,$VAR[value_menu3701.action])</onclick>
	<visible>![String.IsEmpty(skin.string(menu3701.master)) | String.Contains(skin.string(menu3701.visible),off)] | Window.IsVisible(6000)</visible>
	</item>
	<item>
	<label fallback="31014">$VAR[value_menu3702.label]</label>
	<property name="condition">$INFO[skin.string(menu3702.visible)]</property>
	<property name="name">menu3702</property>
	<property name="id">$INFO[skin.string(menu3702.master)]</property>
	<onclick condition="Window.IsVisible(6000)">SetFocus(5000)</onclick>
	<onclick condition="Window.IsVisible(Home)">Dialog.Close(6037)</onclick>
	<onclick condition="Window.IsVisible(Home)">Skin.SetString(submenu_action,$VAR[value_menu3702.action])</onclick>
	<visible>![String.IsEmpty(skin.string(menu3702.master)) | String.Contains(skin.string(menu3702.visible),off)] | Window.IsVisible(6000)</visible>
	</item>
	<item>
	<label fallback="31014">$VAR[value_menu3703.label]</label>
	<property name="condition">$INFO[skin.string(menu3703.visible)]</property>
	<property name="name">menu3703</property>
	<property name="id">$INFO[skin.string(menu3703.master)]</property>
	<onclick condition="Window.IsVisible(6000)">SetFocus(5000)</onclick>
	<onclick condition="Window.IsVisible(Home)">Dialog.Close(6037)</onclick>
	<onclick condition="Window.IsVisible(Home)">Skin.SetString(submenu_action,$VAR[value_menu3703.action])</onclick>
	<visible>![String.IsEmpty(skin.string(menu3703.master)) | String.Contains(skin.string(menu3703.visible),off)] | Window.IsVisible(6000)</visible>
	</item>
	<item>
	<label fallback="31014">$VAR[value_menu3704.label]</label>
	<property name="condition">$INFO[skin.string(menu3704.visible)]</property>
	<property name="name">menu3704</property>
	<property name="id">$INFO[skin.string(menu3704.master)]</property>
	<onclick condition="Window.IsVisible(6000)">SetFocus(5000)</onclick>
	<onclick condition="Window.IsVisible(Home)">Dialog.Close(6037)</onclick>
	<onclick condition="Window.IsVisible(Home)">Skin.SetString(submenu_action,$VAR[value_menu3704.action])</onclick>
	<visible>![String.IsEmpty(skin.string(menu3704.master)) | String.Contains(skin.string(menu3704.visible),off)] | Window.IsVisible(6000)</visible>
	</item>
	<item>
	<label fallback="31014">$VAR[value_menu3705.label]</label>
	<property name="condition">$INFO[skin.string(menu3705.visible)]</property>
	<property name="name">menu3705</property>
	<property name="id">$INFO[skin.string(menu3705.master)]</property>
	<onclick condition="Window.IsVisible(6000)">SetFocus(5000)</onclick>
	<onclick condition="Window.IsVisible(Home)">Dialog.Close(6037)</onclick>
	<onclick condition="Window.IsVisible(Home)">Skin.SetString(submenu_action,$VAR[value_menu3705.action])</onclick>
	<visible>![String.IsEmpty(skin.string(menu3705.master)) | String.Contains(skin.string(menu3705.visible),off)] | Window.IsVisible(6000)</visible>
	</item>
	<item>
	<label fallback="31014">$VAR[value_menu3706.label]</label>
	<property name="condition">$INFO[skin.string(menu3706.visible)]</property>
	<property name="name">menu3706</property>
	<property name="id">$INFO[skin.string(menu3706.master)]</property>
	<onclick condition="Window.IsVisible(6000)">SetFocus(5000)</onclick>
	<onclick condition="Window.IsVisible(Home)">Dialog.Close(6037)</onclick>
	<onclick condition="Window.IsVisible(Home)">Skin.SetString(submenu_action,$VAR[value_menu3706.action])</onclick>
	<visible>![String.IsEmpty(skin.string(menu3706.master)) | String.Contains(skin.string(menu3706.visible),off)] | Window.IsVisible(6000)</visible>
	</item>
	<item>
	<label fallback="31014">$VAR[value_menu3707.label]</label>
	<property name="condition">$INFO[skin.string(menu3707.visible)]</property>
	<property name="name">menu3707</property>
	<property name="id">$INFO[skin.string(menu3707.master)]</property>
	<onclick condition="Window.IsVisible(6000)">SetFocus(5000)</onclick>
	<onclick condition="Window.IsVisible(Home)">Dialog.Close(6037)</onclick>
	<onclick condition="Window.IsVisible(Home)">Skin.SetString(submenu_action,$VAR[value_menu3707.action])</onclick>
	<visible>![String.IsEmpty(skin.string(menu3707.master)) | String.Contains(skin.string(menu3707.visible),off)] | Window.IsVisible(6000)</visible>
	</item>
	<item>
	<label fallback="31014">$VAR[value_menu3708.label]</label>
	<property name="condition">$INFO[skin.string(menu3708.visible)]</property>
	<property name="name">menu3708</property>
	<property name="id">$INFO[skin.string(menu3708.master)]</property>
	<onclick condition="Window.IsVisible(6000)">SetFocus(5000)</onclick>
	<onclick condition="Window.IsVisible(Home)">Dialog.Close(6037)</onclick>
	<onclick condition="Window.IsVisible(Home)">Skin.SetString(submenu_action,$VAR[value_menu3708.action])</onclick>
	<visible>![String.IsEmpty(skin.string(menu3708.master)) | String.Contains(skin.string(menu3708.visible),off)] | Window.IsVisible(6000)</visible>
	</item>
	<item>
	<label fallback="31014">$VAR[value_menu3709.label]</label>
	<property name="condition">$INFO[skin.string(menu3709.visible)]</property>
	<property name="name">menu3709</property>
	<property name="id">$INFO[skin.string(menu3709.master)]</property>
	<onclick condition="Window.IsVisible(6000)">SetFocus(5000)</onclick>
	<onclick condition="Window.IsVisible(Home)">Dialog.Close(6037)</onclick>
	<onclick condition="Window.IsVisible(Home)">Skin.SetString(submenu_action,$VAR[value_menu3709.action])</onclick>
	<visible>![String.IsEmpty(skin.string(menu3709.master)) | String.Contains(skin.string(menu3709.visible),off)] | Window.IsVisible(6000)</visible>
	</item>
	<item>
	<label fallback="31014">$VAR[value_menu3710.label]</label>
	<property name="condition">$INFO[skin.string(menu3710.visible)]</property>
	<property name="name">menu3710</property>
	<property name="id">$INFO[skin.string(menu3710.master)]</property>
	<onclick condition="Window.IsVisible(6000)">SetFocus(5000)</onclick>
	<onclick condition="Window.IsVisible(Home)">Dialog.Close(6037)</onclick>
	<onclick condition="Window.IsVisible(Home)">Skin.SetString(submenu_action,$VAR[value_menu3710.action])</onclick>
	<visible>![String.IsEmpty(skin.string(menu3710.master)) | String.Contains(skin.string(menu3710.visible),off)] | Window.IsVisible(6000)</visible>
	</item>
	</content>
	</control>
	</control>
	</control>
	</controls>
</window>