<?xml version="1.0" encoding="UTF-8"?>
<window id="6514" type="dialog">
	<!-- Aeon MQ 7 -->
	<!-- Addon 14 -->
	<defaultcontrol>-</defaultcontrol>
	<include>SubMenuCommon</include>
	<controls>
	<control type="group">
	<include condition="Window.IsVisible(6000)">MenuCustom</include>
	<control type="group">
	<!-- default group -->
	<include>Animation_SubMenu</include>
	<include condition="Window.IsVisible(6000)">SubmenuGoTo</include>
	<include condition="Window.IsVisible(Home)">SubMenuDefault</include>
	<control type="panel" id="9000">
	<include condition="Window.IsVisible(6000)">SubmenuCustomList</include>
	<include condition="Window.IsVisible(Home) + !Skin.HasSetting(mainmenuvertical)">SubmenuHList</include>
	<include condition="Window.IsVisible(Home) + Skin.HasSetting(mainmenuvertical)">SubmenuVList</include>
	<content>
	<item>
	<label fallback="31014">$VAR[value_menu51401.label]</label>
	<property name="condition">$INFO[skin.string(menu51401.visible)]</property>
	<property name="name">menu51401</property>
	<property name="id">$INFO[skin.string(menu51401.master)]</property>
	<onclick condition="Window.IsVisible(6000)">SetFocus(5000)</onclick>
	<onclick condition="Window.IsVisible(Home)">Dialog.Close(6514)</onclick>
	<onclick condition="Window.IsVisible(Home)">Skin.SetString(submenu_action,$VAR[value_menu51401.action])</onclick>
	<visible>![String.IsEmpty(skin.string(menu51401.master)) | String.Contains(skin.string(menu51401.visible),off)] | Window.IsVisible(6000)</visible>
	</item>
	<item>
	<label fallback="31014">$VAR[value_menu51402.label]</label>
	<property name="condition">$INFO[skin.string(menu51402.visible)]</property>
	<property name="name">menu51402</property>
	<property name="id">$INFO[skin.string(menu51402.master)]</property>
	<onclick condition="Window.IsVisible(6000)">SetFocus(5000)</onclick>
	<onclick condition="Window.IsVisible(Home)">Dialog.Close(6514)</onclick>
	<onclick condition="Window.IsVisible(Home)">Skin.SetString(submenu_action,$VAR[value_menu51402.action])</onclick>
	<visible>![String.IsEmpty(skin.string(menu51402.master)) | String.Contains(skin.string(menu51402.visible),off)] | Window.IsVisible(6000)</visible>
	</item>
	<item>
	<label fallback="31014">$VAR[value_menu51403.label]</label>
	<property name="condition">$INFO[skin.string(menu51403.visible)]</property>
	<property name="name">menu51403</property>
	<property name="id">$INFO[skin.string(menu51403.master)]</property>
	<onclick condition="Window.IsVisible(6000)">SetFocus(5000)</onclick>
	<onclick condition="Window.IsVisible(Home)">Dialog.Close(6514)</onclick>
	<onclick condition="Window.IsVisible(Home)">Skin.SetString(submenu_action,$VAR[value_menu51403.action])</onclick>
	<visible>![String.IsEmpty(skin.string(menu51403.master)) | String.Contains(skin.string(menu51403.visible),off)] | Window.IsVisible(6000)</visible>
	</item>
	<item>
	<label fallback="31014">$VAR[value_menu51404.label]</label>
	<property name="condition">$INFO[skin.string(menu51404.visible)]</property>
	<property name="name">menu51404</property>
	<property name="id">$INFO[skin.string(menu51404.master)]</property>
	<onclick condition="Window.IsVisible(6000)">SetFocus(5000)</onclick>
	<onclick condition="Window.IsVisible(Home)">Dialog.Close(6514)</onclick>
	<onclick condition="Window.IsVisible(Home)">Skin.SetString(submenu_action,$VAR[value_menu51404.action])</onclick>
	<visible>![String.IsEmpty(skin.string(menu51404.master)) | String.Contains(skin.string(menu51404.visible),off)] | Window.IsVisible(6000)</visible>
	</item>
	<item>
	<label fallback="31014">$VAR[value_menu51405.label]</label>
	<property name="condition">$INFO[skin.string(menu51405.visible)]</property>
	<property name="name">menu51405</property>
	<property name="id">$INFO[skin.string(menu51405.master)]</property>
	<onclick condition="Window.IsVisible(6000)">SetFocus(5000)</onclick>
	<onclick condition="Window.IsVisible(Home)">Dialog.Close(6514)</onclick>
	<onclick condition="Window.IsVisible(Home)">Skin.SetString(submenu_action,$VAR[value_menu51405.action])</onclick>
	<visible>![String.IsEmpty(skin.string(menu51405.master)) | String.Contains(skin.string(menu51405.visible),off)] | Window.IsVisible(6000)</visible>
	</item>
	<item>
	<label fallback="31014">$VAR[value_menu51406.label]</label>
	<property name="condition">$INFO[skin.string(menu51406.visible)]</property>
	<property name="name">menu51406</property>
	<property name="id">$INFO[skin.string(menu51406.master)]</property>
	<onclick condition="Window.IsVisible(6000)">SetFocus(5000)</onclick>
	<onclick condition="Window.IsVisible(Home)">Dialog.Close(6514)</onclick>
	<onclick condition="Window.IsVisible(Home)">Skin.SetString(submenu_action,$VAR[value_menu51406.action])</onclick>
	<visible>![String.IsEmpty(skin.string(menu51406.master)) | String.Contains(skin.string(menu51406.visible),off)] | Window.IsVisible(6000)</visible>
	</item>
	<item>
	<label fallback="31014">$VAR[value_menu51407.label]</label>
	<property name="condition">$INFO[skin.string(menu51407.visible)]</property>
	<property name="name">menu51407</property>
	<property name="id">$INFO[skin.string(menu51407.master)]</property>
	<onclick condition="Window.IsVisible(6000)">SetFocus(5000)</onclick>
	<onclick condition="Window.IsVisible(Home)">Dialog.Close(6514)</onclick>
	<onclick condition="Window.IsVisible(Home)">Skin.SetString(submenu_action,$VAR[value_menu51407.action])</onclick>
	<visible>![String.IsEmpty(skin.string(menu51407.master)) | String.Contains(skin.string(menu51407.visible),off)] | Window.IsVisible(6000)</visible>
	</item>
	<item>
	<label fallback="31014">$VAR[value_menu51408.label]</label>
	<property name="condition">$INFO[skin.string(menu51408.visible)]</property>
	<property name="name">menu51408</property>
	<property name="id">$INFO[skin.string(menu51408.master)]</property>
	<onclick condition="Window.IsVisible(6000)">SetFocus(5000)</onclick>
	<onclick condition="Window.IsVisible(Home)">Dialog.Close(6514)</onclick>
	<onclick condition="Window.IsVisible(Home)">Skin.SetString(submenu_action,$VAR[value_menu51408.action])</onclick>
	<visible>![String.IsEmpty(skin.string(menu51408.master)) | String.Contains(skin.string(menu51408.visible),off)] | Window.IsVisible(6000)</visible>
	</item>
	<item>
	<label fallback="31014">$VAR[value_menu51409.label]</label>
	<property name="condition">$INFO[skin.string(menu51409.visible)]</property>
	<property name="name">menu51409</property>
	<property name="id">$INFO[skin.string(menu51409.master)]</property>
	<onclick condition="Window.IsVisible(6000)">SetFocus(5000)</onclick>
	<onclick condition="Window.IsVisible(Home)">Dialog.Close(6514)</onclick>
	<onclick condition="Window.IsVisible(Home)">Skin.SetString(submenu_action,$VAR[value_menu51409.action])</onclick>
	<visible>![String.IsEmpty(skin.string(menu51409.master)) | String.Contains(skin.string(menu51409.visible),off)] | Window.IsVisible(6000)</visible>
	</item>
	<item>
	<label fallback="31014">$VAR[value_menu51410.label]</label>
	<property name="condition">$INFO[skin.string(menu51410.visible)]</property>
	<property name="name">menu51410</property>
	<property name="id">$INFO[skin.string(menu51410.master)]</property>
	<onclick condition="Window.IsVisible(6000)">SetFocus(5000)</onclick>
	<onclick condition="Window.IsVisible(Home)">Dialog.Close(6514)</onclick>
	<onclick condition="Window.IsVisible(Home)">Skin.SetString(submenu_action,$VAR[value_menu51410.action])</onclick>
	<visible>![String.IsEmpty(skin.string(menu51410.master)) | String.Contains(skin.string(menu51410.visible),off)] | Window.IsVisible(6000)</visible>
	</item>
	<item>
	<label fallback="31014">$VAR[value_menu51411.label]</label>
	<property name="condition">$INFO[skin.string(menu51411.visible)]</property>
	<property name="name">menu51411</property>
	<property name="id">$INFO[skin.string(menu51411.master)]</property>
	<onclick condition="Window.IsVisible(6000)">SetFocus(5000)</onclick>
	<onclick condition="Window.IsVisible(Home)">Dialog.Close(6514)</onclick>
	<onclick condition="Window.IsVisible(Home)">Skin.SetString(submenu_action,$VAR[value_menu51411.action])</onclick>
	<visible>![String.IsEmpty(skin.string(menu51411.master)) | String.Contains(skin.string(menu51411.visible),off)] | Window.IsVisible(6000)</visible>
	</item>
	<item>
	<label fallback="31014">$VAR[value_menu51412.label]</label>
	<property name="condition">$INFO[skin.string(menu51412.visible)]</property>
	<property name="name">menu51412</property>
	<property name="id">$INFO[skin.string(menu51412.master)]</property>
	<onclick condition="Window.IsVisible(6000)">SetFocus(5000)</onclick>
	<onclick condition="Window.IsVisible(Home)">Dialog.Close(6514)</onclick>
	<onclick condition="Window.IsVisible(Home)">Skin.SetString(submenu_action,$VAR[value_menu51412.action])</onclick>
	<visible>![String.IsEmpty(skin.string(menu51412.master)) | String.Contains(skin.string(menu51412.visible),off)] | Window.IsVisible(6000)</visible>
	</item>
	<item>
	<label fallback="31014">$VAR[value_menu51413.label]</label>
	<property name="condition">$INFO[skin.string(menu51413.visible)]</property>
	<property name="name">menu51413</property>
	<property name="id">$INFO[skin.string(menu51413.master)]</property>
	<onclick condition="Window.IsVisible(6000)">SetFocus(5000)</onclick>
	<onclick condition="Window.IsVisible(Home)">Dialog.Close(6514)</onclick>
	<onclick condition="Window.IsVisible(Home)">Skin.SetString(submenu_action,$VAR[value_menu51413.action])</onclick>
	<visible>![String.IsEmpty(skin.string(menu51413.master)) | String.Contains(skin.string(menu51413.visible),off)] | Window.IsVisible(6000)</visible>
	</item>
	<item>
	<label fallback="31014">$VAR[value_menu51414.label]</label>
	<property name="condition">$INFO[skin.string(menu51414.visible)]</property>
	<property name="name">menu51414</property>
	<property name="id">$INFO[skin.string(menu51414.master)]</property>
	<onclick condition="Window.IsVisible(6000)">SetFocus(5000)</onclick>
	<onclick condition="Window.IsVisible(Home)">Dialog.Close(6514)</onclick>
	<onclick condition="Window.IsVisible(Home)">Skin.SetString(submenu_action,$VAR[value_menu51414.action])</onclick>
	<visible>![String.IsEmpty(skin.string(menu51414.master)) | String.Contains(skin.string(menu51414.visible),off)] | Window.IsVisible(6000)</visible>
	</item>
	<item>
	<label fallback="31014">$VAR[value_menu51415.label]</label>
	<property name="condition">$INFO[skin.string(menu51415.visible)]</property>
	<property name="name">menu51415</property>
	<property name="id">$INFO[skin.string(menu51415.master)]</property>
	<onclick condition="Window.IsVisible(6000)">SetFocus(5000)</onclick>
	<onclick condition="Window.IsVisible(Home)">Dialog.Close(6514)</onclick>
	<onclick condition="Window.IsVisible(Home)">Skin.SetString(submenu_action,$VAR[value_menu51415.action])</onclick>
	<visible>![String.IsEmpty(skin.string(menu51415.master)) | String.Contains(skin.string(menu51415.visible),off)] | Window.IsVisible(6000)</visible>
	</item>
	</content>
	</control>
	</control>
	</control>
	</controls>
</window>