<?xml version="1.0" encoding="UTF-8"?>
<includes>
	<!-- Aeon MQ 7 -->
	<!--##################################################################################   VISTA SETS - ID 65   ##################################################################################-->
	<include name="SetsLabel">
		<width>423</width>
		<height>20</height>
		<aligny>top</aligny>
		<align>left</align>
		<font>Font_plot</font>
		<textcolor>$INFO[Skin.String(colorheader)]</textcolor>
	</include>
	<include name="SetsValue">
		<width>423</width>
		<height>20</height>
		<aligny>top</aligny>
		<align>left</align>
		<font>Font_plot</font>
		<textcolor>FFFFFAF0</textcolor>
		<scroll>true</scroll>
	</include>
	<include name="ViewSets">
		<!-- default group -->
		<control type="group">
			<animation effect="fade" time="400">VisibleChange</animation>
			<visible>Control.IsVisible(65)</visible>
			<!-- fundo da parte de baixo -->
			<control type="image">	
				<left>0</left>
				<top>210</top>
				<width>1920</width>
				<height>225</height>
				<texture>shadow_mask.png</texture>
				<colordiffuse>F9000000</colordiffuse>
				<animation effect="fade" end="85" condition="true">Conditional</animation>
			</control>
			<!-- fundo da lista -->
			<control type="image">	
				<left>1350</left>
				<top>435</top>
				<width>570</width>
				<height>543</height>
				<texture flipy="true" diffuse="shadow_mask.png">darkgrey.png</texture>
				<colordiffuse>$INFO[Skin.String(colortexture)]</colordiffuse>
				<animation effect="fade" end="85" condition="true">Conditional</animation>
			</control>
			<control type="image">
				<left>0</left>
				<top>392</top>
				<width>1920</width>
				<height>45</height>
				<texture>shadow_h.png</texture>
				<colordiffuse>C3FFFFFF</colordiffuse>
			</control>
			<control type="image">
				<left>0</left>
				<top>435</top>
				<width>1350</width>
				<height>543</height>
				<texture flipy="true" diffuse="shadow_mask.png">darkgrey.png</texture>
				<colordiffuse>$INFO[Skin.String(colortexture)]</colordiffuse>
				<animation effect="fade" end="85" condition="true">Conditional</animation>
			</control>
			<control type="group">
				<visible>!String.IsEqual(ListItem.Label,..)</visible>
				<control type="label">
					<include>SetsLabel</include>
					<left>45</left>
					<top>464</top>
					<label>$VAR[value_ground6_label]</label>
					<visible>!Control.HasFocus(5801)</visible>
				</control>
				<control type="label">
					<include>SetsLabel</include>
					<left>45</left>
					<top>464</top>
					<label>345</label>
					<visible>Control.HasFocus(5801)</visible>
				</control>
				<control type="label">
					<include>SetsValue</include>
					<left>45</left>
					<top>494</top>
					<label>$VAR[value_ground6_value]</label>
					<visible>!Control.HasFocus(5801)</visible>
				</control>
				<control type="label">
					<include>SetsValue</include>
					<left>45</left>
					<top>494</top>
					<label>$INFO[Container(5801).ListItem.Property(Year)]</label>
					<visible>Control.HasFocus(5801)</visible>
				</control>
				<control type="label">
					<include>SetsLabel</include>
					<left>45</left>
					<top>538</top>
					<label>$LOCALIZE[21875]</label>
				</control>
				<control type="label">
					<include>SetsValue</include>
					<left>45</left>
					<top>568</top>
					<label>$INFO[ListItem.Country]$INFO[Window(0).Property(SkinHelper.ListItem.Country)]</label>
				</control>
				<control type="label">
					<include>SetsLabel</include>
					<left>528</left>
					<top>464</top>
					<label>$LOCALIZE[515]</label>
				</control>
				<control type="label">
					<include>SetsValue</include>
					<left>528</left>
					<top>494</top>
					<label>$INFO[ListItem.Genre]$INFO[Window(0).Property(SkinHelper.ListItem.Genre)]</label>
				</control>
				<control type="label">
					<include>SetsLabel</include>
					<left>528</left>
					<top>538</top>
					<label>$LOCALIZE[20388]</label>
				</control>
				<control type="label">
					<include>SetsValue</include>
					<left>528</left>
					<top>568</top>
					<label>$INFO[ListItem.studio]$INFO[Window(0).Property(SkinHelper.ListItem.Studio)]</label>
				</control>
			</control>
			<control type="image">
				<left>498</left>
				<top>436</top>
				<width>3</width>
				<height>188</height>
				<texture>separator_v.png</texture>
			</control>
			<control type="image">
				<left>0</left>
				<top>622</top>
				<width>1000</width>
				<height>3</height>
				<texture>separator.png</texture>
			</control>
			<!-- Plot -->
			<control type="textbox">
				<left>45</left>
				<top>652</top>
				<width>909</width>
				<height>294</height>
				<align>justify</align>
				<font>Font_plot</font>
				<label>$VAR[value_plotmoviesets]</label>
				<textcolor>FFFFFAF0</textcolor>
				<autoscroll delay="8000" time="2000" repeat="8000">!Skin.HasSetting(noinfoplotscroll)</autoscroll>
				<visible>!Skin.HasSetting(original_size_videoinfo)</visible>
			</control>
			<control type="textbox">
				<left>45</left>
				<top>652</top>
				<width>909</width>
				<height>294</height>
				<align>justify</align>
				<font>Font_plot_big</font>
				<label>$VAR[value_plotmoviesets]</label>
				<textcolor>FFFFFAF0</textcolor>
				<autoscroll delay="8000" time="2000" repeat="8000">!Skin.HasSetting(noinfoplotscroll)</autoscroll>
				<visible>Skin.HasSetting(original_size_videoinfo)</visible>
			</control>

			<!-- Fanart -->
			<control type="image">	
				<left>1020</left>
				<top>452</top>
				<height>510</height>
				<width>844</width>
				<fadetime>FanartCrossFadeTime</fadetime>
				<aspectratio align="left">keep</aspectratio>
				<texture fallback="DefaultExtraThumbs.png" background="true">$VAR[value_thumbmoviesets]</texture>
				<bordertexture border="-2">black.png</bordertexture>
				<animation effect="fade" start="0" end="100" time="350" tween="sine" easing="out" condition="true">Visible</animation>
				<visible>Control.HasFocus(5801)</visible>
			</control>
			<control type="group">
				<animation effect="slide" start="0,0" end="1050,0" time="250" tween="sine" easing="out" condition="Control.HasFocus(5801)">Conditional</animation>
				<!-- VIDEO SEM ESTOJO -->
				<control type="group">	
					<left>1005</left>
					<top>440</top>
					<include>Animation_Fade</include>
					<visible>Skin.HasSetting(nosetsvideocase)</visible>
					<!-- Filmes/Fotos/Arquivos -->
					<control type="image">	
						<left>0</left>
						<top>0</top>
						<width>345</width>
						<height>536</height>
						<fadetime>FanartCrossFadeTime</fadetime>
						<aspectratio align="right" aligny="bottom">stretch</aspectratio>
						<texture fallback="DefaultVideoPoster.png" background="true">$VAR[value_poster]</texture>
						<bordertexture border="-2">black.png</bordertexture>
					</control>
				</control>
				<!-- FILMES ESTOJO -->
				<control type="group">	
					<left>1028</left>
					<top>428</top>
					<include>Animation_Fade</include>
					<animation effect="slide" start="0,0" end="-12,0" time="250" tween="cubic" easing="out" condition="Control.HasFocus(80)">Conditional</animation>
					<visible>!Skin.HasSetting(nosetsvideocase)</visible>
					<!-- Poster -->
					<control type="image">	
						<left>-4</left>
						<top>74</top>
						<width>303</width>
						<height>446</height>	
						<aspectratio align="right" aligny="bottom">stretch</aspectratio>
						<texture fallback="DefaultVideoPoster.png" background="true">$VAR[value_poster]</texture>
						<fadetime>FanartCrossFadeTime</fadetime>
					</control>
					<!-- Estojo -->
					<control type="image">	
						<left>-33</left>
						<top>0</top>
						<width>375</width>
						<height>566</height>
						<aspectratio align="center" aligny="bottom">stretch</aspectratio>
						<texture colordiffuse="$VAR[value_videocase0]">$VAR[value_stylevideocase]</texture>	
						<fadetime>FanartCrossFadeTime</fadetime>
					</control>
					<!-- Codec -->
					<control type="image">	
						<left>104</left>
						<top>6</top>
						<width>90</width>
						<height>90</height>
						<aspectratio align="center" aligny="center">keep</aspectratio>	
						<texture colordiffuse="$INFO[Skin.String(colorcodeccase)]">$VAR[value_videocodec0]</texture>
						<fadetime>FanartCrossFadeTime</fadetime>
					</control>
				</control>
				<control type="list" id="65">
					<viewtype label="31820">list</viewtype>
					<left>1350</left>
					<top>436</top>
					<width>570</width>
					<height>540</height>
					<onleft>80</onleft>
					<onright>5801</onright>
					<orientation>vertical</orientation>
					<pagecontrol>80</pagecontrol>
					<scrolltime>400</scrolltime>
					<preloaditems>2</preloaditems>
					<visible>Container.Content(movies) | Container.Content(sets)</visible>
					<itemlayout height="60">
						<control type="image">
							<left>0</left>
							<top>0</top>
							<width>570</width>
							<height>1</height>
							<texture>line.png</texture>
						</control>
						<control type="label">
							<left>30</left>
							<top>0</top>
							<height>60</height>
							<width>510</width>
							<aligny>center</aligny>
							<font>Font_list</font>
							<include>listcolor</include>
							<label>$VAR[value_videotitle]</label>
							<scroll>false</scroll>
						</control>
					</itemlayout>
					<focusedlayout height="60">
						<control type="image">
							<left>0</left>
							<top>0</top>
							<width>570</width>
							<height>60</height>
							<texture>grey.png</texture>
							<animation effect="fade" start="100" end="30" time="0" condition="!Control.Hasfocus(65)">conditional</animation>
						</control>
						<control type="image">
							<left>540</left>
							<top>0</top>
							<width>30</width>
							<height>60</height>
							<texture>arrow_settings.png</texture>
							<colordiffuse>E4101010</colordiffuse>
							<include>Animation_Fade</include>
							<animation effect="fade" start="20" end="80" time="700" condition="true" pulse="true">Conditional</animation>
							<visible>String.StartsWith(ListItem.Path,videodb://movies/sets)</visible>
						</control>
						<control type="label">
							<left>30</left>
							<top>0</top>
							<height>60</height>
							<width>495</width>
							<aligny>center</aligny>
							<font>Font_list</font>
							<include>listcolorfocus</include>
							<label>$VAR[value_videotitle]</label>	
						</control>
					</focusedlayout>
				</control>
				<control type="image">
					<left>1350</left>
					<top>435</top>
					<width>45</width>
					<height>543</height>
					<texture>shadow.png</texture>
					<colordiffuse>C3FFFFFF</colordiffuse>
				</control>
				<control type="image">
					<left>1350</left>
					<top>436</top>
					<width>3</width>
					<height>540</height>
					<texture>separator_v.png</texture>
				</control>
			</control>
			<control type="image">
				<left>1000</left>
				<top>436</top>
				<width>3</width>
				<height>540</height>
				<texture>separator_v.png</texture>
			</control>
			<control type="scrollbar" id="80">
				<include>ScrollBar_Vertical</include>
				<left>1312</left>
				<top>440</top>
				<height>540</height>
				<onleft>9900</onleft>
				<onright>65</onright>
				<include>Animation_Fade</include>
				<visible allowhiddenfocus="true">Control.IsVisible(65) + Control.HasFocus(80)</visible>
			</control>
			<!-- Movies in Set -->
			<control type="list" id="5801">
				<viewtype>list</viewtype>
				<left>45</left>
				<top>112</top>
				<width>1845</width>
				<height>555</height>
				<onup>Skin.Reset(coverzoom)</onup>
				<onup>SetFocus(160)</onup>
				<onup>Skin.SetBool(moviezoom)</onup>
				<ondown>65</ondown>
				<orientation>horizontal</orientation>
				<scrolltime>350</scrolltime>
				<focusposition>3</focusposition>
				<preloaditems>2</preloaditems>
				<itemlayout condition="Skin.HasSetting(nosetsdiscart)" height="330" width="273">
					<!-- Sem disco -->
					<control type="image">
						<left>0</left>
						<top>279</top>
						<width>188</width>
						<height>270</height>
						<aspectratio align="center" aligny="top">keep</aspectratio>
						<texture flipy="true" diffuse="thumb_reflect.png" background="true">$INFO[ListItem.Icon]</texture>
						<bordertexture flipy="true" diffuse="thumb_reflect.png" border="-2">black.png</bordertexture>
					</control>
					<control type="image">
						<left>0</left>
						<top>8</top>
						<width>188</width>
						<height>270</height>
						<aspectratio align="center" aligny="bottom">keep</aspectratio>
						<texture fallback="DefaultVideoPoster.png" background="true">$INFO[ListItem.Icon]</texture>
						<bordertexture border="-2">black.png</bordertexture>
					</control>
				</itemlayout>
				<itemlayout condition="!Skin.HasSetting(nosetsdiscart)" height="330" width="312">
					<!-- Com disco -->
					<control type="image">
						<left>86</left>
						<top>15</top>
						<width>195</width>
						<height>195</height>
						<texture diffuse="cdart_diffuse.png" background="true">$INFO[ListItem.Property(Disc)]</texture>
						<fadetime>FanartCrossFadeTime</fadetime>
						<aspectratio align="center" aligny="center">keep</aspectratio>
						<animation effect="rotate" start="0" end="-360" center="auto" time="40000" delay="5000" loop="true" reversible="false" condition="!Player.HasVideo">Conditional</animation>
						<include>Animation_ViewsCDart</include>
						<visible>!String.IsEmpty(ListItem.Property(Disc))</visible>
					</control>
					<control type="image">
						<left>0</left>
						<top>279</top>
						<width>188</width>
						<height>270</height>
						<aspectratio align="center" aligny="top">keep</aspectratio>
						<texture flipy="true" diffuse="thumb_reflect.png" fallback="DefaultVideoPoster.png" background="true">$INFO[ListItem.Icon]</texture>
						<bordertexture flipy="true" diffuse="thumb_reflect.png" border="-2">black.png</bordertexture>
					</control>
					<control type="image">
						<left>0</left>
						<top>8</top>
						<width>188</width>
						<height>270</height>
						<aspectratio align="center" aligny="bottom">keep</aspectratio>
						<texture fallback="DefaultVideoPoster.png" background="true">$INFO[ListItem.Icon]</texture>
						<bordertexture border="-2">black.png</bordertexture>
					</control>
				</itemlayout>
				<focusedlayout condition="Skin.HasSetting(nosetsdiscart)" height="330" width="273">
					<!-- Sem disco -->
					<control type="image">
						<left>0</left>
						<top>280</top>
						<width>188</width>
						<height>270</height>
						<aspectratio align="center" aligny="top">keep</aspectratio>
						<texture flipy="true" diffuse="thumb_reflect.png" background="true">$INFO[ListItem.Icon]</texture>
						<bordertexture flipy="true" diffuse="thumb_reflect.png" border="-2">grey.png</bordertexture>
						<animation effect="zoom" start="100" end="115" center="188,270" time="400" easing="out" reversible="false" tween="cubic">Focus</animation>
					</control>
					<control type="image">
						<left>0</left>
						<top>3</top>
						<width>188</width>
						<height>270</height>
						<aspectratio align="center" aligny="bottom">keep</aspectratio>
						<texture fallback="DefaultVideoPoster.png" background="true">$INFO[ListItem.Icon]</texture>
						<bordertexture border="-2">grey.png</bordertexture>
						<animation effect="zoom" start="100" end="115" center="188,270" time="400" easing="out" reversible="false" tween="cubic">Focus</animation>
					</control>
				</focusedlayout>
				<focusedlayout condition="!Skin.HasSetting(nosetsdiscart)" height="330" width="312">
					<!-- Com disco -->
					<control type="group">
						<animation effect="zoom" start="100" end="115" center="188,270" time="400" easing="out" reversible="false" tween="cubic">Focus</animation>
						<control type="image">
							<left>86</left>
							<top>15</top>
							<width>195</width>
							<height>195</height>
							<texture diffuse="cdart_diffuse.png" background="true">$INFO[ListItem.Property(Disc)]</texture>
							<fadetime>FanartCrossFadeTime</fadetime>
							<aspectratio align="center" aligny="center">keep</aspectratio>
							<animation effect="rotate" start="0" end="-360" center="auto" time="40000" delay="5000" loop="true" reversible="false" condition="!Player.HasVideo">Conditional</animation>
							<include>Animation_ViewsCDart</include>
							<visible>!String.IsEmpty(ListItem.Property(Disc))</visible>
						</control>
						<control type="image">
							<left>0</left>
							<top>280</top>
							<width>188</width>
							<height>270</height>
							<aspectratio align="center" aligny="top">keep</aspectratio>
							<texture flipy="true" diffuse="thumb_reflect.png" fallback="DefaultVideoPoster.png" background="true">$INFO[ListItem.Icon]</texture>
							<bordertexture flipy="true" diffuse="thumb_reflect.png" border="-2">black.png</bordertexture>
						</control>
						<control type="image">
							<left>0</left>
							<top>3</top>
							<width>188</width>
							<height>270</height>
							<aspectratio align="center" aligny="bottom">keep</aspectratio>
							<texture fallback="DefaultVideoPoster.png" background="true">$INFO[ListItem.Icon]</texture>
							<bordertexture border="-2">grey.png</bordertexture>
						</control>
					</control>
				</focusedlayout>
				<content>
					<item>
						<label>$INFO[Window(0).Property(SkinHelper.ListItem.0.Title)]</label>
						<icon>$INFO[Window(0).Property(SkinHelper.ListItem.0.Poster)]</icon>
						<property name="Disc">$INFO[Window(0).Property(SkinHelper.ListItem.0.DiscArt)]</property>
						<property name="Fanart">$INFO[Window(0).Property(SkinHelper.ListItem.0.FanArt)]</property>
						<property name="Plot">$INFO[Window(0).Property(SkinHelper.ListItem.0.Plot)]</property>
						<property name="Year">$INFO[Window(0).Property(SkinHelper.ListItem.0.Year)]</property>
						<property name="Duration">$INFO[Window(0).Property(SkinHelper.ListItem.0.Duration)]</property>
						<onclick>RunScript(service.skin.widgets,movieid=$INFO[Window(0).Property(SkinHelper.ListItem.0.DBID)])</onclick>
						<visible>!String.IsEmpty(Window(0).Property(SkinHelper.ListItem.0.Poster))</visible>
					</item>
					<item>
						<label>$INFO[Window(0).Property(SkinHelper.ListItem.1.Title)]</label>
						<icon>$INFO[Window(0).Property(SkinHelper.ListItem.1.Poster)]</icon>
						<property name="Disc">$INFO[Window(0).Property(SkinHelper.ListItem.1.DiscArt)]</property>
						<property name="Fanart">$INFO[Window(0).Property(SkinHelper.ListItem.1.FanArt)]</property>
						<property name="Plot">$INFO[Window(0).Property(SkinHelper.ListItem.1.Plot)]</property>
						<property name="Year">$INFO[Window(0).Property(SkinHelper.ListItem.1.Year)]</property>
						<property name="Duration">$INFO[Window(0).Property(SkinHelper.ListItem.1.Duration)]</property>
						<onclick>RunScript(service.skin.widgets,movieid=$INFO[Window(0).Property(SkinHelper.ListItem.1.DBID)])</onclick>
						<visible>!String.IsEmpty(Window(0).Property(SkinHelper.ListItem.1.Poster))</visible>
					</item>
					<item>
						<label>$INFO[Window(0).Property(SkinHelper.ListItem.2.Title)]</label>
						<icon>$INFO[Window(0).Property(SkinHelper.ListItem.2.Poster)]</icon>
						<property name="Disc">$INFO[Window(0).Property(SkinHelper.ListItem.2.DiscArt)]</property>
						<property name="Fanart">$INFO[Window(0).Property(SkinHelper.ListItem.2.FanArt)]</property>
						<property name="Plot">$INFO[Window(0).Property(SkinHelper.ListItem.2.Plot)]</property>
						<property name="Year">$INFO[Window(0).Property(SkinHelper.ListItem.2.Year)]</property>
						<property name="Duration">$INFO[Window(0).Property(SkinHelper.ListItem.2.Duration)]</property>
						<onclick>RunScript(service.skin.widgets,movieid=$INFO[Window(0).Property(SkinHelper.ListItem.2.DBID)])</onclick>
						<visible>!String.IsEmpty(Window(0).Property(SkinHelper.ListItem.2.Poster))</visible>
					</item>
					<item>
						<label>$INFO[Window(0).Property(SkinHelper.ListItem.3.Title)]</label>
						<icon>$INFO[Window(0).Property(SkinHelper.ListItem.3.Poster)]</icon>
						<property name="Disc">$INFO[Window(0).Property(SkinHelper.ListItem.3.DiscArt)]</property>
						<property name="Fanart">$INFO[Window(0).Property(SkinHelper.ListItem.3.FanArt)]</property>
						<property name="Plot">$INFO[Window(0).Property(SkinHelper.ListItem.3.Plot)]</property>
						<property name="Year">$INFO[Window(0).Property(SkinHelper.ListItem.3.Year)]</property>
						<property name="Duration">$INFO[Window(0).Property(SkinHelper.ListItem.3.Duration)]</property>
						<onclick>RunScript(service.skin.widgets,movieid=$INFO[Window(0).Property(SkinHelper.ListItem.3.DBID)])</onclick>
						<visible>!String.IsEmpty(Window(0).Property(SkinHelper.ListItem.3.Poster))</visible>
					</item>
					<item>
						<label>$INFO[Window(0).Property(SkinHelper.ListItem.4.Title)]</label>
						<icon>$INFO[Window(0).Property(SkinHelper.ListItem.4.Poster)]</icon>
						<property name="Disc">$INFO[Window(0).Property(SkinHelper.ListItem.4.DiscArt)]</property>
						<property name="Fanart">$INFO[Window(0).Property(SkinHelper.ListItem.4.FanArt)]</property>
						<property name="Plot">$INFO[Window(0).Property(SkinHelper.ListItem.4.Plot)]</property>
						<property name="Year">$INFO[Window(0).Property(SkinHelper.ListItem.4.Year)]</property>
						<property name="Duration">$INFO[Window(0).Property(SkinHelper.ListItem.4.Duration)]</property>
						<onclick>RunScript(service.skin.widgets,movieid=$INFO[Window(0).Property(SkinHelper.ListItem.4.DBID)])</onclick>
						<visible>!String.IsEmpty(Window(0).Property(SkinHelper.ListItem.4.Poster))</visible>
					</item>
					<item>
						<label>$INFO[Window(0).Property(SkinHelper.ListItem.5.Title)]</label>
						<icon>$INFO[Window(0).Property(SkinHelper.ListItem.5.Poster)]</icon>
						<property name="Disc">$INFO[Window(0).Property(SkinHelper.ListItem.5.DiscArt)]</property>
						<property name="Fanart">$INFO[Window(0).Property(SkinHelper.ListItem.5.FanArt)]</property>
						<property name="Plot">$INFO[Window(0).Property(SkinHelper.ListItem.5.Plot)]</property>
						<property name="Year">$INFO[Window(0).Property(SkinHelper.ListItem.5.Year)]</property>
						<property name="Duration">$INFO[Window(0).Property(SkinHelper.ListItem.5.Duration)]</property>
						<onclick>RunScript(service.skin.widgets,movieid=$INFO[Window(0).Property(SkinHelper.ListItem.5.DBID)])</onclick>
						<visible>!String.IsEmpty(Window(0).Property(SkinHelper.ListItem.5.Poster))</visible>
					</item>
					<item>
						<label>$INFO[Window(0).Property(SkinHelper.ListItem.6.Title)]</label>
						<icon>$INFO[Window(0).Property(SkinHelper.ListItem.6.Poster)]</icon>
						<property name="Disc">$INFO[Window(0).Property(SkinHelper.ListItem.6.DiscArt)]</property>
						<property name="Fanart">$INFO[Window(0).Property(SkinHelper.ListItem.6.FanArt)]</property>
						<property name="Plot">$INFO[Window(0).Property(SkinHelper.ListItem.6.Plot)]</property>
						<property name="Year">$INFO[Window(0).Property(SkinHelper.ListItem.6.Year)]</property>
						<property name="Duration">$INFO[Window(0).Property(SkinHelper.ListItem.6.Duration)]</property>
						<onclick>RunScript(service.skin.widgets,movieid=$INFO[Window(0).Property(SkinHelper.ListItem.6.DBID)])</onclick>
						<visible>!String.IsEmpty(Window(0).Property(SkinHelper.ListItem.6.Poster))</visible>
					</item>
					<item>
						<label>$INFO[Window(0).Property(SkinHelper.ListItem.7.Title)]</label>
						<icon>$INFO[Window(0).Property(SkinHelper.ListItem.7.Poster)]</icon>
						<property name="Disc">$INFO[Window(0).Property(SkinHelper.ListItem.7.DiscArt)]</property>
						<property name="Fanart">$INFO[Window(0).Property(SkinHelper.ListItem.7.FanArt)]</property>
						<property name="Plot">$INFO[Window(0).Property(SkinHelper.ListItem.7.Plot)]</property>
						<property name="Year">$INFO[Window(0).Property(SkinHelper.ListItem.7.Year)]</property>
						<property name="Duration">$INFO[Window(0).Property(SkinHelper.ListItem.7.Duration)]</property>
						<onclick>RunScript(service.skin.widgets,movieid=$INFO[Window(0).Property(SkinHelper.ListItem.7.DBID)])</onclick>
						<visible>!String.IsEmpty(Window(0).Property(SkinHelper.ListItem.7.Poster))</visible>
					</item>
					<item>
						<label>$INFO[Window(0).Property(SkinHelper.ListItem.8.Title)]</label>
						<icon>$INFO[Window(0).Property(SkinHelper.ListItem.8.Poster)]</icon>
						<property name="Disc">$INFO[Window(0).Property(SkinHelper.ListItem.8.DiscArt)]</property>
						<property name="Fanart">$INFO[Window(0).Property(SkinHelper.ListItem.8.FanArt)]</property>
						<property name="Plot">$INFO[Window(0).Property(SkinHelper.ListItem.8.Plot)]</property>
						<property name="Year">$INFO[Window(0).Property(SkinHelper.ListItem.8.Year)]</property>
						<property name="Duration">$INFO[Window(0).Property(SkinHelper.ListItem.8.Duration)]</property>
						<onclick>RunScript(service.skin.widgets,movieid=$INFO[Window(0).Property(SkinHelper.ListItem.8.DBID)])</onclick>
						<visible>!String.IsEmpty(Window(0).Property(SkinHelper.ListItem.8.Poster))</visible>
					</item>
					<item>
						<label>$INFO[Window(0).Property(SkinHelper.ListItem.9.Title)]</label>
						<icon>$INFO[Window(0).Property(SkinHelper.ListItem.9.Poster)]</icon>
						<property name="Disc">$INFO[Window(0).Property(SkinHelper.ListItem.9.DiscArt)]</property>
						<property name="Fanart">$INFO[Window(0).Property(SkinHelper.ListItem.9.FanArt)]</property>
						<property name="Plot">$INFO[Window(0).Property(SkinHelper.ListItem.9.Plot)]</property>
						<property name="Year">$INFO[Window(0).Property(SkinHelper.ListItem.9.Year)]</property>
						<property name="Duration">$INFO[Window(0).Property(SkinHelper.ListItem.9.Duration)]</property>
						<onclick>RunScript(service.skin.widgets,movieid=$INFO[Window(0).Property(SkinHelper.ListItem.9.DBID)])</onclick>
						<visible>!String.IsEmpty(Window(0).Property(SkinHelper.ListItem.9.Poster))</visible>
					</item>
					<item>
						<label>$INFO[Window(0).Property(SkinHelper.ListItem.10.Title)]</label>
						<icon>$INFO[Window(0).Property(SkinHelper.ListItem.10.Poster)]</icon>
						<property name="Disc">$INFO[Window(0).Property(SkinHelper.ListItem.10.DiscArt)]</property>
						<property name="Fanart">$INFO[Window(0).Property(SkinHelper.ListItem.10.FanArt)]</property>
						<property name="Plot">$INFO[Window(0).Property(SkinHelper.ListItem.10.Plot)]</property>
						<property name="Year">$INFO[Window(0).Property(SkinHelper.ListItem.10.Year)]</property>
						<property name="Duration">$INFO[Window(0).Property(SkinHelper.ListItem.10.Duration)]</property>
						<onclick>RunScript(service.skin.widgets,movieid=$INFO[Window(0).Property(SkinHelper.ListItem.10.DBID)])</onclick>
						<visible>!String.IsEmpty(Window(0).Property(SkinHelper.ListItem.10.Poster))</visible>
					</item>
					<item>
						<label>$INFO[Window(0).Property(SkinHelper.ListItem.11.Title)]</label>
						<icon>$INFO[Window(0).Property(SkinHelper.ListItem.11.Poster)]</icon>
						<property name="Disc">$INFO[Window(0).Property(SkinHelper.ListItem.11.DiscArt)]</property>
						<property name="Fanart">$INFO[Window(0).Property(SkinHelper.ListItem.11.FanArt)]</property>
						<property name="Plot">$INFO[Window(0).Property(SkinHelper.ListItem.11.Plot)]</property>
						<property name="Year">$INFO[Window(0).Property(SkinHelper.ListItem.11.Year)]</property>
						<property name="Duration">$INFO[Window(0).Property(SkinHelper.ListItem.11.Duration)]</property>
						<onclick>RunScript(service.skin.widgets,movieid=$INFO[Window(0).Property(SkinHelper.ListItem.11.DBID)])</onclick>
						<visible>!String.IsEmpty(Window(0).Property(SkinHelper.ListItem.11.Poster))</visible>
					</item>
					<item>
						<label>$INFO[Window(0).Property(SkinHelper.ListItem.12.Title)]</label>
						<icon>$INFO[Window(0).Property(SkinHelper.ListItem.12.Poster)]</icon>
						<property name="Disc">$INFO[Window(0).Property(SkinHelper.ListItem.12.DiscArt)]</property>
						<property name="Fanart">$INFO[Window(0).Property(SkinHelper.ListItem.12.FanArt)]</property>
						<property name="Plot">$INFO[Window(0).Property(SkinHelper.ListItem.12.Plot)]</property>
						<property name="Year">$INFO[Window(0).Property(SkinHelper.ListItem.12.Year)]</property>
						<property name="Duration">$INFO[Window(0).Property(SkinHelper.ListItem.12.Duration)]</property>
						<onclick>RunScript(service.skin.widgets,movieid=$INFO[Window(0).Property(SkinHelper.ListItem.12.DBID)])</onclick>
						<visible>!String.IsEmpty(Window(0).Property(SkinHelper.ListItem.12.Poster))</visible>
					</item>
					<item>
						<label>$INFO[Window(0).Property(SkinHelper.ListItem.13.Title)]</label>
						<icon>$INFO[Window(0).Property(SkinHelper.ListItem.13.Poster)]</icon>
						<property name="Disc">$INFO[Window(0).Property(SkinHelper.ListItem.13.DiscArt)]</property>
						<property name="Fanart">$INFO[Window(0).Property(SkinHelper.ListItem.13.FanArt)]</property>
						<property name="Plot">$INFO[Window(0).Property(SkinHelper.ListItem.13.Plot)]</property>
						<property name="Year">$INFO[Window(0).Property(SkinHelper.ListItem.13.Year)]</property>
						<property name="Duration">$INFO[Window(0).Property(SkinHelper.ListItem.13.Duration)]</property>
						<onclick>RunScript(service.skin.widgets,movieid=$INFO[Window(0).Property(SkinHelper.ListItem.13.DBID)])</onclick>
						<visible>!String.IsEmpty(Window(0).Property(SkinHelper.ListItem.13.Poster))</visible>
					</item>
					<item>
						<label>$INFO[Window(0).Property(SkinHelper.ListItem.14.Title)]</label>
						<icon>$INFO[Window(0).Property(SkinHelper.ListItem.14.Poster)]</icon>
						<property name="Disc">$INFO[Window(0).Property(SkinHelper.ListItem.14.DiscArt)]</property>
						<property name="Fanart">$INFO[Window(0).Property(SkinHelper.ListItem.14.FanArt)]</property>
						<property name="Plot">$INFO[Window(0).Property(SkinHelper.ListItem.14.Plot)]</property>
						<property name="Year">$INFO[Window(0).Property(SkinHelper.ListItem.14.Year)]</property>
						<property name="Duration">$INFO[Window(0).Property(SkinHelper.ListItem.14.Duration)]</property>
						<onclick>RunScript(service.skin.widgets,movieid=$INFO[Window(0).Property(SkinHelper.ListItem.14.DBID)])</onclick>
						<visible>!String.IsEmpty(Window(0).Property(SkinHelper.ListItem.14.Poster))</visible>
					</item>
					<item>
						<label>$INFO[Window(0).Property(SkinHelper.ListItem.15.Title)]</label>
						<icon>$INFO[Window(0).Property(SkinHelper.ListItem.15.Poster)]</icon>
						<property name="Disc">$INFO[Window(0).Property(SkinHelper.ListItem.15.DiscArt)]</property>
						<property name="Fanart">$INFO[Window(0).Property(SkinHelper.ListItem.15.FanArt)]</property>
						<property name="Plot">$INFO[Window(0).Property(SkinHelper.ListItem.15.Plot)]</property>
						<property name="Year">$INFO[Window(0).Property(SkinHelper.ListItem.15.Year)]</property>
						<property name="Duration">$INFO[Window(0).Property(SkinHelper.ListItem.15.Duration)]</property>
						<onclick>RunScript(service.skin.widgets,movieid=$INFO[Window(0).Property(SkinHelper.ListItem.15.DBID)])</onclick>
						<visible>!String.IsEmpty(Window(0).Property(SkinHelper.ListItem.15.Poster))</visible>
					</item>
					<item>
						<label>$INFO[Window(0).Property(SkinHelper.ListItem.16.Title)]</label>
						<icon>$INFO[Window(0).Property(SkinHelper.ListItem.16.Poster)]</icon>
						<property name="Disc">$INFO[Window(0).Property(SkinHelper.ListItem.16.DiscArt)]</property>
						<property name="Fanart">$INFO[Window(0).Property(SkinHelper.ListItem.16.FanArt)]</property>
						<property name="Plot">$INFO[Window(0).Property(SkinHelper.ListItem.16.Plot)]</property>
						<property name="Year">$INFO[Window(0).Property(SkinHelper.ListItem.16.Year)]</property>
						<property name="Duration">$INFO[Window(0).Property(SkinHelper.ListItem.16.Duration)]</property>
						<onclick>RunScript(service.skin.widgets,movieid=$INFO[Window(0).Property(SkinHelper.ListItem.16.DBID)])</onclick>
						<visible>!String.IsEmpty(Window(0).Property(SkinHelper.ListItem.16.Poster))</visible>
					</item>
					<item>
						<label>$INFO[Window(0).Property(SkinHelper.ListItem.17.Title)]</label>
						<icon>$INFO[Window(0).Property(SkinHelper.ListItem.17.Poster)]</icon>
						<property name="Disc">$INFO[Window(0).Property(SkinHelper.ListItem.17.DiscArt)]</property>
						<property name="Fanart">$INFO[Window(0).Property(SkinHelper.ListItem.17.FanArt)]</property>
						<property name="Plot">$INFO[Window(0).Property(SkinHelper.ListItem.17.Plot)]</property>
						<property name="Year">$INFO[Window(0).Property(SkinHelper.ListItem.17.Year)]</property>
						<property name="Duration">$INFO[Window(0).Property(SkinHelper.ListItem.17.Duration)]</property>
						<onclick>RunScript(service.skin.widgets,movieid=$INFO[Window(0).Property(SkinHelper.ListItem.17.DBID)])</onclick>
						<visible>!String.IsEmpty(Window(0).Property(SkinHelper.ListItem.17.Poster))</visible>
					</item>
					<item>
						<label>$INFO[Window(0).Property(SkinHelper.ListItem.18.Title)]</label>
						<icon>$INFO[Window(0).Property(SkinHelper.ListItem.18.Poster)]</icon>
						<property name="Disc">$INFO[Window(0).Property(SkinHelper.ListItem.18.DiscArt)]</property>
						<property name="Fanart">$INFO[Window(0).Property(SkinHelper.ListItem.18.FanArt)]</property>
						<property name="Plot">$INFO[Window(0).Property(SkinHelper.ListItem.18.Plot)]</property>
						<property name="Year">$INFO[Window(0).Property(SkinHelper.ListItem.18.Year)]</property>
						<property name="Duration">$INFO[Window(0).Property(SkinHelper.ListItem.18.Duration)]</property>
						<onclick>RunScript(service.skin.widgets,movieid=$INFO[Window(0).Property(SkinHelper.ListItem.18.DBID)])</onclick>
						<visible>!String.IsEmpty(Window(0).Property(SkinHelper.ListItem.18.Poster))</visible>
					</item>
					<item>
						<label>$INFO[Window(0).Property(SkinHelper.ListItem.19.Title)]</label>
						<icon>$INFO[Window(0).Property(SkinHelper.ListItem.19.Poster)]</icon>
						<property name="Disc">$INFO[Window(0).Property(SkinHelper.ListItem.19.DiscArt)]</property>
						<property name="Fanart">$INFO[Window(0).Property(SkinHelper.ListItem.19.FanArt)]</property>
						<property name="Plot">$INFO[Window(0).Property(SkinHelper.ListItem.19.Plot)]</property>
						<property name="Year">$INFO[Window(0).Property(SkinHelper.ListItem.19.Year)]</property>
						<property name="Duration">$INFO[Window(0).Property(SkinHelper.ListItem.19.Duration)]</property>
						<onclick>RunScript(service.skin.widgets,movieid=$INFO[Window(0).Property(SkinHelper.ListItem.19.DBID)])</onclick>
						<visible>!String.IsEmpty(Window(0).Property(SkinHelper.ListItem.19.Poster))</visible>
					</item>
					<item>
						<label>$INFO[Window(0).Property(SkinHelper.ListItem.20.Title)]</label>
						<icon>$INFO[Window(0).Property(SkinHelper.ListItem.20.Poster)]</icon>
						<property name="Disc">$INFO[Window(0).Property(SkinHelper.ListItem.20.DiscArt)]</property>
						<property name="Fanart">$INFO[Window(0).Property(SkinHelper.ListItem.20.FanArt)]</property>
						<property name="Plot">$INFO[Window(0).Property(SkinHelper.ListItem.20.Plot)]</property>
						<property name="Year">$INFO[Window(0).Property(SkinHelper.ListItem.20.Year)]</property>
						<property name="Duration">$INFO[Window(0).Property(SkinHelper.ListItem.20.Duration)]</property>
						<onclick>RunScript(service.skin.widgets,movieid=$INFO[Window(0).Property(SkinHelper.ListItem.20.DBID)])</onclick>
						<visible>!String.IsEmpty(Window(0).Property(SkinHelper.ListItem.20.Poster))</visible>
					</item>
					<item>
						<label>$INFO[Window(0).Property(SkinHelper.ListItem.21.Title)]</label>
						<icon>$INFO[Window(0).Property(SkinHelper.ListItem.21.Poster)]</icon>
						<property name="Disc">$INFO[Window(0).Property(SkinHelper.ListItem.21.DiscArt)]</property>
						<property name="Fanart">$INFO[Window(0).Property(SkinHelper.ListItem.21.FanArt)]</property>
						<property name="Plot">$INFO[Window(0).Property(SkinHelper.ListItem.21.Plot)]</property>
						<property name="Year">$INFO[Window(0).Property(SkinHelper.ListItem.21.Year)]</property>
						<property name="Duration">$INFO[Window(0).Property(SkinHelper.ListItem.21.Duration)]</property>
						<onclick>RunScript(service.skin.widgets,movieid=$INFO[Window(0).Property(SkinHelper.ListItem.21.DBID)])</onclick>
						<visible>!String.IsEmpty(Window(0).Property(SkinHelper.ListItem.21.Poster))</visible>
					</item>
					<item>
						<label>$INFO[Window(0).Property(SkinHelper.ListItem.22.Title)]</label>
						<icon>$INFO[Window(0).Property(SkinHelper.ListItem.22.Poster)]</icon>
						<property name="Disc">$INFO[Window(0).Property(SkinHelper.ListItem.22.DiscArt)]</property>
						<property name="Fanart">$INFO[Window(0).Property(SkinHelper.ListItem.22.FanArt)]</property>
						<property name="Plot">$INFO[Window(0).Property(SkinHelper.ListItem.22.Plot)]</property>
						<property name="Year">$INFO[Window(0).Property(SkinHelper.ListItem.22.Year)]</property>
						<property name="Duration">$INFO[Window(0).Property(SkinHelper.ListItem.22.Duration)]</property>
						<onclick>RunScript(service.skin.widgets,movieid=$INFO[Window(0).Property(SkinHelper.ListItem.22.DBID)])</onclick>
						<visible>!String.IsEmpty(Window(0).Property(SkinHelper.ListItem.22.Poster))</visible>
					</item>
					<item>
						<label>$INFO[Window(0).Property(SkinHelper.ListItem.23.Title)]</label>
						<icon>$INFO[Window(0).Property(SkinHelper.ListItem.23.Poster)]</icon>
						<property name="Disc">$INFO[Window(0).Property(SkinHelper.ListItem.23.DiscArt)]</property>
						<property name="Fanart">$INFO[Window(0).Property(SkinHelper.ListItem.23.FanArt)]</property>
						<property name="Plot">$INFO[Window(0).Property(SkinHelper.ListItem.23.Plot)]</property>
						<property name="Year">$INFO[Window(0).Property(SkinHelper.ListItem.23.Year)]</property>
						<property name="Duration">$INFO[Window(0).Property(SkinHelper.ListItem.23.Duration)]</property>
						<onclick>RunScript(service.skin.widgets,movieid=$INFO[Window(0).Property(SkinHelper.ListItem.23.DBID)])</onclick>
						<visible>!String.IsEmpty(Window(0).Property(SkinHelper.ListItem.23.Poster))</visible>
					</item>
					<item>
						<label>$INFO[Window(0).Property(SkinHelper.ListItem.24.Title)]</label>
						<icon>$INFO[Window(0).Property(SkinHelper.ListItem.24.Poster)]</icon>
						<property name="Disc">$INFO[Window(0).Property(SkinHelper.ListItem.24.DiscArt)]</property>
						<property name="Fanart">$INFO[Window(0).Property(SkinHelper.ListItem.24.FanArt)]</property>
						<property name="Plot">$INFO[Window(0).Property(SkinHelper.ListItem.24.Plot)]</property>
						<property name="Year">$INFO[Window(0).Property(SkinHelper.ListItem.24.Year)]</property>
						<property name="Duration">$INFO[Window(0).Property(SkinHelper.ListItem.24.Duration)]</property>
						<onclick>RunScript(service.skin.widgets,movieid=$INFO[Window(0).Property(SkinHelper.ListItem.24.DBID)])</onclick>
						<visible>!String.IsEmpty(Window(0).Property(SkinHelper.ListItem.24.Poster))</visible>
					</item>
					<item>
						<label>$INFO[Window(0).Property(SkinHelper.ListItem.25.Title)]</label>
						<icon>$INFO[Window(0).Property(SkinHelper.ListItem.25.Poster)]</icon>
						<property name="Disc">$INFO[Window(0).Property(SkinHelper.ListItem.25.DiscArt)]</property>
						<property name="Fanart">$INFO[Window(0).Property(SkinHelper.ListItem.25.FanArt)]</property>
						<property name="Plot">$INFO[Window(0).Property(SkinHelper.ListItem.25.Plot)]</property>
						<property name="Year">$INFO[Window(0).Property(SkinHelper.ListItem.25.Year)]</property>
						<property name="Duration">$INFO[Window(0).Property(SkinHelper.ListItem.25.Duration)]</property>
						<onclick>RunScript(service.skin.widgets,movieid=$INFO[Window(0).Property(SkinHelper.ListItem.25.DBID)])</onclick>
						<visible>!String.IsEmpty(Window(0).Property(SkinHelper.ListItem.25.Poster))</visible>
					</item>
					<item>
						<label>$INFO[Window(0).Property(SkinHelper.ListItem.26.Title)]</label>
						<icon>$INFO[Window(0).Property(SkinHelper.ListItem.26.Poster)]</icon>
						<property name="Disc">$INFO[Window(0).Property(SkinHelper.ListItem.26.DiscArt)]</property>
						<property name="Fanart">$INFO[Window(0).Property(SkinHelper.ListItem.26.FanArt)]</property>
						<property name="Plot">$INFO[Window(0).Property(SkinHelper.ListItem.26.Plot)]</property>
						<property name="Year">$INFO[Window(0).Property(SkinHelper.ListItem.26.Year)]</property>
						<property name="Duration">$INFO[Window(0).Property(SkinHelper.ListItem.26.Duration)]</property>
						<onclick>RunScript(service.skin.widgets,movieid=$INFO[Window(0).Property(SkinHelper.ListItem.26.DBID)])</onclick>
						<visible>!String.IsEmpty(Window(0).Property(SkinHelper.ListItem.26.Poster))</visible>
					</item>
					<item>
						<label>$INFO[Window(0).Property(SkinHelper.ListItem.27.Title)]</label>
						<icon>$INFO[Window(0).Property(SkinHelper.ListItem.27.Poster)]</icon>
						<property name="Disc">$INFO[Window(0).Property(SkinHelper.ListItem.27.DiscArt)]</property>
						<property name="Fanart">$INFO[Window(0).Property(SkinHelper.ListItem.27.FanArt)]</property>
						<property name="Plot">$INFO[Window(0).Property(SkinHelper.ListItem.27.Plot)]</property>
						<property name="Year">$INFO[Window(0).Property(SkinHelper.ListItem.27.Year)]</property>
						<property name="Duration">$INFO[Window(0).Property(SkinHelper.ListItem.27.Duration)]</property>
						<onclick>RunScript(service.skin.widgets,movieid=$INFO[Window(0).Property(SkinHelper.ListItem.27.DBID)])</onclick>
						<visible>!String.IsEmpty(Window(0).Property(SkinHelper.ListItem.27.Poster))</visible>
					</item>
					<item>
						<label>$INFO[Window(0).Property(SkinHelper.ListItem.28.Title)]</label>
						<icon>$INFO[Window(0).Property(SkinHelper.ListItem.28.Poster)]</icon>
						<property name="Disc">$INFO[Window(0).Property(SkinHelper.ListItem.28.DiscArt)]</property>
						<property name="Fanart">$INFO[Window(0).Property(SkinHelper.ListItem.28.FanArt)]</property>
						<property name="Plot">$INFO[Window(0).Property(SkinHelper.ListItem.28.Plot)]</property>
						<property name="Year">$INFO[Window(0).Property(SkinHelper.ListItem.28.Year)]</property>
						<property name="Duration">$INFO[Window(0).Property(SkinHelper.ListItem.28.Duration)]</property>
						<onclick>RunScript(service.skin.widgets,movieid=$INFO[Window(0).Property(SkinHelper.ListItem.28.DBID)])</onclick>
						<visible>!String.IsEmpty(Window(0).Property(SkinHelper.ListItem.28.Poster))</visible>
					</item>
					<item>
						<label>$INFO[Window(0).Property(SkinHelper.ListItem.29.Title)]</label>
						<icon>$INFO[Window(0).Property(SkinHelper.ListItem.29.Poster)]</icon>
						<property name="Disc">$INFO[Window(0).Property(SkinHelper.ListItem.29.DiscArt)]</property>
						<property name="Fanart">$INFO[Window(0).Property(SkinHelper.ListItem.29.FanArt)]</property>
						<property name="Plot">$INFO[Window(0).Property(SkinHelper.ListItem.29.Plot)]</property>
						<property name="Year">$INFO[Window(0).Property(SkinHelper.ListItem.29.Year)]</property>
						<property name="Duration">$INFO[Window(0).Property(SkinHelper.ListItem.29.Duration)]</property>
						<onclick>RunScript(service.skin.widgets,movieid=$INFO[Window(0).Property(SkinHelper.ListItem.29.DBID)])</onclick>
						<visible>!String.IsEmpty(Window(0).Property(SkinHelper.ListItem.29.Poster))</visible>
					</item>
				</content>
			</control>
			<control type="group">
				<top>-45</top>
				<animation effect="slide" end="0,-60" condition="String.Contains(skin.string(mediaflags),off)">Conditional</animation>
				<control type="button" id="160">
					<include>InvisibleButton</include>
					<onup condition="Skin.HasSetting(moviezoom)">SetFocus(5801)</onup>
					<onup condition="Skin.HasSetting(coverzoom)">SetFocus(65)</onup>
					<ondown condition="Skin.HasSetting(moviezoom)">SetFocus(5801)</ondown>
					<ondown condition="Skin.HasSetting(coverzoom)">SetFocus(65)</ondown>
					<onleft condition="Skin.HasSetting(moviezoom)">SetFocus(5801)</onleft>
					<onleft condition="Skin.HasSetting(coverzoom)">SetFocus(65)</onleft>
					<onright condition="Skin.HasSetting(moviezoom)">SetFocus(5801)</onright>
					<onright condition="Skin.HasSetting(coverzoom)">SetFocus(65)</onright>
				</control>
				<control type="image">
					<left>0</left>
					<top>0</top>
					<width>1920</width>
					<height>1080</height>
					<texture>darkgrey.png</texture>
					<animation effect="fade" start="0" end="100" time="200">Visible</animation>
					<animation effect="fade" start="100" end="0" time="400">Hidden</animation>
					<visible>Control.HasFocus(160)</visible>
				</control>
				<control type="image">
					<left>0</left>
					<top>0</top>
					<width>1920</width>
					<height>1080</height>
					<texture>special://skin/backgrounds/extras/default.jpg</texture>
					<animation effect="fade" start="0" end="100" time="200">Visible</animation>
					<animation effect="fade" start="100" end="0" time="400">Hidden</animation>
					<visible>Control.HasFocus(160)</visible>
				</control>
				<control type="group">
					<left>-1920</left>
					<top>22</top>
					<animation effect="slide" start="0,0" end="1920,0" time="400" tween="cubic" easing="inout" condition="Control.HasFocus(160)">Conditional</animation>
					<animation effect="slide" start="0,0" end="0,-38" time="600" delay="1000" tween="cubic" easing="inout" condition="Control.HasFocus(160)">Conditional</animation>
					<!-- Cover -->
					<control type="image">
						<left>585</left>
						<top>48</top>
						<width>750</width>
						<height>960</height>
						<aspectratio>keep</aspectratio>
						<texture background="true">$INFO[Container(65).ListItem.Icon]</texture>
						<visible>Skin.HasSetting(coverzoom)</visible>
					</control>
					<!-- Movie -->
					<control type="image">	
						<left>585</left>
						<top>48</top>
						<width>750</width>
						<height>960</height>
						<aspectratio>keep</aspectratio>
						<texture background="true">$INFO[Container(5801).ListItem.Icon]</texture>
						<visible>Skin.HasSetting(moviezoom)</visible>
					</control>
				</control>
				<control type="group">
					<visible>Control.HasFocus(160)</visible>
					<animation effect="slide" start="0,0" end="0,-120" time="600" delay="1000" tween="cubic" easing="inout" condition="Control.HasFocus(160)">Conditional</animation>
					<control type="image">
						<left>0</left>
						<top>1140</top>
						<height>60</height>
						<width>1920</width>
						<texture>darkgrey.png</texture>
						<colordiffuse>$INFO[Skin.String(colortexture)]</colordiffuse>
						<include>Animation_DefaultGlass2</include>
					</control>
					<control type="label">
						<left>0</left>
						<top>1140</top>
						<height>60</height>
						<width>1920</width>
						<align>center</align>
						<aligny>center</aligny>	
						<font>Font_list</font>
						<textcolor>FFFFFAF0</textcolor>
						<label>$INFO[Container(5801).ListItem.Label]</label>
						<scroll>true</scroll>
					</control>
					<control type="image">
						<left>0</left>
						<top>1140</top>
						<height>60</height>
						<width>1920</width>
						<texture>gradient_small.png</texture>
					</control>
				</control>
			</control>
		</control>
	</include>
</includes>