<?xml version="1.0" encoding="UTF-8"?>
<includes>
	<include name="Includes_AddonBrowser_Special">
		<control id="5" type="button">
			<include>HiddenControl</include>
		</control>
		<control id="7" type="radiobutton">
			<include>HiddenControl</include>
		</control>
		<control id="8" type="radiobutton">
			<include>HiddenControl</include>
		</control>
		<control id="9" type="button">
			<include>HiddenControl</include>
		</control>
		<control id="98" type="button">
			<onfocus>Control.Move(51,-1)</onfocus>
			<onfocus>SetFocus(51)</onfocus>
			<onfocus>Right</onfocus>
			<onfocus>Right</onfocus>
			<onfocus>Right</onfocus>
			<onfocus>Right</onfocus>
			<include>HiddenControl</include>
		</control>
		<control id="99" type="button">
			<onfocus>SetFocus(51)</onfocus>
			<onfocus>Left</onfocus>
			<onfocus>Left</onfocus>
			<onfocus>Left</onfocus>
			<onfocus>Left</onfocus>
			<onfocus>Control.Move(51,1)</onfocus>
			<include>HiddenControl</include>
		</control>
		<control type="group">
			<visible>Control.IsVisible(50)</visible>
			<include>DialogAnimation</include>
			<control id="50" type="fixedlist">
				<left>-238</left>
				<top>242</top>
				<width>2200</width>
				<height>576</height>
				<onup>Back</onup>
				<ondown>1001</ondown>
				<onleft>Back</onleft>
				<onright>noop</onright>
				<onright condition="!Window.IsVisible(1103)">SetProperty(BounceRight,1,Home)</onright>
				<preloaditems>2</preloaditems>
				<focusposition>1</focusposition>
				<viewtype label="">list</viewtype>
				<orientation>horizontal</orientation>
				<defaultcontrol always="true">0</defaultcontrol>
				<scrolltime easing="inout" tween="sine">300</scrolltime>
				<visible>String.IsEqual(Container.FolderPath,addons://all/) | String.Contains(Container.FolderPath,addons://all/category)</visible>
				<animation condition="Window.IsVisible(1103)" reversible="false" type="Conditional">
					<effect easing="out" end="-20,0" start="0,0" time="60" tween="sine" type="slide"/>
					<effect delay="80" easing="out" end="20,0" start="0,0" time="120" tween="sine" type="slide"/>
				</animation>
				<animation condition="String.IsEmpty(Window(home).Property(MainMenuFocus)) + String.IsEmpty(Window(home).Property(FocusRow))" easing="inout" effect="slide" end="0,0" start="193,10" time="540" tween="sine">WindowOpen</animation>
				<animation condition="String.IsEmpty(Window(home).Property(MainMenuFocus)) + String.IsEqual(Window(home).Property(FocusRow),1_2)" easing="inout" effect="slide" end="0,0" start="497,-175" time="540" tween="sine">WindowOpen</animation>
				<animation condition="String.IsEmpty(Window(home).Property(MainMenuFocus)) + String.IsEqual(Window(home).Property(FocusRow),2_2)" easing="inout" effect="slide" end="0,0" start="497,195" time="540" tween="sine">WindowOpen</animation>
				<animation condition="String.IsEmpty(Window(home).Property(MainMenuFocus)) + String.IsEqual(Window(home).Property(FocusRow),1_3)" easing="inout" effect="slide" end="0,0" start="497,-246" time="540" tween="sine">WindowOpen</animation>
				<animation condition="String.IsEmpty(Window(home).Property(MainMenuFocus)) + String.IsEqual(Window(home).Property(FocusRow),2_3)" easing="inout" effect="slide" end="0,0" start="497,10" time="540" tween="sine">WindowOpen</animation>
				<animation condition="String.IsEmpty(Window(home).Property(MainMenuFocus)) + String.IsEqual(Window(home).Property(FocusRow),3_3)" easing="inout" effect="slide" end="0,0" start="497,168" time="540" tween="sine">WindowOpen</animation>
				<itemlayout height="576" width="436">
					<control type="group">
						<animation center="250,288" condition="true" effect="zoom" end="85" start="85">Conditional</animation>
						<control type="image">
							<top>48</top>
							<width>480</width>
							<height>480</height>
							<aspectratio align="center">scale</aspectratio>
							<texture background="true">$INFO[ListItem.Icon]</texture>
						</control>
						<control type="image">
							<left>-48</left>
							<centertop>288</centertop>
							<width>576</width>
							<height>576</height>
							<texture border="66,66,51,51">views/shadow_nf.png</texture>
						</control>
						<control type="image">
							<top>48</top>
							<width>480</width>
							<height>480</height>
							<texture border="2">views/season_overlay.png</texture>
							<visible>!ListItem.IsParentFolder + !String.Contains(ListItem.Icon,Default)</visible>
						</control>
						<control type="image">
							<top>48</top>
							<width>480</width>
							<height>480</height>
							<texture border="2">views/season_overlay.png</texture>
							<visible>!ListItem.IsParentFolder</visible>
						</control>
						<control type="label">
							<left>18</left>
							<top>447</top>
							<width>446</width>
							<height>42</height>
							<font>Bold44</font>
							<scroll>false</scroll>
							<textcolor>ffffffff</textcolor>
							<shadowcolor>88000000</shadowcolor>
							<label>$INFO[ListItem.Label]</label>
							<visible>!ListItem.IsParentFolder</visible>
						</control>
						<control type="image">
							<top>48</top>
							<width>480</width>
							<height>480</height>
							<texture>views/OverlayNF.png</texture>
						</control>
					</control>
				</itemlayout>
				<focusedlayout height="576" width="436">
					<control type="button">
						<texturefocus>-</texturefocus>
						<texturenofocus>-</texturenofocus>
						<onfocus>SetProperty(Category,$INFO[Container(50).ListItem.Label],home)</onfocus>
					</control>
					<control type="group">
						<animation center="250,288" easing="inout" effect="zoom" end="100" start="85" time="300" tween="sine">Focus</animation>
						<animation center="250,288" condition="Container(50).OnNext | Container(50).OnPrevious" easing="inout" effect="zoom" end="85" start="100" time="300" tween="sine">UnFocus</animation>
						<animation center="250,288" condition="Control.HasFocus(4000)" easing="inout" effect="zoom" end="85" start="100" time="300" tween="sine">Conditional</animation>
						<control type="image">
							<top>48</top>
							<width>480</width>
							<height>480</height>
							<aspectratio align="center">scale</aspectratio>
							<texture background="true">$INFO[ListItem.Icon]</texture>
						</control>
						<control type="image">
							<left>-48</left>
							<centertop>288</centertop>
							<width>576</width>
							<height>576</height>
							<texture border="51">views/shadow_fo.png</texture>
							<animation center="auto" condition="Control.HasFocus(50) | Container(50).OnNext | Container(50).OnPrevious" easing="inout" effect="fade" end="100" start="0" time="300" tween="sine">Focus</animation>
							<animation center="auto" condition="Container(50).OnNext | Container(50).OnPrevious" easing="inout" effect="fade" end="0" start="100" time="300" tween="sine">UnFocus</animation>
						</control>
						<control type="image">
							<left>-48</left>
							<centertop>288</centertop>
							<width>576</width>
							<height>576</height>
							<texture border="66,66,51,51">views/shadow_nf.png</texture>
							<animation center="auto" condition="Control.HasFocus(50)" easing="inout" effect="fade" end="0" start="100" time="300" tween="sine">Focus</animation>
							<animation center="auto" condition="Control.HasFocus(50)" easing="inout" effect="fade" end="100" start="0" time="300" tween="sine">UnFocus</animation>
						</control>
						<control type="image">
							<top>48</top>
							<width>480</width>
							<height>480</height>
							<texture border="2">views/season_overlay.png</texture>
							<visible>!ListItem.IsParentFolder</visible>
						</control>
						<control type="label">
							<left>18</left>
							<top>447</top>
							<width>446</width>
							<height>42</height>
							<font>Bold44</font>
							<scroll>false</scroll>
							<textcolor>ffffffff</textcolor>
							<shadowcolor>88000000</shadowcolor>
							<label>$INFO[ListItem.Label]</label>
							<visible>!ListItem.IsParentFolder</visible>
						</control>
						<control type="image">
							<top>48</top>
							<width>480</width>
							<height>480</height>
							<texture>views/OverlayNF.png</texture>
							<animation center="auto" condition="Control.HasFocus(50)" easing="inout" effect="fade" end="0" start="100" time="300" tween="sine">Focus</animation>
							<animation center="auto" condition="Control.HasFocus(50)" easing="inout" effect="fade" end="100" start="0" time="300" tween="sine">UnFocus</animation>
						</control>
					</control>
				</focusedlayout>
			</control>
			<control type="group">
				<animation delay="400" effect="fade" end="100" start="0" time="200">WindowOpen</animation>
				<!-- Heading / Current item / Total items -->
				<control type="grouplist">
					<left>198</left>
					<top>134</top>
					<height>80</height>
					<itemgap>10</itemgap>
					<orientation>horizontal</orientation>
					<usecontrolcoords>true</usecontrolcoords>
					<control type="label">
						<width>auto</width>
						<height>60</height>
						<font>Med48</font>
						<aligny>bottom</aligny>
						<textcolor>ffdadada</textcolor>
						<label>$LOCALIZE[31234]  </label>
					</control>
					<control type="label">
						<top>15</top>
						<width>auto</width>
						<height>60</height>
						<font>Med32</font>
						<aligny>bottom</aligny>
						<textcolor>ffdadada</textcolor>
						<label>$INFO[Container.CurrentItem]</label>
						<visible>Integer.IsGreater(Container.NumItems,0)</visible>
					</control>
					<control type="label">
						<top>14</top>
						<width>auto</width>
						<height>60</height>
						<font>Light36</font>
						<aligny>bottom</aligny>
						<textcolor>ff505050</textcolor>
						<label>|</label>
						<visible>Integer.IsGreater(Container.NumItems,0)</visible>
					</control>
					<control type="label">
						<top>15</top>
						<width>auto</width>
						<height>60</height>
						<font>Light32</font>
						<aligny>bottom</aligny>
						<textcolor>ff505050</textcolor>
						<label>$INFO[Container.NumItems]</label>
						<visible>Integer.IsGreater(Container.NumItems,0)</visible>
					</control>
				</control>
			</control>
		</control>
		<control type="group">
			<visible>Control.IsVisible(51)</visible>
			<include>DialogAnimation</include>
			<control id="51" type="panel">
				<left>92</left>
				<top>218</top>
				<width>1200</width>
				<height>882</height>
				<onup>noop</onup>
				<ondown>noop</ondown>
				<onleft condition="!String.IsEmpty(Container(51).ListItemNoWrap(-1).Label)">SetFocus(98)</onleft>
				<onleft>noop</onleft>
				<onright condition="!String.IsEmpty(Container(51).ListItemNoWrap(1).Label)">SetFocus(99)</onright>
				<onright>noop</onright>
				<orientation>vertical</orientation>
				<viewtype label="">panel</viewtype>
				<scrolltime easing="inout" tween="sine">200</scrolltime>
				<visible>String.Contains(Container.FolderPath,addons://all/) + !String.IsEqual(Container.FolderPath,addons://all/) + !String.Contains(Container.FolderPath,addons://all/category)</visible>
				<itemlayout height="240" width="240">
					<control type="image">
						<left>20</left>
						<top>20</top>
						<width>200</width>
						<height>200</height>
						<aspectratio>keep</aspectratio>
						<texture fallback="views/DefaultAddon.png" background="true">$INFO[Listitem.Icon]</texture>
					</control>
					<control type="group">
						<visible>String.Contains(ListItem.Label2,$LOCALIZE[13413])</visible>
						<control type="image">
							<left>20</left>
							<top>213</top>
							<width>200</width>
							<height>7</height>
							<texture border="2">views/ProgressBack.png</texture>
						</control>
						<control type="image">
							<left>20</left>
							<top>213</top>
							<width>200</width>
							<height>7</height>
							<texture border="2">$VAR[AddonInstallPercentage]</texture>
						</control>
					</control>
				</itemlayout>
				<focusedlayout height="240" width="240">
					<control type="group">
						<width>240</width>
						<height>240</height>
						<animation center="120,120" easing="inout" effect="zoom" end="100" start="85" time="120" tween="linear">Focus</animation>
						<animation center="120,120" condition="Container(51).OnNext | Container(51).OnPrevious | Control.HasFocus(98) | Control.HasFocus(99)" easing="inout" effect="zoom" end="85" start="100" time="120" tween="linear">UnFocus</animation>
						<control type="image">
							<width>240</width>
							<height>240</height>
							<aspectratio>keep</aspectratio>
							<texture fallback="views/DefaultAddon.png" background="true">$INFO[Listitem.Icon]</texture>
						</control>
						<control type="group">
							<visible>String.Contains(ListItem.Label2,$LOCALIZE[13413])</visible>
							<control type="image">
								<top>232</top>
								<width>240</width>
								<height>8</height>
								<texture border="2">views/ProgressBack.png</texture>
							</control>
							<control type="image">
								<top>232</top>
								<width>240</width>
								<height>8</height>
								<texture border="2">$VAR[AddonInstallPercentage]</texture>
							</control>
						</control>
					</control>
				</focusedlayout>
			</control>
			<!-- Heading / Current item / Total items -->
			<control type="grouplist">
				<left>110</left>
				<top>100</top>
				<height>80</height>
				<itemgap>10</itemgap>
				<orientation>horizontal</orientation>
				<usecontrolcoords>true</usecontrolcoords>
				<control type="label">
					<width>auto</width>
					<height>60</height>
					<font>Med48</font>
					<aligny>bottom</aligny>
					<textcolor>ffdadada</textcolor>
					<label>$INFO[Window(home).Property(Category)]  </label>
				</control>
				<control type="label">
					<top>15</top>
					<width>auto</width>
					<height>60</height>
					<font>Med32</font>
					<aligny>bottom</aligny>
					<textcolor>ffdadada</textcolor>
					<label>$INFO[Container.CurrentItem]</label>
					<visible>Integer.IsGreater(Container.NumItems,0)</visible>
				</control>
				<control type="label">
					<top>14</top>
					<width>auto</width>
					<height>60</height>
					<font>Light36</font>
					<aligny>bottom</aligny>
					<textcolor>ff505050</textcolor>
					<label>|</label>
					<visible>Integer.IsGreater(Container.NumItems,0)</visible>
				</control>
				<control type="label">
					<top>15</top>
					<width>auto</width>
					<height>60</height>
					<font>Light32</font>
					<aligny>bottom</aligny>
					<textcolor>ff505050</textcolor>
					<label>$INFO[Container.NumItems]</label>
					<visible>Integer.IsGreater(Container.NumItems,0)</visible>
				</control>
			</control>
			<!-- Separator -->
			<control type="image">
				<left>1310</left>
				<top>80</top>
				<width>8</width>
				<height>1000</height>
				<texture>views/line.png</texture>
			</control>
			<!-- Details -->
			<control type="group">
				<left>1354</left>
				<top>232</top>
				<width>472</width>
				<control type="fadelabel">
					<width>344</width>
					<height>38</height>
					<font>Med34</font>
					<scrollout>false</scrollout>
					<scrollspeed>40</scrollspeed>
					<pauseatend>2000</pauseatend>
					<textcolor>ffdadada</textcolor>
					<label>$INFO[ListItem.Label]</label>
				</control>
				<control type="fadelabel">
					<top>54</top>
					<width>344</width>
					<height>30</height>
					<font>Light26</font>
					<scrollout>false</scrollout>
					<scrollspeed>40</scrollspeed>
					<pauseatend>2000</pauseatend>
					<textcolor>ff6a6c70</textcolor>
					<label>$INFO[ListItem.AddonCreator]</label>
				</control>
				<control type="label">
					<right>0</right>
					<width>108</width>
					<height>38</height>
					<font>Light35</font>
					<align>right</align>
					<textcolor>ffb0b1b2</textcolor>
					<label>289</label>
				</control>
				<control type="label">
					<right>0</right>
					<top>54</top>
					<width>108</width>
					<height>30</height>
					<font>Light26</font>
					<align>right</align>
					<textcolor>ff6a6c70</textcolor>
					<label fallback="?">$INFO[Container(51).ListItem.AddonSize]</label>
				</control>
				<control type="image">
					<top>128</top>
					<width>472</width>
					<height>266</height>
					<texture fallback="views/addon_fanart_fallback.png" background="true">$INFO[ListItem.Property(Fanart_Image)]</texture>
				</control>
				<control type="textbox">
					<top>448</top>
					<width>472</width>
					<height>288</height>
					<font>Light32Spaced</font>
					<autoscroll>false</autoscroll>
					<textcolor>ffb1b2b3</textcolor>
					<label>$INFO[ListItem.AddonDescription]</label>
				</control>
			</control>
		</control>
	</include>
</includes>
