<?xml version="1.0" encoding="UTF-8"?>
<window>
	<coordinates>
		<left>0</left>
		<top>0</top>
	</coordinates>
	<controls>
		<!-- Hidden controls -->
		<control type="group" id="10015">
			<left>-1000</left>
			<control type="button" id="11030">
				<ondown>11030</ondown>
				<onup>11039</onup>
				<onleft>11039</onleft>
				<onright>11031</onright>
			</control>
			<control type="button" id="11031">
				<ondown>11030</ondown>
				<onup>11039</onup>
				<onleft>11030</onleft>
				<onright>11032</onright>
			</control>
			<control type="button" id="11032">
				<ondown>11030</ondown>
				<onup>11039</onup>
				<onleft>11031</onleft>
				<onright>11033</onright>
			</control>
			<control type="button" id="11033">
				<ondown>11030</ondown>
				<onup>11039</onup>
				<onleft>11032</onleft>
				<onright>11034</onright>
			</control>
			<control type="button" id="11034">
				<ondown>11030</ondown>
				<onup>11039</onup>
				<onleft>11033</onleft>
				<onright>11035</onright>
			</control>
			<control type="button" id="11035">
				<ondown>11030</ondown>
				<onup>11039</onup>
				<onleft>11034</onleft>
				<onright>11036</onright>
			</control>
			<control type="button" id="11036">
				<ondown>11030</ondown>
				<onup>11039</onup>
				<onleft>11035</onleft>
				<onright>11037</onright>
			</control>
			<control type="button" id="11037">
				<ondown>11030</ondown>
				<onup>11039</onup>
				<onleft>11036</onleft>
				<onright>11038</onright>
			</control>
			<control type="button" id="11038">
				<ondown>11030</ondown>
				<onup>11039</onup>
				<onleft>11037</onleft>
				<onright>11039</onright>
			</control>
			<control type="button" id="11039">
				<ondown>11030</ondown>
				<onup>11039</onup>
				<onleft>11038</onleft>
				<onright>11030</onright>
			</control>
		</control>
		<!-- Background -->
		<include>DialogBackgroundImage</include>
		<!-- Main group -->
		<control type="group">
			<include>DialogAnimation</include>
			<centerleft>50%</centerleft>
			<centertop>50%</centertop>
			<width>777</width>
			<height>318</height>
			<!-- Background -->
			<control type="image">
				<centerleft>50%</centerleft>
				<centertop>50%</centertop>
				<width>100%</width>
				<height>100%</height>
				<texture>dialogs/trakt-rate-bg.png</texture>
			</control>
			<control type="group">
				<left>31</left>
				<top>26</top>
				<control type="label" id="10011">
					<width>715</width>
					<height>34</height>
					<font>Light23</font>
					<label>$ADDON[script.trakt 32026]</label>
					<textcolor>ffdadada</textcolor>
				</control>
				<control type="image">
					<top>46</top>
					<width>715</width>
					<height>1</height>
					<texture>rating/dialog_select/line.png</texture>
				</control>
				<control type="label" id="10012">
					<top>95</top>
					<width>715</width>
					<height>48</height>
					<font>Reg37</font>
					<label/>
					<textcolor>ffdadada</textcolor>
				</control>
				<control type="image">
					<top>185</top>
					<width>326</width>
					<height>58</height>
					<texture>rating/dialog_select/fo_1.png</texture>
					<visible>Control.HasFocus(11030)</visible>
				</control>
				<control type="image">
					<top>185</top>
					<width>326</width>
					<height>58</height>
					<texture>rating/dialog_select/fo_2.png</texture>
					<visible>Control.HasFocus(11031)</visible>
				</control>
				<control type="image">
					<top>185</top>
					<width>326</width>
					<height>58</height>
					<texture>rating/dialog_select/fo_3.png</texture>
					<visible>Control.HasFocus(11032)</visible>
				</control>
				<control type="image">
					<top>185</top>
					<width>326</width>
					<height>58</height>
					<texture>rating/dialog_select/fo_4.png</texture>
					<visible>Control.HasFocus(11033)</visible>
				</control>
				<control type="image">
					<top>185</top>
					<width>326</width>
					<height>58</height>
					<texture>rating/dialog_select/fo_5.png</texture>
					<visible>Control.HasFocus(11034)</visible>
				</control>
				<control type="image">
					<top>185</top>
					<width>326</width>
					<height>58</height>
					<texture>rating/dialog_select/fo_6.png</texture>
					<visible>Control.HasFocus(11035)</visible>
				</control>
				<control type="image">
					<top>185</top>
					<width>326</width>
					<height>58</height>
					<texture>rating/dialog_select/fo_7.png</texture>
					<visible>Control.HasFocus(11036)</visible>
				</control>
				<control type="image">
					<top>185</top>
					<width>326</width>
					<height>58</height>
					<texture>rating/dialog_select/fo_8.png</texture>
					<visible>Control.HasFocus(11037)</visible>
				</control>
				<control type="image">
					<top>185</top>
					<width>326</width>
					<height>58</height>
					<texture>rating/dialog_select/fo_9.png</texture>
					<visible>Control.HasFocus(11038)</visible>
				</control>
				<control type="image">
					<top>185</top>
					<width>326</width>
					<height>58</height>
					<texture>rating/dialog_select/fo_10.png</texture>
					<visible>Control.HasFocus(11039)</visible>
				</control>
				<control type="label" id="10013">
					<left>350</left>
					<top>203</top>
					<width>490</width>
					<height>34</height>
					<font>Reg24</font>
					<label/>
					<textcolor>ffdadada</textcolor>
				</control>
			</control>
		</control>
	</controls>
</window>