<?xml version="1.0" encoding="UTF-8"?>
<window>
	<controls>

	 <control type="group">
	  <left>45</left>
		<top>645</top>
		<visible>!Window.IsActive(ShutdownMenu) + !Window.IsVisible(Startup)</visible>
	  <include>NotificationsAnimations</include>
		<control type="grouplist">
		  <left>0</left>
			<top>0</top>
			<height>60</height>
			<width>1140</width>
			<align>right</align>
			<aligny>center</aligny>
			<itemgap>5</itemgap>
			<orientation>horizontal</orientation>
			<control type="group">
				<width>650</width>
				<control type="label" id="401">
			    <description>Heading</description>
					<height>25</height>
					<width>640</width>
					<font>NotificationsFont</font>
					<textcolor>white</textcolor>
					<shadowcolor>77000000</shadowcolor>
			    <align>right</align>
			    <aligny>center</aligny>
					<scroll>false</scroll>
          <animation effect="slide" end="0,10" time="300" tween="sine" easing="inout" condition="String.IsEmpty(Control.GetLabel(402))">Conditional</animation>
				</control>
				<control type="label" id="402">
			    <description>Message</description>
					<height>65</height>
					<width>640</width>
					<font>NotificationsFont</font>
					<textcolor>99ffffff</textcolor>
					<shadowcolor>77000000</shadowcolor>
			    <align>right</align>
			    <aligny>center</aligny>
					<scroll>false</scroll>
          <animation effect="slide" end="0,-12" time="300" tween="sine" easing="inout" condition="String.IsEmpty(Control.GetLabel(401))">Conditional</animation>
				</control>
			</control>
	  </control>
		<control type="group">
			<left>1142</left>
		  <top>0</top>
			<control type="image" id="400">
				<description>little pic</description>
				<width>46</width>
				<height>46</height>
				<aspectratio align="center" aligny="center">stretch</aspectratio>
			  <texture background="true" diffuse="icons/notification_diffuse.png" />
			</control>
		  <control type="image">
		  	<top>0</top>
				<width>46</width>
				<height>46</height>
				<colordiffuse>$VAR[Textures.GlobalColor]</colordiffuse>
				<aspectratio align="center" aligny="center">stretch</aspectratio>
	      <texture background="true">icons/notification_panel.png</texture>
	      <visible>String.Contains(Control.GetLabel(400),icon.png)</visible>
		  </control>
	  </control>

<!-- 
		<control type="group">
			<left>1140</left>
		  <top>-2</top>
			<control type="image" id="400">
				<description>little pic</description>
				<width>50</width>
				<height>50</height>
				<aspectratio align="center" aligny="center">stretch</aspectratio>
			  <texture background="true" />
			</control>
		  <control type="image">
		  	<top>0</top>
				<width>50</width>
				<height>50</height>
				<colordiffuse>$VAR[Textures.GlobalColor]</colordiffuse>
				<aspectratio align="center" aligny="center">stretch</aspectratio>
	      <texture background="true">icons/notification_panel.png</texture>
	      <visible>String.Contains(Control.GetLabel(400),icon.png)</visible>
		  </control>
	  </control>
 -->
	 </control>

	</controls>
</window>
