<?xml version="1.0" encoding="UTF-8"?>
<window>
	<defaultcontrol always="true">10001</defaultcontrol>
	<controls>
		<control type="group">
	    <include>CommonDialogsAnimation</include>
	    <include>DialogSettingsBackground</include>
  		<control type="label">
  			<description>header label</description>
  			<left>360</left>
  			<top>152</top>
  			<width>560</width>
  	    <include>DialogsHeaderLabel</include>
				<label>$ADDON[adsp.basic 30072]</label>
  		</control>

			<control type="group" id="10001">
  			<left>364</left>
  			<top>209</top>
				<width>553</width>
				<control type="spincontrolex" id="10">
					<description>Speaker Distance Unit</description>
	    		<include>DialogsSpincontrolex</include>
					<label>$ADDON[adsp.basic 30073]</label>
					<onright>10000</onright>
					<onleft>10000</onleft>
					<onup>16</onup>
					<ondown>13</ondown>
				</control>
				<control type="label" id="12">
					<description>Speaker distance info</description>
					<left>0</left>
					<top>51</top>
					<width>553</width>
					<height>47</height>
					<font>FontSize_20</font>
					<textcolor>white</textcolor>
					<shadowcolor>99000000</shadowcolor>
					<align>center</align>
					<aligny>center</aligny>
					<label></label>
				</control>

				<control type="grouplist">
	  			<left>0</left>
	  			<top>102</top>
					<width>553</width>
					<height>200</height>
					<itemgap>4</itemgap>>
					<onleft>10000</onleft>
					<onright>10000</onright>
					<onup>10</onup>
					<ondown>10</ondown>
					<pagecontrol>60</pagecontrol>
					<control type="spincontrolex" id="13">
	    			<include>DialogsSpincontrolex</include>
						<label>$ADDON[adsp.basic 30031]</label>
					</control>
					<control type="spincontrolex" id="24">
						<description>Speaker Distance TFL</description>
	    			<include>DialogsSpincontrolex</include>
						<label>$ADDON[adsp.basic 30054]</label>
					</control>
					<control type="spincontrolex" id="19">
						<description>Speaker Distance FLOC</description>
	    			<include>DialogsSpincontrolex</include>
						<label>$ADDON[adsp.basic 30052]</label>
					</control>
					<control type="spincontrolex" id="15">
						<description>Speaker Distance Center</description>
	    			<include>DialogsSpincontrolex</include>
						<label>$ADDON[adsp.basic 30037]</label>
					</control>
					<control type="spincontrolex" id="26">
						<description>Speaker Distance TFC</description>
	    			<include>DialogsSpincontrolex</include>
						<label>$ADDON[adsp.basic 30056]</label>
					</control>
					<control type="spincontrolex" id="20">
	    			<include>DialogsSpincontrolex</include>
						<label>$ADDON[adsp.basic 30053]</label>
					</control>
					<control type="spincontrolex" id="25">
						<description>Speaker Distance TFR</description>
	    			<include>DialogsSpincontrolex</include>
						<label>$ADDON[adsp.basic 30055]</label>
					</control>
					<control type="spincontrolex" id="14">
						<description>Speaker Distance FR</description>
	    			<include>DialogsSpincontrolex</include>
						<label>$ADDON[adsp.basic 30032]</label>
					</control>
					<control type="spincontrolex" id="23">
						<description>Speaker Distance SR</description>
	    			<include>DialogsSpincontrolex</include>
						<label>$ADDON[adsp.basic 30034]</label>
					</control>
					<control type="spincontrolex" id="18">
						<description>Speaker Distance BR</description>
	    			<include>DialogsSpincontrolex</include>
						<label>$ADDON[adsp.basic 30036]</label>
					</control>
					<control type="spincontrolex" id="29">
						<description>Speaker Distance TBL</description>
	    			<include>DialogsSpincontrolex</include>
						<label>$ADDON[adsp.basic 30063]</label>
					</control>
					<control type="spincontrolex" id="32">
						<description>Speaker Distance BROC</description>
	    			<include>DialogsSpincontrolex</include>
						<label>$ADDON[adsp.basic 30062]</label>
					</control>
					<control type="spincontrolex" id="21">
						<description>Speaker Distance BC</description>
	    			<include>DialogsSpincontrolex</include>
						<label>$ADDON[adsp.basic 30039]</label>
					</control>
					<control type="spincontrolex" id="30">
						<description>Speaker Distance TBC</description>
	    			<include>DialogsSpincontrolex</include>
						<label>$ADDON[adsp.basic 30060]</label>
					</control>
					<control type="spincontrolex" id="31">
						<description>Speaker Distance BLOC</description>
	    			<include>DialogsSpincontrolex</include>
						<label>$ADDON[adsp.basic 30061]</label>
					</control>
					<control type="spincontrolex" id="28">
						<description>Speaker Distance TBL</description>
	    			<include>DialogsSpincontrolex</include>
						<label>$ADDON[adsp.basic 30063]</label>
					</control>
					<control type="spincontrolex" id="17">
						<description>Speaker Distance BL</description>
	    			<include>DialogsSpincontrolex</include>
						<label>$ADDON[adsp.basic 30035]</label>
					</control>
					<control type="spincontrolex" id="22">
						<description>Speaker Distance SL</description>
	    			<include>DialogsSpincontrolex</include>
						<label>$ADDON[adsp.basic 30033]</label>
					</control>
					<control type="spincontrolex" id="27">
						<description>Speaker Distance Top Center</description>
	    			<include>DialogsSpincontrolex</include>
						<label>$ADDON[adsp.basic 30057]</label>
					</control>
					<control type="spincontrolex" id="16">
						<description>Speaker Distance Sub</description>
	    			<include>DialogsSpincontrolex</include>
						<label>$ADDON[adsp.basic 30038]</label>
					</control>
				</control>
			</control>

			<!-- Control Buttons -->
			<control type="grouplist" id="10000">
				<left>938</left>
				<top>363</top>
				<height>168</height>
				<onleft>10001</onleft>
				<onright>10001</onright>
				<align>right</align>
				<defaultcontrol always="true">1</defaultcontrol>
				<control type="button" id="2">
					<description>Cancel</description>
			    <include>DialogsButtonsText</include>
					<texturefocus border="49,0,49,0">dialogs/buttons/cancel_focus.png</texturefocus>
					<texturenofocus border="49,0,49,0">dialogs/buttons/cancel_nofocus.png</texturenofocus>
					<label>$LOCALIZE[222]</label>
				</control>
				<control type="button" id="1">
					<description>OK</description>
			    <include>DialogsButtonsText</include>
					<texturefocus border="49,0,49,0">dialogs/buttons/save_focus.png</texturefocus>
					<texturenofocus border="49,0,49,0">dialogs/buttons/save_nofocus.png</texturenofocus>
					<label>$LOCALIZE[186]</label>
				</control>
			</control>
		</control>
	</controls>
</window>
