<?xml version="1.0" encoding="UTF-8"?>
<window  id="106">
    <defaultcontrol always="true">996</defaultcontrol>
    <animation effect="slide" end="0,126" time="0" condition="Window.IsVisible(LockSettings)">Conditional</animation>
    <include condition="![Window.IsVisible(filemanager) + !Window.IsVisible(Favourites)] + !Window.IsVisible(musicplaylisteditor) + !Window.IsVisible(LockSettings) + !Window.IsVisible(pvrchannelmanager)">ContextCoordinates</include>
	<controls>
    <!-- Content Info -->
	    <include condition="[Window.IsVisible(LoginScreen) | Window.IsVisible(Profiles) | Window.IsVisible(MyPVRChannels.xml) | Window.IsVisible(MyPVRGuide.xml) | Window.IsVisible(MyPVRRecordings.xml) | Window.IsVisible(MyPVRSearch.xml) | Window.IsVisible(MyPVRTimers.xml)] + !Window.IsVisible(Favourites) + !Window.IsVisible(pvrchannelmanager)">ContextMenuContentInfoWindows</include>
	    <include condition="Window.IsVisible(Favourites)">ContextMenuContentInfoFavourites</include>
	    <include condition="!Window.IsVisible(filemanager) + !Window.IsVisible(Favourites) + ![Window.IsVisible(musicplaylisteditor) + !Window.IsVisible(Favourites)] + !Window.IsVisible(LoginScreen) + !Window.IsVisible(Profiles) + !Window.IsVisible(pvrchannelmanager)">ContextMenuContentInfo</include>

    <!-- Context Menus -->
        <include condition="[Window.IsVisible(filemanager) + !Window.IsVisible(Favourites)] | [Window.IsVisible(musicplaylisteditor) + !Window.IsVisible(Favourites)] | Window.IsVisible(LockSettings)">ContextMenuDefault</include>
        <include condition="Window.IsVisible(pvrchannelmanager)">ContextMenuPVRChannelManager</include>
        <include condition="!Window.IsVisible(filemanager) + !Window.IsVisible(musicplaylisteditor) + !Window.IsVisible(LockSettings) + !Window.IsVisible(pvrchannelmanager)">ContextMenuOnTopLeft</include>
	</controls>
</window>
