<?xml version="1.0" encoding="UTF-8"?>
<window>
  <controls>
    <control type="group">
			<animation type="WindowOpen" reversible="false">
        <effect type="fade" start="0" end="100" time="300" delay="0" tween="sine" easing="out" />
        <effect type="zoom" start="80" end="100" time="450" delay="0" center="auto" tween="back" easing="out" />
			</animation>
			<animation type="WindowClose" reversible="false">
        <effect type="fade" start="100" end="0" time="300" delay="0" tween="sine" easing="out" />
        <effect type="zoom" start="100" end="80" time="450" delay="0" center="auto" tween="back" easing="out" />
			</animation>
				<animation type="Conditional" condition="Window.IsActive(VirtualKeyboard) | Window.IsActive(1110)" reversible="false">
	        <effect type="fade" start="100" end="0" time="300" delay="0" tween="sine" easing="out" />
	        <effect type="zoom" start="100" end="80" time="450" delay="0" center="auto" tween="back" easing="out" />
				</animation>
				<animation type="Conditional" condition="![Window.IsActive(VirtualKeyboard) | Window.IsActive(1110)]" reversible="false">
	        <effect type="fade" start="0" end="100" time="300" delay="0" tween="sine" easing="out" />
	        <effect type="zoom" start="80" end="100" time="450" delay="0" center="auto" tween="back" easing="out" />
				</animation>
	    <!-- Subs List -->	
	    <control type="group">
		    <animation effect="fade" start="0" end="100" time="300" tween="sine" easing="out">Visible</animation>
		    <animation effect="fade" start="100" end="0" time="300" tween="sine" easing="out">Hidden</animation>
		    <animation effect="zoom" start="50" end="100" time="450" center="auto" tween="back" easing="out" condition="Control.HasFocus(120) + String.IsEmpty(Window.Property(Movement))" reversible="false">Conditional</animation>
		    <animation effect="zoom" start="50" end="100" time="450" center="auto" tween="back" easing="out" condition="Control.HasFocus(120) + !String.IsEmpty(Window.Property(Movement))" reversible="false">Conditional</animation>
		    <animation effect="zoom" start="100" end="50" time="450" center="auto" tween="back" easing="out" condition="!Control.HasFocus(120) + !String.IsEmpty(Window.Property(Movement))" reversible="false">Conditional</animation>
		    <animation effect="zoom" start="100" end="50" time="450" center="auto" tween="back" easing="out" condition="!Control.HasFocus(120) + String.IsEmpty(Window.Property(Movement))" reversible="false">Conditional</animation>
		    <visible allowhiddenfocus="true">[Control.HasFocus(120) + Integer.IsGreater(Container(120).NumItems,0)]</visible>
    	  <control type="image">
    			<left>211</left>
    			<top>154</top>
    		  <width>859</width>
    		  <height>62</height>
		      <colordiffuse>$VAR[Textures.GlobalColor]</colordiffuse>
    		  <texture background="true" border="9">dialogs/other/header.png</texture>
    	  </control>
    	  <control type="image">
    			<left>211</left>
    			<top>213</top>
    		  <width>859</width>
    		  <height>370</height>
    		  <texture background="true" border="39,19,39,19">dialogs/other/body.png</texture>
    	  </control>
	      <control type="image">
	        <description>Background Image</description>
					<include>FullscreenDimensions</include>
					<texture background="true">osd/subs/bg_subs_main.png</texture>
	      </control>
    		<control type="image">
    			<left>213</left>
    			<top>212</top>
    			<width>855</width>
    			<height>4</height>
    			<aspectratio>stretch</aspectratio>
    			<texture background="true">dialogs/other/header_line.png</texture>
    		</control>
    		<control type="label">
    			<description>header label</description>
    			<left>225</left>
    			<top>172</top>
    			<width>775</width>
    	    <include>DialogsHeaderLabel</include>
          <label>$LOCALIZE[24012]</label>
    		</control>
    		<control type="image" id="110">
    			<left>885</left>
    			<top>167</top>
    			<width>170</width>
    			<height>40</height>
  			  <aspectratio align="right" aligny="center">keep</aspectratio>
    		</control>
  	    <control type="group">
  	      <left>0</left>
  	      <top>130</top>
  	      <control type="list" id="120">
  	        <left>228</left>
  	        <top>100</top>
  	        <width>825</width>
  	        <height>306</height>
  		      <onright>ClearProperty(Movement)</onright>
  		      <onleft>SetProperty(Movement,1)</onleft>
  	        <onleft>150</onleft>
  	        <onright>150</onright>
  	        <onup>120</onup>
  	        <ondown>120</ondown>
  	        <viewtype label="535">list</viewtype>
  	        <pagecontrol>121</pagecontrol>
  		      <scrolltime tween="cubic" easing="out">350</scrolltime>
  	        <itemlayout height="51">
  	          <control type="image">
  	            <left>4</left>
  	            <top>8</top>
  	            <width>36</width>
  	            <height>36</height>
  	            <texture>$INFO[ListItem.Thumb,resource://resource.images.languageflags.colour/,.png]</texture>
  	          </control>
  	          <control type="image">
  	            <left>40</left>
  	            <top>10</top>
  	            <width>30</width>
  	            <height>31</height>
  	            <texture>osd/subs/icon_hi.png</texture>
                <visible>ListItem.property(hearing_imp)</visible>
  	          </control>
  	          <control type="image">
  	            <left>40</left>
  	            <top>10</top>
  	            <width>60</width>
  	            <height>31</height>
  	            <texture>osd/subs/icon_sync.png</texture>
                <visible>ListItem.property(sync)</visible>
                <animation effect="slide" end="25" time="0" condition="ListItem.property(hearing_imp)">Conditional</animation>
  	          </control>
  	          <control type="label">
  	            <left>45</left>
  	            <top>0</top>
  	            <width>685</width>
  	            <height>48</height>
  	            <font>FontSize_20</font>
  						  <textcolor>77ffffff</textcolor>
  					    <shadowcolor>99000000</shadowcolor>
  	            <aligny>center</aligny>
  	            <align>left</align>
  	            <scroll>false</scroll>
  	            <label>$INFO[ListItem.Label2]</label>
                <visible>!ListItem.property(sync) + !ListItem.property(hearing_imp)</visible>
  	          </control>
  	          <control type="label">
  	            <left>70</left>
  	            <top>0</top>
  	            <width>655</width>
  	            <height>48</height>
  	            <font>FontSize_20</font>
  						  <textcolor>77ffffff</textcolor>
  					    <shadowcolor>99000000</shadowcolor>
  	            <aligny>center</aligny>
  	            <align>left</align>
  	            <scroll>false</scroll>
  	            <label>$INFO[ListItem.Label2]</label>
                <visible>!ListItem.property(sync) + ListItem.property(hearing_imp)</visible>
  	          </control>
  	          <control type="label">
  	            <left>100</left>
  	            <top>0</top>
  	            <width>625</width>
  	            <height>48</height>
  	            <font>FontSize_20</font>
  						  <textcolor>77ffffff</textcolor>
  					    <shadowcolor>99000000</shadowcolor>
  	            <aligny>center</aligny>
  	            <align>left</align>
  	            <scroll>false</scroll>
  	            <label>$INFO[ListItem.Label2]</label>
                <visible>ListItem.property(sync) + !ListItem.property(hearing_imp)</visible>
  	          </control>
  	          <control type="label">
  	            <left>125</left>
  	            <top>0</top>
  	            <width>600</width>
  	            <height>48</height>
  	            <font>FontSize_20</font>
  						  <textcolor>77ffffff</textcolor>
  					    <shadowcolor>99000000</shadowcolor>
  	            <aligny>center</aligny>
  	            <align>left</align>
  	            <scroll>false</scroll>
  	            <label>$INFO[ListItem.Label2]</label>
                <visible>ListItem.property(sync) + ListItem.property(hearing_imp)</visible>
  	          </control>
  	          <control type="image">
  	            <left>725</left>
  	            <top>14</top>
  	            <width>100</width>
  	            <height>18</height>
  				      <aspectratio>keep</aspectratio>
  	            <texture>osd/subs/info_window_icon_rating_star_$INFO[ListItem.ActualIcon].png</texture>
  	          </control>
  	        </itemlayout>
  	        <focusedlayout height="51">
  	          <control type="image">
  	            <width>825</width>
  	            <height>47</height>
  	            <texture>buttons/focus.png</texture>
	              <include>ListFocusAnimation</include>
  	          </control>
  	          <control type="image">
  	            <left>4</left>
  	            <top>8</top>
  	            <width>36</width>
  	            <height>36</height>
  	            <texture>$INFO[ListItem.Thumb,resource://resource.images.languageflags.colour/,.png]</texture>
  	          </control>
  	          <control type="image">
  	            <left>40</left>
  	            <top>10</top>
  	            <width>30</width>
  	            <height>31</height>
  	            <texture>osd/subs/icon_hi.png</texture>
                <visible>ListItem.property(hearing_imp)</visible>
  	          </control>
  	          <control type="image">
  	            <left>40</left>
  	            <top>10</top>
  	            <width>60</width>
  	            <height>31</height>
  	            <texture>osd/subs/icon_sync.png</texture>
                <visible>ListItem.property(sync)</visible>
                <animation effect="slide" end="25" time="0" condition="ListItem.property(hearing_imp)">Conditional</animation>
  	          </control>
  	          <control type="label">
  	            <left>45</left>
  	            <top>0</top>
  	            <width>685</width>
  	            <height>48</height>
  	            <font>FontSize_20</font>
  						  <textcolor>white</textcolor>
  					    <shadowcolor>99000000</shadowcolor>
  	            <aligny>center</aligny>
  	            <align>left</align>
  	            <scroll>false</scroll>
  	            <label>$INFO[ListItem.Label2]</label>
                <visible>!ListItem.property(sync) + !ListItem.property(hearing_imp)</visible>
  	          </control>
  	          <control type="label">
  	            <left>70</left>
  	            <top>0</top>
  	            <width>655</width>
  	            <height>48</height>
  	            <font>FontSize_20</font>
  						  <textcolor>white</textcolor>
  					    <shadowcolor>99000000</shadowcolor>
  	            <aligny>center</aligny>
  	            <align>left</align>
  	            <scroll>false</scroll>
  	            <label>$INFO[ListItem.Label2]</label>
                <visible>!ListItem.property(sync) + ListItem.property(hearing_imp)</visible>
  	          </control>
  	          <control type="label">
  	            <left>100</left>
  	            <top>0</top>
  	            <width>625</width>
  	            <height>48</height>
  	            <font>FontSize_20</font>
  						  <textcolor>white</textcolor>
  					    <shadowcolor>99000000</shadowcolor>
  	            <aligny>center</aligny>
  	            <align>left</align>
  	            <scroll>false</scroll>
  	            <label>$INFO[ListItem.Label2]</label>
                <visible>ListItem.property(sync) + !ListItem.property(hearing_imp)</visible>
  	          </control>
  	          <control type="label">
  	            <left>125</left>
  	            <top>0</top>
  	            <width>600</width>
  	            <height>48</height>
  	            <font>FontSize_20</font>
  						  <textcolor>white</textcolor>
  					    <shadowcolor>99000000</shadowcolor>
  	            <aligny>center</aligny>
  	            <align>left</align>
  	            <scroll>false</scroll>
  	            <label>$INFO[ListItem.Label2]</label>
                <visible>ListItem.property(sync) + ListItem.property(hearing_imp)</visible>
  	          </control>
  	          <control type="image">
  	            <left>725</left>
  	            <top>14</top>
  	            <width>100</width>
  	            <height>18</height>
  				      <aspectratio>keep</aspectratio>
  	            <texture>osd/subs/info_window_icon_rating_star_$INFO[ListItem.ActualIcon].png</texture>
  	          </control>
  	        </focusedlayout>
  	      </control>
  	      <control type="group">
  	        <left>0</left>
  	        <top>413</top>
  		      <control type="label" id="130">
  		        <left>230</left>
  		        <top>0</top>
  						<width>760</width>
  						<font>FontSize_20</font>
  						<textcolor>55ffffff</textcolor>
  						<align>left</align>
  	          <label>$LOCALIZE[31166]</label>
  					  <animation type="Conditional" reversible="false" condition="true" loop="true">
  						  <effect type="fade" start="0" end="100" time="300" delay="0" />
  						  <effect type="fade" start="100" end="0" time="300" delay="5000" />
  				      <effect type="fade" start="100" end="0" time="300" delay="10000" />
  				    </animation>
  		      </control>
  			    <control type="label">
  						<description>Pages</description>
  						<right>225</right>
  						<top>0</top>
  						<width>200</width>
		          <label>$INFO[Container(120).CurrentItem,$LOCALIZE[31025] ]$INFO[Container(120).NumItems, $LOCALIZE[31024] ]</label>
  						<align>right</align>
  						<font>FontSize_20</font>
  						<textcolor>55ffffff</textcolor>
  						<visible>Integer.IsGreater(Container(120).NumPages,1)</visible>
  					  <animation type="Conditional" reversible="false" condition="true" loop="true">
  						  <effect type="fade" start="0" end="100" time="300" delay="0" />
  						  <effect type="fade" start="100" end="0" time="300" delay="5000" />
  				      <effect type="fade" start="100" end="0" time="300" delay="10000" />
  				    </animation>
  			    </control>
  		      <control type="label">
  		        <left>227</left>
  		        <top>0</top>
  						<width>840</width>
  						<font>FontSize_20</font>
  						<textcolor>55ffffff</textcolor>
  						<align>left</align>
  	          <label>$INFO[Control.GetLabel(140)] for '$INFO[Player.Filename]'</label>
  						<animation type="Conditional" reversible="false" condition="Control.IsVisible(130)" loop="true">
  						  <effect type="fade" start="0" end="100" time="300" delay="5300" />
  						  <effect type="fade" start="100" end="0" time="300" delay="10000" />
  						</animation>
  		      </control>
  	      </control>				  
  	    </control>
	    </control>

	    <control type="label" id="100">
				<description>Service Name</description>
				<visible>false</visible>
			</control>
	    <control type="label"  id="140">
				<description>Number of available subtitles</description>
				<visible>false</visible>
			</control>
	    <control type="button"  id="160">
				<description>Manual search button</description>
				<visible>false</visible>
			</control>

	    <!-- Options -->	
			<control type="group">
		    <animation effect="fade" start="0" end="100" time="300" tween="sine" easing="out">Visible</animation>
		    <animation effect="fade" start="100" end="0" time="300" tween="sine" easing="out">Hidden</animation>
		    <animation effect="zoom" start="50" end="100" time="450" center="auto" tween="back" easing="out" condition="![String.IsEmpty(Container(120).ListItem.Label) + !String.IsEqual(Control.GetLabel(140),$LOCALIZE[24109])]" reversible="false">Conditional</animation>
		    <animation effect="zoom" start="50" end="100" time="450" center="auto" tween="back" easing="out" condition="[Control.HasFocus(150) | ControlGroup(10000).HasFocus]" reversible="false">Conditional</animation>
		    <animation effect="zoom" start="100" end="50" time="450" center="auto" tween="back" easing="out" condition="[String.IsEmpty(Container(120).ListItem.Label) + !String.IsEqual(Control.GetLabel(140),$LOCALIZE[24109])]" reversible="false">Conditional</animation>
		    <animation effect="zoom" start="100" end="50" time="450" center="auto" tween="back" easing="out" condition="![Control.HasFocus(150) | ControlGroup(10000).HasFocus]" reversible="false">Conditional</animation>
		    <visible allowhiddenfocus="true">[[Control.HasFocus(150) | ControlGroup(10000).HasFocus] + ![String.IsEmpty(Container(120).ListItem.Label) + !String.IsEqual(Control.GetLabel(140),$LOCALIZE[24109])]]</visible>
    	  <control type="image">
    			<left>478</left>
    			<top>163</top>
    		  <width>324</width>
    		  <height>57</height>
		      <colordiffuse>$VAR[Textures.GlobalColor]</colordiffuse>
    		  <texture background="true" border="9">dialogs/other/header.png</texture>
    	  </control>
    		<control type="image">
    			<left>478</left>
    			<top>217</top>
    			<width>324</width>
    			<height>290</height>
    	    <texture background="true" border="39,19,39,19">dialogs/other/body.png</texture>
    		</control>
        <control type="image">
          <description>Background Image</description>
    			<include>FullscreenDimensions</include>
    			<texture>osd/subs/bg_subs_settings.png</texture>
        </control>
    		<control type="image">
    			<left>480</left>
    			<top>216</top>
    			<width>320</width>
    			<height>4</height>
    			<aspectratio>stretch</aspectratio>
    			<texture background="true">dialogs/other/header_line.png</texture>
    		</control>
    		<control type="label">
    			<description>header label</description>
    			<left>495</left>
    			<top>177</top>
    			<width>300</width>
    	    <include>DialogsHeaderLabel</include>
    			<label>$LOCALIZE[33063]</label>
    		</control>
		    <control type="group">
		      <left>480</left>
		      <top>134</top>
					<control type="panel" id="150">
  	        <left>15</left>
  	        <top>100</top>
  					<width>290</width>
  					<height>255</height>
			      <onleft condition="!String.IsEqual(Control.GetLabel(140),$LOCALIZE[24109])">120</onleft>
			      <onleft condition="String.IsEqual(Control.GetLabel(140),$LOCALIZE[24109])">ActivateWindow(1110)</onleft>
		        <onright>10000</onright>
		        <onup>150</onup>
		        <ondown>150</ondown>
						<orientation>vertical</orientation>
					  <scrolltime tween="cubic" easing="out">350</scrolltime>
						<itemlayout width="290" height="51">
							<control type="label">
								<left>8</left>
								<top>0</top>
								<width>298</width>
								<height>47</height>
								<font>FontSize_20</font>
								<align>left</align>
								<aligny>center</aligny>
								<textcolor>77ffffff</textcolor>
					      <shadowcolor>99000000</shadowcolor>
								<label>$INFO[ListItem.Label,◌   ]</label>
							</control>
							<control type="image">
								<left>0</left>
								<top>0</top>
								<width>290</width>
								<height>47</height>
								<align>left</align>
								<aligny>center</aligny>
								<texture>dialogs/selectdialog/selected.png</texture>
			    			<visible>ListItem.IsSelected</visible>
							</control>
						</itemlayout>
						<focusedlayout width="290" height="51">
							<control type="image">
								<left>0</left>
								<top>0</top>
								<width>290</width>
								<height>47</height>
								<align>left</align>
								<aligny>center</aligny>
	              <texture>buttons/focus.png</texture>
	              <include>ListFocusAnimation</include>
							</control>
							<control type="label">
								<left>8</left>
								<top>0</top>
								<width>298</width>
								<height>47</height>
								<font>FontSize_20</font>
								<align>left</align>
								<aligny>center</aligny>
								<textcolor>white</textcolor>
					      <shadowcolor>99000000</shadowcolor>
								<label>$INFO[ListItem.Label,◍   ]</label>
							</control>
							<control type="image">
								<left>0</left>
								<top>0</top>
								<width>290</width>
								<height>47</height>
								<align>left</align>
								<aligny>center</aligny>
								<texture>dialogs/selectdialog/selected.png</texture>
			    			<visible>ListItem.IsSelected</visible>
							</control>
						</focusedlayout>
					</control>

			    <!-- Control Buttons -->
				  <control type="grouplist" id="10000">
						<left>327</left>
						<top>203</top>
						<height>168</height>
						<onleft>150</onleft>
						<onright condition="!String.IsEqual(Control.GetLabel(140),$LOCALIZE[24109])">120</onright>
						<onright condition="String.IsEqual(Control.GetLabel(140),$LOCALIZE[24109])">ActivateWindow(1110)</onright>
						<align>right</align>
						<defaultcontrol always="true">10</defaultcontrol>
			  		<control type="button" id="11">
							<description>Settings</description>
				      <include>DialogsButtonsText</include>
		      		<texturefocus border="49,0,49,0">dialogs/buttons/settings_focus.png</texturefocus>
		      		<texturenofocus border="49,0,49,0">dialogs/buttons/settings_nofocus.png</texturenofocus>
							<label>$LOCALIZE[5]</label>
			        <onclick>PreviousMenu</onclick>
			        <onclick>ActivateWindow(PlayerSettings,language)</onclick>
			  		</control>
			  		<control type="button" id="10">
						  <description>Manual Search</description>
				      <include>DialogsButtonsText</include>
			    		<texturefocus border="49,0,49,0">dialogs/buttons/edit_focus.png</texturefocus>
			    		<texturenofocus border="49,0,49,0">dialogs/buttons/edit_nofocus.png</texturenofocus>
							<label>$LOCALIZE[24120]</label>
							<onclick>SendClick(160)</onclick>
			  		</control>
				  </control>
				</control>
			</control>
		</control>
  </controls>
</window>
