<?xml version="1.0" encoding="UTF-8"?>
<window>
	<defaultcontrol always="true">570</defaultcontrol>
  <backgroundcolor/>
	<views>570</views>
	<controls>
	<include>BackgroundItems</include>
		
	 <control type="group">
    <include>CommonViews_VerticalAnimation</include>
    <include>VisibleHiddenSlideAnimation</include>
    <include>InfoDialogsVisible_ZoomAnimation</include>
		<visible>!Window.IsActive(BusyDialog) + !Window.IsActive(ProgressDialog)</visible>
		<control type="image">
			<left>136</left>
			<top>144</top>
			<width>1011</width>
			<height>444</height>
		  <texture border="59">views/other/panel.png</texture>
		</control>
		<control type="image">
			<include>FullscreenDimensions</include>
		  <texture background="true">windows/settings/event_log_seperators.png</texture>
		</control>

		<control type="group">
			<left>148</left>
			<top>156</top>
  		<control type="image">
      	<left>-6</left>
      	<top>-6</top>
  			<width>999</width>
  			<height>432</height>
  		  <texture border="49">thumbs/thumb_border.png</texture>
  		</control>
    	<!-- Events -->
			<control type="list" id="570">
				<left>0</left>
				<top>0</top>
				<width>987</width>
				<height>420</height>
				<itemgap>0</itemgap>
				<onleft>9000</onleft>
				<onright>noop</onright>
				<onup>570</onup>
				<ondown>570</ondown>
				<pagecontrol></pagecontrol>
				<scrolltime tween="quadratic" easing="out">250</scrolltime>
				<itemlayout height="60" width="987">
					<control type="image">
						<left>0</left>
						<top>0</top>
						<width>60</width>
						<height>60</height>
						<aspectratio align="center" aligny="center">keep</aspectratio>
						<texture background="true">$INFO[Listitem.Icon]</texture>
						<bordertexture border="6">thumbs/thumb_border.png</bordertexture>
						<bordersize>6</bordersize>
					</control>
					<control type="label">
						<left>65</left>
						<top>0</top>
						<width>700</width>
						<height>40</height>
				    <font>FontSize_20B</font>
						<textcolor>77ffffff</textcolor>
						<label>$INFO[ListItem.Label]</label>
					</control>
					<control type="label">
						<left>65</left>
						<top>0</top>
						<width>700</width>
						<height>80</height>
				    <font>FontSize_20</font>
						<textcolor>77ffffff</textcolor>
						<label>$INFO[ListItem.Property(Event.Description)]</label>
					</control>
					<control type="label">
						<right>10</right>
						<top>0</top>
						<width>215</width>
						<height>60</height>
						<align>right</align>
				    <font>FontSize_20B</font>
						<textcolor>77ffffff</textcolor>
						<label>$INFO[ListItem.Label2]</label>
					</control>
				</itemlayout>
				<focusedlayout height="60" width="987">
					<control type="image">
						<left>0</left>
						<top>0</top>
						<width>987</width>
						<height>60</height>
						<texture background="true" border="1">buttons/focus.png</texture>
	        	<include>ListFocusAnimation</include>
					</control>
					<control type="image">
						<left>0</left>
						<top>0</top>
						<width>60</width>
						<height>60</height>
						<aspectratio align="center" aligny="center">keep</aspectratio>
						<texture background="true">$INFO[Listitem.Icon]</texture>
						<bordertexture border="6">thumbs/thumb_border.png</bordertexture>
						<bordersize>6</bordersize>
					</control>
					<control type="label">
						<left>65</left>
						<top>0</top>
						<width>700</width>
						<height>40</height>
				    <font>FontSize_20B</font>
						<textcolor>white</textcolor>
						<label>$INFO[ListItem.Label]</label>
					</control>
					<control type="label">
						<left>65</left>
						<top>0</top>
						<width>700</width>
						<height>80</height>
				    <font>FontSize_20</font>
						<textcolor>77ffffff</textcolor>
						<label>$INFO[ListItem.Property(Event.Description)]</label>
					</control>
					<control type="label">
						<right>10</right>
						<top>0</top>
						<width>215</width>
						<height>60</height>
						<align>right</align>
				    <font>FontSize_20B</font>
						<textcolor>white</textcolor>
						<label>$INFO[ListItem.Label2]</label>
					</control>
				</focusedlayout>
			</control>
		</control>

    <!-- Header -->
		<control type="label">
			<description>Header</description>
			<left>145</left>
			<top>100</top>
			<width>1000</width>
			<height>45</height>
			<font>FontSize_34B</font>
			<textcolor>99ffffff</textcolor>
			<shadowcolor>99000000</shadowcolor>
			<label>$VAR[SettingsCategoryLabels]</label>
		</control>
	 </control>


	<control type="togglebutton" id="4">
		<description>Event Sort</description>
		<visible>false</visible>
	</control>
	<control type="button" id="21">
		<description>EventLog Level</description>
		<visible>false</visible>
	</control>
	<control type="button" id="20">
		<description>EventLog Clear</description>
		<visible>false</visible>
	</control>
	<control type="radiobutton" id="22">
		<description>EventLog current level</description>
		<visible>false</visible>
	</control>

	 <include>CommonDialogsFadeOutBG</include>
	 <include>CommonNowPlaying</include>
	 <include>SettingsCategoryContentInfo</include>
	 <include>SettingsWeatherAndClock</include>
	</controls>
</window>
