<?xml version="1.0" encoding="UTF-8"?>
<includes> 
	<include file="Defaults.xml" />
	<include file="Includes_Animations.xml" />
	<include file="Includes_Backgrounds.xml" />
    <include file="Includes_Home.xml" />
    <include file="Includes_Views.xml" />
	<include file="Includes_Walls.xml" />
	<include file="Includes_Flags.xml" />
	<include file="Includes_Menus.xml" />
	<include file="Includes_NextAiredInfo.xml" />
	<include file="Includes_Notifications.xml" />
	<include file="Includes_HomeWidgets.xml" />
    <include file="Includes_StaticContent.xml" />
	<include file="Includes_Weather.xml" />
    <include file="Includes_PVR.xml" />	
	<include file="Includes_Dialogs.xml" />
	<include file="Variables.xml" />
	<include file="Includes_OSD.xml" />
	<include file="script-skinshortcuts-includes.xml" />
	<!-- Color Lyrics -->
	<include file="Includes_Lyrics.xml" />
	<!-- NERO MOD -->
	<include file="Includes_Nero.xml" />	

<!-- 
  Custom Windows IDs (This is for references purpose only)
   Custom_DialogOK.xml							id=1110
   Custom_DialogVisualization.xml		id=1112
   Custom_Colours.xml								id=1113
   Custom_StartExit.xml									id=1114
   Custom_Reset.xml									id=1117
   Custom_ManageDialog.xml					id=1118
   Custom_CustomItems.xml						id=1119
   Custom_Trailers.xml							id=1120
   Custom_RSS.xml										id=3002
   Custom_Refresh.xml								id=3050
 -->

	<constant name="FanartCrossfadeTime">300</constant>
	<constant name="IconCrossfadeTime">250</constant>
	<constant name="ButtonsLabelsDisableFade">40</constant>
	<constant name="ButtonsLabelsFade">70</constant>
	<constant name="ButtonsLabelsZoom">90</constant>
	<constant name="ButtonsLabelsTime">200</constant>
	<constant name="ThumbsBordersize6pix">9</constant>
	<constant name="ThumbsBordersize7pix">10</constant>
	<constant name="AnimationsSlide">35</constant>
	<constant name="AnimationsSlideMinus">-35</constant>
	<constant name="AnimationsSlideTime">300</constant>
	<constant name="AnimationsFadeTime">200</constant>
	<constant name="AnimationsDelayTime">0</constant>

	<include name="BackgroundItems">
		<include>BackgroundContent</include>
		<include>GlobalFanart</include>
		<include>BackgroundVignette</include>
	</include>

	<include name="BackgroundItemsPVR">	    
		    <include>BackgroundContent</include>
		    <include>BackgroundVignette</include>
		<control type="image">
		    <include>FullscreenDimensions</include>
			<texture background="true">windows/pvr/bg_overlay.png</texture>
       <!-- <colordiffuse>D9FFFFFF</colordiffuse> -->
		    <include>FanartFade</include>
		</control>
	</include>

	<include name="CommonItems">
		<include>CommonDialogsFadeOutBG</include>
		<include>CommonScrollingLetters</include>
		<include>CommonNowPlaying</include>
		<include>CommonPageCount</include>
	</include>

	<include name="FullscreenDimensions">
		<width>1280</width>
		<height>720</height>
		<aspectratio>stretch</aspectratio>
	</include>

	<include name="CommonDialogsFadeOutBG">
		<control type="image">
			<include>FullscreenDimensions</include>
			<texture background="true">windows/bg/bg_overlay.png</texture>
	    <include>FanartFade</include>
      <visible>[ControlGroup(9111).HasFocus
              | [Window.IsActive(ShutDownmenu) + !Window.IsActive(Favourites)]
        			| [Window.IsActive(ContextMenu) + ![Window.IsActive(Favourites) | Window.IsActive(LockSettings) | Window.IsActive(MusicPlaylistEditor) | Window.IsActive(FileManager) | Window.IsVisible(PVRChannelManager)]]
		          | Window.IsActive(FileBrowser)
        			| Window.IsActive(YesNodialog)
        			| Window.IsActive(OKDialog)
        			| Window.IsActive(MediaFilter)
							| [Window.IsActive(ProgressDialog) + ![Window.IsActive(script-script.extendedinfo-DialogVideoInfo.xml) | Window.IsActive(script-script.extendedinfo-DialogInfo.xml)]]
        			| Window.IsActive(VirtualKeyboard)
        			| Window.IsActive(NumericInput)
          		| Window.IsActive(ProfileSettings)
          		| Window.IsActive(LockSettings)
        			| Window.IsActive(Selectdialog)
        			| Window.IsActive(DialogSelect.xml)
							| [Window.IsActive(TextViewer) + ![Window.IsActive(script-script.extendedinfo-DialogVideoInfo.xml) | Window.IsActive(script-script.extendedinfo-DialogInfo.xml)]]
							| Window.IsActive(ContentSettings)
							| Window.IsActive(MediaSource) 
							| Window.IsActive(PictureInfo)
							| Window.IsActive(SmartPlaylistEditor) 
							| Window.IsActive(SmartPlaylistRule)
							| Window.IsActive(PeripheralSettings)
							| Window.IsActive(script-RSS_Editor.xml) 
        			| Window.IsActive(script-skinshortcuts.xml)
        			| Window.IsActive(script-Maps Browser-dialog.xml)
        			| Window.IsActive(1110)
        			| Window.IsActive(1117)
        			| Window.IsActive(1118)
        			| Window.IsActive(1119)
          		| Window.IsActive(PVRTimerSetting)
          		| Window.IsActive(PVRGuideSearch)
          		| Window.IsActive(PVRChannelManager)
          		| Window.IsActive(PVRGroupManager)
          		| Window.IsActive(AudioDSPManager)
          		| Window.IsActive(OSDAudioDSPSettings)
        			|  String.IsEqual(Window.Property(resetbusy),show)]	+ ![Window.IsActive(MovieInformation) | Window.IsActive(MusicInformation) | Window.IsActive(SongInformation) | Window.IsActive(AddonInformation)]</visible>
		</control>
	</include>

	<include name="TopMenuButton">
			<height>66</height>
			<width min="0" max="860">auto</width>
			<font>FontSize_20</font>
			<textcolor>88ffffff</textcolor>
			<focusedcolor>white</focusedcolor>
		    <disabledcolor>44ffffff</disabledcolor>
			<shadowcolor>77000000</shadowcolor>
			<texturefocus colordiffuse="$VAR[Textures.GlobalColor]">dialogs/other/topmenu_underline.png</texturefocus>
			<alttexturefocus colordiffuse="$VAR[Textures.GlobalColor]">dialogs/other/topmenu_underline.png</alttexturefocus>
			<pulseonselect>false</pulseonselect>
	</include>
	<include name="TopTitleFanart">
			<height>66</height>
			<width min="0" max="360">auto</width>
			<font>FontSize_20</font>
			<textcolor>88ffffff</textcolor>			
			<shadowcolor>77000000</shadowcolor>			
	</include>
	<include name="TopBigLabel">
			<height>50</height>
			<width min="10" max="860">auto</width>
			<font>FontSize_40</font>
			<textcolor>white</textcolor>
			<shadowcolor>77000000</shadowcolor>
			<scroll>false</scroll>
	</include>
	<include name="TopSmallLabel">
			<height>68</height>
			<width min="10" max="860">auto</width>
			<font>FontSize_20</font>
			<textcolor>88ffffff</textcolor>
			<shadowcolor>77000000</shadowcolor>
			<scroll>false</scroll>
	</include>

	<include name="HiddenListContainer">
			<left>-1000</left>
			<top>-1000</top>
			<width>100</width>
			<height>100</height>
			<itemlayout height="100" width="100" />
			<focusedlayout height="100" width="100" />
	</include>

	<include name="HiddenItem">
			<left>-1000</left>
			<top>-1000</top>
			<width>1</width>
			<height>1</height>
			<font></font>
			<texture></texture>
			<texturefocus></texturefocus>
			<textureradioonfocus></textureradioonfocus>
			<textureradioonnofocus></textureradioonnofocus>
			<textureradioofffocus></textureradioofffocus>
			<textureradiooffnofocus></textureradiooffnofocus>
			<textureup></textureup>
			<texturedown></texturedown>
			<textureupfocus></textureupfocus>
			<texturedownfocus></texturedownfocus>
		    <texturebg></texturebg>
			<midtexture></midtexture>
	</include>

	<include name="SettingsCategoryContentInfo">
	 <control type="group">
		<left>45</left>
		<top>25</top>
	    <include>SettingsSlideAnimations</include>
		<include>ShutdownMenuAnimation</include>
        <include>InfoDialogs_ContentInfoAnimation</include>
        <include>VisibleHiddenSlideAnimation</include>
	    <visible>!ControlGroup(9000).HasFocus</visible>
	    <visible>!ControlGroup(9000).HasFocus</visible>
    <!-- Content Info -->
		<control type="grouplist">
			<left>0</left>
			<top>0</top>
			<height>70</height>
			<width>1000</width>
			<align>left</align>
			<itemgap>15</itemgap>
			<orientation>horizontal</orientation>
	    <include>Logo</include>
			<control type="label">
			    <include>TopBigLabel</include>
			    <label>$LOCALIZE[5]</label>
			</control>
	    <control type="label">
			    <include>TopSmallLabel</include>
				<label>$VAR[SettingsCategoryLabels]</label>
			    <visible>Window.IsActive(Settings)</visible>
		</control>
	    <control type="label">
			    <include>TopSmallLabel</include>
				<label>$VAR[CustomColorsContentInfo]</label>
			    <visible>Window.IsActive(SkinSettings)</visible>
		</control>
	    <control type="label">
			    <include>TopSmallLabel</include>
				<label>$INFO[Control.GetLabel(20)]</label>
			    <visible>Window.IsActive(SettingsCategory.xml)</visible>
		</control>
		
<!-- *Disabled*
	    <control type="label">
			    <include>TopSmallLabel</include>
				<label>$VAR[SettingsCategoryLabels]$INFO[Control.GetLabel(20), - ]</label>
		</control>
	    <control type="label">
			    <include>TopSmallLabel</include>
				<label>$INFO[Control.GetLabel(20),($LOCALIZE[31185] ,)]</label>
		</control>
 -->
		</control>
	 </control>
	 
	 <control type="group" id="9000">
		<left>30</left>
		<top>25</top>
      <include>ShutdownMenuAnimation</include>
      <include>OptionsTopMenuAnimation</include>
      <include>OptionsTopMenuHeader</include>
	  <control type="grouplist" id="9111">
			<onleft>9111</onleft>
			<onright condition="!Window.IsVisible(SkinSettings) + !Window.IsVisible(EventLog)">9001</onright>
			<onright condition="Window.IsVisible(SkinSettings)">7000</onright>
			<onright condition="Window.IsVisible(EventLog)">570</onright>
			<onup>9111</onup>
			<ondown>9111</ondown>
      <include>OptionsTopMenuVars</include>
			<!-- Settings Category -->
			<control type="button" id="991">
				<description>Settings Level</description>
				<label>$INFO[Control.GetLabel(20),$LOCALIZE[31167]  ]</label>
				<onclick>SettingsLevelChange</onclick>
			    <visible>Window.IsVisible(SettingsCategory.xml)</visible>
			    <include>TopLeftMenusButton</include>
			</control>
			<control type="button" id="992">
				<description>Reset Settings Level</description>
				<label>$LOCALIZE[31168]</label>
                <onclick>SetFocus(9001)</onclick>
				<onclick>SettingsReset</onclick>
			    <visible>Window.IsVisible(SettingsCategory.xml)</visible>
			    <include>TopLeftMenusButton</include>
			</control>
			<!-- Skin Settings -->
			<control type="button" id="993">
				<description>Reset Skin</description>
				<label>$LOCALIZE[31169]</label>
                <onclick>SetFocus(7000)</onclick>
                <onclick>ActivateWindow(1117)</onclick>
			    <visible>Window.IsVisible(SkinSettings)</visible>
		        <include>TopLeftMenusButton</include>
			</control>
			<!-- EventLog -->
			<control type="togglebutton" id="994">
				<description>EventLog Sort asc</description>
                <label>$LOCALIZE[21429]: $LOCALIZE[584]</label>
                <altlabel>$LOCALIZE[21429]: $LOCALIZE[585]</altlabel>
				<usealttexture>Container.SortDirection(Ascending)</usealttexture>
				<onclick>SendClick(4)</onclick>
			    <visible>Window.IsVisible(EventLog)</visible>
		        <include>TopLeftMenusButton</include>
			</control>
			<control type="button" id="995">
				<description>EventLog Level</description>
				<label>$INFO[Control.GetLabel(21)]</label>
				<onclick>SendClick(21)</onclick>
			    <visible>Window.IsVisible(EventLog)</visible>
		        <include>TopLeftMenusButton</include>
			</control>
			<control type="button" id="996">
				<description>EventLog Clear</description>
				<label>192</label>
				<onclick>SendClick(20)</onclick>
			    <visible>Window.IsVisible(EventLog)</visible>
		        <include>TopLeftMenusButton</include>
			</control>
			<control type="togglebutton" id="997">
				<description>EventLog current level</description>
                <label>$LOCALIZE[14120]: $LOCALIZE[31012]</label>
                <altlabel>$LOCALIZE[14120]: $LOCALIZE[31011]</altlabel>
				<onclick>SendClick(22)</onclick>
			    <visible>Window.IsVisible(EventLog)</visible>
		        <include>TopLeftMenusButton</include>
		 	</control>
  		  <include>OptionsTopMenuEnd</include>
	    </control>
	  </control>
	</include>

	<include name="SettingsButtonLeft">
			<description>Default Category Button</description>
			<width>295</width>
			<height>50</height>
			<font>FontSize_20</font>
			<textcolor>77ffffff</textcolor>
			<focusedcolor>white</focusedcolor>
		    <disabledcolor>33ffffff</disabledcolor>
			<shadowcolor>99000000</shadowcolor>
			<texturefocus border="1">windows/settings/settings_left_fo.png</texturefocus>
			<texturenofocus></texturenofocus>
			<align>right</align>
		    <textwidth>250</textwidth>
			<textoffsetx>15</textoffsetx>
	</include>
	<include name="SettingsButton">
			<description>Default Button</description>
			<width>784</width>
			<height>50</height>
			<font>FontSize_20</font>
			<textcolor>77ffffff</textcolor>
			<focusedcolor>white</focusedcolor>
		    <disabledcolor>33ffffff</disabledcolor>
			<shadowcolor>99000000</shadowcolor>
			<texturefocus border="1">windows/settings/settings_right_fo.png</texturefocus>
			<texturenofocus></texturenofocus>
			<textoffsetx>15</textoffsetx>
	</include>
	<include name="SettingsRadioButton">
			<description>Default RadioButton</description>
			<width>784</width>
			<height>50</height>
			<font>FontSize_20</font>
			<textcolor>77ffffff</textcolor>
			<focusedcolor>white</focusedcolor>
		    <disabledcolor>33ffffff</disabledcolor>
			<shadowcolor>99000000</shadowcolor>
			<texturefocus border="1">windows/settings/settings_right_fo.png</texturefocus>
			<texturenofocus></texturenofocus>
			<radioposx>747</radioposx>
			<textwidth>724</textwidth>
			<textoffsetx>15</textoffsetx>
	</include>
	<include name="SettingsSpincontrolex">
			<description>Default SpinControlex</description>
			<width>784</width>
			<height>50</height>
			<font>FontSize_20</font>
			<textcolor>77ffffff</textcolor>
			<focusedcolor>white</focusedcolor>
		    <disabledcolor>33ffffff</disabledcolor>
			<shadowcolor>99000000</shadowcolor>
			<texturefocus border="1">windows/settings/settings_right_fo.png</texturefocus>
			<spinposx>16</spinposx>
			<textoffsetx>15</textoffsetx>
			<reverse>yes</reverse>
	</include>
	<include name="SettingsSliderex">
			<description>Default Slider</description>
			<width>784</width>
		    <height>50</height>
		    <font>FontSize_20</font>
			<textcolor>77ffffff</textcolor>
			<focusedcolor>white</focusedcolor>
		    <disabledcolor>33ffffff</disabledcolor>
			<shadowcolor>99000000</shadowcolor>
			<texturefocus border="1">windows/settings/settings_right_fo.png</texturefocus>
			<texturenofocus></texturenofocus>
			<sliderwidth>150</sliderwidth>
			<sliderheight>18</sliderheight>
		    <textoffsetx>15</textoffsetx>
	</include>	
	<include name="TopLeftMenusButton">
			<width>405</width>
			<height>37</height>
			<font>FontSize_22</font>
			<textcolor>77ffffff</textcolor>
			<focusedcolor>white</focusedcolor>
			<!-- <focusedcolor>FFB326B8</focusedcolor> -->
		    <disabledcolor>44ffffff</disabledcolor>
			<align>left</align>
			<aligny>top</aligny>
			<textwidth>310</textwidth>
			<textoffsetx>50</textoffsetx>
			<textoffsety>2</textoffsety>
			<texturefocus>dialogs/menus/topmenus_fo.png</texturefocus>
			<texturenofocus>dialogs/menus/topmenus_nf.png</texturenofocus>
			<alttexturefocus>dialogs/menus/topmenus_fo.png</alttexturefocus>
			<alttexturenofocus>dialogs/menus/topmenus_nf.png</alttexturenofocus>
	</include>
	<include name="TopLeftMenusRadioButton">
			<width>405</width>
			<height>37</height>
			<font>FontSize_22</font>
			<textcolor>77ffffff</textcolor>
			<focusedcolor>white</focusedcolor>
			<!-- <focusedcolor>FFB326B8</focusedcolor> -->
		    <disabledcolor>44ffffff</disabledcolor>
			<align>left</align>
			<aligny>top</aligny>
			<textwidth>270</textwidth>
			<textoffsetx>50</textoffsetx>
			<textoffsety>2</textoffsety>
			<texturefocus>dialogs/menus/topmenus_fo.png</texturefocus>
			<texturenofocus>dialogs/menus/topmenus_nf.png</texturenofocus>
			<textureradioonfocus></textureradioonfocus>
			<textureradioonnofocus></textureradioonnofocus>
			<textureradioofffocus></textureradioofffocus>
			<textureradiooffnofocus></textureradiooffnofocus>
			<textureradioondisabled></textureradioondisabled>
			<textureradiooffdisabled></textureradiooffdisabled>
			<radiowidth></radiowidth>
			<radioheight></radioheight>
	</include>
	
  <!-- ================== -->
  <!-- Common Now Playing -->
  <!-- ================== --> 
	<include name="CommonNowPlaying">
		<control type="grouplist">
			<include>VisibleHiddenSlideAnimation</include>
            <include>KaiToastSlideAnimations</include>
            <include>ScanSlideAnimations</include>
		    <visible>Player.HasMedia + !Window.IsActive(PlayerControls) + !Window.IsActive(script-globalsearch-main.xml) + !String.Contains(Window(Videos).Property(PlayingBackgroundMedia))</visible>
	        <animation type="WindowOpen" reversible="false" condition="Window.Previous(Home) | Window.Previous(fullscreenvideo) | Window.Previous(visualisation) | Window.Previous(screencalibration) | Window.Previous(screensaver) | Window.Previous(slideshow)">
	           <include>CommonVisibleEffect</include>
	        </animation>
	        <animation type="WindowClose" reversible="false" condition="Window.Next(Home) | Window.Next(fullscreenvideo) | Window.Next(visualisation) | Window.Next(screencalibration) | Window.Next(screensaver) | Window.Next(slideshow)">
	          <include>CommonHiddenEffectTwo</include>
	        </animation>
			<left>45</left>
			<top>640</top>
			<width>1000</width>
		    <height>60</height>
			<align>left</align>
			<itemgap>5</itemgap>
			<orientation>horizontal</orientation>
			<control type="label">
				<height>53</height>
				<width min="10" max="1000">auto</width>
				<label>$INFO[Player.Time]</label>
				<align>left</align>
				<aligny>center</aligny>
				<font>FontSize_50</font>
				<textcolor>white</textcolor>
				<shadowcolor>77000000</shadowcolor>
			</control>
      <!-- Music -->
			<control type="group">
				<visible>Player.HasAudio</visible>
				<control type="group">
					<animation type="Conditional" reversible="false" condition="MusicPlayer.HasNext" loop="true">
						<effect type="fade" start="0" end="100" time="500" delay="0" />
						<effect type="fade" start="100" end="0" time="500" delay="10000" />
						<effect type="fade" start="100" end="0" time="500" delay="20000" />
					</animation>
					<control type="label">
						<left>0</left>
						<top>4</top>
						<width>300</width>
						<height>25</height>
						<label>$LOCALIZE[31316]...</label>
						<align>left</align>
						<aligny>center</aligny>
						<font>NotificationsFont</font>
						<textcolor>$VAR[Text.GlobalColor]</textcolor>
						<shadowcolor>77000000</shadowcolor>
					</control>
					<control type="label">
						<left>0</left>
						<top>25</top>
						<width>540</width>
						<height>25</height>
						<label>$INFO[Player.Title]$INFO[MusicPlayer.Artist, - ] $INFO[MusicPlayer.Album, (,) ]</label>
						<align>left</align>
						<aligny>center</aligny>
						<font>NotificationsFont</font>
						<textcolor>99ffffff</textcolor>
						<shadowcolor>77000000</shadowcolor>
					</control>
				</control>
				<control type="group">
				  <visible>MusicPlayer.HasNext</visible>
					<animation type="Conditional" reversible="false" condition="MusicPlayer.HasNext" loop="true">
						<effect type="fade" start="0" end="100" time="500" delay="10500" />
						<effect type="fade" start="100" end="0" time="500" delay="20000" />
					</animation>
					<control type="label">
						<left>0</left>
						<top>4</top>
						<width>300</width>
						<height>25</height>
						<label>$LOCALIZE[209]...</label>
						<align>left</align>
						<aligny>center</aligny>
						<font>NotificationsFont</font>
						<textcolor>$VAR[Text.GlobalColor]</textcolor>
						<shadowcolor>77000000</shadowcolor>
					</control>
					<control type="label">
						<left>0</left>
						<top>25</top>
						<width>540</width>
						<height>25</height>
						<label>$INFO[MusicPlayer.offset(1).Title]$INFO[MusicPlayer.offset(1).Artist, - ]</label>
						<align>left</align>
						<aligny>center</aligny>
						<font>NotificationsFont</font>
						<textcolor>99ffffff</textcolor>
						<shadowcolor>77000000</shadowcolor>
					</control>
				</control>
			</control>
      <!-- Movies -->
			<control type="group">
				<visible>Player.HasVideo + VideoPlayer.Content(Movies)</visible>
				<control type="label">
					<left>0</left>
					<top>4</top>
					<width>300</width>
					<height>25</height>
					<label>$LOCALIZE[31316]...</label>
					<align>left</align>
					<aligny>center</aligny>
					<font>NotificationsFont</font>
					<textcolor>$VAR[Text.GlobalColor]</textcolor>
					<shadowcolor>77000000</shadowcolor>
				</control>
				<control type="label">
					<left>0</left>
					<top>25</top>
					<width>480</width>
					<height>25</height>
			    <label>$INFO[Player.Title]$INFO[VideoPlayer.Year, (,)]</label>
					<align>left</align>
					<aligny>center</aligny>
					<font>NotificationsFont</font>
					<textcolor>99ffffff</textcolor>
					<shadowcolor>77000000</shadowcolor>
				</control>
			</control>
      <!-- Episodes -->
			<control type="group">
				<visible>Player.HasVideo + VideoPlayer.Content(Episodes)</visible>
				<control type="label">
					<left>0</left>
					<top>4</top>
					<width>300</width>
					<height>25</height>
					<label>$LOCALIZE[31316]...</label>
					<align>left</align>
					<aligny>center</aligny>
					<font>NotificationsFont</font>
					<textcolor>$VAR[Text.GlobalColor]</textcolor>
					<shadowcolor>77000000</shadowcolor>
				</control>
				<control type="label">
					<left>0</left>
					<top>25</top>
					<width>480</width>
					<height>25</height>
					<label>$INFO[Player.Title] $INFO[VideoPlayer.TVShowTitle, (,] $INFO[VideoPlayer.Season,]$INFO[VideoPlayer.Episode,x,)]</label>
					<align>left</align>
					<aligny>center</aligny>
					<font>NotificationsFont</font>
					<textcolor>99ffffff</textcolor>
					<shadowcolor>77000000</shadowcolor>
				</control>
			</control>
      <!-- Videos -->
			<control type="group">
				<visible>Player.HasVideo + ![VideoPlayer.Content(Movies) | VideoPlayer.Content(Episodes) | VideoPlayer.Content(LiveTV)]</visible>
				<control type="label">
					<left>0</left>
					<top>4</top>
					<width>300</width>
					<height>25</height>
					<label>$LOCALIZE[31316]...</label>
					<align>left</align>
					<aligny>center</aligny>
					<font>NotificationsFont</font>
					<textcolor>$VAR[Text.GlobalColor]</textcolor>
					<shadowcolor>77000000</shadowcolor>
				</control>
				<control type="label">
					<left>0</left>
					<top>25</top>
					<width>480</width>
					<height>25</height>
			    <label>$INFO[Player.Title]$INFO[VideoPlayer.Genre, (,)]</label>
					<align>left</align>
					<aligny>center</aligny>
					<font>NotificationsFont</font>
					<textcolor>99ffffff</textcolor>
					<shadowcolor>77000000</shadowcolor>
				</control>
			</control>
      <!-- LiveTV -->
			<control type="group">
				<visible>Player.HasVideo + VideoPlayer.Content(LiveTV)</visible>
				<control type="group">
					<animation type="Conditional" reversible="false" condition="Pvr.IsPlayingTv" loop="true">
						<effect type="fade" start="0" end="100" time="500" delay="0" />
						<effect type="fade" start="100" end="0" time="500" delay="10000" />
						<effect type="fade" start="100" end="0" time="500" delay="20000" />
					</animation>
					<control type="label">
						<left>0</left>
						<top>4</top>
						<width>300</width>
						<height>25</height>
						<label>$LOCALIZE[31316]...</label>
						<align>left</align>
						<aligny>center</aligny>
						<font>NotificationsFont</font>
						<textcolor>$VAR[Text.GlobalColor]</textcolor>
						<shadowcolor>77000000</shadowcolor>
					</control>
					<control type="label">
						<left>0</left>
						<top>25</top>
						<width>480</width>
						<height>25</height>
						<label>$INFO[VideoPlayer.ChannelNumber,,. ]$INFO[VideoPlayer.ChannelName]$INFO[Player.Title,: ]</label>
						<align>left</align>
						<aligny>center</aligny>
						<font>NotificationsFont</font>
						<textcolor>99ffffff</textcolor>
						<shadowcolor>77000000</shadowcolor>
					</control>
				</control>
				<control type="group">
				  <visible>Pvr.IsPlayingTv</visible>
					<animation type="Conditional" reversible="false" condition="Pvr.IsPlayingTv" loop="true">
						<effect type="fade" start="0" end="100" time="500" delay="10500" />
						<effect type="fade" start="100" end="0" time="500" delay="20000" />
					</animation>
					<control type="label">
						<left>0</left>
						<top>4</top>
						<width>300</width>
						<height>25</height>
						<label>$LOCALIZE[209]...</label>
						<align>left</align>
						<aligny>center</aligny>
						<font>NotificationsFont</font>
						<textcolor>$VAR[Text.GlobalColor]</textcolor>
						<shadowcolor>77000000</shadowcolor>
					</control>
					<control type="label">
						<left>0</left>
						<top>25</top>
						<width>480</width>
						<height>25</height>
					  <label>$INFO[VideoPlayer.NextTitle,, ]$INFO[VideoPlayer.NextStartTime,(,)]</label>
						<align>left</align>
						<aligny>center</aligny>
						<font>NotificationsFont</font>
						<textcolor>99ffffff</textcolor>
						<shadowcolor>77000000</shadowcolor>
					</control>
				</control>
			</control>

		</control>
		<include>DebugInfo</include>
	</include>

	<include name="Logo">
	  <control type="group">
			<width>36</width>
	    <control type="image">
			  <left>-2</left>
			  <top>3</top>
	    	  <width>49</width>
	    	  <height>49</height>
		      <colordiffuse>ddffffff</colordiffuse>
	          <aspectratio>keep</aspectratio>
	    	  <texture background="true">icons/logo.png</texture>
	    </control>
	    <control type="image">
			  <left>-2</left>
			  <top>3</top>
	    	  <width>48</width>
	    	  <height>48</height>
		      <colordiffuse>ddffffff</colordiffuse>
	          <aspectratio>keep</aspectratio>
	    	  <texture background="true">dialogs/busy/panel_busy.png</texture>
	    </control>
	    <control type="label.">
			  <left>0</left>
			  <top>0</top>
	    	  <width>46</width>
	    	  <height>50</height>
			  <align>center</align>
			  <font>FontSize_38</font>
			  <textcolor>white</textcolor>
			  <shadowcolor>22000000</shadowcolor>
			  <label>B</label>
	    </control>
    </control>
	</include>
	<include name="LogoBig">
	    <control type="group">
	      <width>50</width>
	        <control type="image">
	    		  <left>0</left>
	    		  <top>7</top>
	        	  <width>60</width>
	        	  <height>60</height>
	    	      <colordiffuse>ddffffff</colordiffuse>
	              <aspectratio>keep</aspectratio>
	        	  <texture background="true">icons/logo.png</texture>
	        </control>
	        <control type="image">
	    		  <left>-7</left>
	    		  <top>1</top>
	        	  <width>72</width>
	        	  <height>72</height>
	    	      <colordiffuse>99ffffff</colordiffuse>
	              <aspectratio>keep</aspectratio>
	        	  <texture background="true">views/other/panel_logo.png</texture>
	        </control>
	        <control type="label...">
	    		  <left>0</left>
	    		  <top>0</top>
	    		  <width>62</width>
	    		  <height>71</height>
	    		  <align>center</align>
	    		  <font>FontSize_44</font>
	    		  <textcolor>white</textcolor>
	    		  <shadowcolor>22000000</shadowcolor>
	    		  <label>B</label>
	        </control>
        </control>
	</include>

	<include name="CommonPageCount">
		<control type="group">
			<left>45</left>
            <animation effect="slide" start="0" end="66" condition="Window.IsVisible(MyVideoNav.xml) | Window.IsVisible(MyMusicNav.xml) | Window.IsVisible(AddonBrowser.xml) | Window.IsVisible(MyPics.xml) | Window.IsVisible(MyPrograms.xml) | Window.IsVisible(MyPlaylist.xml) | Window.IsVisible(FileManager.xml) | Window.IsVisible(MyMusicPlaylistEditor.xml)">Conditional</animation>
		    <include>ShutdownMenuAnimation</include>
            <include>InfoDialogs_ContentInfoAnimation</include>
            <include>VisibleHiddenSlideAnimation</include>
		    <visible>!ControlGroup(9000).HasFocus</visible>
			<control type="label">
				<description>Page Count Label</description>
				<top>70</top>
				<width>1000</width>
				<height>20</height>
				<font>FontSize_18</font>
				<textcolor>$VAR[Text.GlobalColor]</textcolor>
			    <shadowcolor>77000000</shadowcolor>
				<scroll>false</scroll>
				<align>left</align>
	            <include>OpenCloseSlideAnimationTwo</include>
				<label>$VAR[ContainerNumItems]</label>
				<!-- <label>$INFO[Container.CurrentItem,$LOCALIZE[31025] ]$INFO[Container.NumItems, of ]$INFO[Control.GetLabel(3), • ]</label>
				<label>$INFO[Container.NumItems,, $LOCALIZE[31025]]$INFO[Control.GetLabel(3), • ]</label> -->
			</control>
		</control>
	</include>

	<include name="CommonScrollingLetters">
		<control type="group">
			<left>875</left>
			<top>25</top>
      <visible>Container.Scrolling</visible>
			<include>TopRightSlideAnimations</include>
			<control type="grouplist">
				<right>45</right>
				<top>0</top>
				<height>70</height>
				<width>360</width>
				<align>right</align>
				<aligny>center</aligny>
				<itemgap>12</itemgap>
				<orientation>horizontal</orientation>
				<control type="label">
				    <include>TopSmallLabel</include>
		            <label>$LOCALIZE[31026]</label>
				</control>
				<control type="label">
				    <include>TopBigLabel</include>
				    <label>$INFO[Container.ListItem.SortLetter]</label>
				</control>
			</control>
		</control>
		<control type="group">
			<left>405r</left>
			<top>25</top>
            <visible>Window.IsVisible(FileManager) + [Container(20).Scrolling | Container(21).Scrolling]</visible>
			<include>TopRightSlideAnimations</include>
			<control type="grouplist">
				<left>0</left>
				<top>0</top>
				<height>70</height>
				<width>360</width>
				<align>right</align>
				<aligny>center</aligny>
				<itemgap>12</itemgap>
				<orientation>horizontal</orientation>
				<control type="label">
				    <include>TopSmallLabel</include>
		            <label>31026</label>
				</control>
				<control type="label">
				    <include>TopBigLabel</include>
				    <label>$INFO[Container(20).ListItem.SortLetter]</label>
				    <visible>Control.HasFocus(20)</visible>
				</control>
				<control type="label">
				    <include>TopBigLabel</include>
				    <label>$INFO[Container(21).ListItem.SortLetter]</label>
				    <visible>Control.HasFocus(21)</visible>
				</control>
			</control>
		</control>		
	</include>

	<include name="CommonWeatherAndClock">
	    <control type="group">
			<left>25</left>
			<top>45</top>
            <visible>![Container(112).Scrolling | Container(120).Scrolling | Container(129).Scrolling]</visible>
			<visible>!Container.Scrolling + ![Window.IsVisible(FileManager) + [Container().Scrolling | Container().Scrolling]] + ![Window.IsVisible(musicplaylisteditor) + [Container().Scrolling | Container().Scrolling]]</visible>
	        <include>OpenCloseSlideAnimationTwo</include>
		    <include>VisibleHiddenSlideAnimation</include>
            <include>WeatherAndClock</include>
	        <animation type="Conditional" condition="[Window.IsActive(MovieInformation) | Window.IsActive(MusicInformation) | Window.IsActive(SongInformation) | Window.IsActive(AddonInformation) | Window.IsActive(script-script.extendedinfo-DialogInfo.xml) | Window.IsActive(script-script.extendedinfo-DialogVideoInfo.xml) | Window.IsActive(script-script.extendedinfo-VideoList.xml) | Window.IsActive(script-script.extendedinfo-YoutubeList.xml)] | !String.IsEmpty(Window(Home).Property(infodialogs.active))">
	            <effect type="slide" start="0,0" end="0,AnimationsSlide" time="AnimationsSlideTime" tween="quadratic" easing="in" />
	            <effect type="fade" start="100" end="0" time="AnimationsFadeTime" />
	        </animation>
	        <animation type="Conditional" condition="!Window.IsActive(script-globalsearch-main.xml)">
	            <include>CommonVisibleEffect</include>
	        </animation>
	    </control>
	</include>	

	<include name="SettingsWeatherAndClock">
		 <control type="group">
				<left>25</left>
				<top>45</top>
				<include>SettingsSlideAnimations</include>
        <include>WeatherAndClock</include>
		    <animation type="Conditional" condition="[Window.IsActive(MovieInformation) | Window.IsActive(MusicInformation) | Window.IsActive(SongInformation) | Window.IsActive(AddonInformation) | Window.IsActive(script-script.extendedinfo-DialogInfo.xml) | Window.IsActive(script-script.extendedinfo-DialogVideoInfo.xml) | Window.IsActive(script-script.extendedinfo-VideoList.xml) | Window.IsActive(script-script.extendedinfo-YoutubeList.xml)] | !String.IsEmpty(Window(Home).Property(infodialogs.active))">
		       <effect type="slide" start="0,0" end="0,AnimationsSlide" time="AnimationsSlideTime" tween="quadratic" easing="in" />
		       <effect type="fade" start="100" end="0" time="AnimationsFadeTime" />
		    </animation>
		    <animation type="Conditional" condition="!Window.IsActive(script-globalsearch-main.xml)">
		       <include>CommonVisibleEffect</include>
		    </animation>
		 </control>
	</include>	

	<include name="WeatherAndClock">
		<control type="grouplist" id="1">
			<include>VolumeBarSlideAnimations</include>
			<left>0</left>
			<top>0</top>
			<width>1210</width>
			<itemgap>0</itemgap>
			<align>right</align>
			<orientation>horizontal</orientation>
			
		<!---- Weather ---- for support Icon Weather Animated -->
	    <control type="group"  id="1">
				<left>-45</left>
				<top>0</top>
			    <visible>!String.Contains(Window(Weather).Property(Current.ConditionIcon),na)</visible>
				<control type="image" id="1">
					<left>-7</left>
					<top>-5</top>
					<height>46</height>
					<width>46</width>
			        <align>right</align>
					<aligny>center</aligny>
				    <texture>$INFO[Window(Weather).Property(Current.FanartCode),weather/icons.default.small/,.png]</texture>
					<visible>Weather.IsFetched + !String.IsEmpty(Skin.String(weathericons.multi))</visible>		
				</control>
				<control type="multiimage" id="1">
					<left>-7</left>
					<top>-5</top>
					<height>46</height>
					<width>46</width>
			        <align>right</align>
					<aligny>center</aligny>
					<imagepath>$VAR[WeatherIconsPathMulti]$INFO[Window(Weather).Property(Current.FanartCode)]$VAR[WeatherIconsMulti]</imagepath>
					<timeperimage>70</timeperimage>
					<fadetime>1</fadetime>
					<randomize>false</randomize>
					<aspectratio>keep</aspectratio>
					<visible>Weather.IsFetched + String.IsEmpty(Skin.String(weathericons.multi))</visible>
				</control>
				<control type="label" id="1">
					<left>-112</left>
					<top>3</top>
			        <width>100</width>
			        <height>26</height>
			        <font>FontSize_20</font>
					<textcolor>white</textcolor>
				    <shadowcolor>77000000</shadowcolor>
			        <align>right</align>
			        <aligny>center</aligny>
					<scroll>false</scroll>
					<label>$INFO[Window(Weather).Property(Current.Temperature),,°]</label>
					<visible>Weather.IsFetched</visible>
				</control>
		  </control>
		  <!-- Time -->
			<control type="label" id="1">
		        <width min="10" max="200">auto</width>
		        <height>33</height>
		        <font>FontSize_20</font>
				<textcolor>$VAR[Text.GlobalColor]</textcolor>
				<shadowcolor>77000000</shadowcolor>
		        <align>left</align>
		        <aligny>center</aligny>
				<scroll>false</scroll>
				<label>$INFO[System.Time(hh:mm)]</label>
			</control>
			<control type="group" id="1">
				<visible>String.Contains(system.time,AM,right) | String.Contains(system.time,PM,right)</visible>
				<width>20</width>
				<height>20</height>
				<control type="label" id="1">
					<visible>String.Contains(system.time,AM,right)</visible>
					<left>2</left>
					<top>0</top>
					<width>20</width>
					<height>18</height>
		            <font>ClockFont</font>
					<textcolor>$VAR[Text.GlobalColor]</textcolor>
					<shadowcolor>77000000</shadowcolor>
				    <label>31030</label>
				</control>
				<control type="label" id="1">
					<visible>String.Contains(system.time,PM,right)</visible>
					<left>2</left>
					<top>0</top>
					<width>20</width>
					<height>18</height>
					<textcolor>$VAR[Text.GlobalColor]</textcolor>
					<shadowcolor>77000000</shadowcolor>
		            <font>ClockFont</font>
				    <label>31031</label>
				</control>
			</control>
		  <!-- NowPlaying Finish Time -->
			<control type="label" id="1">
		        <width min="10" max="200">auto</width>
		        <height>33</height>
		        <font>FontSize_20</font>
				<textcolor>$VAR[Text.GlobalColor]</textcolor>
				<shadowcolor>77000000</shadowcolor>
		        <align>left</align>
		        <aligny>center</aligny>
				<scroll>false</scroll>
				<label>$INFO[Player.FinishTime(hh:mm), / ]</label>
				<visible>Player.HasVideo</visible>
			</control>
			<control type="group" id="1">
				<visible>Player.HasVideo</visible>
				<visible>String.Contains(system.time,AM,right) | String.Contains(system.time,PM,right)</visible>
				<width>20</width>
				<height>20</height>
				<control type="label" id="1">
					<visible>String.Contains(system.time,AM,right)</visible>
					<left>2</left>
					<top>0</top>
					<width>20</width>
					<height>18</height>
		            <font>ClockFont</font>
					<textcolor>$VAR[Text.GlobalColor]</textcolor>
					<shadowcolor>77000000</shadowcolor>
				    <label>31030</label>
				</control>
				<control type="label" id="1">
					<visible>String.Contains(system.time,PM,right)</visible>
					<left>2</left>
					<top>0</top>
					<width>20</width>
					<height>18</height>
					<textcolor>$VAR[Text.GlobalColor]</textcolor>
					<shadowcolor>77000000</shadowcolor>
		            <font>ClockFont</font>
				    <label>31031</label>
				</control>
			</control>
	  </control>

		<control type="group">
	        <left>1187</left>
            <visible>PVR.IsRecording + !Window.IsActive(visualisation) + !Window.IsVisible(startup)</visible>
			<include>VolumeBarSlideAnimations</include>
            <animation effect="fade" start="0" end="100" delay="500" time="500" tween="sine" easing="in" pulse="true" condition="true">Conditional</animation>
			<control type="label">
	            <left>-95</left>
	            <top>25</top>
				<width>100</width>
				<height>23</height>
				<font>FontSize_14B</font>
				<textcolor>white</textcolor>
				<shadowcolor>AA000000</shadowcolor>
				<align>right</align>
				<aligny>center</aligny>
				<label>REC</label>
			</control>
      <control type="image">
      	    <left>0</left>
      	    <top>20</top>
      	    <width>32</width>
      	    <height>32</height>
		    <aspectratio align="right" aligny="center">keep</aspectratio>
      	    <texture>windows/pvr/rec.png</texture>
      </control>
		</control>
	</include>

	<include name="BusyAnimation">
		<control type="grouplist">
			<left>44</left>
			<top>639</top>
			<width>1000</width>
		    <height>60</height>
			<align>left</align>
			<itemgap>10</itemgap>
			<orientation>horizontal</orientation>
			<control type="group">
			<width>54</width>
		    <control type="image">
		    	<width>58</width>
		    	<height>58</height>
			    <colordiffuse>$VAR[Textures.GlobalColor]</colordiffuse>
		        <aspectratio>keep</aspectratio>
		    	<texture background="true">dialogs/busy/panel_busy.png</texture>
		    </control>
		    <control type="image">
		    	<width>58</width>
		    	<height>58</height>
			    <colordiffuse>$VAR[Textures.GlobalColor]</colordiffuse>
		        <aspectratio>keep</aspectratio>
		    	<texture background="true">dialogs/busy/busy.png</texture>
		        <animation effect="rotate" start="0" end="-360" center="auto" time="1500" loop="true" condition="true">conditional</animation>
		    </control>
	     </control>
			<control type="label">
				<height>54</height>
				<width min="10" max="1000">auto</width>
				<label>$LOCALIZE[31006]</label>
				<align>left</align>
				<aligny>center</aligny>
				<font>FontSize_50</font>
				<textcolor>$VAR[Textures.GlobalColor]</textcolor>
				<shadowcolor>77000000</shadowcolor>
                <scroll>false</scroll>
			</control>
		</control>
	</include>


	<include name="Autocompletion">
	  <control type="image">
			<left>229</left>
			<top>220</top>
		    <width>822</width>
		    <height>337</height>
		    <texture background="true" border="39,19,39,19">dialogs/other/body.png</texture>
			<animation effect="fade" start="100" end="0" time="300" delay="600">Hidden</animation>
		    <visible>String.IsEmpty(Control.GetLabel(312).index(1))</visible>
	  </control>
	  <control type="image">
			<left>229</left>
			<top>220</top>
		    <width>822</width>
		    <height>457</height>
		    <texture background="true" border="39,19,39,19">dialogs/other/body.png</texture>
			<animation effect="fade" start="0" end="100" time="300" delay="600">Visible</animation>
		    <visible>!String.IsEmpty(Control.GetLabel(312).index(1))</visible>
	  </control>
		<control type="panel" id="7006">
			<left>251</left>
			<top>555</top>
			<width>824</width>
			<height>104</height>
			<onup>7005</onup>
			<ondown>7005</ondown>
			<orientation>vertical</orientation>
			<animation effect="fade" start="100" end="0" time="300" condition="String.IsEmpty(Container(7006).ListItem.Label)">conditional</animation>
			<itemlayout height="52" width="195.5">
				<control type="image">
					<width>191</width>
					<height>48</height>
					<texture border="4,6,4,6">dialogs/keyboard/button_nf.png</texture>
	                <visible>!String.IsEmpty(Control.GetLabel(312).index(1))</visible>
				</control>
				<control type="label">
					<left>5</left>
					<width>181</width>
					<height>48</height>
					<align>center</align>
					<aligny>center</aligny>
					<font>FontSize_16B</font>
					<textcolor>99grey</textcolor>
			        <shadowcolor>99000000</shadowcolor>
					<label>$INFO[ListItem.Label]</label>
	                <visible>!String.IsEmpty(Control.GetLabel(312).index(1))</visible>
				</control>
			</itemlayout>
			<focusedlayout height="52" width="195.5">
				<control type="image">
					<width>191</width>
					<height>48</height>
					<texture border="4,6,4,6">dialogs/keyboard/button_nf.png</texture>
					<visible>!Control.HasFocus(7006)</visible>
				</control>
				<control type="image">
					<width>191</width>
					<height>48</height>
					<texture border="4,6,4,6" colordiffuse="$VAR[Textures.GlobalColor]">dialogs/keyboard/button_fo.png</texture>
					<visible>Control.HasFocus(7006)</visible>
	                <visible>!String.IsEmpty(Control.GetLabel(312).index(1))</visible>
				</control>
				<control type="label">
					<left>5</left>
					<width>181</width>
					<height>48</height>
					<align>center</align>
					<aligny>center</aligny>
					<font>FontSize_16B</font>
					<textcolor>99grey</textcolor>
			        <shadowcolor>99000000</shadowcolor>   
					<label>$INFO[ListItem.Label]</label>           
					<visible>!Control.HasFocus(7006)</visible>
	                <visible>!String.IsEmpty(Control.GetLabel(312).index(1))</visible>
				</control>
				<control type="label">
					<left>5</left>
					<width>181</width>
					<height>48</height>
					<align>center</align>
					<aligny>center</aligny>
					<font>FontSize_16B</font>
					<textcolor>white</textcolor>
			        <shadowcolor>99000000</shadowcolor>
					<label>$INFO[ListItem.Label]</label>
					<visible>Control.HasFocus(7006)</visible>
	                <visible>!String.IsEmpty(Control.GetLabel(312).index(1))</visible>
				</control>
			  </focusedlayout>
		   <content>plugin://plugin.program.autocompletion?info=autocomplete&amp;&amp;id=$INFO[Control.GetLabel(312).index(1)]&amp;&amp;limit=8</content>
		</control>
	</include>
	
	<!-- animation Discart -->
	<include name="Animation_Discart">
	    <animation type="WindowOpen" reversible="false">
		    <effect type="fade" end="100" start="0" time="1000" delay="300" />
			<effect type="slide" start="-600,0" end="0,0" delay="0" time="1500" tween="sine" easing="inout" />
			<effect type="rotate" start="360" center="auto" end="0" delay="0" time="1500" tween="sine" easing="inout" />
		</animation>
		<animation type="Conditional" condition="![Container.OnNext | Container.OnPrevious]" reversible="false">
		    <effect type="fade" end="100" start="0" time="1000" delay="300" />
			<effect type="slide" start="-600,0" end="0,0" delay="0" time="1500" tween="sine" easing="inout" />
			<effect type="rotate" start="360" center="auto" end="0" delay="0" time="1500" tween="sine" easing="inout" />
		</animation>
	</include>

	<include name="OnLoadDialogsClose">
		<onload condition="Window.IsActive(subtitlesearch)">Dialog.Close(subtitlesearch)</onload>
		<onload condition="Window.IsActive(contextmenu)">Dialog.Close(contextmenu)</onload>
		<onload condition="Window.IsActive(movieinformation)">Dialog.Close(movieinformation)</onload>
		<onload condition="Window.IsActive(musicinformation)">Dialog.Close(musicinformation)</onload>
		<onload condition="Window.IsActive(songinformation)">Dialog.Close(songinformation)</onload>
		<onload condition="Window.IsActive(addoninformation)">Dialog.Close(addoninformation)</onload>
		<onload condition="Window.IsActive(locksettings)">Dialog.Close(locksettings)</onload>
		<onload condition="Window.IsActive(profilesettings)">Dialog.Close(profilesettings)</onload>
		<onload condition="Window.IsActive(yesnodialog)">Dialog.Close(yesnodialog)</onload>
		<onload condition="Window.IsActive(visualisationpresetlist)">Dialog.Close(visualisationpresetlist)</onload>
		<onload condition="Window.IsActive(osdvideosettings)">Dialog.Close(osdvideosettings)</onload>
		<onload condition="Window.IsActive(osdaudiosettings)">Dialog.Close(osdaudiosettings)</onload>
		<onload condition="Window.IsActive(videobookmarks)">Dialog.Close(videobookmarks)</onload>
		<onload condition="Window.IsActive(filebrowser)">Dialog.Close(filebrowser)</onload>
		<onload condition="Window.IsActive(networksetup)">Dialog.Close(networksetup)</onload>
		<onload condition="Window.IsActive(mediasource)">Dialog.Close(mediasource)</onload>
		<onload condition="Window.IsActive(contentsettings)">Dialog.Close(contentsettings)</onload>
		<onload condition="Window.IsActive(peripheralsettings)">Dialog.Close(peripheralsettings)</onload>
		<onload condition="Window.IsActive(smartplaylisteditor)">Dialog.Close(smartplaylisteditor)</onload>
		<onload condition="Window.IsActive(smartplaylistrule)">Dialog.Close(smartplaylistrule)</onload>
		<onload condition="Window.IsActive(busydialog)">Dialog.Close(busydialog)</onload>
		<onload condition="Window.IsActive(pictureinfo)">Dialog.Close(pictureinfo)</onload>
		<onload condition="Window.IsActive(addonsettings)">Dialog.Close(addonsettings)</onload>
		<onload condition="Window.IsActive(videoosd)">Dialog.Close(videoosd)</onload>
		<onload condition="Window.IsActive(musicosd)">Dialog.Close(musicosd)</onload>
		<onload condition="Window.IsActive(sliderdialog)">Dialog.Close(sliderdialog)</onload>
		<onload condition="Window.IsActive(selectdialog)">Dialog.Close(selectdialog)</onload>
		<onload condition="Window.IsActive(DialogSelect.xml)">Dialog.Close(DialogSelect.xml)</onload>
		<onload condition="Window.IsActive(okdialog)">Dialog.Close(okdialog)</onload>
		<onload condition="Window.IsActive(textviewer)">Dialog.Close(textviewer)</onload>
		<onload condition="Window.IsActive(mediafilter)">Dialog.Close(mediafilter)</onload>
		<onload condition="Window.IsActive(PVROSDChannels)">Dialog.Close(PVROSDChannels)</onload>
		<onload condition="Window.IsActive(PVROSDGuide)">Dialog.Close(PVROSDGuide)</onload>
        <onload condition="Window.IsActive(PVRGuideInfo)">Dialog.Close(PVRGuideInfo)</onload>
        <onload condition="Window.IsActive(PVRRecordingInfo)">Dialog.Close(PVRRecordingInfo)</onload>
        <onload condition="Window.IsActive(PVRTimerSetting)">Dialog.Close(PVRTimerSetting)</onload>
        <onload condition="Window.IsActive(PVRGroupManager)">Dialog.Close(PVRGroupManager)</onload>
        <onload condition="Window.IsActive(PVRChannelManager)">Dialog.Close(PVRChannelManager)</onload>
        <onload condition="Window.IsActive(PVRGuideSearch)">Dialog.Close(PVRGuideSearch)</onload>
        <onload condition="Window.IsActive(AudioDSPManager)">Dialog.Close(AudioDSPManager)</onload>
        <onload condition="Window.IsActive(OSDAudioDSPSettings)">Dialog.Close(OSDAudioDSPSettings)</onload>
        <onload condition="Window.IsActive(DialogParametricEQ.xml)">Dialog.Close(DialogParametricEQ.xml)</onload>
        <onload condition="Window.IsActive(DialogSpeakerGain.xml)">Dialog.Close(DialogSpeakerGain.xml)</onload>
        <onload condition="Window.IsActive(DialogSpeakerDistance.xml)">Dialog.Close(DialogSpeakerDistance.xml)</onload>
        <onload condition="Window.IsActive(DialogMasterModeFreeSurround.xml)">Dialog.Close(DialogMasterModeFreeSurround.xml)</onload>
	    <onload condition="Window.IsActive(1110)">Dialog.Close(1110)</onload>
	    <onload condition="Window.IsActive(1112)">Dialog.Close(1112)</onload>
	    <onload condition="Window.IsActive(1113)">Dialog.Close(1113)</onload>
	    <onload condition="Window.IsActive(1117)">Dialog.Close(1117)</onload>
	    <onload condition="Window.IsActive(1118)">Dialog.Close(1118)</onload>
	    <onload condition="Window.IsActive(1119)">Dialog.Close(1119)</onload>
        <onunload condition="Window.IsActive(script-script.extendedinfo-DialogInfo.xml)">PreviousMenu</onunload>
        <onunload condition="Window.IsActive(script-script.extendedinfo-DialogVideoInfo.xml)">PreviousMenu</onunload>
        <onunload condition="Window.IsActive(script-script.extendedinfo-VideoList.xml)">PreviousMenu</onunload>
        <onunload condition="Window.IsActive(script-script.extendedinfo-YoutubeList.xml)">PreviousMenu</onunload>
        <onunload condition="Window.IsActive(script-globalsearch-infodialog.xml)">PreviousMenu</onunload>
        <onunload condition="Window.IsActive(script-globalsearch-main.xml)">PreviousMenu</onunload>
        <onunload condition="Window.IsActive(script-Maps Browser-dialog.xml)">PreviousMenu</onunload>
        <onunload condition="Window.IsActive(script-Maps Browser-main.xml)">PreviousMenu</onunload>
        <onunload condition="Window.IsActive(script-cu-lrclyrics-main.xml)">PreviousMenu</onunload>
        <onunload condition="Window.IsActive(script-nextup-notification-NextUpInfo.xml)">PreviousMenu</onunload>
        <onunload condition="Window.IsActive(script-nextup-notification-StillWatchingInfo.xml)">PreviousMenu</onunload>
	</include>

	<include name="DebugInfo">
		<control type="label">
			<top>-5</top>
			<font>FontSize_18B</font>
			<label>[COLOR=FF40FFFF]$INFO[Window.Property(xmlfile)][/COLOR]</label>
			<visible>Skin.HasSetting(ShowDebugInfo)</visible>
		</control>
	</include> 
</includes>
