<?xml version="1.0" encoding="UTF-8"?>
<includes> 

	<include name="WeekDayButton">
		<width>252</width>
		<height>48</height>
		<font>FontSize_20</font>
		<textcolor>77ffffff</textcolor>
		<focusedcolor>white</focusedcolor>
	  <disabledcolor>33ffffff</disabledcolor>
		<shadowcolor>99000000</shadowcolor>
		<textoffsetx>7</textoffsetx>
		<onleft>9000</onleft>
	</include>

	<include name="WeekDayButtonNoFocus">
		<control type="image">
			<width>250</width>
			<height>48</height>
			<texture>buttons/focus.png</texture>
      <animation effect="fade" start="0" end="50" time="0" condition="!ControlGroup(400).HasFocus">Conditional</animation>
			<visible>String.IsEqual(Window(Home).Property(tvguide),$PARAM[DayProperty])</visible>
		</control>
	</include>

	<include name="TVGuideDayList">
		<control type="panel" id="$PARAM[ListID]">
      <include condition="!Skin.HasSetting(BannersView)">PanelListDimensions</include>
      <include condition="Skin.HasSetting(BannersView)">PanelBannersDimensions</include>
			<onleft condition="String.IsEqual(Window(Home).Property(tvguide),$PARAM[DayProperty])">$PARAM[OnLeft]</onleft>
			<onleft condition="!String.IsEqual(Window(Home).Property(tvguide),$PARAM[DayProperty])">400</onleft>
			<onright>noop</onright>
			<onup>$PARAM[ListID]</onup>
			<ondown>$PARAM[ListID]</ondown>
	    <scrolltime tween="cubic" easing="out">350</scrolltime>
			<include>TVGuideLayout</include>
		</control>
  </include>

  <!-- TV Guide Layout -->
	<include name="TVGuideLayout">
		<itemlayout condition="Skin.HasSetting(BannersView)" width="562" height="124">
			<control type="image">
				<left>0</left>
				<top>0</top>
				<width>562</width>
				<height>120</height>
				<aspectratio>stretch</aspectratio>
			  <texture border="9">windows/home/panel_widgets.png</texture>
			</control>
			<control type="image">
				<description>Banner</description>
				<left>0</left>
				<top>0</top>
				<width>562</width>
				<height>120</height>
				<aspectratio aligny="center" align="center">scale</aspectratio>
				<texture background="true">$INFO[ListItem.Property(Art(banner))]</texture>
		    <bordersize>ThumbsBordersize6pix</bordersize>
			</control>
		</itemlayout>
		<itemlayout condition="!Skin.HasSetting(BannersView)" width="897" height="49.8">
			<control type="image">
				<left>0</left>
				<top>0</top>
				<width>215</width>
				<height>50</height>
				<aspectratio aligny="center" align="center">scale</aspectratio>
				<texture background="true">$INFO[ListItem.Property(Art(banner))]</texture>
				<bordertexture border="20">thumbs/thumb_border.png</bordertexture>
				<bordersize>6</bordersize>
			</control>
			<control type="label">
				<left>218</left>
				<top>0</top>
				<width>895</width>
				<height>30</height>
				<label>$INFO[ListItem.Label]</label>
				<textcolor>77ffffff</textcolor>
				<font>FontSize_18B</font>
				<align>left</align>
			</control>
			<control type="label">
				<left>218</left>
				<top>0</top>
				<width>895</width>
				<height>70</height>
				<label>$INFO[ListItem.Property(NextNumber),,. ]$INFO[ListItem.Property(NextTitle),, ]</label>
				<textcolor>77ffffff</textcolor>
				<font>FontSize_18</font>
				<align>left</align>
			</control>
			<control type="label">
				<right>10</right>
				<top>0</top>
				<width>895</width>
				<height>30</height>
				<label>$INFO[ListItem.Property(NextDay),$LOCALIZE[31214] ]</label>
				<textcolor>77ffffff</textcolor>
				<font>FontSize_18</font>
				<align>right</align>
			</control>
			<control type="label">
				<right>10</right>
				<top>0</top>
				<width>895</width>
				<height>70</height>
				<label>$INFO[ListItem.Property(ShortTime)]$INFO[ListItem.Property(Network), on ]</label>
				<textcolor>77ffffff</textcolor>
				<font>FontSize_18</font>
				<align>right</align>
			</control>
		</itemlayout>

		<focusedlayout condition="Skin.HasSetting(BannersView)" width="562" height="124">
			<control type="image">
				<left>0</left>
				<top>0</top>
				<width>562</width>
				<height>120</height>
				<aspectratio>stretch</aspectratio>
			  <texture border="9">windows/home/panel_widgets.png</texture>
			</control>
			<control type="image">
				<description>Banner</description>
				<left>0</left>
				<top>0</top>
				<width>562</width>
				<height>120</height>
				<aspectratio aligny="center" align="center">scale</aspectratio>
				<texture background="true">$INFO[ListItem.Property(Art(banner))]</texture>
		    <bordersize>ThumbsBordersize6pix</bordersize>
			</control>
			<control type="image">
				<left>0</left>
				<top>0</top>
				<width>562</width>
				<height>120</height>
			  <colordiffuse>$VAR[Textures.GlobalColor]</colordiffuse>
				<texture border="9">windows/home/focus_widgets.png</texture>
			</control>
		</focusedlayout>
		<focusedlayout condition="!Skin.HasSetting(BannersView)" width="897" height="49.8">
			<control type="image">
				<width>893</width>
				<height>49</height>
				<texture border="2">buttons/focus.png</texture>
			</control>
			<control type="image">
				<left>0</left>
				<top>0</top>
				<width>215</width>
				<height>50</height>
				<aspectratio aligny="center" align="center">scale</aspectratio>
				<texture background="true">$INFO[ListItem.Property(Art(banner))]</texture>
				<bordertexture border="20">thumbs/thumb_border.png</bordertexture>
				<bordersize>6</bordersize>
			</control>
			<control type="label">
				<left>218</left>
				<top>0</top>
				<width>895</width>
				<height>30</height>
				<label>$INFO[ListItem.Label]</label>
				<textcolor>white</textcolor>
				<font>FontSize_18B</font>
				<align>left</align>
			</control>
			<control type="label">
				<left>218</left>
				<top>0</top>
				<width>895</width>
				<height>70</height>
				<label>$INFO[ListItem.Property(NextNumber),,. ]$INFO[ListItem.Property(NextTitle),, ]</label>
				<textcolor>99ffffff</textcolor>
				<font>FontSize_18</font>
				<align>left</align>
			</control>
			<control type="label">
				<right>10</right>
				<top>0</top>
				<width>895</width>
				<height>30</height>
				<label>$INFO[ListItem.Property(NextDay),$LOCALIZE[31214] ]</label>
				<textcolor>99ffffff</textcolor>
				<font>FontSize_18</font>
				<align>right</align>
			</control>
			<control type="label">
				<right>10</right>
				<top>0</top>
				<width>895</width>
				<height>70</height>
				<label>$INFO[ListItem.Property(ShortTime)]$INFO[ListItem.Property(Network), on ]</label>
				<textcolor>99ffffff</textcolor>
				<font>FontSize_18</font>
				<align>right</align>
			</control>
		</focusedlayout>
	</include>

  <include name="PanelListDimensions">
		<left>0</left>
		<top>0</top>
		<width>897</width>
    <height>349</height>
  </include>
  <include name="PanelBannersDimensions">
		<left>-10</left>
		<top>-10</top>
		<width>568</width>
    <height>372</height>
  </include>

	<variable name="TVGuidePreviewThumbsLabels">
		<value condition="String.IsEqual(Skin.String(PreviewThumb),1)">$LOCALIZE[31218]</value>
		<value condition="String.IsEqual(Skin.String(PreviewThumb),2)">$LOCALIZE[31219]</value>
		<value condition="String.IsEqual(Skin.String(PreviewThumb),3)">$LOCALIZE[20445]</value>
	</variable>
	
  <!-- TV Guide Art -->
	<variable name="TVGuideFanart">
    <value condition="ControlGroup(500).HasFocus(200)">$INFO[Container(200).ListItem.Property(Fanart)]</value>
    <value condition="ControlGroup(500).HasFocus(201)">$INFO[Container(201).ListItem.Property(Fanart)]</value>
    <value condition="ControlGroup(500).HasFocus(202)">$INFO[Container(202).ListItem.Property(Fanart)]</value>
    <value condition="ControlGroup(500).HasFocus(203)">$INFO[Container(203).ListItem.Property(Fanart)]</value>
    <value condition="ControlGroup(500).HasFocus(204)">$INFO[Container(204).ListItem.Property(Fanart)]</value>
    <value condition="ControlGroup(500).HasFocus(205)">$INFO[Container(205).ListItem.Property(Fanart)]</value>
    <value condition="ControlGroup(500).HasFocus(206)">$INFO[Container(206).ListItem.Property(Fanart)]</value>
    <value condition="ControlGroup(500).HasFocus(207)">$INFO[Container(207).ListItem.Property(Fanart)]</value>
    <value condition="ControlGroup(500).HasFocus(208)">$INFO[Container(208).ListItem.Property(Fanart)]</value>
    <value condition="ControlGroup(500).HasFocus(209)">$INFO[Container(209).ListItem.Property(Fanart)]</value>
    <value condition="ControlGroup(500).HasFocus(210)">$INFO[Container(210).ListItem.Property(Fanart)]</value>
    <value condition="ControlGroup(500).HasFocus(211)">$INFO[Container(211).ListItem.Property(Fanart)]</value>
    <value condition="ControlGroup(500).HasFocus(212)">$INFO[Container(212).ListItem.Property(Fanart)]</value>
    <value condition="ControlGroup(500).HasFocus(213)">$INFO[Container(213).ListItem.Property(Fanart)]</value>
    <value condition="ControlGroup(500).HasFocus(214)">$INFO[Container(214).ListItem.Property(Fanart)]</value>
    <value condition="ControlGroup(500).HasFocus(215)">$INFO[Container(215).ListItem.Property(Fanart)]</value>
	</variable>
	<variable name="TVGuideLandscape">
		<value condition="ControlGroup(500).HasFocus(200)">$INFO[Container(200).ListItem.Property(Art(landscape))]</value>
		<value condition="ControlGroup(500).HasFocus(201)">$INFO[Container(201).ListItem.Property(Art(landscape))]</value>
		<value condition="ControlGroup(500).HasFocus(202)">$INFO[Container(202).ListItem.Property(Art(landscape))]</value>
		<value condition="ControlGroup(500).HasFocus(203)">$INFO[Container(203).ListItem.Property(Art(landscape))]</value>
		<value condition="ControlGroup(500).HasFocus(204)">$INFO[Container(204).ListItem.Property(Art(landscape))]</value>
		<value condition="ControlGroup(500).HasFocus(205)">$INFO[Container(205).ListItem.Property(Art(landscape))]</value>
		<value condition="ControlGroup(500).HasFocus(206)">$INFO[Container(206).ListItem.Property(Art(landscape))]</value>
    <value condition="ControlGroup(500).HasFocus(207)">$INFO[Container(207).ListItem.Property(Art(landscape))]</value>
    <value condition="ControlGroup(500).HasFocus(208)">$INFO[Container(208).ListItem.Property(Art(landscape))]</value>
    <value condition="ControlGroup(500).HasFocus(209)">$INFO[Container(209).ListItem.Property(Art(landscape))]</value>
    <value condition="ControlGroup(500).HasFocus(210)">$INFO[Container(210).ListItem.Property(Art(landscape))]</value>
    <value condition="ControlGroup(500).HasFocus(211)">$INFO[Container(211).ListItem.Property(Art(landscape))]</value>
    <value condition="ControlGroup(500).HasFocus(212)">$INFO[Container(212).ListItem.Property(Art(landscape))]</value>
    <value condition="ControlGroup(500).HasFocus(213)">$INFO[Container(213).ListItem.Property(Art(landscape))]</value>
    <value condition="ControlGroup(500).HasFocus(214)">$INFO[Container(214).ListItem.Property(Art(landscape))]</value>
    <value condition="ControlGroup(500).HasFocus(215)">$INFO[Container(215).ListItem.Property(Art(landscape))]</value>
	</variable>
	<variable name="TVGuideLogo">
		<value condition="ControlGroup(500).HasFocus(200)">$INFO[Container(200).ListItem.Property(Art(clearlogo))]</value>
		<value condition="ControlGroup(500).HasFocus(201)">$INFO[Container(201).ListItem.Property(Art(clearlogo))]</value>
		<value condition="ControlGroup(500).HasFocus(202)">$INFO[Container(202).ListItem.Property(Art(clearlogo))]</value>
		<value condition="ControlGroup(500).HasFocus(203)">$INFO[Container(203).ListItem.Property(Art(clearlogo))]</value>
		<value condition="ControlGroup(500).HasFocus(204)">$INFO[Container(204).ListItem.Property(Art(clearlogo))]</value>
		<value condition="ControlGroup(500).HasFocus(205)">$INFO[Container(205).ListItem.Property(Art(clearlogo))]</value>
		<value condition="ControlGroup(500).HasFocus(206)">$INFO[Container(206).ListItem.Property(Art(clearlogo))]</value>
    <value condition="ControlGroup(500).HasFocus(207)">$INFO[Container(207).ListItem.Property(Art(clearlogo))]</value>
    <value condition="ControlGroup(500).HasFocus(208)">$INFO[Container(208).ListItem.Property(Art(clearlogo))]</value>
    <value condition="ControlGroup(500).HasFocus(209)">$INFO[Container(209).ListItem.Property(Art(clearlogo))]</value>
    <value condition="ControlGroup(500).HasFocus(210)">$INFO[Container(210).ListItem.Property(Art(clearlogo))]</value>
    <value condition="ControlGroup(500).HasFocus(211)">$INFO[Container(211).ListItem.Property(Art(clearlogo))]</value>
    <value condition="ControlGroup(500).HasFocus(212)">$INFO[Container(212).ListItem.Property(Art(clearlogo))]</value>
    <value condition="ControlGroup(500).HasFocus(213)">$INFO[Container(213).ListItem.Property(Art(clearlogo))]</value>
    <value condition="ControlGroup(500).HasFocus(214)">$INFO[Container(214).ListItem.Property(Art(clearlogo))]</value>
    <value condition="ControlGroup(500).HasFocus(215)">$INFO[Container(215).ListItem.Property(Art(clearlogo))]</value>
	</variable>
	<variable name="TVGuideClearart">
		<value condition="ControlGroup(500).HasFocus(200)">$INFO[Container(200).ListItem.Property(Art(clearart))]</value>
		<value condition="ControlGroup(500).HasFocus(201)">$INFO[Container(201).ListItem.Property(Art(clearart))]</value>
		<value condition="ControlGroup(500).HasFocus(202)">$INFO[Container(202).ListItem.Property(Art(clearart))]</value>
		<value condition="ControlGroup(500).HasFocus(203)">$INFO[Container(203).ListItem.Property(Art(clearart))]</value>
		<value condition="ControlGroup(500).HasFocus(204)">$INFO[Container(204).ListItem.Property(Art(clearart))]</value>
		<value condition="ControlGroup(500).HasFocus(205)">$INFO[Container(205).ListItem.Property(Art(clearart))]</value>
		<value condition="ControlGroup(500).HasFocus(206)">$INFO[Container(206).ListItem.Property(Art(clearart))]</value>
    <value condition="ControlGroup(500).HasFocus(207)">$INFO[Container(207).ListItem.Property(Art(clearart))]</value>
    <value condition="ControlGroup(500).HasFocus(208)">$INFO[Container(208).ListItem.Property(Art(clearart))]</value>
    <value condition="ControlGroup(500).HasFocus(209)">$INFO[Container(209).ListItem.Property(Art(clearart))]</value>
    <value condition="ControlGroup(500).HasFocus(210)">$INFO[Container(210).ListItem.Property(Art(clearart))]</value>
    <value condition="ControlGroup(500).HasFocus(211)">$INFO[Container(211).ListItem.Property(Art(clearart))]</value>
    <value condition="ControlGroup(500).HasFocus(212)">$INFO[Container(212).ListItem.Property(Art(clearart))]</value>
    <value condition="ControlGroup(500).HasFocus(213)">$INFO[Container(213).ListItem.Property(Art(clearart))]</value>
    <value condition="ControlGroup(500).HasFocus(214)">$INFO[Container(214).ListItem.Property(Art(clearart))]</value>
    <value condition="ControlGroup(500).HasFocus(215)">$INFO[Container(215).ListItem.Property(Art(clearart))]</value>
	</variable>
	

  <!-- TV Guide Labels -->	
	<variable name="NextAiredLabel">
    <value condition="ControlGroup(500).HasFocus(200)">$INFO[Container(200).ListItem.Label]</value>
    <value condition="ControlGroup(500).HasFocus(201)">$INFO[Container(201).ListItem.Label]</value>
    <value condition="ControlGroup(500).HasFocus(202)">$INFO[Container(202).ListItem.Label]</value>
    <value condition="ControlGroup(500).HasFocus(203)">$INFO[Container(203).ListItem.Label]</value>
    <value condition="ControlGroup(500).HasFocus(204)">$INFO[Container(204).ListItem.Label]</value>
    <value condition="ControlGroup(500).HasFocus(205)">$INFO[Container(205).ListItem.Label]</value>
    <value condition="ControlGroup(500).HasFocus(206)">$INFO[Container(206).ListItem.Label]</value>	
    <value condition="ControlGroup(500).HasFocus(207)">$INFO[Container(207).ListItem.Label]</value>
    <value condition="ControlGroup(500).HasFocus(208)">$INFO[Container(208).ListItem.Label]</value>
    <value condition="ControlGroup(500).HasFocus(209)">$INFO[Container(209).ListItem.Label]</value>
    <value condition="ControlGroup(500).HasFocus(210)">$INFO[Container(210).ListItem.Label]</value>
    <value condition="ControlGroup(500).HasFocus(211)">$INFO[Container(211).ListItem.Label]</value>
    <value condition="ControlGroup(500).HasFocus(212)">$INFO[Container(212).ListItem.Label]</value>
    <value condition="ControlGroup(500).HasFocus(213)">$INFO[Container(213).ListItem.Label]</value>
    <value condition="ControlGroup(500).HasFocus(214)">$INFO[Container(214).ListItem.Label]</value>
    <value condition="ControlGroup(500).HasFocus(215)">$INFO[Container(215).ListItem.Label]</value>
	</variable>
	<variable name="NextAiredGenre">
		<value condition="ControlGroup(500).HasFocus(200)">$INFO[Container(200).ListItem.Property(Genre)]</value>
		<value condition="ControlGroup(500).HasFocus(201)">$INFO[Container(201).ListItem.Property(Genre)]</value>
		<value condition="ControlGroup(500).HasFocus(202)">$INFO[Container(202).ListItem.Property(Genre)]</value>
		<value condition="ControlGroup(500).HasFocus(203)">$INFO[Container(203).ListItem.Property(Genre)]</value>
		<value condition="ControlGroup(500).HasFocus(204)">$INFO[Container(204).ListItem.Property(Genre)]</value>
		<value condition="ControlGroup(500).HasFocus(205)">$INFO[Container(205).ListItem.Property(Genre)]</value>
		<value condition="ControlGroup(500).HasFocus(206)">$INFO[Container(206).ListItem.Property(Genre)]</value>
    <value condition="ControlGroup(500).HasFocus(207)">$INFO[Container(207).ListItem.Property(Genre)]</value>
    <value condition="ControlGroup(500).HasFocus(208)">$INFO[Container(208).ListItem.Property(Genre)]</value>
    <value condition="ControlGroup(500).HasFocus(209)">$INFO[Container(209).ListItem.Property(Genre)]</value>
    <value condition="ControlGroup(500).HasFocus(210)">$INFO[Container(210).ListItem.Property(Genre)]</value>
    <value condition="ControlGroup(500).HasFocus(211)">$INFO[Container(211).ListItem.Property(Genre)]</value>
    <value condition="ControlGroup(500).HasFocus(212)">$INFO[Container(212).ListItem.Property(Genre)]</value>
    <value condition="ControlGroup(500).HasFocus(213)">$INFO[Container(213).ListItem.Property(Genre)]</value>
    <value condition="ControlGroup(500).HasFocus(214)">$INFO[Container(214).ListItem.Property(Genre)]</value>
    <value condition="ControlGroup(500).HasFocus(215)">$INFO[Container(215).ListItem.Property(Genre)]</value>
	</variable>
	<variable name="NextAiredTitle">
		<value condition="ControlGroup(500).HasFocus(200)">$INFO[Container(200).ListItem.Property(NextTitle)]</value>
		<value condition="ControlGroup(500).HasFocus(201)">$INFO[Container(201).ListItem.Property(NextTitle)]</value>
		<value condition="ControlGroup(500).HasFocus(202)">$INFO[Container(202).ListItem.Property(NextTitle)]</value>
		<value condition="ControlGroup(500).HasFocus(203)">$INFO[Container(203).ListItem.Property(NextTitle)]</value>
		<value condition="ControlGroup(500).HasFocus(204)">$INFO[Container(204).ListItem.Property(NextTitle)]</value>
		<value condition="ControlGroup(500).HasFocus(205)">$INFO[Container(205).ListItem.Property(NextTitle)]</value>
		<value condition="ControlGroup(500).HasFocus(206)">$INFO[Container(206).ListItem.Property(NextTitle)]</value>
    <value condition="ControlGroup(500).HasFocus(207)">$INFO[Container(207).ListItem.Property(NextTitle)]</value>
    <value condition="ControlGroup(500).HasFocus(208)">$INFO[Container(208).ListItem.Property(NextTitle)]</value>
    <value condition="ControlGroup(500).HasFocus(209)">$INFO[Container(209).ListItem.Property(NextTitle)]</value>
    <value condition="ControlGroup(500).HasFocus(210)">$INFO[Container(210).ListItem.Property(NextTitle)]</value>
    <value condition="ControlGroup(500).HasFocus(211)">$INFO[Container(211).ListItem.Property(NextTitle)]</value>
    <value condition="ControlGroup(500).HasFocus(212)">$INFO[Container(212).ListItem.Property(NextTitle)]</value>
    <value condition="ControlGroup(500).HasFocus(213)">$INFO[Container(213).ListItem.Property(NextTitle)]</value>
    <value condition="ControlGroup(500).HasFocus(214)">$INFO[Container(214).ListItem.Property(NextTitle)]</value>
    <value condition="ControlGroup(500).HasFocus(215)">$INFO[Container(215).ListItem.Property(NextTitle)]</value>
	</variable>
	<variable name="NextAiredNumber">
		<value condition="ControlGroup(500).HasFocus(200)">$INFO[Container(200).ListItem.Property(NextNumber)]</value>
		<value condition="ControlGroup(500).HasFocus(201)">$INFO[Container(201).ListItem.Property(NextNumber)]</value>
		<value condition="ControlGroup(500).HasFocus(202)">$INFO[Container(202).ListItem.Property(NextNumber)]</value>
		<value condition="ControlGroup(500).HasFocus(203)">$INFO[Container(203).ListItem.Property(NextNumber)]</value>
		<value condition="ControlGroup(500).HasFocus(204)">$INFO[Container(204).ListItem.Property(NextNumber)]</value>
		<value condition="ControlGroup(500).HasFocus(205)">$INFO[Container(205).ListItem.Property(NextNumber)]</value>
		<value condition="ControlGroup(500).HasFocus(206)">$INFO[Container(206).ListItem.Property(NextNumber)]</value>
    <value condition="ControlGroup(500).HasFocus(207)">$INFO[Container(207).ListItem.Property(NextNumber)]</value>
    <value condition="ControlGroup(500).HasFocus(208)">$INFO[Container(208).ListItem.Property(NextNumber)]</value>
    <value condition="ControlGroup(500).HasFocus(209)">$INFO[Container(209).ListItem.Property(NextNumber)]</value>
    <value condition="ControlGroup(500).HasFocus(210)">$INFO[Container(210).ListItem.Property(NextNumber)]</value>
    <value condition="ControlGroup(500).HasFocus(211)">$INFO[Container(211).ListItem.Property(NextNumber)]</value>
    <value condition="ControlGroup(500).HasFocus(212)">$INFO[Container(212).ListItem.Property(NextNumber)]</value>
    <value condition="ControlGroup(500).HasFocus(213)">$INFO[Container(213).ListItem.Property(NextNumber)]</value>
    <value condition="ControlGroup(500).HasFocus(214)">$INFO[Container(214).ListItem.Property(NextNumber)]</value>
    <value condition="ControlGroup(500).HasFocus(215)">$INFO[Container(215).ListItem.Property(NextNumber)]</value>
	</variable>
	<variable name="NextAiredDay">
		<value condition="ControlGroup(500).HasFocus(200)">$INFO[Container(200).ListItem.Property(AirDay)]</value>
		<value condition="ControlGroup(500).HasFocus(201)">$INFO[Container(201).ListItem.Property(AirDay)]</value>
		<value condition="ControlGroup(500).HasFocus(202)">$INFO[Container(202).ListItem.Property(AirDay)]</value>
		<value condition="ControlGroup(500).HasFocus(203)">$INFO[Container(203).ListItem.Property(AirDay)]</value>
		<value condition="ControlGroup(500).HasFocus(204)">$INFO[Container(204).ListItem.Property(AirDay)]</value>
		<value condition="ControlGroup(500).HasFocus(205)">$INFO[Container(205).ListItem.Property(AirDay)]</value>
		<value condition="ControlGroup(500).HasFocus(206)">$INFO[Container(206).ListItem.Property(AirDay)]</value>
    <value condition="ControlGroup(500).HasFocus(207)">$INFO[Container(207).ListItem.Property(AirDay)]</value>
    <value condition="ControlGroup(500).HasFocus(208)">$INFO[Container(208).ListItem.Property(AirDay)]</value>
    <value condition="ControlGroup(500).HasFocus(209)">$INFO[Container(209).ListItem.Property(AirDay)]</value>
    <value condition="ControlGroup(500).HasFocus(210)">$INFO[Container(210).ListItem.Property(AirDay)]</value>
    <value condition="ControlGroup(500).HasFocus(211)">$INFO[Container(211).ListItem.Property(AirDay)]</value>
    <value condition="ControlGroup(500).HasFocus(212)">$INFO[Container(212).ListItem.Property(AirDay)]</value>
    <value condition="ControlGroup(500).HasFocus(213)">$INFO[Container(213).ListItem.Property(AirDay)]</value>
    <value condition="ControlGroup(500).HasFocus(214)">$INFO[Container(214).ListItem.Property(AirDay)]</value>
    <value condition="ControlGroup(500).HasFocus(215)">$INFO[Container(215).ListItem.Property(AirDay)]</value>
	</variable>
	<variable name="NextAiredDate">
		<value condition="ControlGroup(500).HasFocus(200)">$INFO[Container(200).ListItem.Property(NextDate)]</value>
		<value condition="ControlGroup(500).HasFocus(201)">$INFO[Container(201).ListItem.Property(NextDate)]</value>
		<value condition="ControlGroup(500).HasFocus(202)">$INFO[Container(202).ListItem.Property(NextDate)]</value>
		<value condition="ControlGroup(500).HasFocus(203)">$INFO[Container(203).ListItem.Property(NextDate)]</value>
		<value condition="ControlGroup(500).HasFocus(204)">$INFO[Container(204).ListItem.Property(NextDate)]</value>
		<value condition="ControlGroup(500).HasFocus(205)">$INFO[Container(205).ListItem.Property(NextDate)]</value>
		<value condition="ControlGroup(500).HasFocus(206)">$INFO[Container(206).ListItem.Property(NextDate)]</value>
    <value condition="ControlGroup(500).HasFocus(207)">$INFO[Container(207).ListItem.Property(NextDate)]</value>
    <value condition="ControlGroup(500).HasFocus(208)">$INFO[Container(208).ListItem.Property(NextDate)]</value>
    <value condition="ControlGroup(500).HasFocus(209)">$INFO[Container(209).ListItem.Property(NextDate)]</value>
    <value condition="ControlGroup(500).HasFocus(210)">$INFO[Container(210).ListItem.Property(NextDate)]</value>
    <value condition="ControlGroup(500).HasFocus(211)">$INFO[Container(211).ListItem.Property(NextDate)]</value>
    <value condition="ControlGroup(500).HasFocus(212)">$INFO[Container(212).ListItem.Property(NextDate)]</value>
    <value condition="ControlGroup(500).HasFocus(213)">$INFO[Container(213).ListItem.Property(NextDate)]</value>
    <value condition="ControlGroup(500).HasFocus(214)">$INFO[Container(214).ListItem.Property(NextDate)]</value>
    <value condition="ControlGroup(500).HasFocus(215)">$INFO[Container(215).ListItem.Property(NextDate)]</value>
	</variable>	
	<variable name="NextAiredShortTime">
		<value condition="ControlGroup(500).HasFocus(200)">$INFO[Container(200).ListItem.Property(ShortTime)]</value>
		<value condition="ControlGroup(500).HasFocus(201)">$INFO[Container(201).ListItem.Property(ShortTime)]</value>
		<value condition="ControlGroup(500).HasFocus(202)">$INFO[Container(202).ListItem.Property(ShortTime)]</value>
		<value condition="ControlGroup(500).HasFocus(203)">$INFO[Container(203).ListItem.Property(ShortTime)]</value>
		<value condition="ControlGroup(500).HasFocus(204)">$INFO[Container(204).ListItem.Property(ShortTime)]</value>
		<value condition="ControlGroup(500).HasFocus(205)">$INFO[Container(205).ListItem.Property(ShortTime)]</value>
		<value condition="ControlGroup(500).HasFocus(206)">$INFO[Container(206).ListItem.Property(ShortTime)]</value>
    <value condition="ControlGroup(500).HasFocus(207)">$INFO[Container(207).ListItem.Property(ShortTime)]</value>
    <value condition="ControlGroup(500).HasFocus(208)">$INFO[Container(208).ListItem.Property(ShortTime)]</value>
    <value condition="ControlGroup(500).HasFocus(209)">$INFO[Container(209).ListItem.Property(ShortTime)]</value>
    <value condition="ControlGroup(500).HasFocus(210)">$INFO[Container(210).ListItem.Property(ShortTime)]</value>
    <value condition="ControlGroup(500).HasFocus(211)">$INFO[Container(211).ListItem.Property(ShortTime)]</value>
    <value condition="ControlGroup(500).HasFocus(212)">$INFO[Container(212).ListItem.Property(ShortTime)]</value>
    <value condition="ControlGroup(500).HasFocus(213)">$INFO[Container(213).ListItem.Property(ShortTime)]</value>
    <value condition="ControlGroup(500).HasFocus(214)">$INFO[Container(214).ListItem.Property(ShortTime)]</value>
    <value condition="ControlGroup(500).HasFocus(215)">$INFO[Container(215).ListItem.Property(ShortTime)]</value>
	</variable>
	<variable name="NextAiredRunTime">
		<value condition="ControlGroup(500).HasFocus(200)">$INFO[Container(200).ListItem.Property(RunTime),, $LOCALIZE[12391]]</value>
		<value condition="ControlGroup(500).HasFocus(201)">$INFO[Container(201).ListItem.Property(RunTime),, $LOCALIZE[12391]]</value>
		<value condition="ControlGroup(500).HasFocus(202)">$INFO[Container(202).ListItem.Property(RunTime),, $LOCALIZE[12391]]</value>
		<value condition="ControlGroup(500).HasFocus(203)">$INFO[Container(203).ListItem.Property(RunTime),, $LOCALIZE[12391]]</value>
		<value condition="ControlGroup(500).HasFocus(204)">$INFO[Container(204).ListItem.Property(RunTime),, $LOCALIZE[12391]]</value>
		<value condition="ControlGroup(500).HasFocus(205)">$INFO[Container(205).ListItem.Property(RunTime),, $LOCALIZE[12391]]</value>
		<value condition="ControlGroup(500).HasFocus(206)">$INFO[Container(206).ListItem.Property(RunTime),, $LOCALIZE[12391]]</value>
    <value condition="ControlGroup(500).HasFocus(207)">$INFO[Container(207).ListItem.Property(RunTime),, $LOCALIZE[12391]]</value>
    <value condition="ControlGroup(500).HasFocus(208)">$INFO[Container(208).ListItem.Property(RunTime),, $LOCALIZE[12391]]</value>
    <value condition="ControlGroup(500).HasFocus(209)">$INFO[Container(209).ListItem.Property(RunTime),, $LOCALIZE[12391]]</value>
    <value condition="ControlGroup(500).HasFocus(210)">$INFO[Container(210).ListItem.Property(RunTime),, $LOCALIZE[12391]]</value>
    <value condition="ControlGroup(500).HasFocus(211)">$INFO[Container(211).ListItem.Property(RunTime),, $LOCALIZE[12391]]</value>
    <value condition="ControlGroup(500).HasFocus(212)">$INFO[Container(212).ListItem.Property(RunTime),, $LOCALIZE[12391]]</value>
    <value condition="ControlGroup(500).HasFocus(213)">$INFO[Container(213).ListItem.Property(RunTime),, $LOCALIZE[12391]]</value>
    <value condition="ControlGroup(500).HasFocus(214)">$INFO[Container(214).ListItem.Property(RunTime),, $LOCALIZE[12391]]</value>
    <value condition="ControlGroup(500).HasFocus(215)">$INFO[Container(215).ListItem.Property(RunTime),, $LOCALIZE[12391]]</value>
	</variable>
	<variable name="NextAiredStudio">
		<value condition="ControlGroup(500).HasFocus(200)">$INFO[Container(200).ListItem.Property(Network)]</value>
		<value condition="ControlGroup(500).HasFocus(201)">$INFO[Container(201).ListItem.Property(Network)]</value>
		<value condition="ControlGroup(500).HasFocus(202)">$INFO[Container(202).ListItem.Property(Network)]</value>
		<value condition="ControlGroup(500).HasFocus(203)">$INFO[Container(203).ListItem.Property(Network)]</value>
		<value condition="ControlGroup(500).HasFocus(204)">$INFO[Container(204).ListItem.Property(Network)]</value>
		<value condition="ControlGroup(500).HasFocus(205)">$INFO[Container(205).ListItem.Property(Network)]</value>
		<value condition="ControlGroup(500).HasFocus(206)">$INFO[Container(206).ListItem.Property(Network)]</value>
    <value condition="ControlGroup(500).HasFocus(207)">$INFO[Container(207).ListItem.Property(Network)]</value>
    <value condition="ControlGroup(500).HasFocus(208)">$INFO[Container(208).ListItem.Property(Network)]</value>
    <value condition="ControlGroup(500).HasFocus(209)">$INFO[Container(209).ListItem.Property(Network)]</value>
    <value condition="ControlGroup(500).HasFocus(210)">$INFO[Container(210).ListItem.Property(Network)]</value>
    <value condition="ControlGroup(500).HasFocus(211)">$INFO[Container(211).ListItem.Property(Network)]</value>
    <value condition="ControlGroup(500).HasFocus(212)">$INFO[Container(212).ListItem.Property(Network)]</value>
    <value condition="ControlGroup(500).HasFocus(213)">$INFO[Container(213).ListItem.Property(Network)]</value>
    <value condition="ControlGroup(500).HasFocus(214)">$INFO[Container(214).ListItem.Property(Network)]</value>
    <value condition="ControlGroup(500).HasFocus(215)">$INFO[Container(215).ListItem.Property(Network)]</value>
	</variable>
	<variable name="TVGuideNumItems">
		<value condition="ControlGroup(500).HasFocus(200)">$INFO[Container(200).CurrentItem,$LOCALIZE[31025] ]$INFO[Container(200).NumItems, $LOCALIZE[31024] ]</value>
		<value condition="ControlGroup(500).HasFocus(201)">$INFO[Container(201).CurrentItem,$LOCALIZE[31025] ]$INFO[Container(201).NumItems, $LOCALIZE[31024] ]</value>
		<value condition="ControlGroup(500).HasFocus(202)">$INFO[Container(202).CurrentItem,$LOCALIZE[31025] ]$INFO[Container(202).NumItems, $LOCALIZE[31024] ]</value>
		<value condition="ControlGroup(500).HasFocus(203)">$INFO[Container(203).CurrentItem,$LOCALIZE[31025] ]$INFO[Container(203).NumItems, $LOCALIZE[31024] ]</value>
		<value condition="ControlGroup(500).HasFocus(204)">$INFO[Container(204).CurrentItem,$LOCALIZE[31025] ]$INFO[Container(204).NumItems, $LOCALIZE[31024] ]</value>
		<value condition="ControlGroup(500).HasFocus(205)">$INFO[Container(205).CurrentItem,$LOCALIZE[31025] ]$INFO[Container(205).NumItems, $LOCALIZE[31024] ]</value>
		<value condition="ControlGroup(500).HasFocus(206)">$INFO[Container(206).CurrentItem,$LOCALIZE[31025] ]$INFO[Container(206).NumItems, $LOCALIZE[31024] ]</value>
    <value condition="ControlGroup(500).HasFocus(207)">$INFO[Container(207).CurrentItem,$LOCALIZE[31025] ]$INFO[Container(207).NumItems, $LOCALIZE[31024] ]</value>
    <value condition="ControlGroup(500).HasFocus(208)">$INFO[Container(208).CurrentItem,$LOCALIZE[31025] ]$INFO[Container(208).NumItems, $LOCALIZE[31024] ]</value>
    <value condition="ControlGroup(500).HasFocus(209)">$INFO[Container(209).CurrentItem,$LOCALIZE[31025] ]$INFO[Container(209).NumItems, $LOCALIZE[31024] ]</value>
    <value condition="ControlGroup(500).HasFocus(210)">$INFO[Container(210).CurrentItem,$LOCALIZE[31025] ]$INFO[Container(210).NumItems, $LOCALIZE[31024] ]</value>
    <value condition="ControlGroup(500).HasFocus(211)">$INFO[Container(211).CurrentItem,$LOCALIZE[31025] ]$INFO[Container(211).NumItems, $LOCALIZE[31024] ]</value>
    <value condition="ControlGroup(500).HasFocus(212)">$INFO[Container(212).CurrentItem,$LOCALIZE[31025] ]$INFO[Container(212).NumItems, $LOCALIZE[31024] ]</value>
    <value condition="ControlGroup(500).HasFocus(213)">$INFO[Container(213).CurrentItem,$LOCALIZE[31025] ]$INFO[Container(213).NumItems, $LOCALIZE[31024] ]</value>
    <value condition="ControlGroup(500).HasFocus(214)">$INFO[Container(214).CurrentItem,$LOCALIZE[31025] ]$INFO[Container(214).NumItems, $LOCALIZE[31024] ]</value>
    <value condition="ControlGroup(500).HasFocus(215)">$INFO[Container(215).CurrentItem,$LOCALIZE[31025] ]$INFO[Container(215).NumItems, $LOCALIZE[31024] ]</value>
	</variable>
	
	<variable name="TVGuideDates">
		<value condition="String.IsEqual(Window(Home).Property(tvguide),monday)">$INFO[Window(home).Property(NextAired.200.Date),$LOCALIZE[11]$COMMA ]</value>
		<value condition="String.IsEqual(Window(Home).Property(tvguide),tuesday)">$INFO[Window(home).Property(NextAired.201.Date),$LOCALIZE[12]$COMMA ]</value>
		<value condition="String.IsEqual(Window(Home).Property(tvguide),wednesday)">$INFO[Window(home).Property(NextAired.202.Date),$LOCALIZE[13]$COMMA ]</value>
		<value condition="String.IsEqual(Window(Home).Property(tvguide),thursday)">$INFO[Window(home).Property(NextAired.203.Date),$LOCALIZE[14]$COMMA ]</value>
		<value condition="String.IsEqual(Window(Home).Property(tvguide),friday)">$INFO[Window(home).Property(NextAired.204.Date),$LOCALIZE[15]$COMMA ]</value>
		<value condition="String.IsEqual(Window(Home).Property(tvguide),saturday)">$INFO[Window(home).Property(NextAired.205.Date),$LOCALIZE[16]$COMMA ]</value>
		<value condition="String.IsEqual(Window(Home).Property(tvguide),sunday)">$INFO[Window(home).Property(NextAired.206.Date),$LOCALIZE[17]$COMMA ]</value>
		<value condition="String.IsEqual(Window(Home).Property(tvguide),yesterday)">$INFO[Window(home).Property(NextAired.YesterdayText)]</value>
		<value condition="String.IsEqual(Window(Home).Property(tvguide),today)">$INFO[Window(home).Property(NextAired.TodayText)]</value>
		<value condition="String.IsEqual(Window(Home).Property(tvguide),tomorrow)">$INFO[Window(home).Property(NextAired.TomorrowText)]</value>
		<value condition="String.IsEqual(Window(Home).Property(tvguide),todayplus2)">$INFO[Window(home).Property(NextAired.203.Weekday)]$INFO[Window(home).Property(NextAired.203.Date),$COMMA ]</value>
		<value condition="String.IsEqual(Window(Home).Property(tvguide),todayplus3)">$INFO[Window(home).Property(NextAired.204.Weekday)]$INFO[Window(home).Property(NextAired.204.Date),$COMMA ]</value>
		<value condition="String.IsEqual(Window(Home).Property(tvguide),todayplus4)">$INFO[Window(home).Property(NextAired.205.Weekday)]$INFO[Window(home).Property(NextAired.205.Date),$COMMA ]</value>
		<value condition="String.IsEqual(Window(Home).Property(tvguide),todayplus5)">$INFO[Window(home).Property(NextAired.206.Weekday)]$INFO[Window(home).Property(NextAired.206.Date),$COMMA ]</value>
		<value condition="String.IsEqual(Window(Home).Property(tvguide),todayplus6)">$INFO[Window(home).Property(NextAired.207.Weekday)]$INFO[Window(home).Property(NextAired.207.Date),$COMMA ]</value>
		<value condition="String.IsEqual(Window(Home).Property(tvguide),todayplus7)">$INFO[Window(home).Property(NextAired.208.Weekday)]$INFO[Window(home).Property(NextAired.208.Date),$COMMA ]</value>
		<value condition="String.IsEqual(Window(Home).Property(tvguide),todayplus8)">$INFO[Window(home).Property(NextAired.209.Weekday)]$INFO[Window(home).Property(NextAired.209.Date),$COMMA ]</value>
		<value condition="String.IsEqual(Window(Home).Property(tvguide),todayplus9)">$INFO[Window(home).Property(NextAired.210.Weekday)]$INFO[Window(home).Property(NextAired.210.Date),$COMMA ]</value>
		<value condition="String.IsEqual(Window(Home).Property(tvguide),todayplus10)">$INFO[Window(home).Property(NextAired.211.Weekday)]$INFO[Window(home).Property(NextAired.211.Date),$COMMA ]</value>
		<value condition="String.IsEqual(Window(Home).Property(tvguide),todayplus11)">$INFO[Window(home).Property(NextAired.212.Weekday)]$INFO[Window(home).Property(NextAired.212.Date),$COMMA ]</value>
		<value condition="String.IsEqual(Window(Home).Property(tvguide),todayplus12)">$INFO[Window(home).Property(NextAired.213.Weekday)]$INFO[Window(home).Property(NextAired.213.Date),$COMMA ]</value>
		<value condition="String.IsEqual(Window(Home).Property(tvguide),todayplus13)">$INFO[Window(home).Property(NextAired.214.Weekday)]$INFO[Window(home).Property(NextAired.214.Date),$COMMA ]</value>
		<value condition="String.IsEqual(Window(Home).Property(tvguide),todayplus14)">$INFO[Window(home).Property(NextAired.215.Weekday)]$INFO[Window(home).Property(NextAired.215.Date),$COMMA ]</value>
	</variable>

</includes>

				
				
				
