<?xml version="1.0" encoding="UTF-8"?>
<window  id="11">
	<defaultcontrol>8</defaultcontrol>
  <backgroundcolor/>
	<controls>
		<control type="videowindow" id="20">
			<description>videowindow</description>
	    <include>FullscreenDimensions</include>
			<visible>Player.HasVideo</visible>
		</control>
		<control type="image">
			<description>Overlay</description>
	    <include>FullscreenDimensions</include>
			<texture background="true">windows/bg/bg_overlay.png</texture>
			<include>OpenCloseFadeEffect</include>
			<visible>Player.HasVideo</visible>
		</control>

		<control type="image">
			<description>Grid 720</description>
	    <include>FullscreenDimensions</include>
		  <texture background="true">dialogs/calibrate/720grid.png</texture>
		  <colordiffuse>AA666666</colordiffuse>
		  <include>OpenCloseFadeEffect</include>
			<visible>!Player.HasVideo</visible>
		</control>
<!-- *Disabled*
		<control type="group">
			<visible>!Player.HasVideo</visible>
			<include>BackgroundItems</include>
		</control>
 -->
    <control type="group">
			<control type="mover" id="8">
				<description>top left mover</description>
				<left>0</left>
				<top>0</top>
				<width>128</width>
				<height>128</height>
				<texturefocus>dialogs/calibrate/calibrate_top_fo.png</texturefocus>
				<texturenofocus>dialogs/calibrate/calibrate_top_nf.png</texturenofocus>
		    <include>OpenCloseFadeEffect</include>
			</control>
			<control type="mover" id="9">
				<description>right bottom mover</description>
				<left>700</left>
				<top>500</top>
				<width>128</width>
				<height>128</height>
				<texturefocus>dialogs/calibrate/calibrate_bottom_fo.png</texturefocus>
				<texturenofocus>dialogs/calibrate/calibrate_bottom_nf.png</texturenofocus>
		    <include>OpenCloseFadeEffect</include>
			</control>
			<control type="mover" id="10">
				<description>subtitle position mover</description>
				<left>200</left>
				<top>500</top>
				<width>512</width>
				<height>128</height>
				<texturefocus>dialogs/calibrate/calibrate_subtitles_fo.png</texturefocus>
				<texturenofocus>dialogs/calibrate/calibrate_subtitles_nf.png</texturenofocus>
		    <include>OpenCloseFadeEffect</include>
			</control>
			<control type="resize" id="11">
				<description>pixel aspect ratio box</description>
				<left>0</left>
				<top>232</top>
				<width>256</width>
				<height>256</height>
				<texturefocus>dialogs/calibrate/calibrate_ratio_fo.png</texturefocus>
				<texturenofocus>dialogs/calibrate/calibrate_ratio_nf.png</texturenofocus>
		    <include>OpenCloseFadeEffect</include>
			</control>
		</control>			
		<control type="group">
			<left>20</left>
			<top>80</top>
	    <include>OpenCloseFadeEffect</include>
			<control type="label" id="2">
				<description>coordinates label</description>
				<left>0</left>
				<top>10</top>
				<width>1240</width>
				<textcolor>99ffffff</textcolor>
				<shadowcolor></shadowcolor>
				<font>FontSize_20B</font>
				<align>center</align>
			</control>
			<control type="label" id="3">
				<description>help information</description>
				<left>0</left>
				<top>40</top>
				<width>1240</width>
				<textcolor>99ffffff</textcolor>
				<shadowcolor></shadowcolor>
				<font>FontSize_20B</font>
				<align>center</align>
				<label></label>
			</control>
		</control>
	</controls>
</window>