<?xml version="1.0" encoding="UTF-8"?>
<window>
	<defaultcontrol always="true">10</defaultcontrol>
	<coordinates>
		<left>235</left>
		<top>75</top>
	</coordinates>
	<include>dialogeffect</include>
	<controls>	
		<control type="group">
			<control type="image">
				<description>background image</description>
				<left>0</left>
				<top>0</top>
				<width>850</width>
				<height>550</height>
				<texture border="40">$VAR[SelectBack]</texture>
			</control>
			<control type="image">
				<description>Dialog Header image</description>
				<left>40</left>
				<top>16</top>
				<width>770</width>
				<height>40</height>
				<texture>dialogheader.png</texture>
			</control>
			<control type="label" id="1">
				<description>header label</description>
				<left>40</left>
				<top>20</top>
				<width>770</width>
				<height>30</height>
				<font>font13_title</font>
				<label>$ADDON[script.libreelec.devupdate 32145]</label>
				<align>center</align>
				<aligny>center</aligny>
				<textcolor>selected</textcolor>
				<shadowcolor>black</shadowcolor>
			</control>
			<control type="label" id="4">
				<description>No Settings Label</description>
				<left>20</left>
				<top>120</top>
				<width>550</width>
				<align>center</align>
				<font>font13</font>
			</control>
			<control type="button">
				<description>Close Window button</description>
				<left>760</left>
				<top>15</top>
				<width>64</width>
				<height>32</height>
				<label></label>
				<font></font>
				<onclick>PreviousMenu</onclick>
				<texturefocus>DialogCloseButton-focus.png</texturefocus>
				<texturenofocus>DialogCloseButton.png</texturenofocus>
				<visible>system.getbool(input.enablemouse)</visible>
			</control>
			<control type="panel" id="2">
				<left>20</left>
				<top>67</top>
				<width>760</width>
				<height>460</height>
				<pagecontrol>10</pagecontrol>
				<scrolltime>2000</scrolltime>
				<itemlayout height="44" width="760">
					<control type="label">
						<left>0</left>
						<width>200</width>
						<height>44</height>
						<textcolor>ffbbbbbb</textcolor>
						<info>ListItem.Property(timestamp)</info>
					</control>
					<control type="label">
						<left>200</left>
						<width>160</width>
						<height>44</height>
						<align>right</align>
						<textcolor>ff87bde1</textcolor>
						<info>ListItem.Property(version)</info>
					</control>
					<control type="label">
						<left>450</left>
						<width>400</width>
						<height>44</height>
						<align>left</align>
						<textcolor>ff888888</textcolor>
						<info>ListItem.Property(source)</info>
					</control>
				</itemlayout>
				<focusedlayout height="44" width="760">
				</focusedlayout>
			</control>
			<control type="scrollbar" id="10">
				<left>810</left>
				<top>65</top>
				<width>25</width>
				<height>464</height>
				<texturesliderbackground border="0,14,0,14">ScrollBarV.png</texturesliderbackground>
				<texturesliderbar border="0,14,0,14">ScrollBarV_bar.png</texturesliderbar>
				<texturesliderbarfocus border="0,14,0,14">ScrollBarV_bar_focus.png</texturesliderbarfocus>
				<textureslidernib>ScrollBarNib.png</textureslidernib>
				<textureslidernibfocus>ScrollBarNib.png</textureslidernibfocus>
				<ondown>10</ondown>
				<onup>10</onup>
				<showonepage>true</showonepage>
				<orientation>vertical</orientation>
			</control>
		</control>
	</controls>
</window>