<window id="1112" type="dialog">
    <defaultcontrol always="true">64</defaultcontrol>
    <onunload>ClearProperty(TextViewerHeader,Home)</onunload>
    <onunload>ClearProperty(TextViewerSubHeader,Home)</onunload>
    <onunload>ClearProperty(TextViewerContent,Home)</onunload>
    <onunload>ClearProperty(AddonNews,Home)</onunload>
    <onunload>ClearProperty(FAQ,skinsettings)</onunload>
    <controls>
        <control type="button" id="64">
            <oninfo>Dialog.Close(1112)</oninfo>
            <onclick>Dialog.Close(1112)</onclick>
            <onleft>Dialog.Close(1112)</onleft>
            <onright>Dialog.Close(1112)</onright>
            <onup condition="String.IsEmpty(Window(skinsettings).Property(FAQ))">PageUp(61)</onup>
            <ondown condition="String.IsEmpty(Window(skinsettings).Property(FAQ))">PageDown(61)</ondown>
            <onup condition="!String.IsEmpty(Window(skinsettings).Property(FAQ))">PageUp(62)</onup>
            <ondown condition="!String.IsEmpty(Window(skinsettings).Property(FAQ))">PageDown(62)</ondown>
            <include>HiddenObject</include>
        </control>
        <control type="group">
            <animation effect="slide" start="0,0" end="220,-20" time="0" condition="Window.IsVisible(addoninformation)">Conditional</animation>
            <include condition="String.IsEmpty(Window(home).Property(AddonNews))">DialogOpenCloseAnimation</include>
            <animation effect="fade" time="100" delay="200" condition="!String.IsEmpty(Window(home).Property(AddonNews))">WindowOpen</animation>
            <animation effect="fade" time="50" condition="!String.IsEmpty(Window(home).Property(AddonNews))">WindowClose</animation>
            <left>270</left>
            <top>88</top>
            <control type="image">
                <width>1380</width>
                <height>904</height>
                <texture border="40">listpanel_back.png</texture>
                <visible>String.IsEmpty(Window(home).Property(AddonNews))</visible>
            </control>
            <control type="label">
                <description>header label</description>
                <left>62</left>
                <top>32</top>
                <width>1256</width>
                <height>40</height>
                <font>font30_title</font>
                <align>center</align>
                <textcolor>dialogheader</textcolor>
                <label>$INFO[Window(Home).Property(TextViewerHeader)]</label>
            </control>
            <control type="label">
                <description>Subheader label</description>
                <left>62</left>
                <top>95</top>
                <width>1256</width>
                <height>40</height>
                <font>font16</font>
                <align>center</align>
                <textcolor>grey2</textcolor>
                <label>$INFO[Window(Home).Property(TextViewerSubHeader)]</label>
            </control>
            <control type="textbox">
                <description>textarea</description>
                <left>62</left>
                <top>145</top>
                <width>1256</width>
                <height>700</height>
                <font>font16_textbox</font>
                <textcolor>grey2</textcolor>
                <pagecontrol>61</pagecontrol>
                <label>$INFO[Window(Home).Property(TextViewerContent)]</label>
                <visible>String.IsEmpty(Window(skinsettings).Property(FAQ))</visible>
            </control>
            <control type="textbox">
                <description>textarea</description>
                <left>62</left>
                <top>145</top>
                <width>1256</width>
                <height>700</height>
                <font>font16_textbox</font>
                <textcolor>grey2</textcolor>
                <pagecontrol>62</pagecontrol>
                <label>[B]Why are all the menu backgrounds black?[/B][CR]   • [I]The skin does not include any default backgrounds. If you want any backgrounds for your menu items you must add or select them yourself from the available options when using the main menu customizer.[/I][CR][CR][B]How do I select my backgrounds when I cannot see or navigate to their location?[/B][CR]   • [I]If you have added sources to Kodi's File Manager (repos or other locations and folders) then you must add any additional sources/paths that contain your backgrounds. Visit http://kodi.wiki/view/File%20manager for more info on how to add sources.[/I][CR][CR][B]How do I keep the Music information on the screen permanently?[/B][CR]   • [I]The info button toggles how music information is displayed. When it disappears press info to re-show it and never press it a second time to hide it. If it is hidden then it will display for 10 seconds after a song is played or the next track in your queue begins.[/I][CR][CR][B]How do I customize this skin?[/B][CR]   • [I]Navigate to System &gt; Interface &gt; Configure skin to access the skin wide settings and main menu customization. Select [B]Set up the Aeon Nox main menu[/B] where you can enable/disable any item, customize what happens when you select that item, set up backgrounds, widgets, manage the submenu, and choose a custom label.[/I][CR]   • [I]The settings for each viewtype and/or section (Music, Movie, TV Show) are located in the side menu so play around with all the settings/options for further customization.[/I][CR]   • There are more settings located in Skin settings &gt; Customization for the OSD (On Screen Display) for fullscreen music and video playback, skin color options, and the video information dialog.</label>
                <visible>!String.IsEmpty(Window(skinsettings).Property(FAQ))</visible>
            </control>
            <control type="scrollbar" id="61">
                <left>1348</left>
                <top>32</top>
                <width>14</width>
                <height>840</height>
                <ondown>61</ondown>
                <onup>61</onup>
                <showonepage>false</showonepage>
                <texturesliderbackground />
                <texturesliderbar border="1">scrollbar/texturesliderbar2.png</texturesliderbar>
                <texturesliderbarfocus border="1">scrollbar/texturesliderbar2.png</texturesliderbarfocus>
                <orientation>vertical</orientation>
                <visible>String.IsEmpty(Window(skinsettings).Property(FAQ))</visible>
            </control>
            <control type="scrollbar" id="62">
                <left>1348</left>
                <top>32</top>
                <width>14</width>
                <height>840</height>
                <ondown>62</ondown>
                <onup>62</onup>
                <showonepage>false</showonepage>
                <texturesliderbackground />
                <texturesliderbar border="1">scrollbar/texturesliderbar2.png</texturesliderbar>
                <texturesliderbarfocus border="1">scrollbar/texturesliderbar2.png</texturesliderbarfocus>
                <orientation>vertical</orientation>
                <visible>!String.IsEmpty(Window(skinsettings).Property(FAQ))</visible>
            </control>
        </control>
    </controls>
</window>
