<window id="1140" type="dialog">
    <defaultcontrol always="true">9000</defaultcontrol>
    <controls>
        <control type="group">
            <top>59</top>
            <control type="list" id="9000">
                <left>82</left>
                <top>32</top>
                <width>356</width>
                <height>840</height>
                <onleft>9010</onleft>
                <onright>9010</onright>
                <onup>9000</onup>
                <ondown>9000</ondown>
                <pagecontrol />
                <scrolltime tween="quadratic" easing="out">200</scrolltime>
                <include>SettingsFadeAnimation</include>
                <itemlayout height="90" width="356">
                    <control type="image">
                        <top>30</top>
                        <width>356</width>
                        <height>60</height>
                        <texture border="1">separator2.png</texture>
                    </control>
                    <control type="label">
                        <width>356</width>
                        <height>90</height>
                        <font>font15</font>
                        <textoffsetx>20</textoffsetx>
                        <textcolor>grey2</textcolor>
                        <selectedcolor>$VAR[ThemeLabelColor]</selectedcolor>
                        <align>right</align>
                        <label>$INFO[ListItem.Label]</label>
                    </control>
                </itemlayout>
                <focusedlayout height="90" width="356">
                    <control type="image">
                        <top>30</top>
                        <width>356</width>
                        <height>60</height>
                        <texture border="1">separator2.png</texture>
                    </control>
                    <control type="image">
                        <width>356</width>
                        <height>90</height>
                        <texture colordiffuse="$VAR[HighlightBarColor]" border="4">listselect_fo.png</texture>
                        <animation effect="fade" start="100" end="40" time="300" tween="sine" easing="inout" condition="!Control.HasFocus(9000)">Conditional</animation>
                    </control>
                    <control type="label">
                        <width>356</width>
                        <height>90</height>
                        <font>font15</font>
                        <textoffsetx>20</textoffsetx>
                        <textcolor>white</textcolor>
                        <selectedcolor>$VAR[ThemeLabelColor]</selectedcolor>
                        <align>right</align>
                        <label>$INFO[ListItem.Label]</label>
                        <animation effect="fade" start="100" end="70" time="300" tween="sine" easing="inout" condition="!Control.HasFocus(9000)">Conditional</animation>
                    </control>
                </focusedlayout>
                <content>
                    <item id="2">
                        <label>16000</label>
                        <onclick>noop</onclick>
                        <icon />
                    </item>
                    <item id="1">
                        <label>513</label>
                        <onclick>noop</onclick>
                        <icon />
                    </item>
                    <item id="3">
                        <label>31155</label>
                        <onclick>noop</onclick>
                        <icon />
                    </item>
                </content>
            </control>
            <control type="textbox">
                <description>description area</description>
                <left>552</left>
                <top>850</top>
                <width>1256</width>
                <height>130</height>
                <font>font16bold_textbox</font>
                <textcolor>grey2</textcolor>
                <label>$VAR[CustomColorsDescriptionVar]</label>
                <autoscroll time="3000" delay="4000" repeat="5000">true</autoscroll>
                <animation effect="fade" start="0" end="100" time="300" tween="sine" easing="inout">Visible</animation>
                <animation effect="fade" start="100" end="0" time="0" tween="sine" easing="inout">Hidden</animation>
            </control>
            <control type="group" id="9010">
                <control type="grouplist" id="9001">
                    <description>control area</description>
                    <left>522</left>
                    <top>32</top>
                    <width>1316</width>
                    <height>810</height>
                    <pagecontrol>60</pagecontrol>
                    <onleft>9000</onleft>
                    <onright>60</onright>
                    <onup>9001</onup>
                    <ondown>9001</ondown>
                    <visible>Container(9000).HasFocus(1)</visible>
                    <control type="radiobutton" id="100">
                        <label>$LOCALIZE[15111]</label>
                        <onclick>RunScript(script.skin.helper.service,action=colorpicker,skinstring=ThemeHomeLabelColor)</onclick>
                        <include content="CustomColorRadioButton">
                            <param name="ColorStringVar">$VAR[ThemeHomeLabelColor]</param>
                        </include>
                    </control>
                    <control type="radiobutton" id="102">
                        <label>$LOCALIZE[31294]</label>
                        <onclick>RunScript(script.skin.helper.service,action=colorpicker,skinstring=FocusedMainMenuColor)</onclick>
                        <include content="CustomColorRadioButton">
                            <param name="ColorStringVar">$VAR[FocusedMainMenuColor]</param>
                        </include>
                    </control>
                    <control type="radiobutton" id="103">
                        <label>$LOCALIZE[31295]</label>
                        <onclick>RunScript(script.skin.helper.service,action=colorpicker,skinstring=UnfocusedMainMenuColor)</onclick>
                        <include content="CustomColorRadioButton">
                            <param name="ColorStringVar">$VAR[UnfocusedMainMenuColor]</param>
                        </include>
                    </control>
                    <control type="radiobutton" id="104">
                        <label>$LOCALIZE[31296]</label>
                        <onclick>RunScript(script.skin.helper.service,action=colorpicker,skinstring=FocusedSubMenuColor)</onclick>
                        <include content="CustomColorRadioButton">
                            <param name="ColorStringVar">$VAR[FocusedSubMenuColor]</param>
                        </include>
                    </control>
                    <control type="radiobutton" id="105">
                        <label>$LOCALIZE[31297]</label>
                        <onclick>RunScript(script.skin.helper.service,action=colorpicker,skinstring=UnfocusedSubMenuColor)</onclick>
                        <include content="CustomColorRadioButton">
                            <param name="ColorStringVar">$VAR[UnfocusedSubMenuColor]</param>
                        </include>
                    </control>
                    <control type="radiobutton" id="106">
                        <label>$LOCALIZE[31298]</label>
                        <onclick>RunScript(script.skin.helper.service,action=colorpicker,skinstring=FocusedMainMenuIconLabelColor)</onclick>
                        <include content="CustomColorRadioButton">
                            <param name="ColorStringVar">$VAR[FocusedMainMenuIconLabelColor]</param>
                        </include>
                        <visible>String.IsEqual(Skin.String(MainMenu.Layout),10)</visible>
                    </control>
                    <control type="radiobutton" id="107">
                        <label>$LOCALIZE[31299]</label>
                        <onclick>RunScript(script.skin.helper.service,action=colorpicker,skinstring=UnfocusedMainMenuIconLabelColor)</onclick>
                        <include content="CustomColorRadioButton">
                            <param name="ColorStringVar">$VAR[UnfocusedMainMenuIconLabelColor]</param>
                        </include>
                        <visible>String.IsEqual(Skin.String(MainMenu.Layout),10)</visible>
                    </control>
                    <control type="radiobutton" id="108">
                        <label>$LOCALIZE[20304]</label>
                        <onclick>RunScript(script.skin.helper.service,action=colorpicker,skinstring=RSSFeedColor)</onclick>
                        <include content="CustomColorRadioButton">
                            <param name="ColorStringVar">$VAR[RSSFeedColor]</param>
                        </include>
                    </control>
                    <control type="radiobutton" id="109">
                        <label>$LOCALIZE[31302]</label>
                        <onclick>RunScript(script.skin.helper.service,action=colorpicker,skinstring=ThemeHomeMenuBarColor)</onclick>
                        <include content="CustomColorRadioButton">
                            <param name="ColorStringVar">$VAR[ThemeHomeMenuBarColor]</param>
                        </include>
                    </control>
                    <control type="radiobutton" id="110">
                        <include>SettingsButtonCommonValues</include>
                        <label>  - Full color Menu Bar</label>
                        <onclick>Skin.ToggleSetting(Enable.ColoredMenuBar)</onclick>
                        <selected>Skin.HasSetting(Enable.ColoredMenuBar)</selected>
                    </control>
                    <control type="radiobutton" id="111">
                        <label>$LOCALIZE[31303]</label>
                        <onclick>RunScript(script.skin.helper.service,action=colorpicker,skinstring=ThemeHomeSystemBarsColor)</onclick>
                        <include content="CustomColorRadioButton">
                            <param name="ColorStringVar">$VAR[ThemeHomeSystemBarsColor]</param>
                        </include>
                    </control>
                    <control type="radiobutton" id="112">
                        <include>SettingsButtonCommonValues</include>
                        <label>  - Full color System Bars</label>
                        <onclick>Skin.ToggleSetting(Enable.ColoredSystemBars)</onclick>
                        <selected>Skin.HasSetting(Enable.ColoredSystemBars)</selected>
                    </control>
                </control>
                <control type="grouplist" id="9002">
                    <description>control area</description>
                    <left>522</left>
                    <top>32</top>
                    <width>1316</width>
                    <height>810</height>
                    <pagecontrol>60</pagecontrol>
                    <onleft>9000</onleft>
                    <onright>60</onright>
                    <onup>9002</onup>
                    <ondown>9002</ondown>
                    <visible>Container(9000).HasFocus(2)</visible>
                    <control type="radiobutton" id="200">
                        <label>$LOCALIZE[15111]</label>
                        <onclick>RunScript(script.skin.helper.service,action=colorpicker,skinstring=ThemeLabelColor)</onclick>
                        <include content="CustomColorRadioButton">
                            <param name="ColorStringVar">$VAR[ThemeLabelColor]</param>
                        </include>
                    </control>
                    <control type="radiobutton" id="201">
                        <label>$LOCALIZE[31304]</label>
                        <onclick>RunScript(script.skin.helper.service,action=colorpicker,skinstring=HighlightBarColor)</onclick>
                        <include content="CustomColorRadioButton">
                            <param name="ColorStringVar">$VAR[HighlightBarColor]</param>
                        </include>
                    </control>
                    <control type="radiobutton" id="202">
                        <label>$LOCALIZE[31305]</label>
                        <onclick>RunScript(script.skin.helper.service,action=colorpicker,skinstring=UnWatchedEpColor)</onclick>
                        <include content="CustomColorRadioButton">
                            <param name="ColorStringVar">$VAR[UnWatchedEpColor]</param>
                        </include>
                    </control>
                    <control type="radiobutton" id="203">
                        <label>$LOCALIZE[31252]</label>
                        <onclick>RunScript(script.skin.helper.service,action=colorpicker,skinstring=TopBarColor)</onclick>
                        <include content="CustomColorRadioButton">
                            <param name="ColorStringVar">$VAR[TopBarColor]</param>
                        </include>
                    </control>
                    <control type="radiobutton" id="205">
                        <include>SettingsButtonCommonValues</include>
                        <label>  - Full color TopBar</label>
                        <onclick>Skin.ToggleSetting(Enable.ColoredTopBar)</onclick>
                        <selected>Skin.HasSetting(Enable.ColoredTopBar)</selected>
                    </control>
                    <control type="radiobutton" id="204">
                        <label>$LOCALIZE[31346]</label>
                        <onclick>RunScript(script.skin.helper.service,action=colorpicker,skinstring=ThemeOSDProgressColor)</onclick>
                        <include content="CustomColorRadioButton">
                            <param name="ColorStringVar">$VAR[ThemeOSDProgressColor]</param>
                        </include>
                    </control>
                </control>
                <control type="grouplist" id="9003">
                    <description>control area</description>
                    <left>522</left>
                    <top>32</top>
                    <width>1316</width>
                    <height>810</height>
                    <pagecontrol>60</pagecontrol>
                    <onleft>9000</onleft>
                    <onright>60</onright>
                    <onup>9003</onup>
                    <ondown>9003</ondown>
                    <visible>Container(9000).HasFocus(3)</visible>
                    <control type="radiobutton" id="300">
                        <label>$LOCALIZE[31304]</label>
                        <onclick>RunScript(script.skin.helper.service,action=colorpicker,skinstring=WidgetHighlightBarColor)</onclick>
                        <include content="CustomColorRadioButton">
                            <param name="ColorStringVar">$VAR[WidgetHighlightBarColor]</param>
                        </include>
                    </control>
                    <control type="radiobutton" id="301">
                        <label>$LOCALIZE[31102]</label>
                        <onclick>RunScript(script.skin.helper.service,action=colorpicker,skinstring=WidgetBackgroundColor)</onclick>
                        <include content="CustomColorRadioButton">
                            <param name="ColorStringVar">$VAR[WidgetBackgroundColor]</param>
                        </include>
                    </control>
                </control>
            </control>
        </control>
    </controls>
</window>
