<window id="1127" type="dialog">
    <defaultcontrol always="true">90100</defaultcontrol>
    <coordinates>
        <system>1</system>
        <left>457</left>
        <top>240</top>
    </coordinates>
    <onload condition="String.IsEmpty(Skin.String(Overlay.Toggle))">ClearProperty(OverlayUnwatched,home)</onload>
    <onload condition="String.IsEmpty(Skin.String(Overlay.Toggle))">ClearProperty(OverlayWatched,home)</onload>
    <onload condition="String.IsEqual(Skin.String(Overlay.Toggle),both)">SetProperty(OverlayUnwatched,True,home)</onload>
    <onload condition="String.IsEqual(Skin.String(Overlay.Toggle),both)">SetProperty(OverlayWatched,True,home)</onload>
    <onload condition="String.IsEqual(Skin.String(Overlay.Toggle),watched)">ClearProperty(OverlayUnwatched,home)</onload>
    <onload condition="String.IsEqual(Skin.String(Overlay.Toggle),watched)">SetProperty(OverlayWatched,True,home)</onload>
    <onload condition="String.IsEqual(Skin.String(Overlay.Toggle),unwatched)">SetProperty(OverlayUnwatched,home)</onload>
    <onload condition="String.IsEqual(Skin.String(Overlay.Toggle),unwatched)">ClearProperty(OverlayWatched,home)</onload>
    <onunload condition="!Skin.HasSetting(Disable.Resumable)">SetProperty(Overlay.Resumable,True,home)</onunload>
    <onunload condition="Skin.HasSetting(Disable.Resumable)">ClearProperty(Overlay.Resumable,home)</onunload>
    <onunload condition="!String.IsEmpty(Window(Home).Property(OverlayUnwatched)) + !String.IsEmpty(Window(Home).Property(OverlayWatched))">Skin.SetString(Overlay.Toggle,both)</onunload>
    <onunload condition="!String.IsEmpty(Window(Home).Property(OverlayUnwatched)) + !String.IsEmpty(Window(Home).Property(OverlayWatched)) + !Skin.HasSetting(coloredflags)">SetProperty(Overlay.Path,overlays/showcase/1/,home)</onunload>
    <onunload condition="!String.IsEmpty(Window(Home).Property(OverlayUnwatched)) + !String.IsEmpty(Window(Home).Property(OverlayWatched)) + Skin.HasSetting(coloredflags)">SetProperty(Overlay.Path,overlays/showcase/4/,home)</onunload>
    <onunload condition="String.IsEmpty(Window(Home).Property(OverlayUnwatched)) + !String.IsEmpty(Window(Home).Property(OverlayWatched))">Skin.SetString(Overlay.Toggle,watched)</onunload>
    <onunload condition="String.IsEmpty(Window(Home).Property(OverlayUnwatched)) + !String.IsEmpty(Window(Home).Property(OverlayWatched)) + !Skin.HasSetting(coloredflags)">SetProperty(Overlay.Path,overlays/showcase/2/,home)</onunload>
    <onunload condition="String.IsEmpty(Window(Home).Property(OverlayUnwatched)) + !String.IsEmpty(Window(Home).Property(OverlayWatched)) + Skin.HasSetting(coloredflags)">SetProperty(Overlay.Path,overlays/showcase/5/,home)</onunload>
    <onunload condition="!String.IsEmpty(Window(Home).Property(OverlayUnwatched)) + String.IsEmpty(Window(Home).Property(OverlayWatched))">Skin.SetString(Overlay.Toggle,unwatched)</onunload>
    <onunload condition="!String.IsEmpty(Window(Home).Property(OverlayUnwatched)) + String.IsEmpty(Window(Home).Property(OverlayWatched)) + !Skin.HasSetting(coloredflags)">SetProperty(Overlay.Path,overlays/showcase/3/,home)</onunload>
    <onunload condition="!String.IsEmpty(Window(Home).Property(OverlayUnwatched)) + String.IsEmpty(Window(Home).Property(OverlayWatched)) + Skin.HasSetting(coloredflags)">SetProperty(Overlay.Path,overlays/showcase/6/,home)</onunload>
    <onunload condition="String.IsEmpty(Window(Home).Property(OverlayUnwatched)) + String.IsEmpty(Window(Home).Property(OverlayWatched))">Skin.Reset(Overlay.Toggle)</onunload>
    <onunload condition="String.IsEmpty(Window(Home).Property(OverlayUnwatched)) + String.IsEmpty(Window(Home).Property(OverlayWatched))">SetProperty(Overlay.Path,overlays/showcase/,home)</onunload>
    <include>DialogOpenCloseAnimation</include>
    <controls>
        <!-- $INFO[Window(Home).Property(Overlay.Path)] -->
        <!-- $INFO[Skin.String(Overlay.Toggle)] -->
        <!-- $INFO[Window(Home).Property(OverlayWatched)] -->
        <!-- $INFO[Window(Home).Property(OverlayUnWatched)] -->
        <!-- $INFO[Window(Home).Property(Overlay.Resumable)] -->
        <control type="image">
            <left>157</left>
            <width>692</width>
            <height>600</height>
            <texture border="40">dialogs/default/bg.png</texture>
        </control>
        <control type="image">
            <left>187</left>
            <top>86</top>
            <width>632</width>
            <height>482</height>
            <texture border="5">dialogs/default/inner.png</texture>
        </control>
        <control type="label" id="1">
            <left>30</left>
            <top>32</top>
            <width>940</width>
            <height>40</height>
            <font>font15_title</font>
            <label>$LOCALIZE[31091]</label>
            <align>center</align>
            <textcolor>dialogheader</textcolor>
        </control>
        <control type="list" id="90100">
            <left>189</left>
            <top>88</top>
            <width>628</width>
            <height>480</height>
            <onup>90100</onup>
            <ondown>90100</ondown>
            <onleft>90100</onleft>
            <onright>60</onright>
            <pagecontrol>60</pagecontrol>
            <scrolltime tween="quadratic" easing="out">200</scrolltime>
            <itemlayout height="100" width="628">
                <control type="image">
                    <top>40</top>
                    <width>628</width>
                    <height>60</height>
                    <texture border="1">separator2.png</texture>
                </control>
                <control type="label">
                    <left>110</left>
                    <width>520</width>
                    <height>100</height>
                    <textoffsetx>15</textoffsetx>
                    <font>font14</font>
                    <textcolor>grey2</textcolor>
                    <selectedcolor>$VAR[ThemeLabelColor]</selectedcolor>
                    <label>$INFO[ListItem.Label]</label>
                </control>
                <control type="image">
                    <left>10</left>
                    <width>100</width>
                    <height>100</height>
                    <texture>$INFO[ListItem.Icon]</texture>
                </control>
                <control type="image">
                    <left>558</left>
                    <top>18</top>
                    <width>64</width>
                    <height>64</height>
                    <texture>$INFO[ListItem.Property(Radio)]</texture>
                    <colordiffuse>$VAR[ThemeLabelColor]</colordiffuse>
                </control>
            </itemlayout>
            <focusedlayout height="100" width="628">
                <control type="image">
                    <top>40</top>
                    <width>628</width>
                    <height>60</height>
                    <texture border="1">separator2.png</texture>
                    <include>VisibleFadeAnimation</include>
                </control>
                <control type="image">
                    <width>629</width>
                    <height>100</height>
                    <texture colordiffuse="$VAR[HighlightBarColor]" border="5">listselect_fo.png</texture>
                    <visible>Control.HasFocus(90100)</visible>
                    <include>VisibleFadeAnimation</include>
                </control>
                <control type="label">
                    <left>110</left>
                    <width>520</width>
                    <height>100</height>
                    <textoffsetx>15</textoffsetx>
                    <font>font14</font>
                    <textcolor>white</textcolor>
                    <selectedcolor>$VAR[ThemeLabelColor]</selectedcolor>
                    <scroll>true</scroll>
                    <label>$INFO[ListItem.Label]</label>
                    <animation effect="fade" start="100" end="70" time="300" tween="sine" easing="inout" condition="!Control.HasFocus(90100)">Conditional</animation>
                </control>
                <control type="image">
                    <left>10</left>
                    <width>100</width>
                    <height>100</height>
                    <texture>$INFO[ListItem.Icon]</texture>
                </control>
                <control type="image">
                    <left>558</left>
                    <top>18</top>
                    <width>64</width>
                    <height>64</height>
                    <texture>$INFO[ListItem.Property(Radio)]</texture>
                    <colordiffuse>$VAR[ThemeLabelColor]</colordiffuse>
                </control>
            </focusedlayout>
            <content>
                <item>
                    <label>$LOCALIZE[13404]</label>
                    <icon>overlays/showcase/resumable.png</icon>
                    <onclick>Skin.SetBool(Disable.Resumable)</onclick>
                    <property name="Radio">android/btn_radio_on_holo_dark.png</property>
                    <visible>!Skin.HasSetting(Disable.Resumable)</visible>
                </item>
                <item>
                    <label>$LOCALIZE[13404]</label>
                    <icon>overlays/showcase/resumable.png</icon>
                    <onclick>Skin.Reset(Disable.Resumable)</onclick>
                    <property name="Radio">android/btn_radio_off_holo_dark.png</property>
                    <visible>Skin.HasSetting(Disable.Resumable)</visible>
                </item>
                <item>
                    <label>$LOCALIZE[16102]</label>
                    <icon>overlays/showcase/1/OverlayWatched.png</icon>
                    <onclick>ClearProperty(OverlayWatched,Home)</onclick>
                    <property name="Radio">android/btn_radio_on_holo_dark.png</property>
                    <visible>!Skin.HasSetting(coloredflags) + !String.IsEmpty(Window(Home).Property(OverlayWatched))</visible>
                </item>
                <item>
                    <label>$LOCALIZE[16102]</label>
                    <icon>overlays/showcase/1/OverlayWatched.png</icon>
                    <onclick>SetProperty(OverlayWatched,True,home)</onclick>
                    <property name="Radio">android/btn_radio_off_holo_dark.png</property>
                    <visible>!Skin.HasSetting(coloredflags) + String.IsEmpty(Window(Home).Property(OverlayWatched))</visible>
                </item>
                <item>
                    <label>$LOCALIZE[16102]</label>
                    <icon>overlays/showcase/4/OverlayWatched.png</icon>
                    <onclick>ClearProperty(OverlayWatched,Home)</onclick>
                    <property name="Radio">android/btn_radio_on_holo_dark.png</property>
                    <visible>Skin.HasSetting(coloredflags) + !String.IsEmpty(Window(Home).Property(OverlayWatched))</visible>
                </item>
                <item>
                    <label>$LOCALIZE[16102]</label>
                    <icon>overlays/showcase/4/OverlayWatched.png</icon>
                    <onclick>SetProperty(OverlayWatched,True,home)</onclick>
                    <property name="Radio">android/btn_radio_off_holo_dark.png</property>
                    <visible>Skin.HasSetting(coloredflags) + String.IsEmpty(Window(Home).Property(OverlayWatched))</visible>
                </item>
                <item>
                    <label>$LOCALIZE[16101]</label>
                    <icon>overlays/showcase/1/OverlayUnwatched.png</icon>
                    <onclick>ClearProperty(OverlayUnwatched,Home)</onclick>
                    <property name="Radio">android/btn_radio_on_holo_dark.png</property>
                    <visible>!String.IsEmpty(Window(Home).Property(OverlayUnwatched))</visible>
                </item>
                <item>
                    <label>$LOCALIZE[16101]</label>
                    <icon>overlays/showcase/1/OverlayUnwatched.png</icon>
                    <onclick>SetProperty(OverlayUnwatched,True,home)</onclick>
                    <property name="Radio">android/btn_radio_off_holo_dark.png</property>
                    <visible>String.IsEmpty(Window(Home).Property(OverlayUnwatched))</visible>
                </item>
                <item>
                    <label>$LOCALIZE[31109]</label>
                    <icon>dialogs/settings/circle.png</icon>
                    <onclick>Skin.Reset(Disable.UnwatchedIcon)</onclick>
                    <property name="Radio">android/btn_radio_on_holo_dark.png</property>
                    <visible>Skin.HasSetting(Disable.UnwatchedIcon)</visible>
                </item>
                <item>
                    <label>$LOCALIZE[31109]</label>
                    <icon>dialogs/settings/circle.png</icon>
                    <onclick>Skin.SetBool(Disable.UnwatchedIcon)</onclick>
                    <property name="Radio">android/btn_radio_off_holo_dark.png</property>
                    <visible>!Skin.HasSetting(Disable.UnwatchedIcon)</visible>
                </item>
            </content>
        </control>
        <control type="scrollbar" id="60">
            <left>819</left>
            <top>88</top>
            <height>480</height>
            <width>14</width>
            <onleft>90100</onleft>
            <onright>90100</onright>
            <ondown>60</ondown>
            <onup>60</onup>
            <showonepage>false</showonepage>
            <texturesliderbackground />
            <texturesliderbar colordiffuse="55ffffff" border="4">scrollbar/texturesliderbar3.png</texturesliderbar>
            <texturesliderbarfocus border="4">scrollbar/texturesliderbar3.png</texturesliderbarfocus>
        </control>
    </controls>
</window>
