<window>
    <zorder>1</zorder>
    <defaultcontrol always="true">9000</defaultcontrol>
    <coordinates>
        <system>1</system>
        <left>122</left>
        <top>254</top>
    </coordinates>
    <include>DialogOpenCloseAnimation</include>
    <controls>
        <control type="image">
            <description>background image</description>
            <width>1674</width>
            <height>640</height>
            <texture border="40">dialogs/default/bg.png</texture>
        </control>
        <control type="label" id="2">
            <description>header label</description>
            <left>30</left>
            <top>32</top>
            <width>1614</width>
            <height>40</height>
            <font>font15_title</font>
            <label>$VAR[DSPManagerHelpTextVar]</label>
            <label>$LOCALIZE[15020]</label>
            <scroll>true</scroll>
            <align>center</align>
            <textcolor>dialogheader</textcolor>
        </control>
        <control type="label">
            <description>header label</description>
            <left>357</left>
            <top>572</top>
            <width>475</width>
            <height>40</height>
            <font>font15_title</font>
            <label>$LOCALIZE[15050]: $INFO[Container(20).NumItems]</label>
            <align>center</align>
            <textcolor>dialogheader</textcolor>
        </control>
        <control type="label">
            <description>header label</description>
            <left>832</left>
            <top>572</top>
            <width>475</width>
            <height>40</height>
            <font>font15_title</font>
            <label>$LOCALIZE[15051]: $INFO[Container(21).NumItems]</label>
            <align>center</align>
            <textcolor>dialogheader</textcolor>
        </control>
        <!-- left group -->
        <control type="group">
            <left>31</left>
            <top>88</top>
            <control type="image">
                <left>-1</left>
                <top>-2</top>
                <width>312</width>
                <height>482</height>
                <texture border="5">dialogs/default/inner.png</texture>
            </control>
            <control type="list" id="9000">
                <description>processing mode selection list</description>
                <width>310</width>
                <height>480</height>
                <onleft>9001</onleft>
                <onright>60</onright>
                <onup>9000</onup>
                <ondown>9000</ondown>
                <pagecontrol>60</pagecontrol>
                <orientation>vertical</orientation>
                <scrolltime tween="quadratic" easing="out">200</scrolltime>
                <itemlayout width="330" height="60">
                    <control type="image">
                        <width>310</width>
                        <height>60</height>
                        <texture border="1">separator2.png</texture>
                    </control>
                    <control type="label">
                        <width>310</width>
                        <height>60</height>
                        <font>font13</font>
                        <textcolor>grey2</textcolor>
                        <textoffsetx>15</textoffsetx>
                        <selectedcolor>$VAR[ThemeLabelColor]</selectedcolor>
                        <label>$INFO[ListItem.Label]</label>
                    </control>
                </itemlayout>
                <focusedlayout width="330" height="60">
                    <control type="image">
                        <width>310</width>
                        <height>60</height>
                        <texture colordiffuse="$VAR[HighlightBarColor]" border="4">listselect_fo.png</texture>
                        <visible>Control.HasFocus(9000)</visible>
                    </control>
                    <control type="label">
                        <width>310</width>
                        <height>60</height>
                        <font>font13</font>
                        <textcolor>grey2</textcolor>
                        <textoffsetx>15</textoffsetx>
                        <selectedcolor>$VAR[ThemeLabelColor]</selectedcolor>
                        <label>$INFO[ListItem.Label]</label>
                        <visible>!Control.HasFocus(9000)</visible>
                    </control>
                    <control type="label">
                        <width>310</width>
                        <height>60</height>
                        <textoffsetx>15</textoffsetx>
                        <font>font13</font>
                        <selectedcolor>$VAR[ThemeLabelColor]</selectedcolor>
                        <label>$INFO[ListItem.Label]</label>
                        <visible>Control.HasFocus(9000)</visible>
                    </control>
                </focusedlayout>
            </control>
            <control type="scrollbar" id="60">
                <left>310</left>
                <width>14</width>
                <height>480</height>
                <texturesliderbackground />
                <texturesliderbar colordiffuse="55ffffff" border="1">scrollbar/texturesliderbar2.png</texturesliderbar>
                <texturesliderbarfocus border="1">scrollbar/texturesliderbar2.png</texturesliderbarfocus>
                <onleft>9000</onleft>
                <onright>20</onright>
                <showonepage>false</showonepage>
                <orientation>vertical</orientation>
            </control>
        </control>
        <!-- middle group -->
        <control type="group" id="200">
            <left>357</left>
            <top>88</top>
            <control type="image">
                <left>-1</left>
                <top>-2</top>
                <width>475</width>
                <height>482</height>
                <texture border="5">dialogs/default/inner.png</texture>
            </control>
            <control type="image">
                <left>487</left>
                <top>-2</top>
                <width>475</width>
                <height>482</height>
                <texture border="5">dialogs/default/inner.png</texture>
            </control>
            <control type="list" id="20">
                <description>available modes group</description>
                <width>475</width>
                <height>480</height>
                <pagecontrol>30</pagecontrol>
                <onleft>9000</onleft>
                <onright>30</onright>
                <onup>20</onup>
                <ondown>20</ondown>
                <orientation>vertical</orientation>
                <scrolltime tween="quadratic" easing="out">200</scrolltime>
                <itemlayout width="475" height="120">
                    <control type="image">
                        <top>60</top>
                        <width>475</width>
                        <height>60</height>
                        <texture border="1">separator2.png</texture>
                    </control>
                    <control type="label">
                        <width>475</width>
                        <height>60</height>
                        <font>font13</font>
                        <textcolor>grey2</textcolor>
                        <textoffsetx>15</textoffsetx>
                        <selectedcolor>$VAR[ThemeLabelColor]</selectedcolor>
                        <label>$INFO[ListItem.Label]</label>
                    </control>
                    <control type="label">
                        <top>60</top>
                        <width>475</width>
                        <height>60</height>
                        <font>font13</font>
                        <textcolor>grey2</textcolor>
                        <textoffsetx>15</textoffsetx>
                        <selectedcolor>$VAR[ThemeLabelColor]</selectedcolor>
                        <label>$INFO[ListItem.Label2]</label>
                    </control>
                </itemlayout>
                <focusedlayout width="475" height="120">
                    <control type="image">
                        <width>473</width>
                        <height>120</height>
                        <texture colordiffuse="$VAR[HighlightBarColor]" border="4">listselect_fo.png</texture>
                        <visible>Control.HasFocus(20)</visible>
                    </control>
                    <control type="label">
                        <width>475</width>
                        <height>60</height>
                        <font>font13</font>
                        <textcolor>grey2</textcolor>
                        <textoffsetx>15</textoffsetx>
                        <selectedcolor>$VAR[ThemeLabelColor]</selectedcolor>
                        <label>$INFO[ListItem.Label]</label>
                        <visible>!Control.HasFocus(20)</visible>
                    </control>
                    <control type="label">
                        <width>475</width>
                        <height>60</height>
                        <textoffsetx>15</textoffsetx>
                        <font>font13</font>
                        <selectedcolor>$VAR[ThemeLabelColor]</selectedcolor>
                        <label>$INFO[ListItem.Label]</label>
                        <visible>Control.HasFocus(20)</visible>
                    </control>
                    <control type="label">
                        <top>60</top>
                        <width>475</width>
                        <height>60</height>
                        <font>font13</font>
                        <textcolor>grey2</textcolor>
                        <textoffsetx>15</textoffsetx>
                        <selectedcolor>$VAR[ThemeLabelColor]</selectedcolor>
                        <label>$INFO[ListItem.Label2]</label>
                        <visible>!Control.HasFocus(20)</visible>
                    </control>
                    <control type="label">
                        <top>60</top>
                        <width>475</width>
                        <height>60</height>
                        <textoffsetx>15</textoffsetx>
                        <font>font13</font>
                        <selectedcolor>$VAR[ThemeLabelColor]</selectedcolor>
                        <label>$INFO[ListItem.Label2]</label>
                        <visible>Control.HasFocus(20)</visible>
                    </control>
                </focusedlayout>
            </control>
            <control type="scrollbar" id="30">
                <left>472</left>
                <width>14</width>
                <height>480</height>
                <texturesliderbackground />
                <texturesliderbar colordiffuse="55ffffff" border="1">scrollbar/texturesliderbar2.png</texturesliderbar>
                <texturesliderbarfocus border="1">scrollbar/texturesliderbar2.png</texturesliderbarfocus>
                <onleft>20</onleft>
                <onright>21</onright>
                <showonepage>false</showonepage>
                <orientation>vertical</orientation>
            </control>
            <control type="list" id="21">
                <description>active modes group</description>
                <left>487</left>
                <width>475</width>
                <height>480</height>
                <pagecontrol>31</pagecontrol>
                <onleft>20</onleft>
                <onright>31</onright>
                <onup>20</onup>
                <ondown>20</ondown>
                <orientation>vertical</orientation>
                <scrolltime tween="quadratic" easing="out">200</scrolltime>
                <itemlayout width="475" height="120">
                    <control type="image">
                        <top>60</top>
                        <width>475</width>
                        <height>60</height>
                        <texture border="1">separator2.png</texture>
                    </control>
                    <control type="label">
                        <width>475</width>
                        <height>60</height>
                        <font>font13</font>
                        <textcolor>grey2</textcolor>
                        <textoffsetx>15</textoffsetx>
                        <selectedcolor>$VAR[ThemeLabelColor]</selectedcolor>
                        <label>$INFO[ListItem.Label]</label>
                    </control>
                    <control type="label">
                        <top>60</top>
                        <width>475</width>
                        <height>60</height>
                        <font>font13</font>
                        <textcolor>grey2</textcolor>
                        <textoffsetx>15</textoffsetx>
                        <selectedcolor>$VAR[ThemeLabelColor]</selectedcolor>
                        <label>$INFO[ListItem.Label2]</label>
                    </control>
                </itemlayout>
                <focusedlayout width="475" height="120">
                    <control type="image">
                        <width>473</width>
                        <height>120</height>
                        <texture colordiffuse="$VAR[HighlightBarColor]" border="4">listselect_fo.png</texture>
                        <visible>Control.HasFocus(21)</visible>
                    </control>
                    <control type="label">
                        <width>475</width>
                        <height>60</height>
                        <font>font13</font>
                        <textcolor>grey2</textcolor>
                        <textoffsetx>15</textoffsetx>
                        <selectedcolor>$VAR[ThemeLabelColor]</selectedcolor>
                        <label>$INFO[ListItem.Label]</label>
                        <visible>!Control.HasFocus(21)</visible>
                    </control>
                    <control type="label">
                        <width>475</width>
                        <height>60</height>
                        <textoffsetx>15</textoffsetx>
                        <font>font13</font>
                        <selectedcolor>$VAR[ThemeLabelColor]</selectedcolor>
                        <label>$INFO[ListItem.Label]</label>
                        <visible>Control.HasFocus(21)</visible>
                    </control>
                    <control type="label">
                        <top>60</top>
                        <width>475</width>
                        <height>60</height>
                        <font>font13</font>
                        <textcolor>grey2</textcolor>
                        <textoffsetx>15</textoffsetx>
                        <selectedcolor>$VAR[ThemeLabelColor]</selectedcolor>
                        <label>$INFO[ListItem.Label2]</label>
                        <visible>!Control.HasFocus(21)</visible>
                    </control>
                    <control type="label">
                        <top>60</top>
                        <width>475</width>
                        <height>60</height>
                        <textoffsetx>15</textoffsetx>
                        <font>font13</font>
                        <selectedcolor>$VAR[ThemeLabelColor]</selectedcolor>
                        <label>$INFO[ListItem.Label2]</label>
                        <visible>Control.HasFocus(21)</visible>
                    </control>
                </focusedlayout>
            </control>
            <control type="scrollbar" id="31">
                <left>960</left>
                <width>14</width>
                <height>480</height>
                <texturesliderbackground />
                <texturesliderbar colordiffuse="55ffffff" border="1">scrollbar/texturesliderbar2.png</texturesliderbar>
                <texturesliderbarfocus border="1">scrollbar/texturesliderbar2.png</texturesliderbarfocus>
                <onleft>21</onleft>
                <onright>9001</onright>
                <showonepage>false</showonepage>
                <orientation>vertical</orientation>
            </control>
        </control>
        <!-- right group -->
        <control type="group">
            <left>1333</left>
            <top>88</top>
            <control type="image">
                <left>-1</left>
                <top>-2</top>
                <width>312</width>
                <height>482</height>
                <texture border="5">dialogs/default/inner.png</texture>
            </control>
            <control type="grouplist" id="9001">
                <width>310</width>
                <height>480</height>
                <onleft>21</onleft>
                <onright>9000</onright>
                <onup>9001</onup>
                <ondown>9001</ondown>
                <control type="radiobutton" id="22">
                    <description>Direct Button</description>
                    <width>310</width>
                    <textwidth>220</textwidth>
                    <label>$LOCALIZE[15064]</label>
                </control>
                <control type="button" id="23">
                    <description>Now Button</description>
                    <width>310</width>
                    <label>$LOCALIZE[14070]</label>
                </control>
                <control type="button" id="24">
                    <description>Clear Button</description>
                    <width>310</width>
                    <label>$LOCALIZE[15066]</label>
                </control>
            </control>
        </control>
    </controls>
</window>
