<window>
    <defaultcontrol always="true">10</defaultcontrol>
    <onload>SetProperty(Window.HasSettings,True,home)</onload>
    <onload>ClearProperty(MediaMenu,Home)</onload>
    <onunload>ClearProperty(Window.HasSettings,Home)</onunload>
    <views>10</views>
    <menucontrol>9051</menucontrol>
    <controls>
        <include>CommonBackground</include>
        <include condition="String.IsEmpty(Skin.String(LiveTV.EpgViewType))">EpgTimelineStandard</include>
        <include condition="String.IsEqual(Skin.String(LiveTV.EpgViewType),1)">EpgTimelineMinified</include>
        <control type="label" id="29">
            <font />
            <include>HiddenObject</include>
        </control>
        <control type="label" id="30">
            <font />
            <include>HiddenObject</include>
        </control>
        <include condition="!Skin.HasSetting(Disable.ScrollLabel)">ScrollOffsetLabel</include>
        <control type="image">
            <width>1920</width>
            <height>1080</height>
            <texture>black-back.png</texture>
            <animation effect="fade" time="400">Visible</animation>
            <animation effect="fade" time="200">Hidden</animation>
            <visible>Window.IsActive(FileBrowser) | Window.IsActive(PVRGuideInfo) | Window.IsActive(PVRRecordingInfo) | Window.IsActive(PVRTimerSetting) | Window.IsActive(PVRGroupManager) | Window.IsActive(PVRGuideSearch)</visible>
        </control>
        <include>Topbar</include>
        <include>PVRMediaMenu</include>
    </controls>
</window>
