<window>
    <defaultcontrol always="true">9000</defaultcontrol>
    <controls>
        <control type="group">
            <animation effect="slide" start="-729,0" end="0,0" delay="250" time="700" tween="quadratic">WindowOpen</animation>
            <animation effect="slide" end="-729,0" time="500" tween="quadratic">WindowClose</animation>
            <control type="image">
                <width>729</width>
                <height>1080</height>
                <aspectratio aligny="top">scale</aspectratio>
                <texture background="true" fallback="black.png">$INFO[Window.Property(Poster)]</texture>
            </control>
            <control type="image">
                <width>729</width>
                <height>1080</height>
                <aspectratio aligny="top">scale</aspectratio>
                <texture background="true" fallback="black.png">$INFO[Window.Property(set.thumb)]</texture>
                <animation effect="fade" start="0" end="100" time="500" tween="sine" easing="inout">VisibleChange</animation>
                <visible>Integer.IsGreater(Container(250).NumItems,0) + ControlGroup(9000).HasFocus(208) + !String.IsEmpty(Window.Property(Set)) + !String.IsEmpty(Window.Property(set.thumb))</visible>
            </control>
        </control>
        <control type="group">
            <animation effect="slide" start="1242,0" end="0,0" delay="250" time="700" tween="quadratic">WindowOpen</animation>
            <animation effect="slide" end="1242,0" time="500" tween="quadratic">WindowClose</animation>
            <left>729</left>
            <control type="image">
                <width>1192</width>
                <height>1080</height>
                <aspectratio align="center">scale</aspectratio>
                <texture background="true" fallback="black.png">$INFO[Window.Property(fanart)]</texture>
                <visible>!Skin.HasSetting(Enable.BlurredVideoInfoExtended)</visible>
            </control>
            <control type="image">
                <width>1192</width>
                <height>1080</height>
                <aspectratio align="center">scale</aspectratio>
                <texture background="true" fallback="black.png">$INFO[Window.Property(ImageFilter)]</texture>
                <fadetime>400</fadetime>
                <visible>Skin.HasSetting(Enable.BlurredVideoInfoExtended)</visible>
            </control>
            <control type="image">
                <width>1192</width>
                <height>1080</height>
                <texture border="4" colordiffuse="8CE5E5E5">dialogs/info/info_rightpaneltop.png</texture>
                <visible>Skin.HasSetting(Enable.BlurredVideoInfoExtended)</visible>
            </control>
            <control type="image">
                <width>1192</width>
                <height>1080</height>
                <texture border="4">dialogs/info/info_rightpaneltop.png</texture>
                <visible>!Skin.HasSetting(Enable.BlurredVideoInfoExtended)</visible>
            </control>
            <control type="group">
                <left>40</left>
                <top>10</top>
                <width>1042</width>
                <height>854</height>
                <control type="grouplist">
                    <top>-20</top>
                    <width>1100</width>
                    <height>110</height>
                    <align>center</align>
                    <control type="label">
                        <width>1010</width>
                        <height>55</height>
                        <font>font30_title_bold</font>
                        <textcolor>grey</textcolor>
                        <scroll>true</scroll>
                        <label>$INFO[Window.Property(Title)]</label>
                    </control>
                    <control type="label">
                        <width>1010</width>
                        <height>30</height>
                        <font>font15</font>
                        <textcolor>$VAR[ThemeLabelColor]</textcolor>
                        <scroll>true</scroll>
                        <label>$INFO[Window.Property(tagline)]</label>
                        <visible>!String.IsEmpty(Window.Property(tagline))</visible>
                    </control>
                </control>
                <control type="image">
                    <left>1025</left>
                    <width>160</width>
                    <height>80</height>
                    <texture>logos/tmdb-logo.png</texture>
                    <aspectratio align="left" aligny="center">keep</aspectratio>
                </control>
                <control type="image">
                    <left>-37</left>
                    <top>31</top>
                    <width>1188</width>
                    <height>60</height>
                    <texture border="1">separator2.png</texture>
                </control>
                <control type="grouplist">
                    <top>80</top>
                    <width>1188</width>
                    <height>85</height>
                    <orientation>horizontal</orientation>
                    <usecontrolcoords>true</usecontrolcoords>
                    <control type="label">
                        <top>3</top>
                        <width>140</width>
                        <height>90</height>
                        <label>[B]$INFO[Window.Property(year)][/B]</label>
                        <font>font35_title</font>
                        <textcolor>grey</textcolor>
                    </control>
                    <control type="image">
                        <top>10</top>
                        <width>2</width>
                        <height>76</height>
                        <texture border="1">separator3.png</texture>
                    </control>
                    <control type="group">
                        <visible>!Integer.IsGreater(Container(1450).NumItems,0)</visible>
                        <width>198</width>
                        <control type="image" id="8000011">
                            <colordiffuse>grey</colordiffuse>
                            <width>198</width>
                            <include>MediaFlagValues</include>
                            <bordersize>2</bordersize>
                            <texture>$VAR[PathFlagsStudios]$INFO[Container(550).ListItem.Label,,.png]</texture>
                        </control>
                        <control type="label">
                            <width>198</width>
                            <height>90</height>
                            <align>center</align>
                            <label>$INFO[Container(550).ListItem.Label]</label>
                            <font>font10</font>
                            <textcolor>grey</textcolor>
                            <wrapmultiline>true</wrapmultiline>
                            <visible>String.IsEmpty(Control.GetLabel(8000011))</visible>
                        </control>
                    </control>
                    <control type="group">
                        <visible>Integer.IsGreater(Container(1450).NumItems,0)</visible>
                        <width>198</width>
                        <control type="image" id="8000013">
                            <colordiffuse>grey</colordiffuse>
                            <width>198</width>
                            <include>MediaFlagValues</include>
                            <bordersize>2</bordersize>
                            <texture>$VAR[PathFlagsStudios]$INFO[Container(1450).ListItem.Label,,.png]</texture>
                        </control>
                        <control type="label">
                            <width>198</width>
                            <height>90</height>
                            <align>center</align>
                            <label>$INFO[$INFO[Container(1450).ListItem.Label]</label>
                            <font>font10</font>
                            <textcolor>grey</textcolor>
                            <wrapmultiline>true</wrapmultiline>
                            <visible>String.IsEmpty(Control.GetLabel(8000013))</visible>
                        </control>
                    </control>
                    <control type="image">
                        <top>10</top>
                        <width>2</width>
                        <height>76</height>
                        <texture border="1">separator3.png</texture>
                    </control>
                    <control type="image">
                        <width>198</width>
                        <include>MediaFlagValues</include>
                        <texture fallback="$VAR[MediaFlagsPathVar]/mpaa/NR.png">$VAR[MediaFlagsPathVar]/mpaa/$INFO[Window.Property(mpaa),,.png]</texture>
                    </control>
                    <control type="image">
                        <top>10</top>
                        <width>2</width>
                        <height>76</height>
                        <texture border="1">separator3.png</texture>
                    </control>
                    <control type="group">
                        <width>160</width>
                        <visible>!String.IsEqual(Window.Property(Duration),0) + !String.IsEmpty(Window.Property(Duration))</visible>
                        <control type="label">
                            <top>2</top>
                            <width>160</width>
                            <height>60</height>
                            <align>center</align>
                            <label>[B]$INFO[Window.Property(Duration)][/B]</label>
                            <font>font48</font>
                            <textcolor>grey</textcolor>
                        </control>
                        <control type="label">
                            <top>52</top>
                            <width>160</width>
                            <height>30</height>
                            <align>center</align>
                            <label>[LOWERCASE]$LOCALIZE[12391][/LOWERCASE]</label>
                            <font>font12</font>
                            <textcolor>grey</textcolor>
                        </control>
                    </control>
                    <control type="image">
                        <top>10</top>
                        <width>2</width>
                        <height>76</height>
                        <texture border="1">separator3.png</texture>
                    </control>
                    <control type="group">
                        <visible>!String.IsEmpty(Window.Property(rating))</visible>
                        <width>200</width>
                        <control type="label">
                            <top>2</top>
                            <width>200</width>
                            <height>60</height>
                            <align>center</align>
                            <label>[B]$INFO[Window.Property(rating)][/B]</label>
                            <font>font48</font>
                            <textcolor>grey</textcolor>
                        </control>
                        <control type="label">
                            <top>52</top>
                            <width>200</width>
                            <height>30</height>
                            <align>center</align>
                            <label>[LOWERCASE]$INFO[Window.Property(votes),, Votes][/LOWERCASE]</label>
                            <font>font12</font>
                            <textcolor>grey</textcolor>
                        </control>
                    </control>
                    <control type="image">
                        <top>10</top>
                        <width>2</width>
                        <height>76</height>
                        <texture border="1">separator3.png</texture>
                        <visible>!String.IsEmpty(Window.Property(rating))</visible>
                    </control>
                    <control type="group">
                        <visible>!String.IsEmpty(Window.Property(rated))</visible>
                        <width>200</width>
                        <control type="label">
                            <top>2</top>
                            <width>200</width>
                            <height>60</height>
                            <align>center</align>
                            <label>[B]$INFO[Window.Property(rated)][/B]</label>
                            <font>font48</font>
                            <textcolor>grey</textcolor>
                        </control>
                        <control type="label">
                            <top>52</top>
                            <width>200</width>
                            <height>30</height>
                            <align>center</align>
                            <label>[LOWERCASE]$ADDON[script.extendedinfo 32131][/LOWERCASE]</label>
                            <font>font12</font>
                            <textcolor>grey</textcolor>
                        </control>
                    </control>
                    <control type="image">
                        <top>10</top>
                        <width>2</width>
                        <height>76</height>
                        <texture border="1">separator3.png</texture>
                        <visible>!String.IsEmpty(Window.Property(rated))</visible>
                    </control>
                    <control type="group">
                        <visible>!String.IsEmpty(Window.Property(Top250))</visible>
                        <width>200</width>
                        <control type="label">
                            <top>2</top>
                            <width>200</width>
                            <height>60</height>
                            <align>center</align>
                            <label>[B]$INFO[Window.Property(Top250)][/B]</label>
                            <font>font48</font>
                            <wrapmultiline>true</wrapmultiline>
                            <textcolor>grey</textcolor>
                        </control>
                        <control type="label">
                            <top>52</top>
                            <width>200</width>
                            <height>30</height>
                            <align>center</align>
                            <label>[LOWERCASE]$LOCALIZE[13409][/LOWERCASE]</label>
                            <font>font12</font>
                            <textcolor>grey</textcolor>
                        </control>
                    </control>
                    <control type="image">
                        <top>10</top>
                        <width>2</width>
                        <height>76</height>
                        <texture border="1">separator3.png</texture>
                        <visible>!String.IsEmpty(ListItem.Top250)</visible>
                    </control>
                </control>
                <control type="image">
                    <left>-37</left>
                    <top>107</top>
                    <width>1188</width>
                    <height>60</height>
                    <texture border="1">separator2.png</texture>
                </control>
                <control type="panel" id="300">
                    <left>-36</left>
                    <top>161</top>
                    <width>1188</width>
                    <height>360</height>
                    <ondown>9000</ondown>
                    <orientation>horizontal</orientation>
                    <scrolltime tween="quadratic" easing="out">200</scrolltime>
                    <itemlayout height="72" width="594">
                        <control type="label">
                            <width>594</width>
                            <height>67</height>
                            <font>font15</font>
                            <textcolor>$VAR[ThemeLabelColor]</textcolor>
                            <selectedcolor>$VAR[ThemeLabelColor]</selectedcolor>
                            <label>$INFO[ListItem.Label2,, ]$INFO[ListItem.Label,[COLOR grey], [/COLOR]]</label>
                            <textoffsetx>36</textoffsetx>
                        </control>
                    </itemlayout>
                    <focusedlayout height="72" width="594">
                        <control type="image">
                            <top>5</top>
                            <width>594</width>
                            <height>62</height>
                            <texture colordiffuse="$VAR[HighlightBarColor]" border="4">listselect_fo.png</texture>
                            <visible>Control.HasFocus(300)</visible>
                            <include>VisibleFadeAnimation</include>
                        </control>
                        <control type="label">
                            <width>594</width>
                            <height>67</height>
                            <font>font15</font>
                            <textcolor>white</textcolor>
                            <selectedcolor>$VAR[ThemeLabelColor]</selectedcolor>
                            <label>$INFO[ListItem.Label2,, ]$INFO[ListItem.Label]</label>
                            <animation effect="fade" start="100" end="70" time="300" tween="sine" easing="inout" condition="!Control.HasFocus(300)">Conditional</animation>
                            <textoffsetx>36</textoffsetx>
                        </control>
                    </focusedlayout>
                    <content>
                        <item>
                            <label>$INFO[Window.Property(originaltitle)]</label>
                            <label2>$LOCALIZE[20376]:</label2>
                            <onclick>noop</onclick>
                            <visible>!String.IsEmpty(Window.Property(originaltitle)) + !String.IsEqual(Window.Property(originaltitle),Window.Property(Title))</visible>
                        </item>
                        <item>
                            <label>$INFO[Window.Property(director)]</label>
                            <label2>$LOCALIZE[20339]:</label2>
                            <onclick>noop</onclick>
                            <visible>!String.IsEmpty(Window.Property(director))</visible>
                        </item>
                        <item>
                            <label>$INFO[Window.Property(writer)]</label>
                            <label2>$LOCALIZE[20417]:</label2>
                            <onclick>noop</onclick>
                            <visible>!String.IsEmpty(Window.Property(writer))</visible>
                        </item>
                        <item>
                            <label>$INFO[Window.Property(genre)]</label>
                            <label2>$LOCALIZE[515]:</label2>
                            <onclick>noop</onclick>
                            <visible>!String.IsEmpty(Window.Property(genre))</visible>
                        </item>
                        <item>
                            <label>$INFO[Window.Property(releasedate)]</label>
                            <label2 fallback="$LOCALIZE[172]:">$INFO[Window.Property(Status),,:]</label2>
                            <onclick>noop</onclick>
                            <visible>!String.IsEmpty(Window.Property(releasedate))</visible>
                        </item>
                        <item>
                            <label>$INFO[Window.Property(country)]</label>
                            <label2>$LOCALIZE[574]:</label2>
                            <onclick>noop</onclick>
                            <visible>!String.IsEmpty(Window.Property(country))</visible>
                        </item>
                        <item>
                            <label>$INFO[Window.Property(lastplayed)]</label>
                            <label2>$LOCALIZE[568]:</label2>
                            <onclick>noop</onclick>
                            <visible>!String.IsEmpty(Window.Property(DBID)) + !String.IsEmpty(Window.Property(lastplayed))</visible>
                        </item>
                        <item>
                            <label>$INFO[Window.Property(FilenameAndPath)]</label>
                            <label2>$LOCALIZE[573]:</label2>
                            <onclick>Dialog.Close(movieinformation)</onclick>
                            <onclick>ActivateWindow(Videos,$INFO[ListItem.Path],return)</onclick>
                            <visible>!String.IsEmpty(Window.Property(DBID)) + !String.IsEmpty(Window.Property(FilenameAndPath))</visible>
                        </item>
                        <item>
                            <label>$INFO[Window.Property(playcount)]</label>
                            <label2>$LOCALIZE[567]:</label2>
                            <onclick>noop</onclick>
                            <visible>!String.IsEmpty(Window.Property(DBID)) + !String.IsEmpty(Window.Property(playcount))</visible>
                        </item>
                        <item>
                            <label>$INFO[Window.Property(Budget),$]</label>
                            <label2>$ADDON[script.extendedinfo 32109]:</label2>
                            <onclick>noop</onclick>
                            <visible>!String.IsEmpty(Window.Property(Budget))</visible>
                        </item>
                        <item>
                            <label>$INFO[Window.Property(Revenue),$]</label>
                            <label2>$ADDON[script.extendedinfo 32108]:</label2>
                            <onclick>noop</onclick>
                            <visible>!String.IsEmpty(Window.Property(Revenue))</visible>
                        </item>
                        <item>
                            <label>$INFO[Window.Property(PercentPlayed),(,%)]</label>
                            <label2>$LOCALIZE[575]:</label2>
                            <onclick>noop</onclick>
                            <visible>!String.IsEmpty(Window.Property(DBID)) + Integer.IsGreater(Window.Property(PercentPlayed),0)</visible>
                        </item>
                        <item>
                            <label>[UPPERCASE]$INFO[Window.Property(AudioLanguage.1)][/UPPERCASE]</label>
                            <label2>$LOCALIZE[21447]:</label2>
                            <onclick>noop</onclick>
                            <visible>!String.IsEmpty(Window.Property(DBID)) + !String.IsEmpty(Window.Property(AudioLanguage.1))</visible>
                        </item>
                        <item>
                            <label>[UPPERCASE]$INFO[Window.Property(SubtitleLanguage.1)][/UPPERCASE]</label>
                            <label2>$LOCALIZE[21448]:</label2>
                            <onclick>noop</onclick>
                            <visible>!String.IsEmpty(Window.Property(DBID)) + !String.IsEmpty(Window.Property(SubtitleLanguage.1))</visible>
                        </item>
                    </content>
                </control>
                <control type="image">
                    <left>-37</left>
                    <top>458</top>
                    <width>1188</width>
                    <height>60</height>
                    <texture border="1">separator2.png</texture>
                </control>
                <control type="image">
                    <left>-37</left>
                    <top>519</top>
                    <width>1188</width>
                    <height>60</height>
                    <texture border="1">separator2.png</texture>
                </control>
                <control type="group">
                    <left>-38</left>
                    <top>-12</top>
                    <control type="grouplist" id="9000">
                        <top>529</top>
                        <width>1192</width>
                        <height>60</height>
                        <onleft>9000</onleft>
                        <onright>9000</onright>
                        <onup>300</onup>
                        <ondown>9001</ondown>
                        <orientation>horizontal</orientation>
                        <control type="button" id="8">
                            <description>Play</description>
                            <width>338</width>
                            <texturenofocus />
                            <include>ButtonInfoDialogsCommonValues</include>
                            <label>208</label>
                            <enable>!String.IsEmpty(Window.Property(DBID))</enable>
                        </control>
                        <control type="image" id="200">
                            <width>2</width>
                            <height>60</height>
                            <texture border="1">separator3.png</texture>
                        </control>
                        <control type="togglebutton" id="6001">
                            <description>Set rating</description>
                            <width>348</width>
                            <texturenofocus />
                            <alttexturenofocus />
                            <include>ButtonInfoDialogsCommonValues</include>
                            <label>38023</label>
                            <altlabel>$LOCALIZE[31147]</altlabel>
                            <usealttexture>!String.IsEmpty(Window.Property(rated))</usealttexture>
                            <enable>!String.IsEmpty(Window.Property(tmdb_logged_in)) + [!String.IsEqual(Window.Property(type),season) + !String.IsEqual(Window.Property(type),episode)]</enable>
                        </control>
                        <control type="image" id="201">
                            <width>2</width>
                            <height>60</height>
                            <texture border="1">separator3.png</texture>
                        </control>
                        <control type="radiobutton" id="6005">
                            <description>Add to TMDB list</description>
                            <texturenofocus />
                            <textureradioonfocus />
                            <textureradioofffocus />
                            <textureradiooffnofocus />
                            <textureradioonnofocus />
                            <width>338</width>
                            <include>ButtonInfoDialogsCommonValues</include>
                            <label>$ADDON[script.extendedinfo 32107]</label>
                        </control>
                        <control type="image" id="205">
                            <width>2</width>
                            <height>60</height>
                            <texture border="1">separator3.png</texture>
                        </control>
                        <control type="radiobutton" id="6003">
                            <description>Favourites</description>
                            <font>IconMedium</font>
                            <width>80</width>
                            <texturenofocus />
                            <textureradioonfocus />
                            <textureradioofffocus />
                            <textureradiooffnofocus />
                            <textureradioonnofocus />
                            <textureradioondisabled />
                            <textureradiooffdisabled />
                            <include>ButtonInfoDialogsCommonValues</include>
                            <label>$VAR[ExtendedInfo.FavLabelVar]</label>
                            <enable>!String.IsEmpty(Window.Property(tmdb_logged_in)) + [!String.IsEqual(Window.Property(type),season) + !String.IsEqual(Window.Property(type),episode)]</enable>
                        </control>
                        <control type="image" id="212">
                            <width>2</width>
                            <height>60</height>
                            <texture border="1">separator3.png</texture>
                        </control>
                        <control type="radiobutton" id="445">
                            <description>Extras</description>
                            <font>IconMedium</font>
                            <width>80</width>
                            <texturenofocus />
                            <textureradioonfocus />
                            <textureradioofffocus />
                            <textureradiooffnofocus />
                            <textureradioonnofocus />
                            <include>ButtonInfoDialogsCommonValues</include>
                            <label>+</label>
                        </control>
                    </control>
                </control>
                <control type="grouplist" id="9001">
                    <left>-36</left>
                    <top>578</top>
                    <width>2800</width>
                    <height>420</height>
                    <onup>9000</onup>
                    <ondown>noop</ondown>
                    <usecontrolcoords>true</usecontrolcoords>
                    <scrolltime tween="quadratic" easing="out">300</scrolltime>
                    <control type="group" id="90017">
                        <width>1188</width>
                        <height>420</height>
                        <control type="button" id="132">
                            <description>FS Plot</description>
                            <texturenofocus />
                            <width>1186</width>
                            <height>405</height>
                            <label />
                            <onup>9000</onup>
                            <ondown>1000</ondown>
                            <include>ButtonInfoDialogsCommonValues</include>
                        </control>
                        <control type="textbox" id="400">
                            <description>Plot</description>
                            <left>36</left>
                            <top>6</top>
                            <width>788</width>
                            <height>390</height>
                            <font>font15_textbox</font>
                            <label>$INFO[Window.Property(Plot)]</label>
                            <textcolor>white</textcolor>
                            <pagecontrol />
                            <autoscroll time="3000" delay="4000" repeat="5000">Skin.HasSetting(Enable.AutoScroll) + !Control.HasFocus(132)</autoscroll>
                            <animation effect="fade" start="0" end="100" time="500" tween="sine" easing="inout">VisibleChange</animation>
                            <animation effect="fade" start="100" end="78" time="300" tween="sine" easing="inout" condition="!Control.HasFocus(132)">Conditional</animation>
                            <visible>Skin.HasSetting(discartoninfo) + !String.IsEmpty(Window.Property(discart))</visible>
                        </control>
                        <control type="textbox" id="401">
                            <description>Plot</description>
                            <left>36</left>
                            <top>6</top>
                            <width>1132</width>
                            <height>390</height>
                            <font>font15_textbox</font>
                            <label>$INFO[Window.Property(Plot)]</label>
                            <textcolor>white</textcolor>
                            <pagecontrol />
                            <autoscroll time="3000" delay="4000" repeat="5000">Skin.HasSetting(Enable.AutoScroll) + !Control.HasFocus(132)</autoscroll>
                            <animation effect="fade" start="100" end="78" time="300" tween="sine" easing="inout" condition="!Control.HasFocus(132)">Conditional</animation>
                            <visible>!Skin.HasSetting(discartoninfo) | String.IsEmpty(Window.Property(discart))</visible>
                        </control>
                        <control type="image">
                            <left>820</left>
                            <top>20</top>
                            <width>360</width>
                            <height>360</height>
                            <texture background="true">$INFO[Window.Property(discart)]</texture>
                            <visible>Skin.HasSetting(discartoninfo) + !String.IsEmpty(Window.Property(discart))</visible>
                        </control>
                    </control>
                    <control type="panel" id="1000">
                        <description>Cast</description>
                        <include content="ExtendedInfoListLayout">
                            <param name="PanelID">1000</param>
                            <param name="label2" value="$INFO[ListItem.Property(character)]" />
                            <param name="listVisible" value="Integer.IsGreater(Container(1000).NumItems,0)" />
                        </include>
                    </control>
                    <control type="panel" id="750">
                        <description>Crew</description>
                        <include content="ExtendedInfoListLayout">
                            <param name="PanelID">750</param>
                            <param name="label1" value="$INFO[ListItem.Label]$INFO[ListItem.Year, (,)]" />
                            <param name="label2" value="$INFO[ListItem.Property(Job)]" />
                            <param name="listVisible" value="Integer.IsGreater(Container(750).NumItems,0)" />
                        </include>
                    </control>
                    <control type="panel" id="150">
                        <description>Recommended by TMDB</description>
                        <include content="ExtendedInfoListLayout">
                            <param name="PanelID">150</param>
                            <param name="label1" value="$INFO[ListItem.Label]" />
                            <param name="label2" value="$INFO[ListItem.Year, (,)]" />
                            <param name="listVisible" value="Integer.IsGreater(Container(150).NumItems,0)" />
                            <param name="overlayVisibility" value="true" />
                        </include>
                    </control>
                    <control type="panel" id="250">
                        <description>Set</description>
                        <include content="ExtendedInfoListLayout">
                            <param name="PanelID">250</param>
                            <param name="label1" value="$INFO[ListItem.Label]" />
                            <param name="label2" value="$INFO[ListItem.Year, (,)]" />
                            <param name="listVisible" value="Integer.IsGreater(Container(250).NumItems,0)" />
                            <param name="overlayVisibility" value="true" />
                        </include>
                    </control>
                    <control type="panel" id="1150">
                        <description>Official Videos</description>
                        <width>1190</width>
                        <height>420</height>
                        <orientation>horizontal</orientation>
                        <preloaditems>2</preloaditems>
                        <scrolltime tween="quadratic" easing="out">300</scrolltime>
                        <visible>Integer.IsGreater(Container(1150).NumItems,0)</visible>
                        <itemlayout height="420" width="594">
                            <control type="image">
                                <width>594</width>
                                <height>420</height>
                                <aspectratio>scale</aspectratio>
                                <texture background="true" fallback="DefaultVideoCover.png">$INFO[ListItem.Thumb]</texture>
                            </control>
                            <control type="image">
                                <width>594</width>
                                <height>420</height>
                                <texture>logo_back.png</texture>
                            </control>
                            <control type="textbox">
                                <left>10</left>
                                <top>325</top>
                                <width>574</width>
                                <height>86</height>
                                <align>center</align>
                                <font>font14</font>
                                <textcolor>white2</textcolor>
                                <shadowcolor>shadow</shadowcolor>
                                <selectedcolor>$VAR[ThemeLabelColor]</selectedcolor>
                                <label>$INFO[ListItem.Property(Type),[B],: [/B]][CR]$INFO[ListItem.Label]</label>
                            </control>
                        </itemlayout>
                        <focusedlayout height="420" width="594">
                            <control type="group">
                                <animation type="Focus" reversible="false">
                                    <effect type="zoom" start="95" end="100" time="300" tween="sine" easing="inout" center="auto" />
                                    <effect type="fade" start="80" end="100" time="300" />
                                </animation>
                                <control type="image">
                                    <width>594</width>
                                    <height>420</height>
                                    <aspectratio>scale</aspectratio>
                                    <texture background="true" fallback="DefaultVideoCover.png">$INFO[ListItem.Thumb]</texture>
                                </control>
                                <control type="image">
                                    <width>594</width>
                                    <height>420</height>
                                    <texture>logo_back.png</texture>
                                </control>
                                <control type="textbox">
                                    <left>10</left>
                                    <top>325</top>
                                    <width>574</width>
                                    <height>86</height>
                                    <align>center</align>
                                    <font>font14</font>
                                    <textcolor>$VAR[ThemeLabelColor]</textcolor>
                                    <selectedcolor>$VAR[ThemeLabelColor]</selectedcolor>
                                    <shadowcolor>shadow</shadowcolor>
                                    <label>$INFO[ListItem.Property(Type),[B],: [/B]][CR]$INFO[ListItem.Label]</label>
                                    <animation effect="fade" start="100" end="40" time="300" tween="sine" easing="inout" condition="!Control.HasFocus(1150)">Conditional</animation>
                                </control>
                            </control>
                        </focusedlayout>
                    </control>
                    <control type="panel" id="350">
                        <description>Youtube Videos</description>
                        <width>1190</width>
                        <height>420</height>
                        <orientation>horizontal</orientation>
                        <preloaditems>2</preloaditems>
                        <scrolltime tween="quadratic" easing="out">300</scrolltime>
                        <visible>Integer.IsGreater(Container(350).NumItems,0)</visible>
                        <itemlayout height="420" width="594">
                            <control type="image">
                                <width>594</width>
                                <height>420</height>
                                <aspectratio>scale</aspectratio>
                                <texture background="true" fallback="DefaultVideoCover.png">$INFO[ListItem.Thumb]</texture>
                            </control>
                            <control type="image">
                                <width>594</width>
                                <height>420</height>
                                <texture>logo_back.png</texture>
                            </control>
                            <control type="textbox">
                                <left>10</left>
                                <top>325</top>
                                <width>574</width>
                                <height>86</height>
                                <align>center</align>
                                <font>font14</font>
                                <textcolor>white2</textcolor>
                                <shadowcolor>shadow</shadowcolor>
                                <selectedcolor>$VAR[ThemeLabelColor]</selectedcolor>
                                <label>$INFO[ListItem.Label]</label>
                            </control>
                        </itemlayout>
                        <focusedlayout height="420" width="594">
                            <control type="group">
                                <animation type="Focus" reversible="false">
                                    <effect type="zoom" start="95" end="100" time="300" tween="sine" easing="inout" center="auto" />
                                    <effect type="fade" start="80" end="100" time="300" />
                                </animation>
                                <control type="image">
                                    <width>594</width>
                                    <height>420</height>
                                    <aspectratio>scale</aspectratio>
                                    <texture background="true" fallback="DefaultVideoCover.png">$INFO[ListItem.Thumb]</texture>
                                </control>
                                <control type="image">
                                    <width>594</width>
                                    <height>420</height>
                                    <texture>logo_back.png</texture>
                                </control>
                                <control type="textbox">
                                    <left>10</left>
                                    <top>325</top>
                                    <width>574</width>
                                    <height>86</height>
                                    <align>center</align>
                                    <font>font14</font>
                                    <textcolor>$VAR[ThemeLabelColor]</textcolor>
                                    <selectedcolor>$VAR[ThemeLabelColor]</selectedcolor>
                                    <shadowcolor>shadow</shadowcolor>
                                    <label>$INFO[ListItem.Label]</label>
                                    <animation effect="fade" start="100" end="40" time="300" tween="sine" easing="inout" condition="!Control.HasFocus(350)">Conditional</animation>
                                </control>
                            </control>
                        </focusedlayout>
                    </control>
                    <control type="panel" id="1250">
                        <description>Artwork</description>
                        <width>1204</width>
                        <height>420</height>
                        <orientation>horizontal</orientation>
                        <preloaditems>2</preloaditems>
                        <scrolltime tween="quadratic" easing="out">300</scrolltime>
                        <visible>Integer.IsGreater(Container(1250).NumItems,0)</visible>
                        <itemlayout height="420" width="301">
                            <control type="image">
                                <width>280</width>
                                <height>420</height>
                                <aspectratio aligny="top">scale</aspectratio>
                                <texture background="true" fallback="DefaultVideoCover.png">$INFO[ListItem.Thumb]</texture>
                            </control>
                        </itemlayout>
                        <focusedlayout height="420" width="301">
                            <control type="group">
                                <animation type="Focus" reversible="false">
                                    <effect type="zoom" start="95" end="100" time="300" tween="sine" easing="inout" center="auto" />
                                    <effect type="fade" start="80" end="100" time="300" />
                                </animation>
                                <control type="image">
                                    <width>280</width>
                                    <height>420</height>
                                    <aspectratio aligny="top">scale</aspectratio>
                                    <texture background="true" fallback="DefaultVideoCover.png">$INFO[ListItem.Thumb]</texture>
                                    <bordertexture colordiffuse="$VAR[ThemeLabelColor]" border="8">thumbs/thumbnail_focused.png</bordertexture>
                                    <bordersize>8</bordersize>
                                </control>
                            </control>
                        </focusedlayout>
                    </control>
                    <control type="panel" id="1350">
                        <description>Fanart</description>
                        <width>1190</width>
                        <height>420</height>
                        <orientation>horizontal</orientation>
                        <preloaditems>2</preloaditems>
                        <scrolltime tween="quadratic" easing="out">300</scrolltime>
                        <visible>Integer.IsGreater(Container(1350).NumItems,0)</visible>
                        <itemlayout height="420" width="594">
                            <control type="image">
                                <width>594</width>
                                <height>420</height>
                                <aspectratio>scale</aspectratio>
                                <texture background="true" fallback="DefaultVideoCover.png">$INFO[ListItem.Thumb]</texture>
                            </control>
                        </itemlayout>
                        <focusedlayout height="420" width="594">
                            <control type="group">
                                <animation type="Focus" reversible="false">
                                    <effect type="zoom" start="95" end="100" time="300" tween="sine" easing="inout" center="auto" />
                                    <effect type="fade" start="80" end="100" time="300" />
                                </animation>
                                <control type="image">
                                    <width>594</width>
                                    <height>420</height>
                                    <aspectratio>scale</aspectratio>
                                    <texture background="true" fallback="DefaultVideoCover.png">$INFO[ListItem.Thumb]</texture>
                                    <bordertexture colordiffuse="$VAR[ThemeLabelColor]" border="8">thumbs/thumbnail_focused.png</bordertexture>
                                    <bordersize>8</bordersize>
                                </control>
                            </control>
                        </focusedlayout>
                    </control>
                    <control type="panel" id="450">
                        <description>Lists from MovieDB Users</description>
                        <visible>false</visible>
                    </control>
                    <control type="panel" id="550">
                        <description>Production Companies</description>
                        <itemlayout />
                        <focusedlayout />
                        <visible>false</visible>
                    </control>
                    <control type="panel" id="650">
                        <description>Releases</description>
                        <visible>false</visible>
                    </control>
                    <control type="panel" id="850">
                        <description>Genres</description>
                        <visible>false</visible>
                    </control>
                    <control type="panel" id="950">
                        <description>Keywords</description>
                        <visible>false</visible>
                    </control>
                    <control type="panel" id="1050">
                        <description>Reviews</description>
                        <visible>false</visible>
                    </control>
                    <control type="panel" id="1450">
                        <description>Networks</description>
                        <itemlayout />
                        <focusedlayout />
                        <visible>false</visible>
                    </control>
                    <control type="panel" id="2000">
                        <description>Episode Index</description>
                        <visible>false</visible>
                    </control>
                </control>
                <control type="group">
                    <left>-37</left>
                    <top>1010</top>
                    <control type="grouplist">
                        <top>-25</top>
                        <width>1188</width>
                        <height>90</height>
                        <orientation>horizontal</orientation>
                        <animation effect="fade" start="0" end="100" time="500" tween="sine" easing="inout">VisibleChange</animation>
                        <visible>!String.IsEmpty(Window.Property(DBID))</visible>
                        <visible>!ControlGroup(9001).HasFocus</visible>
                        <control type="image">
                            <width>198</width>
                            <colordiffuse>grey</colordiffuse>
                            <include>MediaFlagValues</include>
                            <texture>$VAR[MediaFlagsPathVar]/resolution/$INFO[Window.Property(VideoResolution),,.png]</texture>
                            <visible>!String.IsEmpty(Window.Property(VideoResolution))</visible>
                        </control>
                        <control type="image">
                            <width>198</width>
                            <colordiffuse>grey</colordiffuse>
                            <include>MediaFlagValues</include>
                            <texture>$VAR[MediaFlagsPathVar]/audiocodec/$INFO[Window.Property(AudioCodec),,.png]</texture>
                            <visible>!String.IsEmpty(Window.Property(AudioCodec))</visible>
                        </control>
                        <control type="image">
                            <width>198</width>
                            <colordiffuse>grey</colordiffuse>
                            <include>MediaFlagValues</include>
                            <texture>$VAR[MediaFlagsPathVar]/audiochannels/$INFO[Window.Property(AudioChannels),,.png]</texture>
                            <visible>!String.IsEmpty(Window.Property(AudioChannels))</visible>
                        </control>
                        <control type="image">
                            <width>198</width>
                            <colordiffuse>grey</colordiffuse>
                            <include>MediaFlagValues</include>
                            <texture>$VAR[MediaFlagsPathVar]/videocodec/$INFO[Window.Property(VideoCodec),,.png]</texture>
                            <visible>!String.IsEmpty(Window.Property(VideoCodec))</visible>
                        </control>
                        <control type="image">
                            <width>198</width>
                            <colordiffuse>grey</colordiffuse>
                            <include>MediaFlagValues</include>
                            <texture>$VAR[MediaFlagsPathVar]/aspectratio/$INFO[Window.Property(VideoAspect),,.png]</texture>
                            <visible>!String.IsEmpty(Window.Property(VideoAspect))</visible>
                        </control>
                        <control type="image">
                            <width>198</width>
                            <colordiffuse>grey</colordiffuse>
                            <include>MediaFlagValues</include>
                            <texture>$VAR[MediaFlagsPathVar]/cc.png</texture>
                            <visible>!String.IsEmpty(Window.Property(SubtitleLanguage))</visible>
                        </control>
                    </control>
                </control>
                <control type="scrollbar" id="70">
                    <include>HiddenObject</include>
                </control>
                <control type="group" id="71">
                    <top>985</top>
                    <visible>ControlGroup(9001).HasFocus</visible>
                    <include>SettingsFadeAnimation</include>
                    <control type="label">
                        <width>1190</width>
                        <height>90</height>
                        <font>font15</font>
                        <textcolor>grey</textcolor>
                        <label>$VAR[ExtendedInfo.DetailsLabelVar]</label>
                    </control>
                    <control type="button">
                        <left>1090</left>
                        <top>20</top>
                        <width>32</width>
                        <height>20</height>
                        <label />
                        <texturenofocus colordiffuse="grey" border="1">android/numberpicker_up_normal_holo_dark.png</texturenofocus>
                        <texturefocus colordiffuse="grey" border="1">android/numberpicker_up_longpressed_holo_dark.png</texturefocus>
                        <onclick>PageUp(70)</onclick>
                        <visible>Container(9001).HasPrevious</visible>
                    </control>
                    <control type="button">
                        <left>1090</left>
                        <top>50</top>
                        <width>32</width>
                        <height>20</height>
                        <label />
                        <texturenofocus colordiffuse="grey" border="1">android/numberpicker_down_normal_holo_dark.png</texturenofocus>
                        <texturefocus colordiffuse="grey" border="1">android/numberpicker_down_longpressed_holo_dark.png</texturefocus>
                        <onclick>PageDown(70)</onclick>
                        <animation effect="fade" time="100">VisibleChange</animation>
                        <visible>Container(9001).HasNext</visible>
                    </control>
                </control>
            </control>
        </control>
    </controls>
</window>
