<includes>
    <!--#############################################################################   VISTA TRIPLE 3D - ID 590   #############################################################################-->
    <include name="ViewTriple3D">
        <control type="group">
            <visible>Control.IsVisible(590)</visible>
            <animation effect="rotatey" center="auto" start="6" end="6" time="0" condition="true">Conditional</animation>
            <include>ViewBack4</include>
            <control type="image">
                <visible>Control.HasFocus(590)</visible>
                <left>1360</left>
                <top>47</top>
                <width>505</width>
                <height>998</height>
                <animation effect="fade" end="60" condition="true">Conditional</animation>
                <texture diffuse="spin/mask_cover3.png">solid_bg.png</texture>
                <aspectratio align="center">stretch</aspectratio>
                <colordiffuse>black</colordiffuse>
            </control>
            <control type="image">
                <left>1360</left>
                <top>47</top>
                <width>505</width>
                <height>998</height>
                <animation effect="fade" end="40" condition="true">Conditional</animation>
                <texture diffuse="spin/mask_cover3.png">solid_bg.png</texture>
                <aspectratio align="center">stretch</aspectratio>
                <colordiffuse>black</colordiffuse>
            </control>
            <control type="image">
                <visible>Control.HasFocus(5901) | Control.HasFocus(5903)</visible>
                <left>800</left>
                <top>47</top>
                <width>564</width>
                <height>998</height>
                <animation effect="fade" end="70" condition="true">Conditional</animation>
                <texture diffuse="spin/mask_cover3.png">solid_bg.png</texture>
                <aspectratio align="center">stretch</aspectratio>
                <colordiffuse>black</colordiffuse>
            </control>
            <control type="image">
                <visible>Control.HasFocus(5902) | Control.HasFocus(5904)</visible>
                <left>-55</left>
                <top>47</top>
                <width>859</width>
                <height>998</height>
                <animation effect="fade" end="60" condition="true">Conditional</animation>
                <texture diffuse="spin/mask_cover3.png">solid_bg.png</texture>
                <aspectratio align="center">stretch</aspectratio>
                <colordiffuse>black</colordiffuse>
            </control>
            <control type="image">
                <left>-55</left>
                <top>47</top>
                <width>859</width>
                <height>998</height>
                <animation effect="fade" end="40" condition="true">Conditional</animation>
                <texture diffuse="spin/mask_cover3.png">solid_bg.png</texture>
                <aspectratio align="center">stretch</aspectratio>
                <colordiffuse>black</colordiffuse>
            </control>
            <control type="image">
                <visible>Control.HasFocus(5909)</visible>
                <left>1863</left>
                <top>47</top>
                <width>80</width>
                <height>998</height>
                <animation effect="fade" end="70" condition="true">Conditional</animation>
                <texture diffuse="spin/mask_cover3.png">solid_bg.png</texture>
                <aspectratio align="center">stretch</aspectratio>
                <colordiffuse>black</colordiffuse>
            </control>
            <control type="group">
                <visible>Control.IsVisible(590)</visible>
                <visible>Container.Content(artists) | Container.Content(albums) | Container.Content(tvshows)</visible>
                <control type="fixedlist" id="590">
                    <viewtype label="Triple 3D">list</viewtype>
                    <width>600</width>
                    <height>992</height>
                    <top>50</top>
                    <left>1360</left>
                    <scrolltime tween="cubic" easing="out">500</scrolltime>
                    <orientation>vertical</orientation>
                    <movement>2</movement>
                    <focusposition>1</focusposition>
                    <preloaditems>2</preloaditems>
                    <onright>5909</onright>
                    <onleft condition="Container.Content(artists) + Control.IsVisible(5901)">5901</onleft>
                    <onleft condition="Container.Content(tvshows) + Control.IsVisible(5903)">5903</onleft>
                    <onup>590</onup>
                    <ondown>590</ondown>
                    <visible>Container.Content(artists) | Container.Content(albums) | Container.Content(tvshows)</visible>
                    <focusedlayout height="248" condition="Container.Content(artists) | Container.Content(albums) | Container.Content(tvshows)">
                        <control type="group">
                            <control type="image">
                                <animation effect="fade" end="50" condition="true">Conditional</animation>
                                <visible>!Control.HasFocus(590)</visible>
                                <width>505</width>
                                <height>248</height>
                                <texture diffuse="spin/mask_cover3.png">solid_bg.png</texture>
                                <aspectratio align="center">stretch</aspectratio>
                                <colordiffuse>$VAR[ThemeLabelColor]</colordiffuse>
                            </control>
                            <control type="image">
                                <visible>Control.HasFocus(590)</visible>
                                <width>505</width>
                                <height>248</height>
                                <texture diffuse="spin/mask_cover3.png">solid_bg.png</texture>
                                <aspectratio align="center">stretch</aspectratio>
                                <colordiffuse>ff15d219</colordiffuse>
                            </control>
                            <control type="image">
                                <visible>Control.HasFocus(590)</visible>
                                <animation effect="fade" delay="1000" start="0" end="100" time="4000" pulse="true" condition="true">Conditional</animation>
                                <colordiffuse>ff144cec</colordiffuse>
                                <width>505</width>
                                <height>248</height>
                                <texture diffuse="spin/mask_cover3.png">solid_bg.png</texture>
                                <aspectratio align="center">stretch</aspectratio>
                            </control>
                            <control type="image">
                                <visible>Control.HasFocus(590)</visible>
                                <animation effect="fade" delay="2000" start="0" end="100" time="3000" pulse="true" condition="true">Conditional</animation>
                                <width>505</width>
                                <height>248</height>
                                <texture diffuse="spin/mask_cover3.png">solid_bg.png</texture>
                                <aspectratio align="center">stretch</aspectratio>
                                <colordiffuse>ffffeb44</colordiffuse>
                            </control>
                            <control type="image">
                                <visible>Control.HasFocus(590)</visible>
                                <animation effect="fade" delay="3000" start="0" end="100" time="2000" pulse="true" condition="true">Conditional</animation>
                                <width>505</width>
                                <height>248</height>
                                <texture diffuse="spin/mask_cover3.png">solid_bg.png</texture>
                                <aspectratio align="center">stretch</aspectratio>
                                <colordiffuse>ffea4863</colordiffuse>
                            </control>
                            <control type="image">
                                <visible>Control.HasFocus(590)</visible>
                                <top>-1</top>
                                <left>-1</left>
                                <width>507</width>
                                <height>250</height>
                                <aspectratio align="center">stretch</aspectratio>
                                <colordiffuse>dd000000</colordiffuse>
                                <texture diffuse="spin/mask_cover3.png">spin/mask78.png</texture>
                            </control>
                        </control>
                        <control type="group">
                            <top>15</top>
                            <left>30</left>
                            <control type="image">
                                <left>10</left>
                                <width>390</width>
                                <height>220</height>
                                <texture fallback="spin/defaultalbumcover.png" diffuse="spin/mask_cover3.png" background="true">$INFO[ListItem.Art(fanart)]</texture>
                                <aspectratio align="center">scale</aspectratio>
                                <visible>!ListItem.IsParentFolder</visible>
                                <visible>!Container.Content(tvshows)</visible>
                            </control>
                            <control type="image">
                                <top>-1</top>
                                <left>8</left>
                                <width>394</width>
                                <height>222</height>
                                <aspectratio align="center">stretch</aspectratio>
                                <colordiffuse>dd000000</colordiffuse>
                                <texture diffuse="spin/mask_cover3.png">spin/mask78.png</texture>
                            </control>
                            <control type="image">
                                <animation effect="fade" end="45" condition="true">Conditional</animation>
                                <left>10</left>
                                <top>100</top>
                                <width>390</width>
                                <height>120</height>
                                <texture>spin/shadow_mask.png</texture>
                                <colordiffuse>black</colordiffuse>
                            </control>
                            <control type="textbox">
                                <visible>Container.Content(artists)</visible>
                                <left>20</left>
                                <top>150</top>
                                <width>370</width>
                                <height>80</height>
                                <align>right</align>
                                <scroll>false</scroll>
                                <font>titletri</font>
                                <label>$INFO[ListItem.Artist]</label>
                                <textcolor>white</textcolor>
                                <shadowcolor>black</shadowcolor>
                            </control>
                            <control type="group">
                                <visible>Container.Content(tvshows)</visible>
                                <control type="image">
                                    <left>10</left>
                                    <width>390</width>
                                    <height>220</height>
                                    <texture diffuse="spin/mask_cover3.png" background="true">$INFO[ListItem.Art(fanart)]</texture>
                                    <aspectratio align="center">scale</aspectratio>
                                </control>
                                <control type="image">
                                    <left>369</left>
                                    <width>35</width>
                                    <height>65</height>
                                    <texture>$VAR[OverlayVar]</texture>
                                    <visible>StringCompare(ListItem.Overlay,OverlayWatched.png)</visible>
                                </control>
                                <control type="image">
                                    <animation effect="fade" end="45" condition="true">Conditional</animation>
                                    <left>10</left>
                                    <top>80</top>
                                    <width>390</width>
                                    <height>140</height>
                                    <texture>spin/shadow_mask.png</texture>
                                    <colordiffuse>black</colordiffuse>
                                </control>
                                <control type="image">
                                    <top>-1</top>
                                    <left>8</left>
                                    <width>394</width>
                                    <height>222</height>
                                    <aspectratio align="center">stretch</aspectratio>
                                    <colordiffuse>dd000000</colordiffuse>
                                    <texture diffuse="spin/mask_cover3.png">spin/mask78.png</texture>
                                </control>
                                <control type="image" id="5844">
                                    <left>130</left>
                                    <top>90</top>
                                    <width>240</width>
                                    <height>120</height>
                                    <aspectratio aligny="bottom" align="right">keep</aspectratio>
                                    <texture background="true" fallback="empty.png">$INFO[ListItem.Art(clearlogo)]</texture>
                                </control>
                                <control type="textbox">
                                    <visible>String.Contains(Control.GetLabel(5844),empty.png)</visible>
                                    <left>20</left>
                                    <top>150</top>
                                    <width>370</width>
                                    <height>80</height>
                                    <align>right</align>
                                    <scroll>false</scroll>
                                    <font>titletri</font>
                                    <label>$INFO[ListItem.Label]</label>
                                    <textcolor>white</textcolor>
                                    <shadowcolor>black</shadowcolor>
                                </control>
                            </control>
                        </control>
                    </focusedlayout>
                    <itemlayout height="248" condition="Container.Content(artists) | Container.Content(albums) | Container.Content(tvshows)">
                        <control type="group">
                            <top>15</top>
                            <left>30</left>
                            <control type="image">
                                <left>10</left>
                                <width>390</width>
                                <height>220</height>
                                <texture fallback="spin/defaultalbumcover.png" diffuse="spin/mask_cover3.png" background="true">$INFO[ListItem.Art(fanart)]</texture>
                                <aspectratio align="center">scale</aspectratio>
                                <visible>!ListItem.IsParentFolder</visible>
                                <visible>!Container.Content(tvshows)</visible>
                            </control>
                            <control type="image">
                                <top>-1</top>
                                <left>8</left>
                                <width>394</width>
                                <height>222</height>
                                <aspectratio align="center">stretch</aspectratio>
                                <colordiffuse>dd000000</colordiffuse>
                                <texture diffuse="spin/mask_cover3.png">spin/mask78.png</texture>
                            </control>
                            <control type="image">
                                <animation effect="fade" end="45" condition="true">Conditional</animation>
                                <left>10</left>
                                <top>100</top>
                                <width>390</width>
                                <height>120</height>
                                <texture>spin/shadow_mask.png</texture>
                                <colordiffuse>black</colordiffuse>
                            </control>
                            <control type="image">
                                <left>35</left>
                                <top>20</top>
                                <width>120</width>
                                <height>120</height>
                                <texture>DefaultFolderBackSquare.png</texture>
                                <aspectratio align="left" aligny="center">stretch</aspectratio>
                                <bordertexture>colors/white.png</bordertexture>
                                <bordersize>1</bordersize>
                                <visible>ListItem.IsParentFolder</visible>
                                <visible>!Container.Content(tvshows)</visible>
                            </control>
                            <control type="textbox">
                                <visible>Container.Content(artists)</visible>
                                <left>20</left>
                                <top>150</top>
                                <width>370</width>
                                <height>80</height>
                                <align>right</align>
                                <scroll>false</scroll>
                                <font>titletri</font>
                                <label>$INFO[ListItem.Artist]</label>
                                <textcolor>white</textcolor>
                                <shadowcolor>black</shadowcolor>
                            </control>
                            <control type="group">
                                <visible>Container.Content(tvshows)</visible>
                                <control type="image">
                                    <left>10</left>
                                    <width>390</width>
                                    <height>220</height>
                                    <texture diffuse="spin/mask_cover3.png" background="true">$INFO[ListItem.Art(fanart)]</texture>
                                    <aspectratio align="center">scale</aspectratio>
                                </control>
                                <control type="image">
                                    <left>369</left>
                                    <width>35</width>
                                    <height>65</height>
                                    <texture>$VAR[OverlayVar]</texture>
                                    <visible>StringCompare(ListItem.Overlay,OverlayWatched.png)</visible>
                                </control>
                                <control type="image">
                                    <animation effect="fade" end="45" condition="true">Conditional</animation>
                                    <left>10</left>
                                    <top>80</top>
                                    <width>390</width>
                                    <height>140</height>
                                    <texture>spin/shadow_mask.png</texture>
                                    <colordiffuse>black</colordiffuse>
                                </control>
                                <control type="image">
                                    <top>-1</top>
                                    <left>8</left>
                                    <width>394</width>
                                    <height>222</height>
                                    <aspectratio align="center">stretch</aspectratio>
                                    <colordiffuse>dd000000</colordiffuse>
                                    <texture diffuse="spin/mask_cover3.png">spin/mask78.png</texture>
                                </control>
                                <control type="image" id="5845">
                                    <left>130</left>
                                    <top>90</top>
                                    <width>240</width>
                                    <height>120</height>
                                    <aspectratio aligny="bottom" align="right">keep</aspectratio>
                                    <texture background="true" fallback="empty.png">$INFO[ListItem.Art(clearlogo)]</texture>
                                </control>
                                <control type="textbox">
                                    <visible>String.Contains(Control.GetLabel(5845),empty.png)</visible>
                                    <left>20</left>
                                    <top>150</top>
                                    <width>370</width>
                                    <height>80</height>
                                    <align>right</align>
                                    <scroll>false</scroll>
                                    <font>titletri</font>
                                    <label>$INFO[ListItem.Label]</label>
                                    <textcolor>white</textcolor>
                                    <shadowcolor>black</shadowcolor>
                                </control>
                            </control>
                        </control>
                    </itemlayout>
                </control>
            </control>
            <control type="group">
                <visible>Control.IsVisible(590) +  Container.Content(artists)</visible>
                <control type="fixedlist" id="5901">
                    <width>640</width>
                    <height>992</height>
                    <top>50</top>
                    <left>800</left>
                    <scrolltime tween="cubic" easing="out">500</scrolltime>
                    <orientation>vertical</orientation>
                    <preloaditems>2</preloaditems>
                    <pagecontrol>531</pagecontrol>
                    <movement>3</movement>
                    <focusposition>0</focusposition>
                    <onright>590</onright>
                    <onleft>5902</onleft>
                    <onup>5901</onup>
                    <ondown>5901</ondown>
                    <viewtype label="Triple 3D">list</viewtype>
                    <visible>Container.Content(artists)</visible>
                    <onclick>RunScript(script.playalbum,albumid=$INFO[ListItem.DBID])</onclick>
                    <focusedlayout height="248" condition="Container.Content(artists)">
                        <control type="group">
                            <control type="image">
                                <animation effect="fade" end="50" condition="true">Conditional</animation>
                                <visible>!Control.HasFocus(5901)</visible>
                                <width>564</width>
                                <height>248</height>
                                <texture diffuse="spin/mask_cover3.png">solid_bg.png</texture>
                                <aspectratio align="center">stretch</aspectratio>
                                <colordiffuse>$VAR[ThemeLabelColor]</colordiffuse>
                            </control>
                            <control type="image">
                                <visible>Control.HasFocus(5901)</visible>
                                <width>564</width>
                                <height>248</height>
                                <texture diffuse="spin/mask_cover3.png">solid_bg.png</texture>
                                <aspectratio align="center">stretch</aspectratio>
                                <colordiffuse>ff15d219</colordiffuse>
                            </control>
                            <control type="image">
                                <visible>Control.HasFocus(5901)</visible>
                                <animation effect="fade" delay="1000" start="0" end="100" time="4000" pulse="true" condition="true">Conditional</animation>
                                <colordiffuse>ff144cec</colordiffuse>
                                <width>564</width>
                                <height>248</height>
                                <texture diffuse="spin/mask_cover3.png">solid_bg.png</texture>
                                <aspectratio align="center">stretch</aspectratio>
                            </control>
                            <control type="image">
                                <visible>Control.HasFocus(5901)</visible>
                                <animation effect="fade" delay="2000" start="0" end="100" time="3000" pulse="true" condition="true">Conditional</animation>
                                <width>564</width>
                                <height>248</height>
                                <texture diffuse="spin/mask_cover3.png">solid_bg.png</texture>
                                <aspectratio align="center">stretch</aspectratio>
                                <colordiffuse>ffffeb44</colordiffuse>
                            </control>
                            <control type="image">
                                <visible>Control.HasFocus(5901)</visible>
                                <animation effect="fade" delay="3000" start="0" end="100" time="2000" pulse="true" condition="true">Conditional</animation>
                                <width>564</width>
                                <height>248</height>
                                <texture diffuse="spin/mask_cover3.png">solid_bg.png</texture>
                                <aspectratio align="center">stretch</aspectratio>
                                <colordiffuse>ffea4863</colordiffuse>
                            </control>
                            <control type="image">
                                <visible>Control.HasFocus(5901)</visible>
                                <top>-1</top>
                                <left>-1</left>
                                <width>566</width>
                                <height>250</height>
                                <aspectratio align="center">stretch</aspectratio>
                                <colordiffuse>dd000000</colordiffuse>
                                <texture diffuse="spin/mask_cover3.png">spin/mask78.png</texture>
                            </control>
                        </control>
                        <control type="group">
                            <left>30</left>
                            <top>15</top>
                            <control type="image">
                                <left>10</left>
                                <width>220</width>
                                <height>220</height>
                                <texture fallback="spin/defaultalbumcover.png" diffuse="spin/mask_cover3.png" background="true">$INFO[ListItem.Thumb]</texture>
                                <aspectratio align="center">scale</aspectratio>
                            </control>
                            <control type="image">
                                <top>-1</top>
                                <left>9</left>
                                <width>222</width>
                                <height>222</height>
                                <aspectratio align="center">stretch</aspectratio>
                                <colordiffuse>dd000000</colordiffuse>
                                <texture diffuse="spin/mask_cover3.png">spin/mask77.png</texture>
                            </control>
                            <control type="textbox">
                                <left>245</left>
                                <top>10</top>
                                <height>210</height>
                                <right>30</right>
                                <width>260</width>
                                <font>font14</font>
                                <align>left</align>
                                <aligny>center</aligny>
                                <textcolor>white</textcolor>
                                <label>[B]$INFO[ListItem.Label][/B] [$INFO[ListItem.Year]]</label>
                                <shadowcolor>black</shadowcolor>
                            </control>
                        </control>
                    </focusedlayout>
                    <itemlayout height="248" condition="Container.Content(artists)">
                        <control type="group">
                            <top>15</top>
                            <left>30</left>
                            <control type="image">
                                <left>10</left>
                                <width>220</width>
                                <height>220</height>
                                <texture fallback="spin/defaultalbumcover.png" diffuse="spin/mask_cover3.png" background="true">$INFO[ListItem.Thumb]</texture>
                                <aspectratio align="center">scale</aspectratio>
                            </control>
                            <control type="image">
                                <top>-1</top>
                                <left>9</left>
                                <width>222</width>
                                <height>222</height>
                                <aspectratio align="center">stretch</aspectratio>
                                <colordiffuse>dd000000</colordiffuse>
                                <texture diffuse="spin/mask_cover3.png">spin/mask77.png</texture>
                            </control>
                            <control type="textbox">
                                <left>245</left>
                                <top>10</top>
                                <height>210</height>
                                <right>30</right>
                                <width>260</width>
                                <font>font14</font>
                                <align>left</align>
                                <aligny>center</aligny>
                                <textcolor>white</textcolor>
                                <label>[B]$INFO[ListItem.Label][/B] [$INFO[ListItem.Year]]</label>
                                <shadowcolor>black</shadowcolor>
                            </control>
                        </control>
                    </itemlayout>
                    <content target="music" sortby="year" sortorder="ascending">$INFO[Container(590).ListItem.FolderPath]</content>
                </control>
            </control>
            <control type="group">
                <visible>Control.IsVisible(590) + Container.Content(tvshows)</visible>
                <control type="fixedlist" id="5903">
                    <width>640</width>
                    <height>992</height>
                    <top>50</top>
                    <left>800</left>
                    <scrolltime tween="cubic" easing="out">500</scrolltime>
                    <orientation>vertical</orientation>
                    <preloaditems>2</preloaditems>
                    <movement>3</movement>
                    <focusposition>0</focusposition>
                    <onright>590</onright>
                    <onleft>5904</onleft>
                    <onup>5903</onup>
                    <ondown>5903</ondown>
                    <viewtype label="Triple 3D">list</viewtype>
                    <visible>Container.Content(tvshows)</visible>
                    <ondown>5903</ondown>
                    <focusedlayout height="248" condition="Container.Content(tvshows)">
                        <control type="group">
                            <control type="image">
                                <animation effect="fade" end="50" condition="true">Conditional</animation>
                                <visible>!Control.HasFocus(5903)</visible>
                                <width>564</width>
                                <height>248</height>
                                <texture diffuse="spin/mask_cover3.png">solid_bg.png</texture>
                                <aspectratio align="center">stretch</aspectratio>
                                <colordiffuse>$VAR[ThemeLabelColor]</colordiffuse>
                            </control>
                            <control type="image">
                                <visible>Control.HasFocus(5903)</visible>
                                <width>564</width>
                                <height>248</height>
                                <texture diffuse="spin/mask_cover3.png">solid_bg.png</texture>
                                <aspectratio align="center">stretch</aspectratio>
                                <colordiffuse>ff15d219</colordiffuse>
                            </control>
                            <control type="image">
                                <visible>Control.HasFocus(5903)</visible>
                                <animation effect="fade" delay="1000" start="0" end="100" time="4000" pulse="true" condition="true">Conditional</animation>
                                <colordiffuse>ff144cec</colordiffuse>
                                <width>564</width>
                                <height>248</height>
                                <texture diffuse="spin/mask_cover3.png">solid_bg.png</texture>
                                <aspectratio align="center">stretch</aspectratio>
                            </control>
                            <control type="image">
                                <visible>Control.HasFocus(5903)</visible>
                                <animation effect="fade" delay="2000" start="0" end="100" time="3000" pulse="true" condition="true">Conditional</animation>
                                <width>564</width>
                                <height>248</height>
                                <texture diffuse="spin/mask_cover3.png">solid_bg.png</texture>
                                <aspectratio align="center">stretch</aspectratio>
                                <colordiffuse>ffffeb44</colordiffuse>
                            </control>
                            <control type="image">
                                <visible>Control.HasFocus(5903)</visible>
                                <animation effect="fade" delay="3000" start="0" end="100" time="2000" pulse="true" condition="true">Conditional</animation>
                                <width>564</width>
                                <height>248</height>
                                <texture diffuse="spin/mask_cover3.png">solid_bg.png</texture>
                                <aspectratio align="center">stretch</aspectratio>
                                <colordiffuse>ffea4863</colordiffuse>
                            </control>
                            <control type="image">
                                <visible>Control.HasFocus(5903)</visible>
                                <top>-1</top>
                                <left>-1</left>
                                <width>566</width>
                                <height>250</height>
                                <aspectratio align="center">stretch</aspectratio>
                                <colordiffuse>dd000000</colordiffuse>
                                <texture diffuse="spin/mask_cover3.png">spin/mask78.png</texture>
                            </control>
                        </control>
                        <control type="group">
                            <left>30</left>
                            <top>15</top>
                            <control type="image">
                                <left>60</left>
                                <width>150</width>
                                <height>220</height>
                                <texture diffuse="spin/mask_cover3.png" background="true">$INFO[ListItem.Thumb]</texture>
                                <aspectratio align="center">scale</aspectratio>
                            </control>
                            <control type="image">
                                <left>186</left>
                                <width>27</width>
                                <height>45</height>
                                <texture>$VAR[OverlayVar]</texture>
                                <visible>StringCompare(ListItem.Overlay,OverlayWatched.png)</visible>
                            </control>
                            <control type="image">
                                <top>-1</top>
                                <left>59</left>
                                <width>152</width>
                                <height>222</height>
                                <aspectratio align="center">stretch</aspectratio>
                                <colordiffuse>dd000000</colordiffuse>
                                <texture diffuse="spin/mask_cover3.png">spin/mask77.png</texture>
                            </control>
                            <control type="textbox">
                                <left>245</left>
                                <top>10</top>
                                <height>210</height>
                                <right>30</right>
                                <width>260</width>
                                <font>font14</font>
                                <align>left</align>
                                <aligny>center</aligny>
                                <textcolor>white</textcolor>
                                <label>[B]$INFO[ListItem.Label][/B] [$INFO[ListItem.Year]]</label>
                                <shadowcolor>black</shadowcolor>
                            </control>
                        </control>
                    </focusedlayout>
                    <itemlayout height="248" condition="Container.Content(tvshows)">
                        <control type="group">
                            <left>30</left>
                            <top>15</top>
                            <control type="image">
                                <left>60</left>
                                <width>150</width>
                                <height>220</height>
                                <texture diffuse="spin/mask_cover3.png" background="true">$INFO[ListItem.Thumb]</texture>
                                <aspectratio align="center">scale</aspectratio>
                            </control>
                            <control type="image">
                                <left>186</left>
                                <width>27</width>
                                <height>45</height>
                                <texture>$VAR[OverlayVar]</texture>
                                <visible>StringCompare(ListItem.Overlay,OverlayWatched.png)</visible>
                            </control>
                            <control type="image">
                                <top>-1</top>
                                <left>59</left>
                                <width>152</width>
                                <height>222</height>
                                <aspectratio align="center">stretch</aspectratio>
                                <colordiffuse>dd000000</colordiffuse>
                                <texture diffuse="spin/mask_cover3.png">spin/mask77.png</texture>
                            </control>
                            <control type="textbox">
                                <left>245</left>
                                <top>10</top>
                                <height>210</height>
                                <right>30</right>
                                <width>260</width>
                                <font>font14</font>
                                <align>left</align>
                                <aligny>center</aligny>
                                <textcolor>white</textcolor>
                                <label>[B]$INFO[ListItem.Label][/B] [$INFO[ListItem.Year]]</label>
                                <shadowcolor>black</shadowcolor>
                            </control>
                        </control>
                    </itemlayout>
                    <content target="video" sortby="year" sortorder="ascending">$INFO[Container(590).ListItem.FolderPath]</content>
                </control>
            </control>
            <control type="group">
                <visible>Control.IsVisible(590)</visible>
                <visible>Container.Content(artists) | Container.Content(albums)</visible>
                <control type="fixedlist" id="5902">
                    <width>1000</width>
                    <height>992</height>
                    <top>50</top>
                    <left>-50</left>
                    <preloaditems>2</preloaditems>
                    <onright>5901</onright>
                    <onleft>SetProperty(MediaMenu,True,home)</onleft>
                    <onleft>SetFocus(9050)</onleft>
                    <onup>5902</onup>
                    <ondown>5902</ondown>
                    <scrolltime tween="cubic" easing="out">500</scrolltime>
                    <orientation>vertical</orientation>
                    <movement>15</movement>
                    <focusposition>0</focusposition>
                    <viewtype label="Triple 3D">list</viewtype>
                    <visible>Container.Content(artists) | Container.Content(albums)</visible>
                    <focusedlayout height="62" condition="Container.Content(artists) | Container.Content(albums)">
                        <control type="group">
                            <control type="image">
                                <animation effect="fade" end="50" condition="true">Conditional</animation>
                                <visible>!Control.HasFocus(5902)</visible>
                                <width>853</width>
                                <height>62</height>
                                <texture diffuse="spin/mask47.png">solid_bg.png</texture>
                                <aspectratio align="center">stretch</aspectratio>
                                <colordiffuse>$VAR[ThemeLabelColor]</colordiffuse>
                            </control>
                            <control type="image">
                                <visible>Control.HasFocus(5902)</visible>
                                <width>853</width>
                                <height>62</height>
                                <texture diffuse="spin/mask47.png">solid_bg.png</texture>
                                <aspectratio align="center">stretch</aspectratio>
                                <colordiffuse>ff15d219</colordiffuse>
                            </control>
                            <control type="image">
                                <visible>Control.HasFocus(5902)</visible>
                                <animation effect="fade" delay="1000" start="0" end="100" time="4000" pulse="true" condition="true">Conditional</animation>
                                <colordiffuse>ff144cec</colordiffuse>
                                <width>853</width>
                                <height>62</height>
                                <texture diffuse="spin/mask47.png">solid_bg.png</texture>
                                <aspectratio align="center">stretch</aspectratio>
                            </control>
                            <control type="image">
                                <visible>Control.HasFocus(5902)</visible>
                                <animation effect="fade" delay="2000" start="0" end="100" time="3000" pulse="true" condition="true">Conditional</animation>
                                <width>853</width>
                                <height>62</height>
                                <texture diffuse="spin/mask47.png">solid_bg.png</texture>
                                <aspectratio align="center">stretch</aspectratio>
                                <colordiffuse>ffffeb44</colordiffuse>
                            </control>
                            <control type="image">
                                <visible>Control.HasFocus(5902)</visible>
                                <animation effect="fade" delay="3000" start="0" end="100" time="2000" pulse="true" condition="true">Conditional</animation>
                                <width>853</width>
                                <height>62</height>
                                <texture diffuse="spin/mask47.png">solid_bg.png</texture>
                                <aspectratio align="center">stretch</aspectratio>
                                <colordiffuse>ffea4863</colordiffuse>
                            </control>
                            <control type="image">
                                <visible>Control.HasFocus(5902)</visible>
                                <top>-1</top>
                                <left>-1</left>
                                <width>855</width>
                                <height>64</height>
                                <aspectratio align="center">stretch</aspectratio>
                                <colordiffuse>dd000000</colordiffuse>
                                <texture diffuse="spin/mask_cover3.png">spin/mask81.png</texture>
                            </control>
                        </control>
                        <control type="group">
                            <top>10</top>
                            <control type="label">
                                <font>font15</font>
                                <left>35</left>
                                <height>58</height>
                                <width>800</width>
                                <aligny>left</aligny>
                                <font>font14</font>
                                <scroll>true</scroll>
                                <label>$INFO[ListItem.TrackNumber,[B],[/B] - ]$INFO[ListItem.Label] - $INFO[ListItem.Duration]</label>
                                <textcolor>white</textcolor>
                                <selectedcolor>white</selectedcolor>
                            </control>
                        </control>
                    </focusedlayout>
                    <itemlayout height="62" condition="Container.Content(artists) | Container.Content(albums)">
                        <control type="group">
                            <top>10</top>
                            <control type="label">
                                <font>font14</font>
                                <left>35</left>
                                <height>58</height>
                                <width>800</width>
                                <aligny>left</aligny>
                                <textcolor>white</textcolor>
                                <selectedcolor>white</selectedcolor>
                                <label>$INFO[ListItem.TrackNumber,[B],[/B] - ]$INFO[ListItem.Label] - $INFO[ListItem.Duration]</label>
                            </control>
                        </control>
                    </itemlayout>
                    <content target="music" sortby="track" sortorder="ascending">$INFO[Container(5901).ListItem.FolderPath]</content>
                </control>
            </control>
            <control type="group">
                <visible>Control.IsVisible(590) + Container.Content(tvshows)</visible>
                <control type="fixedlist" id="5904">
                    <width>1000</width>
                    <height>992</height>
                    <top>50</top>
                    <left>-50</left>
                    <preloaditems>2</preloaditems>
                    <onright>5903</onright>
                    <onup>5904</onup>
                    <ondown>5904</ondown>
                    <scrolltime tween="cubic" easing="out">500</scrolltime>
                    <orientation>vertical</orientation>
                    <movement>12</movement>
                    <focusposition>0</focusposition>
                    <viewtype label="Triple 3D">list</viewtype>
                    <focusedlayout height="62" condition="Container.Content(tvshows) + !System.IdleTime(2)">
                        <control type="group">
                            <control type="image">
                                <animation effect="fade" end="50" condition="true">Conditional</animation>
                                <visible>!Control.HasFocus(5904)</visible>
                                <width>853</width>
                                <height>62</height>
                                <texture diffuse="spin/mask47.png">solid_bg.png</texture>
                                <aspectratio align="center">stretch</aspectratio>
                                <colordiffuse>$VAR[ThemeLabelColor]</colordiffuse>
                            </control>
                            <control type="image">
                                <visible>Control.HasFocus(5904)</visible>
                                <width>853</width>
                                <height>62</height>
                                <texture diffuse="spin/mask47.png">solid_bg.png</texture>
                                <aspectratio align="center">stretch</aspectratio>
                                <colordiffuse>ff15d219</colordiffuse>
                            </control>
                            <control type="image">
                                <visible>Control.HasFocus(5904)</visible>
                                <animation effect="fade" delay="1000" start="0" end="100" time="4000" pulse="true" condition="true">Conditional</animation>
                                <colordiffuse>ff144cec</colordiffuse>
                                <width>853</width>
                                <height>62</height>
                                <texture diffuse="spin/mask47.png">solid_bg.png</texture>
                                <aspectratio align="center">stretch</aspectratio>
                            </control>
                            <control type="image">
                                <visible>Control.HasFocus(5904)</visible>
                                <animation effect="fade" delay="2000" start="0" end="100" time="3000" pulse="true" condition="true">Conditional</animation>
                                <width>853</width>
                                <height>62</height>
                                <texture diffuse="spin/mask47.png">solid_bg.png</texture>
                                <aspectratio align="center">stretch</aspectratio>
                                <colordiffuse>ffffeb44</colordiffuse>
                            </control>
                            <control type="image">
                                <visible>Control.HasFocus(5904)</visible>
                                <animation effect="fade" delay="3000" start="0" end="100" time="2000" pulse="true" condition="true">Conditional</animation>
                                <width>853</width>
                                <height>62</height>
                                <texture diffuse="spin/mask47.png">solid_bg.png</texture>
                                <aspectratio align="center">stretch</aspectratio>
                                <colordiffuse>ffea4863</colordiffuse>
                            </control>
                            <control type="image">
                                <animation effect="fade" end="90" condition="true">Conditional</animation>
                                <top>1</top>
                                <left>10</left>
                                <width>30</width>
                                <height>48</height>
                                <texture>$VAR[OverlayVar]</texture>
                                <visible>StringCompare(ListItem.Overlay,OverlayWatched.png)</visible>
                            </control>
                            <control type="image">
                                <visible>Control.HasFocus(5904)</visible>
                                <top>-1</top>
                                <left>-1</left>
                                <width>855</width>
                                <height>64</height>
                                <aspectratio align="center">stretch</aspectratio>
                                <colordiffuse>dd000000</colordiffuse>
                                <texture diffuse="spin/mask_cover3.png">spin/mask81.png</texture>
                            </control>
                        </control>
                        <control type="group">
                            <control type="label">
                                <top>10</top>
                                <font>font15</font>
                                <left>50</left>
                                <height>58</height>
                                <width>785</width>
                                <aligny>left</aligny>
                                <font>font14</font>
                                <scroll>true</scroll>
                                <label>$INFO[ListItem.Label]</label>
                                <textcolor>white</textcolor>
                                <selectedcolor>white</selectedcolor>
                            </control>
                        </control>
                    </focusedlayout>
                    <focusedlayout height="248" condition="Container.Content(tvshows) + System.IdleTime(2) + Control.HasFocus(5904)">
                        <control type="group">
                            <control type="image">
                                <visible>!Control.HasFocus(5904)</visible>
                                <width>854</width>
                                <height>248</height>
                                <texture diffuse="spin/mask_cover3.png">solid_bg.png</texture>
                                <aspectratio align="center">stretch</aspectratio>
                                <colordiffuse>$VAR[ThemeLabelColor]</colordiffuse>
                            </control>
                            <control type="image">
                                <visible>Control.HasFocus(5904)</visible>
                                <width>854</width>
                                <height>248</height>
                                <texture diffuse="spin/mask_cover3.png">solid_bg.png</texture>
                                <aspectratio align="center">stretch</aspectratio>
                                <colordiffuse>ff15d219</colordiffuse>
                            </control>
                            <control type="image">
                                <visible>Control.HasFocus(5904)</visible>
                                <animation effect="fade" delay="1000" start="0" end="100" time="4000" pulse="true" condition="true">Conditional</animation>
                                <colordiffuse>ff144cec</colordiffuse>
                                <width>854</width>
                                <height>248</height>
                                <texture diffuse="spin/mask_cover3.png">solid_bg.png</texture>
                                <aspectratio align="center">stretch</aspectratio>
                            </control>
                            <control type="image">
                                <visible>Control.HasFocus(5904)</visible>
                                <animation effect="fade" delay="2000" start="0" end="100" time="3000" pulse="true" condition="true">Conditional</animation>
                                <width>854</width>
                                <height>248</height>
                                <texture diffuse="spin/mask_cover3.png">solid_bg.png</texture>
                                <aspectratio align="center">stretch</aspectratio>
                                <colordiffuse>ffffeb44</colordiffuse>
                            </control>
                            <control type="image">
                                <visible>Control.HasFocus(5904)</visible>
                                <animation effect="fade" delay="3000" start="0" end="100" time="2000" pulse="true" condition="true">Conditional</animation>
                                <width>854</width>
                                <height>248</height>
                                <texture diffuse="spin/mask_cover3.png">solid_bg.png</texture>
                                <aspectratio align="center">stretch</aspectratio>
                                <colordiffuse>ffea4863</colordiffuse>
                            </control>
                            <control type="image">
                                <visible>Control.HasFocus(5904)</visible>
                                <animation effect="fade" end="90" condition="true">Conditional</animation>
                                <top>1</top>
                                <left>10</left>
                                <width>30</width>
                                <height>48</height>
                                <texture>$VAR[OverlayVar]</texture>
                                <visible>StringCompare(ListItem.Overlay,OverlayWatched.png)</visible>
                            </control>
                            <control type="image">
                                <visible>Control.HasFocus(5904)</visible>
                                <top>-1</top>
                                <left>-1</left>
                                <width>856</width>
                                <height>250</height>
                                <aspectratio align="center">stretch</aspectratio>
                                <colordiffuse>dd000000</colordiffuse>
                                <texture diffuse="spin/mask_cover3.png">spin/mask78.png</texture>
                            </control>
                        </control>
                        <control type="group">
                            <visible>Control.IsVisible(5904)</visible>
                            <top>15</top>
                            <left>30</left>
                            <control type="image">
                                <top>50</top>
                                <left>10</left>
                                <width>300</width>
                                <height>170</height>
                                <texture diffuse="spin/mask_cover3.png" background="true">$INFO[ListItem.Art(thumb)]</texture>
                                <aspectratio align="center">scale</aspectratio>
                            </control>
                            <control type="label">
                                <top>-5</top>
                                <font>font15</font>
                                <left>20</left>
                                <height>58</height>
                                <width>785</width>
                                <aligny>left</aligny>
                                <font>font14</font>
                                <scroll>true</scroll>
                                <label>$INFO[ListItem.Label]</label>
                                <textcolor>white</textcolor>
                                <selectedcolor>white</selectedcolor>
                            </control>
                            <control type="textbox">
                                <left>320</left>
                                <top>45</top>
                                <width>480</width>
                                <height>180</height>
                                <font>font12c</font>
                                <align>justify</align>
                                <aligny>top</aligny>
                                <textcolor>FFFFFFFF</textcolor>
                                <selectedcolor>FFFFFFFF</selectedcolor>
                                <label>$VAR[value_plot]</label>
                                <autoscroll delay="5000" time="2000" repeat="5000"></autoscroll>
                            </control>
                        </control>
                    </focusedlayout>
                    <itemlayout height="62" condition="Container.Content(tvshows)">
                        <control type="image">
                            <animation effect="fade" end="70" condition="true">Conditional</animation>
                            <top>1</top>
                            <left>10</left>
                            <width>30</width>
                            <height>48</height>
                            <texture>$VAR[OverlayVar]</texture>
                            <visible>StringCompare(ListItem.Overlay,OverlayWatched.png)</visible>
                        </control>
                        <control type="label">
                            <top>10</top>
                            <font>font15</font>
                            <left>50</left>
                            <height>58</height>
                            <width>785</width>
                            <aligny>left</aligny>
                            <font>font14</font>
                            <label>$INFO[ListItem.Label]</label>
                            <textcolor>white</textcolor>
                            <selectedcolor>white</selectedcolor>
                        </control>
                    </itemlayout>
                    <content target="video" sortby="year" sortorder="ascending">$INFO[Container(5903).ListItem.FolderPath]</content>
                </control>
            </control>
        </control>
        <control type="panel" id="5909">
            <visible>Control.IsVisible(590) + [String.Contains(Container.SortMethod,$LOCALIZE[369]) | String.Contains(Container.SortMethod,$LOCALIZE[557])]</visible>
            <animation effect="slide" end="-38,0" time="200">Focus</animation>
            <animation effect="slide" end="38,0" time="200">Unfocus</animation>
            <animation effect="rotatey" center="auto" start="6" end="6" time="0" condition="true">Conditional</animation>
            <animation effect="fade" end="50" condition="true">Conditional</animation>
            <left>1978</left>
            <top>3</top>
            <width>40</width>
            <height>100%</height>
            <onright>SetProperty(MediaMenu,True,home)</onright>
            <onright>SetFocus(9050)</onright>
            <onleft>590</onleft>
            <orientation>vertical</orientation>
            <itemlayout height="40" width="40">
                <control type="label">
                    <align>center</align>
                    <font>titlesmall</font>
                    <label>$INFO[ListItem.Label]</label>
                    <textcolor>white</textcolor>
                    <animation effect="fade" start="100" end="20" time="0" condition="!IsEmpty(ListItem.Property(NotAvailable))">Conditional</animation>
                </control>
                <control type="image">
                    <visible>StringCompare(ListItem.Label,Container.ListItem.SortLetter)</visible>
                    <width>60</width>
                    <height>40</height>
                    <texture diffuse="spin/mask_cover3.png">solid_bg.png</texture>
                    <aspectratio align="center">stretch</aspectratio>
                    <colordiffuse>$VAR[ThemeLabelColor]</colordiffuse>
                </control>
                <control type="label">
                    <align>center</align>
                    <font>titlesmall</font>
                    <label>$INFO[ListItem.Label]</label>
                    <textcolor>white</textcolor>
                    <visible>StringCompare(ListItem.Label,Container.ListItem.SortLetter)</visible>
                </control>
            </itemlayout>
            <focusedlayout height="40" width="40">
                <control type="group">
                    <control type="image">
                        <animation effect="fade" end="50" condition="true">Conditional</animation>
                        <visible>!Control.HasFocus(5909)</visible>
                        <width>60</width>
                        <height>40</height>
                        <texture diffuse="spin/mask_cover3.png">solid_bg.png</texture>
                        <aspectratio align="center">stretch</aspectratio>
                        <colordiffuse>$VAR[ThemeLabelColor]</colordiffuse>
                    </control>
                    <control type="image">
                        <visible>Control.HasFocus(5909)</visible>
                        <width>60</width>
                        <height>40</height>
                        <texture diffuse="spin/mask_cover3.png">solid_bg.png</texture>
                        <aspectratio align="center">stretch</aspectratio>
                        <colordiffuse>ff15d219</colordiffuse>
                    </control>
                    <control type="image">
                        <visible>Control.HasFocus(5909)</visible>
                        <animation effect="fade" delay="1000" start="0" end="100" time="4000" pulse="true" condition="true">Conditional</animation>
                        <colordiffuse>ff144cec</colordiffuse>
                        <width>60</width>
                        <height>40</height>
                        <texture diffuse="spin/mask_cover3.png">solid_bg.png</texture>
                        <aspectratio align="center">stretch</aspectratio>
                    </control>
                    <control type="image">
                        <visible>Control.HasFocus(5909)</visible>
                        <animation effect="fade" delay="2000" start="0" end="100" time="3000" pulse="true" condition="true">Conditional</animation>
                        <width>60</width>
                        <height>40</height>
                        <texture diffuse="spin/mask_cover3.png">solid_bg.png</texture>
                        <aspectratio align="center">stretch</aspectratio>
                        <colordiffuse>ffffeb44</colordiffuse>
                    </control>
                    <control type="image">
                        <visible>Control.HasFocus(5909)</visible>
                        <animation effect="fade" delay="3000" start="0" end="100" time="2000" pulse="true" condition="true">Conditional</animation>
                        <width>60</width>
                        <height>40</height>
                        <texture diffuse="spin/mask_cover3.png">solid_bg.png</texture>
                        <aspectratio align="center">stretch</aspectratio>
                        <colordiffuse>ffea4863</colordiffuse>
                    </control>
                </control>
                <control type="label">
                    <align>center</align>
                    <font>titlesmall</font>
                    <label>$INFO[ListItem.Label]</label>
                    <textcolor>white</textcolor>
                    <animation effect="fade" start="100" end="20" time="0" condition="!IsEmpty(ListItem.Property(NotAvailable))">Conditional</animation>
                </control>
            </focusedlayout>
            <content>plugin://script.skin.helper.service/?action=alphabet&amp;reload=$INFO[Container.NumItems]</content>
        </control>
    </include>
</includes>
