<includes>
    <!--##################################################################################   VISTA Banner3D - ID 594   ##################################################################################-->
    <include name="ViewBanner3D">
        <control type="group">
            <visible>Control.IsVisible(594)</visible>
            <left>-100</left>
            <top>-77</top>
            <animation effect="rotatey" center="50" start="7" end="7" time="0" condition="true">Conditional</animation>
            <!-- default group -->
            <!-- <animation effect="fade" time="400">VisibleChange</animation> -->
            <include>ViewBack3</include>
            <!-- Fundo -->
            <control type="group">
                <control type="group">
                    <animation effect="fade" delay="500" start="0" end="100" time="50">WindowOpen</animation>
                    <animation effect="slide" end="0,122" time="300" tween="cubic" easing="inout" condition="Integer.IsGreater(Container(594).Row,5)">Conditional</animation>
                    <animation effect="slide" end="0,122" time="300" tween="cubic" easing="inout" condition="Integer.IsGreater(Container(594).Row,4)">Conditional</animation>
                    <animation effect="slide" end="0,122" time="300" tween="cubic" easing="inout" condition="Integer.IsGreater(Container(594).Row,3)">Conditional</animation>
                    <animation effect="slide" end="0,122" time="300" tween="cubic" easing="inout" condition="Integer.IsGreater(Container(594).Row,2)">Conditional</animation>
                    <animation effect="slide" end="0,122" time="300" tween="cubic" easing="inout" condition="Integer.IsGreater(Container(594).Row,1)">Conditional</animation>
                    <animation effect="slide" end="0,122" time="300" tween="cubic" easing="inout" condition="Integer.IsGreater(Container(594).Row,0)">Conditional</animation>
                    <animation effect="slide" end="544,0" time="300" tween="cubic" easing="inout" condition="Integer.IsGreater(Container(594).Column,0)">Conditional</animation>
                    <control type="image">
                        <visible>Control.IsVisible(594)</visible>
                        <left>728</left>
                        <top>190</top>
                        <width>545</width>
                        <height>120</height>
                        <texture diffuse="spin/mask_cover3.png">solid_bg.png</texture>
                        <aspectratio align="center">stretch</aspectratio>
                        <colordiffuse>ff15d219</colordiffuse>
                    </control>
                    <control type="image">
                        <visible>Control.IsVisible(594)</visible>
                        <animation effect="fade" delay="1000" start="0" end="100" time="4000" pulse="true" condition="true">Conditional</animation>
                        <colordiffuse>ff144cec</colordiffuse>
                        <left>728</left>
                        <top>190</top>
                        <width>545</width>
                        <height>120</height>
                        <texture diffuse="spin/mask_cover3.png">solid_bg.png</texture>
                        <aspectratio align="center">stretch</aspectratio>
                    </control>
                    <control type="image">
                        <visible>Control.IsVisible(594)</visible>
                        <animation effect="fade" delay="2000" start="0" end="100" time="3000" pulse="true" condition="true">Conditional</animation>
                        <left>728</left>
                        <top>190</top>
                        <width>545</width>
                        <height>120</height>
                        <texture diffuse="spin/mask_cover3.png">solid_bg.png</texture>
                        <aspectratio align="center">stretch</aspectratio>
                        <colordiffuse>ffffeb44</colordiffuse>
                    </control>
                    <control type="image">
                        <visible>Control.IsVisible(594)</visible>
                        <animation effect="fade" delay="3000" start="0" end="100" time="2000" pulse="true" condition="true">Conditional</animation>
                        <left>728</left>
                        <top>190</top>
                        <width>545</width>
                        <height>120</height>
                        <texture diffuse="spin/mask_cover3.png">solid_bg.png</texture>
                        <aspectratio align="center">stretch</aspectratio>
                        <colordiffuse>ffea4863</colordiffuse>
                    </control>
                    <control type="image">
                        <visible>Control.IsVisible(594)</visible>
                        <left>727</left>
                        <top>189</top>
                        <width>547</width>
                        <height>122</height>
                        <aspectratio align="center">stretch</aspectratio>
                        <colordiffuse>dd000000</colordiffuse>
                        <texture diffuse="spin/mask_cover3.png">spin/mask79.png</texture>
                    </control>
                </control>
                <control type="panel" id="594">
                    <viewtype label="Banner3D">icon</viewtype>
                    <left>745</left>
                    <top>205</top>
                    <width>1130</width>
                    <height>854</height>
                    <onleft>SetProperty(MediaMenu,True,home)</onleft>
                    <onleft>SetFocus(9050)</onleft>
                    <onright>5940</onright>
                    <scrolltime>300</scrolltime>
                    <orientation>vertical</orientation>
                    <preloaditems>2</preloaditems>
                    <itemlayout height="122" width="540">
                        <control type="image">
                            <left>0</left>
                            <top>-1</top>
                            <width>514</width>
                            <height>93</height>
                            <aspectratio align="center">stretch</aspectratio>
                            <texture diffuse="spin/mask47.png">spin/$VAR[GlobalCaseVarSpin]</texture>
                        </control>
                        <control type="image">
                            <left>2</left>
                            <top>2</top>
                            <width>510</width>
                            <height>87</height>
                            <aspectratio>scale</aspectratio>
                            <texture diffuse="spin/mask_cover3.png" background="true">$VAR[BannerThumb]</texture>
                            <visible>!String.IsEmpty(ListItem.Art(banner)) | String.IsEmpty(ListItem.Art(fanart))</visible>
                        </control>
                        <control type="group">
                            <visible>String.IsEmpty(ListItem.Art(banner))</visible>
                            <control type="image">
                                <left>2</left>
                                <top>2</top>
                                <width>510</width>
                                <height>87</height>
                                <aspectratio>scale</aspectratio>
                                <texture diffuse="spin/mask_cover3.png" background="true">$INFO[ListItem.Art(fanart)]</texture>
                            </control>
                            <control type="image">
                                <left>2</left>
                                <top>5</top>
                                <width>270</width>
                                <height>85</height>
                                <aspectratio>keep</aspectratio>
                                <texture background="true">$INFO[ListItem.Art(clearlogo)]</texture>
                                <bordersize>4</bordersize>
                            </control>
                            <control type="textbox">
                                <visible>String.IsEmpty(ListItem.Art(clearlogo))</visible>
                                <left>10</left>
                                <top>10</top>
                                <width>480</width>
                                <height>80</height>
                                <aligny>center</aligny>
                                <align>left</align>
                                <font>titlesmall</font>
                                <label>$VAR[value_videotitle]</label>
                                <textcolor>white</textcolor>
                                <shadowcolor>black</shadowcolor>
                            </control>
                        </control>
                        <control type="image">
                            <left>2</left>
                            <top>2</top>
                            <width>510</width>
                            <height>87</height>
                            <texture>spin/darkgrey.png</texture>
                            <colordiffuse>$VAR[ThemeLabelColor]</colordiffuse>
                            <animation effect="fade" start="15" end="15" condition="true">Conditional</animation>
                        </control>
                        <control type="image">
                            <top>2</top>
                            <left>485</left>
                            <width>25</width>
                            <height>50</height>
                            <texture>$VAR[OverlayVar]</texture>
                            <aspectratio align="center" aligny="top">scale</aspectratio>
                        </control>
                        <control type="group">
                            <left>10</left>
                            <top>10</top>
                            <include condition="Skin.HasSetting(Disable.UnwatchedIcon)">UnwatchedIcon</include>
                        </control>
                        <control type="image">
                            <left>0</left>
                            <top>1</top>
                            <width>514</width>
                            <height>89</height>
                            <aspectratio align="center">stretch</aspectratio>
                            <colordiffuse>dd000000</colordiffuse>
                            <texture diffuse="spin/mask_cover3.png">spin/mask79.png</texture>
                        </control>
                    </itemlayout>
                    <focusedlayout height="122" width="540">
                        <control type="image">
                            <left>0</left>
                            <top>-1</top>
                            <width>514</width>
                            <height>93</height>
                            <aspectratio align="center">stretch</aspectratio>
                            <texture diffuse="spin/mask47.png">spin/$VAR[GlobalCaseVarSpin]</texture>
                        </control>
                        <control type="image">
                            <left>2</left>
                            <top>2</top>
                            <width>510</width>
                            <height>87</height>
                            <aspectratio>scale</aspectratio>
                            <texture diffuse="spin/mask_cover3.png" background="true">$VAR[BannerThumb]</texture>
                            <visible>!String.IsEmpty(ListItem.Art(banner)) | String.IsEmpty(ListItem.Art(fanart))</visible>
                        </control>
                        <control type="group">
                            <visible>String.IsEmpty(ListItem.Art(banner))</visible>
                            <control type="image">
                                <left>2</left>
                                <top>2</top>
                                <width>510</width>
                                <height>87</height>
                                <aspectratio>scale</aspectratio>
                                <texture diffuse="spin/mask_cover3.png" background="true">$INFO[ListItem.Art(fanart)]</texture>
                            </control>
                            <control type="image">
                                <left>2</left>
                                <top>5</top>
                                <width>270</width>
                                <height>85</height>
                                <aspectratio>keep</aspectratio>
                                <texture background="true">$INFO[ListItem.Art(clearlogo)]</texture>
                                <bordersize>4</bordersize>
                            </control>
                            <control type="textbox">
                                <visible>String.IsEmpty(ListItem.Art(clearlogo))</visible>
                                <left>10</left>
                                <top>10</top>
                                <width>480</width>
                                <height>80</height>
                                <aligny>center</aligny>
                                <align>left</align>
                                <font>titlesmall</font>
                                <label>$VAR[value_videotitle]</label>
                                <textcolor>white</textcolor>
                                <shadowcolor>black</shadowcolor>
                            </control>
                        </control>
                        <control type="image">
                            <left>2</left>
                            <top>2</top>
                            <width>510</width>
                            <height>87</height>
                            <texture>spin/darkgrey.png</texture>
                            <colordiffuse>$VAR[ThemeLabelColor]</colordiffuse>
                            <animation effect="fade" start="15" end="15" condition="true">Conditional</animation>
                        </control>
                        <control type="image">
                            <top>2</top>
                            <left>485</left>
                            <width>25</width>
                            <height>50</height>
                            <texture>$VAR[OverlayVar]</texture>
                            <aspectratio align="center" aligny="top">scale</aspectratio>
                        </control>
                        <control type="group">
                            <left>10</left>
                            <top>10</top>
                            <include condition="Skin.HasSetting(Disable.UnwatchedIcon)">UnwatchedIcon</include>
                        </control>
                        <control type="image">
                            <left>0</left>
                            <top>1</top>
                            <width>514</width>
                            <height>89</height>
                            <aspectratio align="center">stretch</aspectratio>
                            <colordiffuse>dd000000</colordiffuse>
                            <texture diffuse="spin/mask_cover3.png">spin/mask79.png</texture>
                        </control>
                    </focusedlayout>
                </control>
            </control>
            <!-- Info Panel -->
            <control type="group">
                <visible>Control.IsVisible(594)</visible>
                <left>115</left>
                <top>120</top>
                <control type="multiimage" id="5288">
                    <left>15</left>
                    <top>68</top>
                    <width>580</width>
                    <height>315</height>
                    <aspectratio>stretch</aspectratio>
                    <timeperimage>4000</timeperimage>
                    <visible>!ListItem.IsCollection + Container.HasFiles</visible>
                    <imagepath diffuse="spin/mask_cover3.png" background="true">$INFO[ListItem.Path,,/extrafanart/]</imagepath>
                </control>
                <control type="image">
                    <left>15</left>
                    <top>68</top>
                    <width>580</width>
                    <height>315</height>
                    <aspectratio>stretch</aspectratio>
                    <visible>String.IsEmpty(Control.GetLabel(5288))</visible>
                    <include>VisibleFadeAnimation</include>
                    <texture diffuse="spin/mask_cover3.png" background="true">$INFO[ListItem.Art(fanart)]</texture>
                </control>
                <control type="image">
                    <left>15</left>
                    <top>68</top>
                    <width>580</width>
                    <height>315</height>
                    <aspectratio>stretch</aspectratio>
                    <visible>ListItem.IsCollection | !Container.HasFiles</visible>
                    <texture diffuse="spin/mask_cover3.png" background="true">$INFO[ListItem.Art(fanart)]</texture>
                </control>
                <control type="image">
                    <left>15</left>
                    <top>68</top>
                    <width>580</width>
                    <height>315</height>
                    <texture background="true">spin/osd_black_bg.png</texture>
                    <aspectratio>stretch</aspectratio>
                </control>
                <control type="image">
                    <top>67</top>
                    <left>14</left>
                    <width>582</width>
                    <height>317</height>
                    <aspectratio align="center">stretch</aspectratio>
                    <colordiffuse>dd000000</colordiffuse>
                    <texture diffuse="spin/mask_cover3.png">spin/mask78.png</texture>
                </control>
                <control type="textbox">
                    <visible>!ListItem.IsCollection</visible>
                    <left>25</left>
                    <top>700</top>
                    <width>570</width>
                    <height>130</height>
                    <aligny>center</aligny>
                    <align>center</align>
                    <font>titlemove</font>
                    <label>$VAR[value_videotitle]</label>
                    <autoscroll delay="1500" time="2000" repeat="2000" />
                    <textcolor>$VAR[ThemeLabelColor]</textcolor>
                    <shadowcolor>black</shadowcolor>
                </control>
                <control type="textbox">
                    <visible>ListItem.IsCollection</visible>
                    <left>25</left>
                    <top>700</top>
                    <width>570</width>
                    <height>180</height>
                    <aligny>center</aligny>
                    <align>center</align>
                    <font>titlemove</font>
                    <label>$VAR[value_videotitle]</label>
                    <autoscroll delay="1500" time="2000" repeat="2000" />
                    <textcolor>$VAR[ThemeLabelColor]</textcolor>
                    <shadowcolor>black</shadowcolor>
                </control>
                <control type="textbox">
                    <left>25</left>
                    <top>840</top>
                    <width>570</width>
                    <height>38</height>
                    <visible>!String.IsEmpty(ListItem.Rating) + !ListItem.IsCollection</visible>
                    <align>center</align>
                    <aligny>center</aligny>
                    <font>font13_bold</font>
                    <label>$VAR[value_ground17_label]: [COLOR=FFFFFAF0]$VAR[value_ground17_value][/COLOR] - [COLOR $VAR[ThemeLabelColor]][B]$INFO[ListItem.Rating][/B][/COLOR] ($INFO[ListItem.Votes,, $LOCALIZE[205]])</label>
                    <textcolor>FFFFFAF0</textcolor>
                </control>
                <control type="image">
                    <left>330</left>
                    <top>250</top>
                    <width>250</width>
                    <height>150</height>
                    <texture background="true">$INFO[ListItem.Art(clearlogo)]</texture>
                    <aspectratio>keep</aspectratio>
                </control>
                <control type="textbox">
                    <left>25</left>
                    <top>400</top>
                    <width>570</width>
                    <height>290</height>
                    <font>font13</font>
                    <align>justify</align>
                    <label>$VAR[value_plot]</label>
                    <autoscroll delay="10000" time="2000" repeat="10000"></autoscroll>
                </control>
                <include>IconsWall3D</include>
            </control>
        </control>
        <control type="panel" id="5940">
            <visible>Control.IsVisible(594) + [String.Contains(Container.SortMethod,$LOCALIZE[369]) | String.Contains(Container.SortMethod,$LOCALIZE[557])]</visible>
            <animation effect="slide" end="-38,0" time="200">Focus</animation>
            <animation effect="slide" end="38,0" time="200">Unfocus</animation>
            <animation effect="rotatey" center="auto" start="6" end="6" time="0" condition="true">Conditional</animation>
            <animation effect="fade" end="60" condition="true">Conditional</animation>
            <left>1979</left>
            <top>-1</top>
            <width>40</width>
            <height>100%</height>
            <onleft>594</onleft>
            <orientation>vertical</orientation>
            <itemlayout height="40" width="40">
                <control type="label">
                    <align>center</align>
                    <font>titlesmall</font>
                    <label>$INFO[ListItem.Label]</label>
                    <textcolor>white</textcolor>
                    <animation effect="fade" start="100" end="20" time="0" condition="!IsEmpty(ListItem.Property(NotAvailable))">Conditional</animation>
                </control>
                <control type="image">
                    <visible>StringCompare(ListItem.Label,Container.ListItem.SortLetter)</visible>
                    <width>60</width>
                    <height>40</height>
                    <texture diffuse="spin/mask_cover3.png">solid_bg.png</texture>
                    <aspectratio align="center">stretch</aspectratio>
                    <colordiffuse>$VAR[ThemeLabelColor]</colordiffuse>
                </control>
                <control type="label">
                    <align>center</align>
                    <font>titlesmall</font>
                    <label>$INFO[ListItem.Label]</label>
                    <textcolor>white</textcolor>
                    <visible>StringCompare(ListItem.Label,Container.ListItem.SortLetter)</visible>
                </control>
            </itemlayout>
            <focusedlayout height="40" width="40">
                <control type="group">
                    <control type="image">
                        <animation effect="fade" end="50" condition="true">Conditional</animation>
                        <visible>!Control.HasFocus(5940)</visible>
                        <width>60</width>
                        <height>40</height>
                        <texture diffuse="spin/mask_cover3.png">solid_bg.png</texture>
                        <aspectratio align="center">stretch</aspectratio>
                        <colordiffuse>$VAR[ThemeLabelColor]</colordiffuse>
                    </control>
                    <control type="image">
                        <visible>Control.HasFocus(5940)</visible>
                        <width>60</width>
                        <height>40</height>
                        <texture diffuse="spin/mask_cover3.png">solid_bg.png</texture>
                        <aspectratio align="center">stretch</aspectratio>
                        <colordiffuse>ff15d219</colordiffuse>
                    </control>
                    <control type="image">
                        <visible>Control.HasFocus(5940)</visible>
                        <animation effect="fade" delay="1000" start="0" end="100" time="4000" pulse="true" condition="true">Conditional</animation>
                        <colordiffuse>ff144cec</colordiffuse>
                        <width>60</width>
                        <height>40</height>
                        <texture diffuse="spin/mask_cover3.png">solid_bg.png</texture>
                        <aspectratio align="center">stretch</aspectratio>
                    </control>
                    <control type="image">
                        <visible>Control.HasFocus(5940)</visible>
                        <animation effect="fade" delay="2000" start="0" end="100" time="3000" pulse="true" condition="true">Conditional</animation>
                        <width>60</width>
                        <height>40</height>
                        <texture diffuse="spin/mask_cover3.png">solid_bg.png</texture>
                        <aspectratio align="center">stretch</aspectratio>
                        <colordiffuse>ffffeb44</colordiffuse>
                    </control>
                    <control type="image">
                        <visible>Control.HasFocus(5940)</visible>
                        <animation effect="fade" delay="3000" start="0" end="100" time="2000" pulse="true" condition="true">Conditional</animation>
                        <width>60</width>
                        <height>40</height>
                        <texture diffuse="spin/mask_cover3.png">solid_bg.png</texture>
                        <aspectratio align="center">stretch</aspectratio>
                        <colordiffuse>ffea4863</colordiffuse>
                    </control>
                </control>
                <control type="label">
                    <align>center</align>
                    <font>titlesmall</font>
                    <label>$INFO[ListItem.Label]</label>
                    <textcolor>white</textcolor>
                    <animation effect="fade" start="100" end="20" time="0" condition="!IsEmpty(ListItem.Property(NotAvailable))">Conditional</animation>
                </control>
            </focusedlayout>
            <content>plugin://script.skin.helper.service/?action=alphabet&amp;reload=$INFO[Container.NumItems]</content>
        </control>
    </include>
</includes>
