<includes>
    <!-- Logo -->
    <include name="LandscapeLogoLayout">
        <control type="image">
            <left>52</left>
            <top>178</top>
            <width>390</width>
            <height>164</height>
            <aspectratio aligny="bottom">keep</aspectratio>
            <texture background="true">$INFO[ListItem.Art(clearlogo)]</texture>
            <visible>!Skin.HasSetting(Enable.Logo.clearart) | [Skin.HasSetting(Enable.Logo.clearart) + String.IsEmpty(ListItem.Art(clearart))]</visible>
        </control>
        <control type="image">
            <left>52</left>
            <top>345</top>
            <width>390</width>
            <height>164</height>
            <aspectratio aligny="top">keep</aspectratio>
            <texture background="true" flipy="true">$INFO[ListItem.Art(clearlogo)]</texture>
            <animation effect="fade" start="15" end="15" time="160" tween="cubic" easing="inout" condition="true">Conditional</animation>
            <visible>!Skin.HasSetting(Enable.Logo.clearart) | [Skin.HasSetting(Enable.Logo.clearart) + String.IsEmpty(ListItem.Art(clearart))]</visible>
        </control>
        <control type="image">
            <left>52</left>
            <top>178</top>
            <width>390</width>
            <height>164</height>
            <aspectratio aligny="bottom">keep</aspectratio>
            <texture background="true">$INFO[ListItem.Art(clearart)]</texture>
            <visible>Skin.HasSetting(Enable.Logo.clearart)</visible>
        </control>
        <control type="image">
            <left>52</left>
            <top>345</top>
            <width>390</width>
            <height>164</height>
            <aspectratio aligny="top">keep</aspectratio>
            <texture background="true" flipy="true">$INFO[ListItem.Art(clearart)]</texture>
            <animation effect="fade" start="15" end="15" time="160" tween="cubic" easing="inout" condition="true">Conditional</animation>
            <visible>Skin.HasSetting(Enable.Logo.clearart)</visible>
        </control>
        <control type="group">
            <visible>String.IsEmpty(ListItem.Art(clearlogo))</visible>
            <control type="label">
                <posx>0</posx>
                <posy>250</posy>
                <width>470</width>
                <height>30</height>
                <align>center</align>
                <font>font14</font>
                <scroll>true</scroll>
                <scrollspeed>80</scrollspeed>
                <textcolor>white</textcolor>
                <label>[B]$VAR[FloorLabelVar][/B]</label>
            </control>
        </control>
        <control type="group">
            <left>20</left>
            <top>300</top>
            <include condition="Skin.HasSetting(Disable.UnwatchedIcon)">UnwatchedIcon</include>
        </control>
    </include>
    <include name="LogoFixed">
        <control type="fixedlist" id="59">
            <include>contents59list</include>
        </control>
    </include>
    <include name="LogoWrap">
        <control type="wraplist" id="59">
            <include>contents59list</include>
        </control>
    </include>
    <include name="contents59list">
        <left>-277</left>
        <top>565</top>
        <width>2475</width>
        <height>525</height>
        <onleft>59</onleft>
        <onright>59</onright>
        <onup condition="!ListItem.IsParentFolder">4401</onup>
        <onup condition="String.IsEmpty(ListItem.Title)">SetProperty(MediaMenu,True,home)</onup>
        <onup condition="String.IsEmpty(ListItem.Title)">SetFocus(9050)</onup>
        <ondown condition="Control.IsVisible(59060)">59060</ondown>
        <ondown condition="!Control.IsVisible(59060)">4400</ondown>
        <pagecontrol>59060</pagecontrol>
        <preloaditems>2</preloaditems>
        <focusposition>2</focusposition>
        <viewtype label="$LOCALIZE[31606]">list</viewtype>
        <scrolltime tween="quadratic" easing="out">300</scrolltime>
        <visible>Container.Content(tvshows) | Container.Content(movies)</visible>
        <orientation>horizontal</orientation>
        <itemlayout width="495" height="450">
            <control type="group">
                <animation effect="fade" start="100" end="0" time="600" condition="System.IdleTime(10) + Skin.HasSetting(Enable.Logo.UnfocusFade)">Conditional</animation>
                <include>LandscapeLogoLayout</include>
            </control>
        </itemlayout>
        <focusedlayout width="495" height="450">
            <control type="group">
                <animation effect="zoom" center="auto" start="100" end="122" time="480" tween="back" reversible="false">Focus</animation>
                <animation effect="zoom" center="auto" start="122" end="100" time="160" tween="back" reversible="false">UnFocus</animation>
                <include>LandscapeLogoLayout</include>
            </control>
        </focusedlayout>
    </include>
    <include name="View_59_Logo">
        <control type="image">
            <visible>Control.IsVisible(59) + !Window.IsActive(addoninformation)</visible>
            <top>-1</top>
            <left>1881</left>
            <width>45</width>
            <height>65</height>
            <texture>$VAR[OverlayVar]</texture>
            <bordersize>1</bordersize>
            <visible>[!String.IsEmpty(Skin.String(59.Movies.DisableOverlay)) + Container.Content(movies)] | [!String.IsEmpty(Skin.String(59.TV.DisableOverlay)) + Container.Content(tvshows)]</visible>
        </control>
        <control type="group">
            <visible>Control.IsVisible(59) + !Window.IsActive(addoninformation)</visible>
            <include>ViewAnimation</include>
            <include condition="Skin.HasSetting(HorizontalListNav)">LogoFixed</include>
            <include condition="!Skin.HasSetting(HorizontalListNav)">LogoWrap</include>
            <control type="scrollbar" id="59060">
                <left>110</left>
                <top>935</top>
                <width>1680</width>
                <height>5</height>
                <onup>59</onup>
                <ondown condition="Integer.IsGreaterOrEqual(Container(59).NumPages,10) + [String.IsEqual(Container.SortMethod,$LOCALIZE[551]) | String.IsEqual(Container.SortMethod,$LOCALIZE[556])]">615</ondown>
                <ondown condition="![Integer.IsGreaterOrEqual(Container(59).NumPages,10) + [String.IsEqual(Container.SortMethod,$LOCALIZE[551]) | String.IsEqual(Container.SortMethod,$LOCALIZE[556])]]">4400</ondown>
                <texturesliderbackground />
                <texturesliderbar>listselect_fo.png</texturesliderbar>
                <texturesliderbarfocus>listselect_fo.png</texturesliderbarfocus>
                <textureslidernib />
                <textureslidernibfocus />
                <showonepage>false</showonepage>
                <orientation>horizontal</orientation>
                <animation effect="fade" start="100" end="0" time="500" delay="500" condition="!Control.HasFocus(59060) + !Container.Scrolling">Conditional</animation>
                <animation effect="zoom" start="100,100" end="100,200" center="auto" tween="sine" easing="inout" time="500" pulse="true" condition="Control.HasFocus(59060)">Conditional</animation>
            </control>
        </control>
    </include>
</includes>
