<?xml version="1.0" encoding="UTF-8"?>
<window>
	<defaultcontrol always="true">450</defaultcontrol>
	<controls>
		
		<include>CommonBackground</include>
		
		<control type="group">
			<visible>!Skin.HasSetting(Weatherinfo) + !String.IsEmpty(Weather.Plugin)</visible>
			<control type="image">
				<left>60</left>
				<top>60</top>
				<width>360</width>
				<height>60</height>
				<texture colordiffuse="black">backgrounds/bg_fade.png</texture>
			</control>
			<control type="image">
				<left>70</left>
				<top>60</top>
				<width>60</width>
				<height>60</height>
				<aspectratio>keep</aspectratio>
				<texture>$INFO[Weather.ConditionsIcon]</texture>
			</control>
			<control type="label">
				<left>140</left>
				<top>60</top>
				<width>100</width>
				<height>60</height>
				<align>left</align>
				<aligny>center</aligny>
				<font>menu.title</font>
				<textcolor>$INFO[Skin.String(color.500)]</textcolor>
				<label>[B]$INFO[Window(Weather).Property(Current.Temperature)][/B] $INFO[System.TemperatureUnits]</label>
			</control>
			<control type="label">
				<left>210</left>
				<top>60</top>
				<width>200</width>
				<height>60</height>
				<align>left</align>
				<aligny>center</aligny>
				<font>breadcrumb.secondary</font>
				<textcolor>white</textcolor>
				<label>$INFO[Window(Weather).Property(Current.Condition),]</label>
				<scroll>true</scroll>
			</control>
		</control>
		
		<control type="group">
		<visible>!Skin.HasSetting(Clock)</visible>
			<control type="image">
				<right>60</right>
				<top>60</top>
				<width>360</width>
				<height>60</height>
				<texture colordiffuse="black">backgrounds/bg_fade.png</texture>
			</control>
			<control type="label">
				<right>130</right>
				<top>60</top>
				<width>200</width>
				<height>60</height>
				<align>right</align>
				<aligny>center</aligny>
				<font>menu.title</font>
				<textcolor>$INFO[Skin.String(color.500)]</textcolor>
				<label>$INFO[System.Time(hh:mm)]</label>
			</control>
			<control type="label">
				<right>60</right>
				<top>60</top>
				<width>70</width>
				<height>60</height>
				<align>left</align>
				<aligny>center</aligny>
				<font>menu.title</font>
				<textcolor>$INFO[Skin.String(color.500)]</textcolor>
				<label>:$INFO[System.Time(ss)]</label>
			</control>
			<control type="label">
				<right>260</right>
				<top>60</top>
				<width>300</width>
				<height>60</height>
				<align>right</align>
				<aligny>center</aligny>
				<font>breadcrumb.secondary</font>
				<textcolor>white</textcolor>
				<label>$INFO[System.Date(dd:mm:yyyy]</label>
			</control>
		</control>
			
		<control type="group">
			<visible>!Skin.HasSetting(Playerinfo)</visible>
			<control type="group">
				<visible>VideoPlayer.Content(Movies)</visible>
				<control type="image">
					<left>60</left>
					<top>220r</top>
					<width>805</width>
					<height>92</height>
					<texture colordiffuse="black">backgrounds/bg_fade.png</texture>
				</control>
				<control type="image">
					<left>50</left>
					<top>210r</top>
					<width>70</width>
					<height>70</height>
					<texture>osd/play.png</texture>
				</control>
				<control type="label">
					<left>115</left>
					<width>505</width>
					<top>210r</top>
					<height>45</height>
					<align>left</align>
					<aligny>center</aligny>
					<font>breadcrumb</font>
					<textcolor>$INFO[Skin.String(color.500)]</textcolor>
					<shadowcolor>black</shadowcolor>
					<label>$INFO[Player.Title]</label>
					<scroll>true</scroll>
				</control>
				<control type="label">
					<left>115</left>
					<width>735</width>
					<top>175r</top>
					<height>38</height>
					<align>left</align>
					<aligny>center</aligny>
					<font>breadcrumb.secondary</font>
					<textcolor>white</textcolor>
					<label>$INFO[VideoPlayer.Studio]</label>
					<scroll>true</scroll>
				</control>
				<control type="label">
					<left>555</left>
					<width>300</width>
					<top>205r</top>
					<height>45</height>
					<align>right</align>
					<aligny>center</aligny>
					<font>breadcrumb.secondary</font>
					<textcolor>white</textcolor>
					<label>$INFO[Player.Time] / $INFO[Player.Duration,]</label>
				</control>
			</control>
			<control type="group">
				<visible>VideoPlayer.Content(Episodes)</visible>
				<control type="image">
					<left>60</left>
					<top>220r</top>
					<width>805</width>
					<height>92</height>
					<texture colordiffuse="black">backgrounds/bg_fade.png</texture>
				</control>
				<control type="image">
					<left>50</left>
					<top>210r</top>
					<width>70</width>
					<height>70</height>
					<texture>osd/play.png</texture>
				</control>
				<control type="label">
					<left>115</left>
					<width>505</width>
					<top>210r</top>
					<height>45</height>
					<align>left</align>
					<aligny>center</aligny>
					<font>breadcrumb</font>
					<textcolor>$INFO[Skin.String(color.500)]</textcolor>
					<shadowcolor>black</shadowcolor>
					<label>$INFO[Player.Title]</label>
					<scroll>true</scroll>
				</control>
				<control type="label">
					<left>115</left>
					<width>735</width>
					<top>175r</top>
					<height>38</height>
					<align>left</align>
					<aligny>center</aligny>
					<font>breadcrumb.secondary</font>
					<textcolor>white</textcolor>
					<label>$INFO[VideoPlayer.TVShowTitle] ($INFO[VideoPlayer.Season,$LOCALIZE[20373] , - ]$INFO[VideoPlayer.episode,$LOCALIZE[20359] ,])</label>
					<scroll>true</scroll>
				</control>
				<control type="label">
					<left>555</left>
					<width>300</width>
					<top>205r</top>
					<height>45</height>
					<align>right</align>
					<aligny>center</aligny>
					<font>breadcrumb.secondary</font>
					<textcolor>white</textcolor>
					<label>$INFO[Player.Time] / $INFO[Player.Duration,]</label>
				</control>
			</control>
			<control type="group">
				<visible>Player.HasVideo</visible>
				<visible>!VideoPlayer.Content(Movies) + !VideoPlayer.Content(Episodes) + !VideoPlayer.Content(LiveTV)</visible>
				<control type="image">
					<left>60</left>
					<top>220r</top>
					<width>805</width>
					<height>92</height>
					<texture colordiffuse="black">backgrounds/bg_fade.png</texture>
				</control>
				<control type="image">
					<left>50</left>
					<top>210r</top>
					<width>70</width>
					<height>70</height>
					<texture>osd/play.png</texture>
				</control>
				<control type="label">
				<left>115</left>
					<width>505</width>
					<top>210r</top>
					<height>45</height>
					<align>left</align>
					<aligny>center</aligny>
					<font>breadcrumb</font>
					<textcolor>$INFO[Skin.String(color.500)]</textcolor>
					<shadowcolor>black</shadowcolor>
					<label>$INFO[Player.Title]</label>
				</control>
				<control type="label">
				<left>555</left>
					<width>300</width>
					<top>205r</top>
					<height>45</height>
					<align>right</align>
					<aligny>center</aligny>
					<font>breadcrumb.secondary</font>
					<textcolor>white</textcolor>
					<label>$INFO[Player.Time] / $INFO[Player.Duration,]</label>
				</control>
			</control>
			<control type="group">
				<visible>VideoPlayer.Content(LiveTV)</visible>
				<control type="image">
					<left>60</left>
					<top>220r</top>
					<width>805</width>
					<height>92</height>
					<texture colordiffuse="black">backgrounds/bg_fade.png</texture>
				</control>
				<control type="image">
					<left>50</left>
					<top>210r</top>
					<width>70</width>
					<height>70</height>
					<texture>osd/play.png</texture>
				</control>
				<control type="label">
					<left>115</left>
					<width>505</width>
					<top>210r</top>
					<height>45</height>
					<align>left</align>
					<aligny>center</aligny>
					<font>breadcrumb</font>
					<textcolor>$INFO[Skin.String(color.500)]</textcolor>
					<shadowcolor>black</shadowcolor>
					<label>$INFO[Player.Title]</label>
				</control>
				<control type="label">
					<left>115</left>
					<width>735</width>
					<top>175r</top>
					<height>38</height>
					<align>left</align>
					<aligny>center</aligny>
					<font>breadcrumb.secondary</font>
					<textcolor>white</textcolor>
					<label>$INFO[VideoPlayer.ChannelName]</label>
					<scroll>true</scroll>
				</control>
				<control type="label">
					<left>555</left>
					<width>300</width>
					<top>205r</top>
					<height>45</height>
					<align>right</align>
					<aligny>center</aligny>
					<font>breadcrumb.secondary</font>
					<textcolor>white</textcolor>
					<label>$INFO[Player.Time] / $INFO[Player.Duration,]</label>
				</control>
			</control>
			<control type="group">
				<visible>VideoPlayer.Content(Radio)</visible>
				<control type="image">
					<left>60</left>
					<top>220r</top>
					<width>805</width>
					<height>92</height>
					<texture colordiffuse="black">backgrounds/bg_fade.png</texture>
				</control>
				<control type="image">
					<left>50</left>
					<top>210r</top>
					<width>70</width>
					<height>70</height>
					<texture>osd/play.png</texture>
				</control>
				<control type="label">
					<left>115</left>
					<width>505</width>
					<top>210r</top>
					<height>45</height>
					<align>left</align>
					<aligny>center</aligny>
					<font>breadcrumb</font>
					<textcolor>$INFO[Skin.String(color.500)]</textcolor>
					<shadowcolor>black</shadowcolor>
					<label>$INFO[Player.Title]</label>
				</control>
				<control type="label">
					<left>115</left>
					<width>735</width>
					<top>175r</top>
					<height>38</height>
					<align>left</align>
					<aligny>center</aligny>
					<font>breadcrumb.secondary</font>
					<textcolor>white</textcolor>
					<label>$INFO[VideoPlayer.ChannelName]</label>
					<scroll>true</scroll>
				</control>
				<control type="label">
					<left>555</left>
					<width>300</width>
					<top>205r</top>
					<height>45</height>
					<align>right</align>
					<aligny>center</aligny>
					<font>breadcrumb.secondary</font>
					<textcolor>white</textcolor>
					<label>$INFO[Player.Time] / $INFO[Player.Duration,]</label>
				</control>
			</control>
			<control type="group">
				<visible>Player.HasAudio + !VideoPlayer.Content(Radio)</visible>
				<control type="image">
					<left>60</left>
					<top>220r</top>
					<width>805</width>
					<height>92</height>
					<texture colordiffuse="black">backgrounds/bg_fade.png</texture>
				</control>
				<control type="image">
					<left>50</left>
					<top>210r</top>
					<width>70</width>
					<height>70</height>
					<texture>osd/play.png</texture>
				</control>
				<control type="label">
					<left>115</left>
					<width>505</width>
					<top>210r</top>
					<height>45</height>
					<align>left</align>
					<aligny>center</aligny>
					<font>breadcrumb</font>
					<textcolor>$INFO[Skin.String(color.500)]</textcolor>
					<shadowcolor>black</shadowcolor>
					<label>$INFO[Player.Title] </label>
				</control>
				<control type="label">
					<left>115</left>
					<width>735</width>
					<top>175r</top>
					<height>38</height>
					<align>left</align>
					<aligny>center</aligny>
					<font>breadcrumb.secondary</font>
					<textcolor>white</textcolor>
					<label>$INFO[MusicPlayer.Artist] - $INFO[MusicPlayer.Album]$INFO[musicplayer.discnumber, - $LOCALIZE[427]: ]</label>
				</control>
				<control type="label">
					<left>555</left>
					<width>300</width>
					<top>205r</top>
					<height>45</height>
					<align>right</align>
					<aligny>center</aligny>
					<font>breadcrumb.secondary</font>
					<textcolor>white</textcolor>
					<shadowcolor>button.nf</shadowcolor>
					<label>$INFO[Player.Time] / $INFO[Player.Duration,]</label>
				</control>
			</control>
		</control>
		
		<control type="group">
			<visible>Skin.HasSetting(Touchmode)</visible>
			<control type="image">
				<left>60</left>
				<top>115r</top>
				<width>60</width>
				<height>60</height>
				<texture colordiffuse="black">backgrounds/bg_fade.png</texture>
			</control>
			<control type="button">
				<description>Back push button</description>
				<left>55</left>
				<top>120r</top>
				<width>70</width>
				<height>70</height>
				<label></label>
				<font/>
				<onclick>back</onclick>
				<texturefocus colordiffuse="$INFO[Skin.String(color.500)]">icons/back.png</texturefocus>
				<texturenofocus colordiffuse="white">icons/back.png</texturenofocus>
				<onleft></onleft>
				<onright></onright>
				<onup></onup>
				<ondown></ondown>
			</control>
			<control type="image">
				<right>60</right>
				<top>115r</top>
				<width>60</width>
				<height>60</height>
				<texture colordiffuse="black">backgrounds/bg_fade.png</texture>
			</control>
			<control type="button">
				<description>Home push button</description>
				<right>55</right>
				<top>120r</top>
				<width>70</width>
				<height>70</height>
				<label></label>
				<font/>
				<onclick>ActivateWindow(home)</onclick>
				<texturefocus colordiffuse="$INFO[Skin.String(color.500)]">icons/home.png</texturefocus>
				<texturenofocus colordiffuse="white">icons/home.png</texturenofocus>
				<onleft></onleft>
				<onright></onright>
				<onup></onup>
				<ondown></ondown>
			</control>
		</control>
		
		<!--all content-->
		<control type="group">
			<left>60</left>
			<centertop>50%</centertop>
			<width>1800</width>
			<height>783</height>
			<control type="image">
				<left>0</left>
				<top>0</top>
				<width>1800</width>
				<height>755</height>
				<texture colordiffuse="black">backgrounds/bg_fade.png</texture>
			</control>
			
			<!--main content-->
			<control type="group">
				<!--header-->
				<control type="label" id="411">
					<left>0</left>
					<top>5</top>
					<width>1800</width>
					<height>60</height>
					<font>info.title</font>
					<align>center</align>
					<aligny>center</aligny>
					<textcolor>$INFO[Skin.String(color.500)]</textcolor>
					<label>1023</label>
				</control>
				<!--path label-->
				<control type="label" id="412">
					<left>45</left>
					<top>110</top>
					<width>825</width>
					<height>52</height>
					<font>button</font>
					<align>left</align>
					<aligny>center</aligny>
					<scroll>false</scroll>
					<textcolor>white</textcolor>
				</control>
				<!--top buttons-->
				<control type="grouplist" id="9000">
					<left>985</left>
					<top>190</top>
					<width>320</width>
					<height>300</height>
					<onleft>60</onleft>
					<onright>450</onright>
					<onup>9000</onup>
					<ondown>9000</ondown>
					<!--ok button-->
					<include content="AnimatedCircleButtonGroup">
						<param name="button-id" value="413" />
						<param name="button-width" value="130" />
						<param name="button-texture" value="yesbutton" />
						<param name="button-label" value="186" />
						<param name="button-onup" value="416" />
						<param name="button-ondown" value="414" />
						<param name="button-onleft" value="60" />
						<param name="button-onright" value="450" />
					</include>
					<!--cancel button-->
					<include content="AnimatedCircleButtonGroup">
						<param name="button-id" value="414" />
						<param name="button-width" value="160" />
						<param name="button-texture" value="nobutton" />
						<param name="button-label" value="222" />
						<param name="button-onup" value="413" />
						<param name="button-ondown" value="415" />
						<param name="button-onleft" value="60" />
						<param name="button-onright" value="450" />
					</include>
					<!--new folder button-->
					<include content="AnimatedCircleButtonGroup">
						<param name="button-id" value="415" />
						<param name="button-width" value="130" />
						<param name="button-texture" value="addbutton" />
						<param name="button-label" value="119" />
						<param name="button-onup" value="414" />
						<param name="button-ondown" value="416" />
						<param name="button-onleft" value="60" />
						<param name="button-onright" value="450" />
					</include>
					<!--mirror image button-->
					<include content="AnimatedCircleButtonGroup">
						<param name="button-id" value="416" />
						<param name="button-width" value="160" />
						<param name="button-texture" value="mirrorbutton" />
						<param name="button-label" value="749" />
						<param name="button-onup" value="415" />
						<param name="button-ondown" value="413" />
						<param name="button-onleft" value="60" />
						<param name="button-onright" value="450" />
					</include>
				</control>
				<!--big thumb-->
				<control type="group">
					<!--thumb (fallback)-->
					<control type="image">
						<left>420r</left>
						<top>200</top>
						<width>350</width>
						<height>350</height>
						<aspectratio>keep</aspectratio>
						<texture background="true">$INFO[ListItem.Icon]</texture>$INFO[ListItem.Icon]
						<visible>String.Contains(ListItem.Icon,default)</visible>
					</control>
					<!--thumb (no fallback)-->
					<control type="image">
						<left>420r</left>
						<top>200</top>
						<width>350</width>
						<height>350</height>
						<aspectratio>keep</aspectratio>
						<texture background="true">$INFO[ListItem.Icon]</texture>
						<visible>!String.Contains(Control.GetLabel(416),*)</visible>
						<visible>!String.Contains(ListItem.Icon,default)</visible>
					</control>
					<!--thumb (no fallback, mirrored-->
					<control type="image">
						<left>420r</left>
						<top>200</top>
						<width>350</width>
						<height>350</height>
						<aspectratio>keep</aspectratio>
						<texture background="true" flipx="true">$INFO[ListItem.Icon]</texture>
						<visible>String.Contains(Control.GetLabel(416),*)</visible>
						<visible>!String.Contains(ListItem.Icon,default)</visible>
					</control>
				</control>
				<!--content list-->
				<control type="panel" id="450">
					<left>40</left>
					<top>190</top>
					<height>540</height>
					<width>905</width>
					<onleft>9000</onleft>
					<onright>60</onright>
					<onup>450</onup>
					<ondown>450</ondown>
					<pagecontrol>60</pagecontrol>
					<scrolltime>200</scrolltime>
					<preloaditems>4</preloaditems>
					<itemlayout height="67" width="905">
						<!--icon (no fallback)-->
						<control type="image">
							<left>7</left>
							<top>7</top>
							<width>46</width>
							<height>46</height>
							<texture colordiffuse="white">$INFO[ListItem.Icon,default small/,]</texture>
							<aspectratio align="center" aligny="center">keep</aspectratio>
							<visible>String.Contains(ListItem.Icon,default)</visible>
						</control>
						<!--icon (no fallback)-->
						<control type="image">
							<left>5</left>
							<top>5</top>
							<width>50</width>
							<height>50</height>
							<texture>$INFO[Listitem.Icon]</texture>
							<visible>!String.Contains(ListItem.Icon,default)</visible>
						</control>
						<!--label-->
						<control type="label">
							<left>65</left>
							<top>0</top>
							<width>875</width>
							<height>60</height>
							<font>label</font>
							<align>left</align>
							<aligny>center</aligny>
							<textcolor>white</textcolor>
							<selectedcolor>$INFO[Skin.String(color.500)]</selectedcolor>
							<info>ListItem.Label</info>
						</control>
					</itemlayout>
					<focusedlayout height="67" width="905">
						<!--background-->
						<control type="image">
							<left>0</left>
							<top>0</top>
							<width>905</width>
							<height>60</height>
							<texture colordiffuse="$INFO[Skin.String(color.500)]">backgrounds/white.png</texture>
							<animation effect="fade" start="100" end="50" time="200" condition="!Control.HasFocus(450)">Conditional</animation>
						</control>
						<!--icon (fallback)-->
						<control type="image">
							<left>7</left>
							<top>7</top>
							<width>46</width>
							<height>46</height>
							<texture colordiffuse="white">$INFO[ListItem.Icon,default small/,]</texture>
							<aspectratio align="center" aligny="center">keep</aspectratio>
							<visible>String.Contains(ListItem.Icon,default)</visible>
						</control>
						<!--icon (no fallback)-->
						<control type="image">
							<left>5</left>
							<top>5</top>
							<width>50</width>
							<height>50</height>
							<texture>$INFO[Listitem.Icon]</texture>
							<visible>!String.Contains(ListItem.Icon,default)</visible>
						</control>
						<!--label-->
						<control type="label">
							<left>65</left>
							<top>0</top>
							<width>875</width>
							<height>60</height>
							<font>label</font>
							<align>left</align>
							<aligny>center</aligny>
							<textcolor>white</textcolor>
							<selectedcolor>$INFO[Skin.String(color.alt)]</selectedcolor>
							<info>ListItem.Label</info>
						</control>
					</focusedlayout>
				</control>
				<!--content list-->
				<control type="panel" id="451">
					<left>40</left>
					<top>190</top>
					<height>540</height>
					<width>905</width>
					<onleft>9000</onleft>
					<onright>60</onright>
					<onup>451</onup>
					<ondown>451</ondown>
					<pagecontrol>60</pagecontrol>
					<scrolltime>200</scrolltime>
					<preloaditems>4</preloaditems>
					<itemlayout height="67" width="905">
						<!--icon (no fallback)-->
						<control type="image">
							<left>5</left>
							<top>5</top>
							<width>50</width>
							<height>50</height>
							<texture colordiffuse="white">$INFO[ListItem.Icon,default small/,]</texture>
							<aspectratio align="center" aligny="center">keep</aspectratio>
							<visible>String.Contains(ListItem.Icon,default)</visible>
						</control>
						<!--icon (no fallback)-->
						<control type="image">
							<left>5</left>
							<top>5</top>
							<width>50</width>
							<height>50</height>
							<texture>$INFO[Listitem.Icon]</texture>
							<visible>!String.Contains(ListItem.Icon,default)</visible>
						</control>
						<!--label-->
						<control type="label">
							<left>65</left>
							<top>0</top>
							<width>875</width>
							<height>60</height>
							<font>label</font>
							<align>left</align>
							<aligny>center</aligny>
							<textcolor>white</textcolor>
							<selectedcolor>$INFO[Skin.String(color.500)]</selectedcolor>
							<info>ListItem.Label</info>
						</control>
					</itemlayout>
					<focusedlayout height="67" width="905">
						<!--background-->
						<control type="image">
							<left>0</left>
							<top>0</top>
							<width>905</width>
							<height>60</height>
							<texture colordiffuse="$INFO[Skin.String(color.500)]">backgrounds/white.png</texture>
							<animation effect="fade" start="100" end="50" time="200" condition="!Control.HasFocus(450)">Conditional</animation>
						</control>
						<!--icon (fallback)-->
						<control type="image">
							<left>5</left>
							<top>5</top>
							<width>50</width>
							<height>50</height>
							<texture colordiffuse="white">$INFO[ListItem.Icon,default small/,]</texture>
							<aspectratio align="center" aligny="center">keep</aspectratio>
							<visible>String.Contains(ListItem.Icon,default)</visible>
						</control>
						<!--icon (no fallback)-->
						<control type="image">
							<left>5</left>
							<top>5</top>
							<width>50</width>
							<height>50</height>
							<texture>$INFO[Listitem.Icon]</texture>
							<visible>!String.Contains(ListItem.Icon,default)</visible>
						</control>
						<!--label-->
						<control type="label">
							<left>65</left>
							<top>0</top>
							<width>875</width>
							<height>60</height>
							<font>label</font>
							<align>left</align>
							<aligny>center</aligny>
							<textcolor>white</textcolor>
							<selectedcolor>$INFO[Skin.String(color.alt)]</selectedcolor>
							<info>ListItem.Label</info>
						</control>
					</focusedlayout>
				</control>
				<!--scrollbar-->
				<control type="scrollbar" id="60">
					<left>950</left>
					<top>190</top>
					<height>540</height>
					<orientation>vertical</orientation>
					<showonepage>false</showonepage>
					<onleft>450</onleft>
					<onright>9000</onright>
				</control>
			</control>
		</control>
	</controls>
</window>