<?xml version="1.0" encoding="UTF-8"?>
<window>
	<defaultcontrol></defaultcontrol>
	<controls>
		<control type="group" id="1">
			<visible>[Player.ShowInfo | Window.IsActive(VideoOSD) | Window.IsVisible(DialogSeekbar.xml)] + ![Window.IsVisible(OSDVideoSettings) | Window.IsVisible(OSDAudioSettings) | Window.IsVisible(OSDSubtitleSettings) | Window.IsVisible(VideoBookmarks) | Window.IsVisible(PVROSDChannels) | Window.IsVisible(PVRChannelGuide) | Window.IsVisible(SliderDialog)]</visible>
			<!--bottom info-->
			<control type="group" id="1">
				<left>60</left>
				<top>340r</top>
				<width>1800</width>
				<animation effect="slide" start="0,0" end="0,100" time="200" condition="[!VideoPlayer.Content(Files) + String.IsEmpty(VideoPlayer.Plot)] | !Player.ShowInfo">Conditional</animation>
				<!--background-->
				<control type="image" id="1">
					<width>1800</width>
					<height>60</height>
					<texture colordiffuse="black">backgrounds/bg_fade.png</texture>
				</control>
				<!--info-->
				<control type="group" id="1">
					<top>0</top>
					<!--title-->
					<control type="label" id="1">
						<visible>!VideoPlayer.Content(LiveTV)</visible>
						<left>10</left>
						<top>0</top>
						<width>1200</width>
						<height>60</height>
						<font>menu.title</font>
						<align>left</align>
						<aligny>center</aligny>
						<textcolor>$INFO[Skin.String(color.500)]</textcolor>
						<shadowcolor>black</shadowcolor>
						<label>$INFO[Player.Title]</label>
						<scroll>true</scroll>
					</control>
					<control type="label" id="1">
						<visible>VideoPlayer.Content(LiveTV)</visible>
						<left>10</left>
						<top>0</top>
						<width>800</width>
						<height>60</height>
						<font>menu.title</font>
						<align>left</align>
						<aligny>center</aligny>
						<textcolor>$INFO[Skin.String(color.500)]</textcolor>
						<shadowcolor>black</shadowcolor>
						<label>[COLORwhite]$INFO[VideoPlayer.ChannelNumberLabel]. | $INFO[VideoPlayer.ChannelName] |[/COLOR] $INFO[Player.Title]</label>
						<scroll>true</scroll>
					</control>
					
					<control type="image" id="1">
						<visible>Player.ShowInfo</visible>
						<visible>!String.IsEmpty(VideoPlayer.Plot)</visible>
						<left>0</left>
						<top>60</top>
						<width>1800</width>
						<height>120</height>
						<texture colordiffuse="black">backgrounds/bg_fade.png</texture>
					</control>
					<!--plot-->
					<control type="textbox" id="1">
						<left>10</left>
						<top>60</top>
						<width>1780</width>
						<height>118</height>
						<font>label</font>
						<align>justify</align>
						<textcolor>white</textcolor>
						<shadowcolor>black</shadowcolor>
						<label>$INFO[VideoPlayer.Plot]</label>
						<autoscroll time="1500" delay="15000" repeat="10000">Skin.HasSetting(AutoScroll)</autoscroll>
						<visible>Player.ShowInfo</visible>
						<animation effect="fade" start="0" end="100" time="100" delay="200">Visible</animation>
					</control>
				<control type="grouplist" id="1">
					<left>0</left>
					<top>10</top>
					<height>52</height>
					<itemgap>0</itemgap>
					<align>right</align>
					<orientation>horizontal</orientation>
					<visible>!Player.ChannelPreviewActive</visible>
					<control type="image" id="1">
						<left>0</left>
						<top>0</top>
						<width>83</width>
						<height>38</height>
						<texture fallback="flags/aspectratio/default.png">$INFO[VideoPlayer.VideoAspect,flags/aspectratio/,.png]</texture>
						<aspectratio>keep</aspectratio>
					</control>
					<control type="image" id="1">
						<left>0</left>
						<top>0</top>
						<width>56</width>
						<height>38</height>
						<texture fallback="flags/videocodec/default.png">$INFO[VideoPlayer.VideoResolution,flags/resolution/,.png]</texture>
						<aspectratio>keep</aspectratio>
					</control>
					<control type="image" id="1">
						<left>0</left>
						<top>0</top>
						<width>100</width>
						<height>38</height>
						<texture fallback="flags/audio/default.png">$INFO[VideoPlayer.VideoCodec,flags/videocodec/,.png]</texture>
						<aspectratio>keep</aspectratio>
					</control>
					<control type="image" id="1">
						<left>0</left>
						<top>0</top>
						<width>100</width>
						<height>38</height>
						<texture fallback="flags/audio/default channel.png">$INFO[VideoPlayer.AudioCodec,flags/audio/,.png]</texture>
						<aspectratio>keep</aspectratio>
					</control>
					<control type="image" id="1">
						<left>0</left>
						<top>0</top>
						<width>100</width>
						<height>38</height>
						<texture fallback="flags/audio/default channel.png">$INFO[VideoPlayer.AudioChannels,flags/audio/,.png]</texture>
						<aspectratio>keep</aspectratio>
					</control>
					<control type="image" id="1">
						<left>0</left>
						<top>0</top>
						<width>10</width>
						<height>38</height>
						<texture></texture>
						<aspectratio>keep</aspectratio>
					</control>
				</control>
				</control>
				<!--progress-->
				<control type="group" id="1">
					<top>250r</top>
					<visible>!VideoPlayer.Content(LiveTV) | [VideoPlayer.Content(LiveTV) + VideoPlayer.HasEpg]</visible>
					<animation effect="slide" start="0,0" end="0,100" time="200" condition="[VideoPlayer.Content(Files) | !String.IsEmpty(VideoPlayer.Plot)] + Player.ShowInfo">Conditional</animation>
					<!--cache-->
					<control type="progress" id="1">
						<left>0</left>
						<right>0</right>
						<top>0</top>
						<height>6</height>
						<info>Player.ProgressCache</info>
						<midtexture colordiffuse="$INFO[Skin.String(color.900)]">backgrounds/white.png</midtexture>
					</control>
					<!--progress-->
					<control type="progress" id="1">
						<left>0</left>
						<right>0</right>
						<top>0</top>
						<height>5</height>
						<info>Player.Progress</info>
						<texturebg></texturebg>
					</control>
					<!--current time-->
					<control type="label" id="1">
						<left>10</left>
						<top>-8</top>
						<width>150</width>
						<height>60</height>
						<font>breadcrumb.secondary</font>
						<align>left</align>
						<aligny>center</aligny>
						<label>$INFO[Player.Time(hh:mm:ss)]</label>
					</control>
					<!--chapter-->
					<control type="label" id="1">
						<visible>!VideoPlayer.Content(LiveTV)</visible>
						<left>0</left>
						<right>0</right>
						<top>-8</top>
						<height>60</height>
						<font>breadcrumb.secondary</font>
						<align>center</align>
						<aligny>center</aligny>
						<label>$INFO[player.chapter,$LOCALIZE[21396]  ]$INFO[player.chaptercount, / ]</label>
						<visible>!Window.IsVisible(DialogSeekbar.xml)</visible>
					</control>
					<!--end time-->
					<control type="label" id="1">
						<left>1640</left>
						<top>-8</top>
						<width>150</width>
						<height>60</height>
						<font>breadcrumb.secondary</font>
						<align>right</align>
						<aligny>center</aligny>
						<label>$INFO[Player.Duration(hh:mm:ss)]</label>
					</control>
				</control>
			</control>
		</control>
	</controls>
</window>