<?xml version="1.0" encoding="UTF-8"?>
<includes>
	<variable name="VolumeIconVar">
		<value condition="Player.Muted">HUD/VolumeMuted.png</value>
		<value condition="Integer.IsGreater(Player.Volume,66)">HUD/VolumeThree.png</value>
		<value condition="Integer.IsGreater(Player.Volume,33)">HUD/VolumeTwo.png</value>
		<value condition="player.passthrough">HUD/VolumeThree.png</value>
		<value>HUD/VolumeOne.png</value>
	</variable>
	<variable name="SeekbarIconVar">
		<value condition="Player.Paused + !Player.Caching">OSD/Pause.png</value>
		<value condition="player.forwarding2x | player.forwarding4x | player.forwarding8x | player.forwarding16x | player.forwarding32x">OSD/FastForward.png</value>
		<value condition="player.rewinding2x | player.rewinding4x | player.rewinding8x | player.rewinding16x | player.rewinding32x">OSD/Rewind.png</value>
		<value>OSD/Play.png</value>
	</variable>
	<variable name="SlideshowTimeLabel2">
		<value condition="Skin.HasSetting(ImageTime1)">$LOCALIZE[31200]</value>
		<value condition="Skin.HasSetting(ImageTime2)">$LOCALIZE[31201]</value>
		<value condition="Skin.HasSetting(ImageTime3)">$LOCALIZE[31202]</value>
		<value condition="Skin.HasSetting(ImageTime4)">$LOCALIZE[31203]</value>
		<value condition="Skin.HasSetting(ImageTime5)">$LOCALIZE[31204]</value>
		<value condition="Skin.HasSetting(ImageTime6)">$LOCALIZE[31205]</value>
		<value condition="Skin.HasSetting(ImageTime7)">$LOCALIZE[31206]</value>
		<value>$LOCALIZE[31201]</value>
	</variable>
	<variable name="FanartTimeLabel2">
		<value condition="Skin.HasSetting(FanartTime1)">$LOCALIZE[31210]</value>
		<value condition="Skin.HasSetting(FanartTime2)">$LOCALIZE[31211]</value>
		<value condition="Skin.HasSetting(FanartTime3)">$LOCALIZE[31212]</value>
		<value condition="Skin.HasSetting(FanartTime4)">$LOCALIZE[31213]</value>
		<value condition="Skin.HasSetting(FanartTime5)">$LOCALIZE[31214]</value>
		<value condition="Skin.HasSetting(FanartTime6)">$LOCALIZE[31215]</value>
		<value condition="Skin.HasSetting(FanartTime7)">$LOCALIZE[31216]</value>
		<value>$LOCALIZE[31212]</value>
	</variable>
	<variable name="FanartSourceLabel2">
		<value condition="Skin.HasSetting(FanartSource1)">$LOCALIZE[31217]</value>
		<value condition="Skin.HasSetting(FanartSource2)">$LOCALIZE[342]</value>
		<value condition="Skin.HasSetting(FanartSource3)">$LOCALIZE[20343]</value>
		<value condition="Skin.HasSetting(FanartSource4)">$LOCALIZE[249]</value>
		<value>$LOCALIZE[31217]</value>
	</variable>
	<variable name="FanartSource">
		<value condition="$EXP[isFanartSourceContextual] + Control.HasFocus(300)">$INFO[Container(3300).ListItem.Art(fanart)]</value>
		<value condition="$EXP[isFanartSourceContextual] + Control.HasFocus(302)">$INFO[Container(3302).ListItem.Art(fanart)]</value>
		<value condition="$EXP[isFanartSourceContextual] + Control.HasFocus(303)">$INFO[Container(3303).ListItem.Art(fanart)]</value>
		<value condition="$EXP[isFanartSourceMovies]">$INFO[Container(3300).ListItem.Art(fanart)]</value>
		<value condition="$EXP[isFanartSourceTVshows]">$INFO[Container(3302).ListItem.Art(fanart)]</value>
		<value condition="$EXP[isFanartSourceMusic]">$INFO[Container(3303).ListItem.Art(fanart)]</value>
	</variable>
	<variable name="FanartTitle">
		<value condition="$EXP[isFanartSourceContextual] + Control.HasFocus(300)">$INFO[Container(3300).ListItem.Label]</value>
		<value condition="$EXP[isFanartSourceContextual] + Control.HasFocus(302)">$INFO[Container(3302).ListItem.Label]</value>
		<value condition="$EXP[isFanartSourceContextual] + Control.HasFocus(303)">$INFO[Container(3303).ListItem.Label]</value>
		<value condition="$EXP[isFanartSourceMovies]">$INFO[Container(3300).ListItem.Label]</value>
		<value condition="$EXP[isFanartSourceTVshows]">$INFO[Container(3302).ListItem.Label]</value>
		<value condition="$EXP[isFanartSourceMusic]">$INFO[Container(3303).ListItem.Label]</value>
	</variable>
	<variable name="IconDiffuse"><value>ffd2d2d2</value></variable>
	<variable name="IconColor">
		<value condition="String.StartsWith(ListItem.Icon,Default)">ffd2d2d2</value>
		<value>ffffffff</value>
	</variable>
	<variable name="MusicShelfPop">
		<value condition="Skin.HasSetting(MusicShelfAuto)">musicdb://recentlyplayedalbums/</value>
		<value>musicdb://recentlyaddedalbums/</value>
	</variable>
	<variable name="MovieShelfPop">
		<value condition="Skin.HasSetting(MovieShelfAuto)">special://skin/playlists/moviesRND.xsp</value>
		<value>special://skin/playlists/moviesRA.xsp</value>
	</variable>
	<variable name="SettingsIcon">
		<value condition="Container(52).HasFocus(0)">settings/interface.png</value>
		<value condition="Container(52).HasFocus(1)">settings/skin.png</value>
		<value condition="Container(52).HasFocus(2)">settings/player.png</value>
		<value condition="Container(52).HasFocus(3)">settings/media.png</value>
		<value condition="Container(52).HasFocus(4)">settings/network.png</value>
		<value condition="Container(52).HasFocus(5)">settings/addons.png</value>
		<value condition="Container(52).HasFocus(6)">settings/livetv.png</value>
		<value condition="Container(52).HasFocus(7)">settings/system.png</value>
		<value condition="Container(52).HasFocus(8)">settings/profiles.png</value>
		<value condition="Container(52).HasFocus(9)">settings/filemanager.png</value>
		<value condition="Container(52).HasFocus(10)">settings/sysinfo.png</value>
		<value condition="Container(52).HasFocus(11)">settings/games.png</value>
		<value condition="Container(52).HasFocus(12)">settings/libreelec.png</value>
		<value>DefaultFolder.png</value>
	</variable>
	<variable name="Thumb">
		<value condition="!String.IsEmpty(ListItem.Art(poster))">$INFO[ListItem.Art(poster)]</value>
		<value condition="!String.IsEmpty(ListItem.Thumb)">$INFO[ListItem.Thumb]</value>
		<value condition="ListItem.IsParentFolder">DefaultFolderBack.png</value>
		<value condition="container.content(artists)">DefaultMusicArtists.png</value>
		<value condition="Window.IsActive(DialogVideoInfo.xml) | container.content(actors)">DefaultActorSolid.png</value>
		<value condition="container.content(directors)">DefaultDirector.png</value>
		<value condition="container.content(countries)">DefaultCountry.png</value>
		<value condition="Window.IsActive(MyMusicNav.xml) + container.content(genres)">DefaultMusicGenres.png</value>
		<value condition="container.content(genres)">DefaultGenre.png</value>
		<value condition="container.content(years)">DefaultYear.png</value>
		<value condition="container.content(studios)">DefaultStudios.png</value>
		<value condition="container.content(tags)">DefaultTags.png</value>	
		<value condition="container.content(roles)">DefaultMusicRoles.png</value>
		<value condition="container.content(playlists)">DefaultPlaylist.png</value>
		<value condition="Window.IsActive(MyMusicNav.xml) + !ListItem.IsFolder"></value>	  
		<value condition="Window.IsActive(MyVideoNav.xml) + !ListItem.IsFolder"></value>
		<value condition="Window.IsActive(AddonBrowser.xml) + ListItem.IsFolder
		+ String.IsEqual(ListItem.Label,My add-ons)">DefaultAddonsInstalled.png</value>
		<value condition="Window.IsActive(AddonBrowser.xml) + ListItem.IsFolder
		+ String.IsEqual(ListItem.Label,Recently updated)">DefaultAddonsRecentlyUpdated.png</value>
		<value condition="Window.IsActive(AddonBrowser.xml) + ListItem.IsFolder
		+ String.IsEqual(ListItem.Label,Install from repository)">DefaultAddonsRepo.png</value>
		<value condition="Window.IsActive(AddonBrowser.xml) + ListItem.IsFolder
		+ String.IsEqual(ListItem.Label,Search)">DefaultAddonsSearch.png</value>
		<value condition="Window.IsActive(AddonBrowser.xml) 
		+ String.IsEqual(ListItem.Label,Install from zip file)">DefaultAddonsZip.png</value>
		<value condition="Window.IsActive(MyVideoNav.xml) + ListItem.IsFolder
		+ String.IsEqual(ListItem.Label,Genres)">DefaultGenre.png</value>
		<value condition="Window.IsActive(MyVideoNav.xml) + ListItem.IsFolder
		+ String.IsEqual(ListItem.Label,Titles)">DefaultMovieTitle.png</value>
		<value condition="Window.IsActive(MyVideoNav.xml) + ListItem.IsFolder
		+ String.IsEqual(ListItem.Label,Years)">DefaultYear.png</value>
		<value condition="Window.IsActive(MyVideoNav.xml) + ListItem.IsFolder
		+ String.IsEqual(ListItem.Label,Actors)">DefaultActor.png</value>		
		<value condition="Window.IsActive(MyVideoNav.xml) + ListItem.IsFolder
		+ String.IsEqual(ListItem.Label,Directors)">DefaultDirector.png</value>
		<value condition="Window.IsActive(MyVideoNav.xml) + ListItem.IsFolder
		+ String.IsEqual(ListItem.Label,Studios)">DefaultStudios.png</value>
		<value condition="Window.IsActive(MyVideoNav.xml) + ListItem.IsFolder
		+ String.IsEqual(ListItem.Label,Sets)">DefaultSets.png</value>
		<value condition="Window.IsActive(MyVideoNav.xml) + ListItem.IsFolder
		+ String.IsEqual(ListItem.Label,Countries)">DefaultCountry.png</value>
		<value condition="Window.IsActive(MyVideoNav.xml) + ListItem.IsFolder
		+ String.IsEqual(ListItem.Label,Tags)">DefaultTags.png</value>
		<value condition="Window.IsActive(MyVideoNav.xml) + ListItem.IsFolder
		+ String.IsEqual(ListItem.Label,Recently added)">DefaultRecentlyAddedMovies.png</value>
		<value condition="Window.IsActive(MyVideoNav.xml) + ListItem.IsFolder
		+ String.IsEqual(ListItem.Label,In progress)">DefaultInProgressShows.png</value>
		<value condition="Window.IsActive(MyVideoNav.xml) + ListItem.IsFolder
		+ String.IsEqual(ListItem.Label,Recently added episodes)">DefaultRecentlyAddedEpisodes.png</value>
		<value condition="Window.IsActive(MyVideoNav.xml) + ListItem.IsFolder
		+ String.IsEqual(ListItem.Label,Add videos...)">DefaultAddSource.png</value>
		<value condition="Window.IsActive(MyVideoNav.xml) + ListItem.IsFolder">DefaultMovies.png</value>
		<value condition="Window.IsActive(MyPics.xml) + ListItem.IsFolder
		+ String.IsEqual(ListItem.Label,Add pictures...)">DefaultAddSource.png</value>
		<value condition="Window.IsActive(MyMusicNav.xml) + ListItem.IsFolder
		+ String.IsEqual(ListItem.Label,Add music...)">DefaultAddSource.png</value>
		<value condition="Window.IsActive(MyGames.xml) + ListItem.IsFolder
		+ String.IsEqual(ListItem.Label,Add games...)">DefaultAddSource.png</value>
		<value condition="Window.IsActive(MyMusicNav.xml) + ListItem.IsFolder">DefaultMusicSongs.png</value>
		<value condition="Window.IsActive(MyPics.xml) + ListItem.IsFolder">DefaultPicture.png</value>
		<value>DefaultFolder.png</value>
	</variable>
	<variable name="VarFanart">
		<value condition="!String.IsEmpty(ListItem.Art(fanart))">$INFO[ListItem.Art(fanart)]</value>
		<value>$INFO[Skin.String(CustomBackgroundPath)]</value>
	</variable>
	<variable name="VideoHWDecoder">
		<value condition="Player.Process(videohwdecoder)">$LOCALIZE[13281]</value>
		<value>$LOCALIZE[13419]</value>
	</variable>
	<variable name="Fanart.Thumb" description="Thumb fallback for fanart">
		<value condition="!String.IsEmpty(ListItem.Art(fanart))">$INFO[ListItem.Art(fanart)]</value>
		<value condition="!String.IsEmpty(ListItem.Thumb)">$INFO[ListItem.Thumb]</value>
		<value>DefaultFolder.png</value>
	</variable>
	<variable name="DialogDimmer">
		<value condition="Window.IsActive(VideoFullScreen.xml) + Window.IsActive(GameOSD.xml) + Window.IsActive(DialogAddonSettings.xml)">f0f0f0f0</value>
		<value condition="Skin.HasSetting(MenuHigh)">c0c0c0Cc</value>
		<value condition="Skin.HasSetting(MenuMed)">b0b0b0b0</value>
		<value condition="Skin.HasSetting(MenuLow)">90909090</value>
		<value condition="Skin.HasSetting(MenuOff)">80808080</value>
		<value>b0b0b0b0</value>
	</variable>
	<variable name="MenuTransperancy">
		<value condition="Skin.HasSetting(MenuHigh)">MenuHigh</value>
		<value condition="Skin.HasSetting(MenuMedLow)">MenuMedLow</value>
		<value condition="Skin.HasSetting(MenuMed)">MenuMed</value>
		<value condition="Skin.HasSetting(MenuMedHigh)">MenuMedHigh</value>
		<value condition="Skin.HasSetting(MenuLow)">MenuLow</value>
		<value condition="Skin.HasSetting(MenuOff)">MenuOff</value>
		<value>MenuMedLow</value>
	</variable>
	<variable name="OSDTransperancy">
		<value condition="Skin.HasSetting(OSDHigh)">OSDHigh</value>
		<value condition="Skin.HasSetting(OSDMedLow)">OSDMedLow</value>
		<value condition="Skin.HasSetting(OSDMed)">OSDMed</value>
		<value condition="Skin.HasSetting(OSDMedHigh)">OSDMedHigh</value>
		<value condition="Skin.HasSetting(OSDLow)">OSDLow</value>
		<value condition="Skin.HasSetting(OSDOff)">OSDOff</value>
		<value>OSDMedHigh</value>
	</variable>
	<variable name="Trailer" description="Trailers check keep in front">
		<value condition="Container.Content(Movies) + !String.IsEmpty(ListItem.Trailer)">$LOCALIZE[20410]</value>
	</variable>
	<variable name="Banner" description="TV Banners">
		<value condition="!String.IsEmpty(ListItem.Art(banner))">$INFO[ListItem.Art(banner)]</value>
		<value>$INFO[ListItem.Thumb]</value>
	</variable>
	<variable name="MediaRating">
		<value condition="String.Contains(ListItem.UserRating,10) | String.Contains(MusicPlayer.UserRating,10)">rating10.png</value>
		<value condition="String.Contains(ListItem.UserRating,9) | String.Contains(MusicPlayer.UserRating,9)">rating9.png</value>
		<value condition="String.Contains(ListItem.UserRating,8) | String.Contains(MusicPlayer.UserRating,8)">rating8.png</value>
		<value condition="String.Contains(ListItem.UserRating,7) | String.Contains(MusicPlayer.UserRating,7)">rating7.png</value>
		<value condition="String.Contains(ListItem.UserRating,6) | String.Contains(MusicPlayer.UserRating,6)">rating6.png</value>
		<value condition="String.Contains(ListItem.UserRating,5) | String.Contains(MusicPlayer.UserRating,5)">rating5.png</value>
		<value condition="String.Contains(ListItem.UserRating,4) | String.Contains(MusicPlayer.UserRating,4)">rating4.png</value>
		<value condition="String.Contains(ListItem.UserRating,3) | String.Contains(MusicPlayer.UserRating,3)">rating3.png</value>
		<value condition="String.Contains(ListItem.UserRating,2) | String.Contains(MusicPlayer.UserRating,2)">rating2.png</value>
		<value condition="String.Contains(ListItem.UserRating,1) | String.Contains(MusicPlayer.UserRating,1)">rating1.png</value>
		<value condition="String.Contains(ListItem.UserRating,0) | String.Contains(MusicPlayer.UserRating,0)">rating0.png</value>
		<value>rating0.png</value>
	</variable>
	<variable name="ShelfIcon" description="Shelf custom and fallback image">
		<value condition="Control.HasFocus(300) + !Control.IsVisible(310) + Skin.HasSetting(MoviesShelf_Image)">$INFO[Skin.String(MoviesShelf_Icon)]</value>
		<value condition="Control.HasFocus(301) + !Control.IsVisible(311) + Skin.HasSetting(PVRShelf_Image)">$INFO[Skin.String(PVRShelf_Icon)]</value>
		<value condition="Control.HasFocus(302) + !Control.IsVisible(312) + Skin.HasSetting(TVShelf_Image)">$INFO[Skin.String(TVShelf_Icon)]</value>
		<value condition="Control.HasFocus(303) + !Control.IsVisible(313) + Skin.HasSetting(MusicShelf_Image)">$INFO[Skin.String(MusicShelf_Icon)]</value>
		<value condition="Control.HasFocus(304) + !Control.IsVisible(314) + Skin.HasSetting(PicturesShelf_Image)">$INFO[Skin.String(PicturesShelf_Icon)]</value>
		<value condition="Control.HasFocus(305) + !Control.IsVisible(315) + Skin.HasSetting(AddonsShelf_Image)">$INFO[Skin.String(AddonsShelf_Icon)]</value>
		<value condition="Control.HasFocus(306) + Skin.HasSetting(XBMCShelf_Image)">$INFO[Skin.String(XBMCShelf_Icon)]</value>
	</variable>
	<variable name="QuitLabel2" description="Label2 for skin settings Quit function item">
		<value condition="String.IsEqual(Skin.String(shutdown),)">$LOCALIZE[33061]</value>
		<value condition="String.IsEqual(Skin.String(shutdown),quit)">$LOCALIZE[13009]</value>
		<value condition="String.IsEqual(Skin.String(shutdown),powerdown)">$LOCALIZE[13005]</value>
		<value condition="String.IsEqual(Skin.String(shutdown),hibernate)">$LOCALIZE[13010]</value>
		<value condition="String.IsEqual(Skin.String(shutdown),suspend)">$LOCALIZE[13011]</value>
		<value condition="String.IsEqual(Skin.String(shutdown),reboot)">$LOCALIZE[13013]</value>
	</variable>
	<variable name="MusicPlayingFanartLabel2" description="Label2 for music playing FA">
		<value condition="Skin.HasSetting(_HideMusicPlayerFanart)">$LOCALIZE[13113]</value>
		<value>$LOCALIZE[449]</value>
	</variable>
	<variable name="PVRShelfLabel2" description="Label2 media shelf PVR">
		<value condition="!Skin.HasSetting(PVRShelfAuto) + !Skin.HasSetting(PVRShelf_Custom) + !Skin.HasSetting(PVRShelf_Image)"> $LOCALIZE[31000] [LOWERCASE]$LOCALIZE[16102][/LOWERCASE]</value>
		<value condition="Skin.HasSetting(PVRShelfAuto) + !Skin.HasSetting(PVRShelf_Custom) + !Skin.HasSetting(PVRShelf_Image)"> $LOCALIZE[31000] $LOCALIZE[31005]</value>
		<value condition="Skin.HasSetting(PVRShelf_Custom) | Skin.HasSetting(PVRShelf_Image)">$LOCALIZE[16039]</value>
		<value>$LOCALIZE[16039]</value>
	</variable>
	<variable name="MoviesShelfLabel2" description="Label2 media shelf movies">
		<value condition="!Skin.HasSetting(MovieShelfAuto) + !Skin.HasSetting(MoviesShelf_Custom) + !Skin.HasSetting(MoviesShelf_Image)">$LOCALIZE[20386]</value>
		<value condition="Skin.HasSetting(MovieShelfAuto) + !Skin.HasSetting(MoviesShelf_Custom) + !Skin.HasSetting(MoviesShelf_Image)">$LOCALIZE[590] $LOCALIZE[36901]</value>
		<value>$LOCALIZE[16039]</value>
	</variable>
	<variable name="TVShelfLabel2" description="Label2 media shelf TV">
		<value condition="!Skin.HasSetting(TVShelfAuto) + !Skin.HasSetting(TVShelf_Custom) + !Skin.HasSetting(TVShelf_Image)">$LOCALIZE[21371]</value>
		<value condition="Skin.HasSetting(TVShelfAuto) + !Skin.HasSetting(TVShelf_Custom) + !Skin.HasSetting(TVShelf_Image)">$LOCALIZE[20021]</value>
		<value condition="Skin.HasSetting(TVShelf_Custom) | Skin.HasSetting(TVShelf_Image)">$LOCALIZE[16039]</value>
		<value>$LOCALIZE[16039]</value>
	</variable>
	<variable name="MusicShelfLabel2" description="Label2 media shelf Music">
		<value condition="!Skin.HasSetting(MusicShelfAuto) + !Skin.HasSetting(MusicShelf_Custom) + !Skin.HasSetting(MusicShelf_Image)">$LOCALIZE[359]</value>
		<value condition="Skin.HasSetting(MusicShelfAuto) + !Skin.HasSetting(MusicShelf_Custom) + !Skin.HasSetting(MusicShelf_Image)">$LOCALIZE[517]</value>
		<value>$LOCALIZE[16039]</value>
	</variable>
	<variable name="TopShelfLabel" description="Currently selected Shelf items label">
		<value condition="Container.HasFocus(311)">$INFO[Container(311).ListItem.Label]</value>
		<value>$LOCALIZE[305]</value>
	</variable>
	<variable name="Overlay" description="Overlay watched/unwatched indicators">
		<value condition="Skin.HasSetting(_ShowUnwatched) + ListItem.IsResumable">$INFO[ListItem.Overlay,overlay/1/]</value>
		<value condition="Skin.HasSetting(_ShowUnwatched) + Skin.HasSetting(_ShowWatched) 
			+ !ListItem.IsResumable">$INFO[ListItem.Overlay,overlay/2/]</value>
		<value condition="Skin.HasSetting(_ShowUnwatched) + !Skin.HasSetting(_ShowWatched)  
			+ !ListItem.IsResumable">$INFO[ListItem.Overlay,overlay/3/]</value>
		<value condition="!Skin.HasSetting(_ShowUnwatched) + Skin.HasSetting(_ShowWatched)  
			+ !ListItem.IsResumable">$INFO[ListItem.Overlay,overlay/4/]</value>
		<value></value>
	</variable>
	<variable name="GlobalHeadings" description="Global Headings">
		<value condition="Window.IsActive(SkinSettings.xml)">$LOCALIZE[5] - Quartz</value>
		<value condition="Window.IsActive(service-LibreELEC-Settings-mainWindow.xml)">$LOCALIZE[5] - LibreELEC</value>
		<value condition="Window.IsActive(Settings.xml)">$LOCALIZE[5]</value>
		<value condition="Window.IsActive(DialogGameControllers.xml)">$LOCALIZE[35058]</value>
		<value condition="Window.IsActive(AddonBrowser.xml) + String.IsEmpty(Container.FolderName)">$LOCALIZE[31291]</value>
		<value condition="Window.IsActive(MyVideoPlaylist.xml)">$LOCALIZE[20012]</value>
		<value condition="Window.IsActive(MyMusicPlaylist.xml)">$LOCALIZE[20011]</value>
		<value condition="Window.IsActive(DialogVideoInfo.xml)">$LOCALIZE[20159]</value>
		<value condition="Window.IsActive(eventlog.xml)">$LOCALIZE[14111]</value>
		<value condition="Window.IsActive(SettingsSystemInfo.xml)">$LOCALIZE[130]</value>
		<value condition="Window.IsActive(DialogMusicInfo.xml) + container.content(albums)">$LOCALIZE[13351]</value>
		<value condition="Window.IsActive(DialogMusicInfo.xml) + container.content(artists)">$LOCALIZE[21891]</value>
		<value condition="Window.IsActive(DialogMusicInfo.xml) + container.content(songs)">$LOCALIZE[658]</value>
		<value condition="Window.IsActive(DialogAddonInfo.xml)">$LOCALIZE[24003]</value>
		<value condition="Container.content(movies) + String.IsEqual(Container.FolderName,$LOCALIZE[369])">$LOCALIZE[20342]</value>
		<value condition="Container.content(tvshows) + String.IsEqual(Container.FolderName,$LOCALIZE[369])">$LOCALIZE[20343]</value>
		<value condition="Container.content(musicvideos) + String.IsEqual(Container.FolderName,$LOCALIZE[369])">$LOCALIZE[20389]</value>
		<value condition="Window.IsActive(weather)">$INFO[Window(Weather).Property(WeatherProvider)]</value>
		<value condition="Window.IsActive(TVSearch)">$LOCALIZE[137]</value>
		<value condition="Window.IsVisible(MyPVRTimers.xml)">$LOCALIZE[19040]</value>
		<value condition="Window.IsVisible(MyPVRRecordings.xml)">$LOCALIZE[20007]</value>
		<value condition="Window.IsVisible(MyPVRChannels.xml)">$LOCALIZE[10700] ($INFO[Container.FolderName])</value>
		<value condition="Window.IsVisible(MyPVRGuide.xml)">$LOCALIZE[10702] ($INFO[Control.GetLabel(30)])</value>
		<value>$INFO[Container.FolderName]</value>
	</variable>
	<variable name="TopLabel" description="Shown Above Plots and descriptions">
		<value condition="!Container.content(Addons) + Window.IsActive(MyPics.xml)">$INFO[ListItem.Date,, • ]$INFO[ListItem.Size]</value>
		<value condition="Container.content(Albums)">$INFO[ListItem.Label]</value>
		<value condition="Container.Content(Episodes)">$INFO[ListItem.Premiered,, • ]$INFO[ListItem.Duration(mins),, $LOCALIZE[12391]]</value>
		<value condition="Container.Content(Addons)">$INFO[ListItem.Property(Addon.Creator), ]</value>
		<value condition="Container.Content(songs)">$INFO[ListItem.Album]</value>
		<value condition="Container.Content(MusicVideos)">$INFO[ListItem.Label]</value>
		<value condition="Container.Content(Movies) + String.IsEmpty(ListItem.Trailer)">$INFO[ListItem.Year,, • ]$INFO[ListItem.Duration(mins),, $LOCALIZE[31297]]$INFO[ListItem.MPAA, • ]</value>
		<value condition="Container.Content(Movies) + !String.IsEmpty(ListItem.Trailer)">$INFO[ListItem.Year,, • ]$INFO[ListItem.Duration(mins),, $LOCALIZE[31297]]$VAR[Trailer, • ]$INFO[ListItem.MPAA, • ]</value>
		<value condition="Container.Content(Seasons) | Container.Content(TVShows)">$INFO[ListItem.Year,, • ]$INFO[ListItem.Property(TotalEpisodes),, $LOCALIZE[20453]]$INFO[ListItem.MPAA, • ]</value>
		<value>$INFO[ListItem.Label2]</value>
	</variable>
	<variable name="500TopLabel" description="Shown Above Plots and descriptions">
		<value condition="!Container.content(Addons) + Window.IsActive(MyPics.xml)">$INFO[ListItem.Date,, • ]$INFO[ListItem.Size]</value>
		<value condition="Container.content(Albums)">$INFO[ListItem.Label]</value>
		<value condition="Container.Content(Episodes)">$INFO[ListItem.Premiered,, • ]$INFO[ListItem.Duration(mins),, $LOCALIZE[12391]]</value>
		<value condition="Container.Content(Addons)">$INFO[ListItem.label2]$INFO[ListItem.Property(Addon.Creator), • ]</value>
		<value condition="Container.Content(songs)">$INFO[ListItem.Album]</value>
		<value condition="Container.Content(MusicVideos)">$INFO[ListItem.Label]</value>
		<value condition="Container.Content(Movies)">$INFO[ListItem.Year,, • ]$INFO[ListItem.Duration(mins),, $LOCALIZE[31297]]$INFO[ListItem.Rating, • ]</value>
		<value condition="Container.Content(Seasons) | Container.Content(TVShows)">$INFO[ListItem.Year,, • ]$INFO[ListItem.Property(UnWatchedEpisodes),$LOCALIZE[16101] ] $INFO[ListItem.Property(TotalEpisodes),(, $LOCALIZE[20453])]</value>
		<value>$INFO[ListItem.Label2]</value>
	</variable>
	<variable name="ItemDetails" description="Item media info">
		<value condition="Window.IsActive(myvideonav.xml) + ![container.content(episodes)]">$INFO[ListItem.Year,, ⋅ ]$INFO[ListItem.Property(UnWatchedEpisodes),$LOCALIZE[16101] ]$INFO[ListItem.Property(TotalEpisodes), (,)]$INFO[ListItem.Duration(mins),, $LOCALIZE[12391] ]</value>
		<value condition="[Window.IsActive(mymusicnav.xml) | Window.IsActive(mymusicsongs.xml)] + ![Container.Content(songs) | Container.Content(MusicVideos)]">$INFO[ListItem.Genre]$INFO[ListItem.Property(Artist_Genre)]$INFO[ListItem.Property(Artist_YearsActive), ⋅ ]$INFO[ListItem.Year, ⋅ ]$INFO[ListItem.Duration, ⋅ ]</value>
		<value condition="Container.Content(addons)">$INFO[ListItem.Property(Addon.Version),Ver. ]$INFO[ListItem.Label2]</value>
	</variable>
	<variable name="Plots" description="Plots and descriptions">
		<value condition="Container.content(addons) + !String.IsEmpty(ListItem.Property(Addon.Description))">$INFO[ListItem.Property(Addon.Description)]</value>
		<value condition="String.Contains(ListItem.Path,videodb://movies/sets/)">$LOCALIZE[20457]</value>
		<value condition="[Container.Content(Movies) | Container.Content(TVShows) | Container.Content(Episodes)] + !String.IsEmpty(ListItem.Plot)">$INFO[ListItem.Plot]</value>
		<value condition="Container.Content(Seasons) + !String.IsEmpty(Container.ShowPlot)">$INFO[Container.ShowPlot]</value>
		<value condition="Container.Content(albums) + !String.IsEmpty(ListItem.Property(Album_Description))">$INFO[ListItem.Property(Album_Description)]</value>
		<value condition="Container.Content(artists) + !String.IsEmpty(ListItem.Property(Artist_Description))">$INFO[ListItem.Property(Artist_Description)]</value>
		<value condition="!String.IsEmpty(ListItem.Plot)">$INFO[ListItem.Plot]</value>
	</variable>
	<variable name="52_SmallLabels" description="Container 52 small labels">
		<value condition="String.Contains(ListItem.Path,videodb://movies/sets/)">$LOCALIZE[20457]</value>
		<value condition="container.content(Movies) + String.IsEqual(Container.SortMethod,$LOCALIZE[551])">$INFO[ListItem.Duration(mins),, $LOCALIZE[31297]]</value>
		<value condition="Container.Content(Episodes) + String.IsEqual(Container.SortMethod,$LOCALIZE[20359])">$INFO[ListItem.Duration(mins),, $LOCALIZE[31297]]</value>
		<value condition="Container.Content(TVShows) | Container.Content(Seasons)">$INFO[ListItem.Property(UnwatchedEpisodes),$LOCALIZE[16101] ]$INFO[ListItem.Property(TotalEpisodes), (,)]</value>
		<value condition="container.content(musicvideos)">$INFO[ListItem.Artist]</value>
		<value>$INFO[ListItem.Label2]</value>
	</variable>
	<variable name="3D_badge_texture">
		<value condition="String.Contains(ListItem.FilenameAndPath,3dbd) | String.Contains(ListItem.FilenameAndPath,SBS.)">badges/flags/3D.png</value>
		<value condition="String.Contains(ListItem.FilenameAndPath,Anaglyph)">badges/flags/3D-Anaglyph.png</value>
	</variable>
	<variable name="SkinSettingHelp">
		<value condition="Control.HasFocus(3100)">$LOCALIZE[31108]</value>
		<value condition="Control.HasFocus(3101)">$LOCALIZE[31110]</value>
		<value condition="Control.HasFocus(3102)">$LOCALIZE[31122]</value>
		<value condition="Control.HasFocus(3103)">$LOCALIZE[31124]</value>
		<value condition="Control.HasFocus(3106)">$LOCALIZE[31112]</value>
		<value condition="Control.HasFocus(3107)">$LOCALIZE[31116]</value>
		<value condition="Control.HasFocus(3108)">$LOCALIZE[31125]</value>
		<value condition="Control.HasFocus(3120)">$LOCALIZE[31118]</value>
		<value condition="Control.HasFocus(3200)">$LOCALIZE[31224]</value>
		<value condition="Control.HasFocus(3201)">$LOCALIZE[31224]</value>
		<value condition="Control.HasFocus(3202)">$LOCALIZE[31225]</value>
		<value condition="Control.HasFocus(3203)">$LOCALIZE[31226]</value>
		<value condition="Control.HasFocus(3204)">$LOCALIZE[31224]</value>
		<value condition="Control.HasFocus(3205)">$LOCALIZE[31171]</value>
		<value condition="Control.HasFocus(3206)">$LOCALIZE[31120]</value>
		<value condition="Control.HasFocus(3220)">$LOCALIZE[31118]</value>		
		<value condition="Control.HasFocus(3300)">$LOCALIZE[31196]</value>
		<value condition="Control.HasFocus(3301)">$LOCALIZE[31114]</value>
		<value condition="Control.HasFocus(3302)">$LOCALIZE[31198]</value>
		<value condition="Control.HasFocus(3304)">$LOCALIZE[31159]</value>
		<value condition="Control.HasFocus(3306)">$LOCALIZE[31161]</value>
		<value condition="Control.HasFocus(3307)">$LOCALIZE[31199]</value>
		<value condition="Control.HasFocus(3320)">$LOCALIZE[31118]</value>
		<value condition="Control.HasFocus(3400)">$LOCALIZE[31127]</value>
		<value condition="Control.HasFocus(3401)">$LOCALIZE[31129]</value>
		<value condition="Control.HasFocus(3402)">$LOCALIZE[31155]</value>
		<value condition="Control.HasFocus(3403)">$LOCALIZE[424] [LOWERCASE]$LOCALIZE[31156][/LOWERCASE].</value>
		<value condition="Control.HasFocus(3404)">$LOCALIZE[31187]</value>
		<value condition="Control.HasFocus(3405)">$LOCALIZE[13305] [LOWERCASE]$LOCALIZE[16041] $LOCALIZE[513][/LOWERCASE].</value>
		<value condition="Control.HasFocus(3406)">$LOCALIZE[31155]</value>
		<value condition="Control.HasFocus(3407)">$LOCALIZE[424] [LOWERCASE]$LOCALIZE[31156] $LOCALIZE[19076][/LOWERCASE].</value>
		<value condition="Control.HasFocus(3408)">$LOCALIZE[36312]</value>
		<value condition="Control.HasFocus(3409)">$LOCALIZE[36314]</value>
		<value condition="Control.HasFocus(3410)">$LOCALIZE[31155]</value>
		<value condition="Control.HasFocus(3411)">$LOCALIZE[20437] [LOWERCASE]$LOCALIZE[21870][/LOWERCASE].</value>
		<value condition="Control.HasFocus(3412)">$LOCALIZE[36312]</value>
		<value condition="Control.HasFocus(3413)">$LOCALIZE[31218]</value>
		<value condition="Control.HasFocus(3414)">$LOCALIZE[31173]</value>
		<value condition="Control.HasFocus(3500)">$LOCALIZE[31131]</value>
		<value condition="Control.HasFocus(3501)">$LOCALIZE[31133]</value>
		<value condition="Control.HasFocus(3502)">$LOCALIZE[31135]</value>
		<value condition="Control.HasFocus(3503)">$LOCALIZE[31140]</value>
		<value condition="Control.HasFocus(3504)">$LOCALIZE[31972].</value>
		<value condition="Control.HasFocus(3900)">$LOCALIZE[31142]</value>
		<value condition="Control.HasFocus(3506)">$LOCALIZE[31185].</value>
		<value condition="Control.HasFocus(3508)">$LOCALIZE[31153]</value>
		<value condition="Control.HasFocus(3701)">$LOCALIZE[31290]</value>
		<value condition="Control.HasFocus(3702)">$LOCALIZE[31167]</value>
		<value condition="Control.HasFocus(3703)">$LOCALIZE[31190]</value>
		<value condition="Control.HasFocus(3704)">$LOCALIZE[31190]</value>
		<value condition="Control.HasFocus(3706)">$LOCALIZE[31191]</value>
		<value condition="Control.HasFocus(3707)">$LOCALIZE[31190]</value>
		<value condition="Control.HasFocus(3708)">$LOCALIZE[31190]</value>
		<value condition="Control.HasFocus(3709)">$LOCALIZE[31190]</value>
		<value condition="Control.HasFocus(3710)">$LOCALIZE[31190]</value>
		<value condition="Control.HasFocus(3711)">$LOCALIZE[31199]</value>
		<value condition="Control.HasFocus(3712)">$LOCALIZE[31176]</value>
		<value condition="Control.HasFocus(3800)">$LOCALIZE[31194] $LOCALIZE[31199]</value>
		<value condition="Control.HasFocus(3801)">$LOCALIZE[31194] $LOCALIZE[31199]</value>
		<value condition="Control.HasFocus(3802)">$LOCALIZE[31194] $LOCALIZE[31199]</value>
		<value condition="Control.HasFocus(3803)">$LOCALIZE[31194] $LOCALIZE[31199]</value>
		<value condition="Control.HasFocus(3804)">$LOCALIZE[31194] $LOCALIZE[31199]</value>
		<value condition="Control.HasFocus(3805)">$LOCALIZE[31194] $LOCALIZE[31199]</value>
		<value condition="Control.HasFocus(3806)">$LOCALIZE[31194] $LOCALIZE[31199]</value>
		<value condition="Control.HasFocus(3807)">$LOCALIZE[31194] $LOCALIZE[31199]</value>
		<value condition="Control.HasFocus(3820)">$LOCALIZE[31118]</value>
	</variable>
</includes>
