<?xml version="1.0" encoding="UTF-8"?>
<window>
	<defaultcontrol always="true">602</defaultcontrol>
	<include>OpenClose</include>
	<controls>
		<control type="progress" id="23" description="Progress Bar">
			<visible>true</visible>
			<posx>-840</posx>
			<posy>-750</posy>
			<width>747</width>
			<info>Player.Progress</info>
		</control>
		<control type="image">
			<posx>-4</posx>
			<posy>990</posy>
			<width>1929</width>
			<height>111</height>
			<aspectratio>stretch</aspectratio>
			<texture colordiffuse="$VAR[MenuTransperancy]">img/BlackDotST.png</texture>
		</control>
		<control type="group">
			<posx>120</posx>
			<posy>758</posy>
			<control type="group" id="101">
				<posx>608</posx>
				<posy>93r</posy>
				<control type="button" id="1">
					<description>Repeat</description>
					<posx>-800</posx>
					<posy>-15</posy>
					<width>90</width>
					<height>130</height>
					<label>$LOCALIZE[486]$INFO[Playlist.Repeat, : ]</label>
					<font></font>
					<onleft>609</onleft>
					<onright>21</onright>
					<onup>609</onup>
					<ondown>609</ondown>
					<texturefocus></texturefocus>
					<texturenofocus></texturenofocus>
					<onclick>PlayerControl(Repeat)</onclick>
				</control>
				<control type="image">
					<posx>800</posx>
					<posy>-15</posy>
					<width>90</width>
					<height>130</height>
					<aspectratio>scale</aspectratio>
					<texture>MusicOSD/OSDRepeat.png</texture>
					<visible>!Playlist.IsRepeat + !Playlist.IsRepeatOne</visible>
					<visible>!Control.HasFocus(1)</visible>
				</control>
				<control type="image">
					<posx>800</posx>
					<posy>-15</posy>
					<width>90</width>
					<height>130</height>
					<aspectratio>scale</aspectratio>
					<texture colordiffuse="HL">MusicOSD/OSDRepeat.png</texture>
					<visible>!Playlist.IsRepeat + !Playlist.IsRepeatOne</visible>
					<visible>Control.HasFocus(1)</visible>
				</control>
				<control type="image">
					<posx>800</posx>
					<posy>-15</posy>
					<width>90</width>
					<height>130</height>
					<aspectratio>scale</aspectratio>
					<texture>MusicOSD/OSDRepeatOne.png</texture>
					<visible>Playlist.IsRepeatOne</visible>
					<visible>!Control.HasFocus(1)</visible>
				</control>
				<control type="image">
					<posx>800</posx>
					<posy>-15</posy>
					<width>90</width>
					<height>130</height>
					<aspectratio>scale</aspectratio>
					<texture colordiffuse="HL">MusicOSD/OSDRepeatOne.png</texture>
					<visible>Playlist.IsRepeatOne</visible>
					<visible>Control.HasFocus(1)</visible>
				</control>
				<control type="image">
					<posx>800</posx>
					<posy>-15</posy>
					<width>90</width>
					<height>130</height>
					<aspectratio>scale</aspectratio>
					<texture>MusicOSD/OSDRepeatAll.png</texture>
					<visible>Playlist.IsRepeat</visible>
					<visible>!Control.HasFocus(1)</visible>
				</control>
				<control type="image">
					<posx>800</posx>
					<posy>-15</posy>
					<width>90</width>
					<height>130</height>
					<aspectratio>scale</aspectratio>
					<texture colordiffuse="HL">MusicOSD/OSDRepeatAll.png</texture>
					<visible>Playlist.IsRepeat</visible>
					<visible>Control.HasFocus(1)</visible>
				</control>
				<control type="button" id="600">
					<posx>75</posx>
					<posy>0</posy>
					<width>90</width>
					<height>98</height>
					<label>210</label>
					<font></font>
					<texturefocus colordiffuse="HL">MusicOSD/OSDPrevious.png</texturefocus>
					<texturenofocus>MusicOSD/OSDPrevious.png</texturenofocus>
					<onleft>603</onleft>
					<onright>602</onright>
					<onup>609</onup>
					<ondown>609</ondown>
					<onclick>PlayerControl(Previous)</onclick>
				</control>
				<control type="togglebutton" id="602">
					<posx>150</posx>
					<posy>0</posy>
					<width>90</width>
					<height>98</height>
					<label>31351</label>
					<altlabel>208</altlabel>
					<font></font>
					<texturefocus colordiffuse="HL">MusicOSD/OSDPause.png</texturefocus>
					<texturenofocus>MusicOSD/OSDPause.png</texturenofocus>
					<usealttexture>Player.Paused | Player.Forwarding | Player.Rewinding</usealttexture>
					<alttexturefocus colordiffuse="HL">MusicOSD/OSDPlay.png</alttexturefocus>
					<alttexturenofocus>MusicOSD/OSDPlay.png</alttexturenofocus>
					<onleft>600</onleft>
					<onright>605</onright>
					<onup>609</onup>
					<ondown>609</ondown>
					<onclick>PlayerControl(Play)</onclick>
				</control>
				<control type="button" id="603">
					<posx>0</posx>
					<posy>0</posy>
					<width>90</width>
					<height>98</height>
					<label>31352</label>
					<font></font>
					<texturefocus colordiffuse="HL">MusicOSD/OSDStop.png</texturefocus>
					<texturenofocus>MusicOSD/OSDStop.png</texturenofocus>
					<onleft>21</onleft>
					<onright>600</onright>
					<onup>609</onup>
					<ondown>609</ondown>
					<onclick>PlayerControl(Stop)</onclick>
				</control>
				<control type="button" id="605">
					<posx>225</posx>
					<posy>0</posy>
					<width>90</width>
					<height>98</height>
					<label>209</label>
					<font></font>
					<texturefocus colordiffuse="HL">MusicOSD/OSDNext.png</texturefocus>
					<texturenofocus>MusicOSD/OSDNext.png</texturenofocus>
					<onleft>602</onleft>
					<onright>609</onright>
					<onup>609</onup>
					<ondown>609</ondown>
					<onclick>PlayerControl(Next)</onclick>
				</control>
				<control type="togglebutton" id="21" description="Random">
					<posx>875</posx>
					<posy>-12</posy>
					<width>112</width>
					<height>125</height>
					<aspectratio>scale</aspectratio>
					<label>$LOCALIZE[590]$INFO[Playlist.Random, : ]</label>
					<altlabel>$LOCALIZE[590] : $LOCALIZE[16041]</altlabel>
					<font></font>
					<onleft>1</onleft>
					<onright>603</onright>
					<onup>609</onup>
					<ondown>609</ondown>
					<texturefocus colordiffuse="HL">MusicOSD/OSDRandomOff.png</texturefocus>
					<texturenofocus>MusicOSD/OSDRandomOff.png</texturenofocus>
					<usealttexture>Playlist.IsRandom</usealttexture>
					<alttexturefocus colordiffuse="HL">MusicOSD/OSDRandomOn.png</alttexturefocus>
					<alttexturenofocus>MusicOSD/OSDRandomOn.png</alttexturenofocus>
					<onclick>XBMC.PlayerControl(Random)</onclick>
				</control>
				<control type="button" id="609">
					<description>Options</description>
					<posx>300</posx>
					<posy>18</posy>
					<width>90</width>
					<height>58</height>
					<label>$LOCALIZE[33063]</label>
					<font></font>
					<onleft>605</onleft>
					<onright>1</onright>
					<onup>602</onup>
					<ondown>602</ondown>
					<aspectratio>keep</aspectratio>
					<texturefocus colordiffuse="HL">MusicOSD/OSDOptions.png</texturefocus>
					<texturenofocus>MusicOSD/OSDOptions.png</texturenofocus>
					<onclick allowhiddenfocus="true">Control.SetFocus(9000)</onclick>
					<!--<onclick>ActivateWindow(1113)</onclick>-->
				</control>
			</control>
		</control>
		<control type="group" description="All dialog content">
			<include>9000Commons</include>
			<control type="grouplist" id="9000" description="Music OSD Options">
				<include>9000GrouplistParameters</include>			
				<control type="button" id="555">
					<visible>true | !Skin.HasSetting(_FullScreenMusic)</visible>
					<description>Playlist</description>
					<include>9000Buttons</include>
					<label>559</label>
					<onclick>Close</onclick>
					<onclick>ActivateWindow(MusicPlaylist)</onclick>
				</control>
				<control type="button" id="500">
					<description>Visualisation</description>
					<include>9000Buttons</include>
					<label>24010</label>
				</control>
				<control type="button" id="19">
					<description>Visualisation settings</description>
					<include>9000Buttons</include>
					<label>$LOCALIZE[250] $LOCALIZE[10004]</label>
					<onclick>Addon.Default.OpenSettings(xbmc.player.musicviz)</onclick>
					<visible>Visualisation.Enabled</visible>
					<animation effect="fade" start="100" end="50" time="100" condition="!Visualisation.Enabled">Conditional</animation>
				</control>
				<control type="button" id="20">
					<description>Visualisation Presets</description>
					<include>9000Buttons</include>
					<label>31048</label>
					<onclick>ActivateWindow(122)</onclick>
					<visible>Visualisation.Enabled</visible>
					<animation effect="fade" start="100" end="50" time="100" condition="!Visualisation.Enabled">Conditional</animation>
				</control>
				<control type="button" id="9" description="Lyrics">
					<include>9000Buttons</include>
					<label>24013</label>
					<onclick>Close</onclick>
					<onclick>Skin.SetAddon(LyricPath,xbmc.python.lyrics)</onclick>
				</control>
				<control type="button" id="557" description="Lyrics settings">
					<include>9000Buttons</include>
					<label>$LOCALIZE[24013] [LOWERCASE]$LOCALIZE[5][/LOWERCASE]</label>
					<onclick>Close</onclick>
					<onclick>Addon.OpenSettings($INFO[Skin.String(LyricPath)])</onclick>
					<visible>!String.IsEmpty(Skin.String(LyricPath))</visible>
				</control>	
				<control type="togglebutton" id="556" description="Fanart">
					<include>9000Buttons</include>
					<label>$LOCALIZE[31004] [LOWERCASE]$LOCALIZE[20445][/LOWERCASE]: $LOCALIZE[351]</label>
					<altlabel>$LOCALIZE[31004] [LOWERCASE]$LOCALIZE[20445][/LOWERCASE]: $LOCALIZE[16041]</altlabel>
					<usealttexture>!Skin.HasSetting(_HideMusicPlayerFanart)</usealttexture>
					<onclick>Skin.ToggleSetting(_HideMusicPlayerFanart)</onclick>
				</control>
				<control type="togglebutton" id="554" description=" animation">
					<visible>!Skin.HasSetting(_HideMusicPlayerFanart)</visible>
					<include>9000Buttons</include>
					<label>$LOCALIZE[20445] [LOWERCASE]$LOCALIZE[13311][/LOWERCASE]: $LOCALIZE[351]</label>
					<altlabel>$LOCALIZE[20445] [LOWERCASE]$LOCALIZE[13311][/LOWERCASE]: $LOCALIZE[16041]</altlabel>
					<usealttexture>Skin.HasSetting(_AnimateMusicPlayerFanart)</usealttexture>
					<onclick>Skin.ToggleSetting(_AnimateMusicPlayerFanart)</onclick>
				</control>					
			</control>
		</control>
	</controls>
</window>
