<?xml version="1.0" encoding="UTF-8"?>
<window>
	<include>AutoMuteBG</include>
	<defaultcontrol always="true">50</defaultcontrol>
	<allowoverlay>no</allowoverlay>
	<views>50</views>
	<controls>
		<include>FullBackground</include>
		<control type="group">
			<include>OpenClose</include>
			<control type="group" description="TV Channels group">
				<include>VisibleFadeEffect</include>
				<visible>Control.IsVisible(50)</visible>
				<posx>60</posx>
				<posy>120</posy>
				<control type="image">
					<posx>0</posx>
					<posy>11</posy>
					<width>878</width>
					<height>440</height>
					<texture fallback="special://skin/extras/backgrounds/tv.jpg">$INFO[Skin.String(CustomChannelsBackgroundImage)]</texture>
					<include>VisibleFadeEffect</include>
					<visible>!Player.HasVideo</visible>
				</control>
				<control type="videowindow">
					<visible>Control.IsVisible(50)</visible>
					<posx>0</posx>
					<posy>11</posy>
					<width>878</width>
					<height>440</height>
					<visible>Player.HasVideo</visible>
					<animation effect="slide" start="0,0" end="-2000,0" time="0">WindowClose</animation>
				</control>
				<control type="image">
					<posx>-6</posx>
					<posy>6</posy>
					<width>888</width>
					<height>450</height>
					<texture border="5">img/CoverOverlay0.png</texture>
				</control>
			</control>
			<control type="group" description="Slider and List">
				<posx>1030</posx>
				<posy>141</posy>
				<animation effect="slide" start="0,0" end="0,-398" time="0" condition="String.IsEqual(Container.NumItems,1)">conditional</animation>
				<animation effect="slide" start="0,0" end="0,-398" time="0" condition="String.IsEqual(Container.NumItems,2)">conditional</animation>
				<animation effect="slide" start="0,0" end="0,-298" time="0" condition="String.IsEqual(Container.NumItems,3)">conditional</animation>
				<animation effect="slide" start="0,0" end="0,-298" time="0" condition="String.IsEqual(Container.NumItems,4)">conditional</animation>
				<animation effect="slide" start="0,0" end="0,-198" time="0" condition="String.IsEqual(Container.NumItems,5)">conditional</animation>
				<animation effect="slide" start="0,0" end="0,-198" time="0" condition="String.IsEqual(Container.NumItems,6)">conditional</animation>
				<animation effect="slide" start="0,0" end="0,-98" time="0" condition="String.IsEqual(Container.NumItems,7)">conditional</animation>
				<animation effect="slide" start="0,0" end="0,-98" time="0" condition="String.IsEqual(Container.NumItems,8)">conditional</animation>
				<control type="fixedlist" id="50">
					<posx>0</posx>
					<posy>0</posy>
					<width>830</width>
					<height>891</height>
					<onleft>9000</onleft>
					<onright>70</onright>
					<onup>50</onup>
					<ondown>50</ondown>
					<!-- <pagecontrol>60</pagecontrol> -->
					<focusposition>4</focusposition>
					<movement>4</movement>
					<preloaditems>4</preloaditems>
					<viewtype label="537">Big List 50</viewtype>
					<scrolltime easing="inout" tween="sine">280</scrolltime>  
					<itemlayout height="99">
						<control type="image">
							<posx>0</posx>
							<posy>0</posy>
							<height>99</height>
							<width>830</width>
							<texture flipy="true" border="3">img/ListNF.png</texture>
						</control>
						<control type="image" description="TV Logo">
							<visible>!Skin.HasSetting(HideChannelLogos)</visible>
							<posx>720</posx>
							<posy>3</posy>
							<width>90</width>
							<height>90</height>
							<texture>$INFO[ListItem.Icon]</texture>
							<aspectratio>keep</aspectratio>
						</control>
						<control type="label" description="Number">
							<left>12</left>
							<height>99</height>
							<width>99</width>
							<align>center</align>
							<aligny>center</aligny>
							<info>ListItem.ChannelNumberLabel</info>
						</control>
						<control type="label" description="Main Label">
							<visible>Skin.HasSetting(HideChannelLogos)</visible>
							<posx>126</posx>
							<height>55</height>
							<width>655</width>
							<scroll>false</scroll>
							<label>$INFO[ListItem.Label]</label>
						</control>
						<control type="label" description="Label2">
							<visible>Skin.HasSetting(HideChannelLogos)</visible>
							<posx>126</posx>
							<posy>35</posy>
							<height>60</height>
							<font>size18</font>
							<width>655</width>
							<scroll>false</scroll>
							<textcolor>Grey</textcolor>
							<label>$INFO[ListItem.Title]</label>
						</control>
						<control type="label" description="Main Label">
							<visible>!Skin.HasSetting(HideChannelLogos)</visible>
							<posx>126</posx>
							<height>55</height>
							<width>570</width>
							<scroll>false</scroll>
							<label>$INFO[ListItem.Label]</label>
						</control>
						<control type="label" description="Label2">
							<visible>!Skin.HasSetting(HideChannelLogos)</visible>
							<posx>126</posx>
							<posy>35</posy>
							<height>60</height>
							<font>size18</font>
							<width>570</width>
							<scroll>false</scroll>
							<textcolor>Grey</textcolor>
							<label>$INFO[ListItem.Title]</label>
						</control>						
					</itemlayout>
					<focusedlayout height="99">
						<control type="image">
							<posx>0</posx>
							<posy>0</posy>
							<height>99</height>
							<width>830</width>
							<texture flipy="true" border="3">img/ListNF.png</texture>  
						</control>
						<control type="image" description="TV Logo">
							<visible>!Skin.HasSetting(HideChannelLogos)</visible>
							<posx>720</posx>
							<posy>3</posy>
							<width>90</width>
							<height>90</height>
							<texture>$INFO[ListItem.Icon]</texture>
							<aspectratio>keep</aspectratio>
						</control>
						<control type="label" description="Number">
							<left>12</left>
							<height>99</height>
							<width>99</width>
							<align>center</align>
							<aligny>center</aligny>
							<info>ListItem.ChannelNumberLabel</info>
						</control>
						<control type="label" description="Main Label">
							<visible>Skin.HasSetting(HideChannelLogos)</visible>
							<posx>126</posx>
							<height>55</height>
							<width>655</width>
							<label>$INFO[ListItem.Label]</label>
						</control>
						<control type="label" description="Label2">
							<visible>Skin.HasSetting(HideChannelLogos)</visible>
							<posx>126</posx>
							<posy>35</posy>
							<height>60</height>
							<font>size18</font>
							<width>655</width>
							<textcolor>White2</textcolor>
							<label>$INFO[ListItem.Title]</label>
						</control>
						<control type="label" description="Main Label">
							<visible>!Skin.HasSetting(HideChannelLogos)</visible>
							<posx>126</posx>
							<height>55</height>
							<width>570</width>
							<label>$INFO[ListItem.Label]</label>
						</control>
						<control type="label" description="Label2">
							<visible>!Skin.HasSetting(HideChannelLogos)</visible>
							<posx>126</posx>
							<posy>35</posy>
							<height>60</height>
							<font>size18</font>
							<width>570</width>
							<textcolor>White2</textcolor>
							<label>$INFO[ListItem.Title]</label>
						</control>
					</focusedlayout>
				</control>
				<control type="group" description="Slider">
					<control type="image">
						<posx>0</posx>
						<posy>395</posy>
						<width>830</width>
						<height>100</height>
						<texture>img/MediaButton2.png</texture>
					</control>
					<animation condition="Container.Position(0)" effect="slide" start="0,0" end="0,-398" time="180" easing="inout" reversible="true">Conditional</animation>
					<animation condition="Container.Position(1)" effect="slide" start="0,0" end="0,-298" time="180" easing="inout" reversible="true">Conditional</animation>
					<animation condition="Container.Position(2)" effect="slide" start="0,0" end="0,-198" time="180" easing="inout" reversible="true">Conditional</animation>
					<animation condition="Container.Position(3)" effect="slide" start="0,0" end="0,-98" time="180" easing="inout" reversible="true">Conditional</animation>
					<animation condition="Container.Position(5)" effect="slide" start="0,0" end="0,98" time="180" easing="inout" reversible="true">Conditional</animation>
					<animation condition="Container.Position(6)" effect="slide" start="0,0" end="0,198" time="180" easing="inout" reversible="true">Conditional</animation>
					<animation condition="Container.Position(7)" effect="slide" start="0,0" end="0,298" time="180" easing="inout" reversible="true">Conditional</animation>
					<animation condition="Container.Position(8)" effect="slide" start="0,0" end="0,398" time="180" easing="inout" reversible="true">Conditional</animation>
				</control>			
			</control>
		</control>
		<control type="group">
			<include>Header</include>
		</control>
		<control type="group" description="TV Channels group">
			<visible>Control.IsVisible(50)</visible>
			<include>VisibleFadeEffect</include>
			<control type="group" description="INFO">
				<posx>60</posx>
				<posy>480</posy>
				<control type="label" description="Title above progress">
					<posx>0</posx>
					<posy>125</posy>
					<width>878</width>
					<font>size24</font>
					<textcolor>HL</textcolor>
					<align>center</align>
					<aligny>center</aligny>
					<height>60</height>
					<wrapmultiline>true</wrapmultiline>
					<label>$INFO[Container(50).ListItem.Title]</label>
				</control>
				<control type="label">
					<visible>Container(50).ListItem.HasEpg</visible>
					<left>-22</left>
					<top>200</top>
					<width>140</width>
					<height>36</height>
					<font>size15</font>
					<align>right</align>
					<label>[COLOR=Grey] [/COLOR]$INFO[Container(50).ListItem.StartTime]</label>
				</control>
				<control type="progress">
					<left>142</left>
					<top>211</top>
					<width>600</width>
					<height>14</height>
					<align>center</align>
					<visible>ListItem.HasEpg</visible>
					<info>ListItem.Progress</info>
				</control>
				<control type="label">
					<left>756</left>
					<top>200</top>
					<width>700</width>
					<height>36</height>
					<font>size15</font>
					<visible>Container(50).ListItem.HasEpg</visible>
					<label>[COLOR=Grey] [/COLOR]$INFO[Container(50).ListItem.EndTime]</label>
				</control>
				<control type="textbox" description="Plot Value for TV">
					<posx>0</posx>
					<posy>241</posy>
					<width>878</width>
					<height>290</height>
					<align>justify</align>
					<pagecontrol></pagecontrol>
					<autoscroll delay="8000" time="4300" repeat="10000">!Skin.HasSetting(_AutoScrollOff)</autoscroll>
					<label fallback="19055">$INFO[Container(50).ListItem.Plot]</label>
				</control>
				<control type="label">
					<visible>!String.IsEmpty(Container(50).ListItem.NextTitle)</visible>
					<posy>540</posy>
					<width>878</width>
					<height>36</height>
					<font>size18</font>
					<label>[COLOR=Grey]$LOCALIZE[19031]: [/COLOR]$INFO[Container(50).ListItem.NextTitle]</label>
				</control>
			</control>
		</control>
		<include>PVRSideBlade</include>
	</controls>
</window>