<?xml version="1.0" encoding="UTF-8"?>
<window>
	<include>AutoMuteBG</include>
	<defaultcontrol always="true">50</defaultcontrol>
	<allowoverlay>no</allowoverlay>
	<views>50</views>
	<controls>
		<include>FullBackground</include>
		<control type="group">
			<include>Header</include>
			<include>OpenClose</include>
			<control type="group" description="Video player group">
				<posx>60</posx>
				<posy>120</posy>
				<control type="image">
					<visible>!ListItem.IsFolder</visible>
					<posx>0</posx>
					<posy>11</posy>
					<width>878</width>
					<height>440</height>
					<texture>$INFO[ListItem.Thumb]</texture>
					<include>Icon_Fade</include>
					<visible>!Player.HasVideo</visible>
					<aspectratio>keep</aspectratio>
				</control>
				<control type="image">
					<visible>ListItem.IsFolder</visible>
					<posx>0</posx>
					<posy>11</posy>
					<width>878</width>
					<height>440</height>
					<texture fallback="special://skin/extras/backgrounds/tv.jpg">$INFO[Skin.String(CustomRecordingsBackgroundImage)]</texture>
					<include>VisibleFadeEffect</include>
					<visible>!Player.HasVideo</visible>
				</control>
				<control type="videowindow">
					<visible>Control.IsVisible(50)</visible>
					<posx>0</posx>
					<posy>11</posy>
					<width>878</width>
					<height>440</height>
					<visible>Player.HasVideo</visible>
					<animation effect="slide" start="0,0" end="-2000,0" time="0">WindowClose</animation>
				</control>
				<control type="image">
					<visible>Player.HasVideo | ListItem.IsFolder</visible>
					<posx>-6</posx>
					<posy>6</posy>
					<width>888</width>
					<height>450</height>
					<texture border="5">img/CoverOverlay0.png</texture>
				</control>
				<control type="label">
					<posy>-48</posy>
					<font>size17</font>
					<width>758</width>
					<textcolor>Grey</textcolor>
					<include>Genre51Commons</include>
					<label>$INFO[VideoPlayer.Title,$LOCALIZE[31023]: ]</label>
				</control>
			</control>
			<control type="group" description="Slider and List">
				<posx>1030</posx>
				<posy>141</posy>
				<animation effect="slide" start="0,0" end="0,-398" time="0" condition="String.IsEqual(Container.NumItems,1)">conditional</animation>
				<animation effect="slide" start="0,0" end="0,-398" time="0" condition="String.IsEqual(Container.NumItems,2)">conditional</animation>
				<animation effect="slide" start="0,0" end="0,-298" time="0" condition="String.IsEqual(Container.NumItems,3)">conditional</animation>
				<animation effect="slide" start="0,0" end="0,-298" time="0" condition="String.IsEqual(Container.NumItems,4)">conditional</animation>
				<animation effect="slide" start="0,0" end="0,-198" time="0" condition="String.IsEqual(Container.NumItems,5)">conditional</animation>
				<animation effect="slide" start="0,0" end="0,-198" time="0" condition="String.IsEqual(Container.NumItems,6)">conditional</animation>
				<animation effect="slide" start="0,0" end="0,-98" time="0" condition="String.IsEqual(Container.NumItems,7)">conditional</animation>
				<animation effect="slide" start="0,0" end="0,-98" time="0" condition="String.IsEqual(Container.NumItems,8)">conditional</animation>
				<control type="fixedlist" id="50">
					<posx>0</posx>
					<posy>0</posy>
					<width>830</width>
					<height>891</height>
					<onleft>9000</onleft>
					<onright>70</onright>
					<onup>50</onup>
					<ondown>50</ondown>
					<!-- <pagecontrol>60</pagecontrol> -->
					<focusposition>4</focusposition>
					<movement>4</movement>
					<preloaditems>4</preloaditems>
					<viewtype label="537">Big List 50</viewtype>
					<scrolltime easing="inout" tween="sine">280</scrolltime>  
					<itemlayout height="99">
						<control type="image" description="Watched marks">
							<visible>!listItem.IsFolder</visible>
							<posx>10</posx>
							<posy>0</posy>
							<height>99</height>
							<width>27</width>
							<texture>$VAR[Overlay]</texture>
							<aspectratio>keep</aspectratio>
						</control>
						<control type="image">
							<posx>0</posx>
							<posy>0</posy>
							<height>99</height>
							<width>830</width>
							<texture flipy="true" border="3">img/ListNF.png</texture>
						</control>
						<control type="label" description="Main Label">
							<posx>50</posx>
							<height>55</height>
							<width>760</width>
							<scroll>false</scroll>
							<label>$INFO[ListItem.Label]</label>
						</control>
						<control type="label" description="Label2">
							<posx>50</posx>
							<posy>35</posy>
							<height>60</height>
							<font>size18</font>
							<width>760</width>
							<scroll>false</scroll>
							<textcolor>Grey</textcolor>
							<label>$INFO[ListItem.Date]</label>
						</control>
					</itemlayout>
					<focusedlayout height="99">
						<control type="image" description="Watched marks">
							<visible>!listItem.IsFolder</visible>
							<posx>10</posx>
							<posy>0</posy>
							<height>99</height>
							<width>27</width>
							<texture>$VAR[Overlay]</texture>
							<aspectratio>keep</aspectratio>
						</control>
						<control type="image">
							<posx>0</posx>
							<posy>0</posy>
							<height>99</height>
							<width>830</width>
							<texture flipy="true" border="3">img/ListNF.png</texture>  <!--   -->
						</control>
						<control type="label" description="Main Label">
							<posx>50</posx>
							<height>55</height>
							<width>760</width>
							<textcolor>White2</textcolor>
							<label>$INFO[ListItem.Label]</label>
						</control>
						<control type="label" description="Label2">
							<posx>50</posx>
							<posy>35</posy>
							<height>60</height>
							<font>size18</font>
							<width>760</width>
							<label>$INFO[ListItem.Date]</label>
						</control>
					</focusedlayout>
				</control>
				<control type="group" description="Slider">
					<control type="image">
						<posx>0</posx>
						<posy>395</posy>
						<width>830</width>
						<height>100</height>
						<texture>img/MediaButton2.png</texture>
					</control>
					<animation condition="Container.Position(0)" effect="slide" start="0,0" end="0,-398" time="180" easing="inout" reversible="true">Conditional</animation>
					<animation condition="Container.Position(1)" effect="slide" start="0,0" end="0,-298" time="180" easing="inout" reversible="true">Conditional</animation>
					<animation condition="Container.Position(2)" effect="slide" start="0,0" end="0,-198" time="180" easing="inout" reversible="true">Conditional</animation>
					<animation condition="Container.Position(3)" effect="slide" start="0,0" end="0,-98" time="180" easing="inout" reversible="true">Conditional</animation>
					<animation condition="Container.Position(5)" effect="slide" start="0,0" end="0,98" time="180" easing="inout" reversible="true">Conditional</animation>
					<animation condition="Container.Position(6)" effect="slide" start="0,0" end="0,198" time="180" easing="inout" reversible="true">Conditional</animation>
					<animation condition="Container.Position(7)" effect="slide" start="0,0" end="0,298" time="180" easing="inout" reversible="true">Conditional</animation>
					<animation condition="Container.Position(8)" effect="slide" start="0,0" end="0,398" time="180" easing="inout" reversible="true">Conditional</animation>
				</control>			
			</control>
			<control type="group" description="Meta data group">
				<posx>60</posx>
				<posy>480</posy>		
				<visible>Control.IsVisible(50)</visible>
				<include>VisibleFadeEffect</include>
				<control type="group" description="INFO no folder">
					<visible>!ListItem.IsFolder</visible>
					<control type="label" description="Title above progress">
						<posx>0</posx>
						<posy>125</posy>
						<width>878</width>
						<font>size24</font>
						<textcolor>HL</textcolor>
						<align>left</align>
						<aligny>center</aligny>
						<height>60</height>
						<label>$INFO[Container(50).ListItem.Title]</label>
					</control>
					<control type="textbox" description="Plot Value for TV">
						<posx>0</posx>
						<posy>190</posy>
						<width>878</width>
						<height>325</height>
						<align>justify</align>
						<pagecontrol></pagecontrol>
						<autoscroll delay="8000" time="4300" repeat="10000">!Skin.HasSetting(_AutoScrollOff)</autoscroll>
						<label>$INFO[Container(50).ListItem.Plot]</label>
					</control>
					<control type="label">
						<posy>540</posy>
						<width>700</width>
						<height>36</height>
						<font>size22</font>
						<label>[COLOR=Grey]$LOCALIZE[2050]: [/COLOR]$INFO[Container(50).ListItem.Duration]</label>
					</control>
				</control>
				<control type="group" description="INFO folder">
					<visible>ListItem.IsFolder</visible>				
					<control type="label">
						<posx>0</posx>
						<posy>125</posy>
						<width>700</width>
						<height>60</height>
						<label>$LOCALIZE[19076] ($INFO[Container(5000).NumItems,, [LOWERCASE]$LOCALIZE[31025][/LOWERCASE]])</label>
						<font>size24</font>
						<textcolor>HL</textcolor>
						<visible>!ListItem.IsParentFolder</visible>
					</control>
					<control type="group">
						<posy>180</posy> 
						<visible>!ListItem.IsParentFolder</visible>
						<control type="panel" id="5000">
							<!--<top>20</top>-->
							<width>830</width>
							<bottom>100</bottom>
							<orientation>vertical</orientation>
							<focusedlayout height="100" width="780">
								<control type="label">
									<visible>false</visible>
									<left>10</left>
									<height>90</height>
									<width>830</width>
									<aligny>center</aligny>
									<label>$INFO[ListItem.Date,[COLOR grey],[/COLOR][CR]]$INFO[ListItem.Label]$INFO[ListItem.EpisodeName, (,)]</label>
								</control>
							</focusedlayout>
							<itemlayout height="100" width="780">
								<control type="label">
									<visible>false</visible>
									<left>10</left>
									<height>90</height>
									<width>830</width>
									<aligny>center</aligny>
									<label>$INFO[ListItem.Date,[COLOR grey],[/COLOR][CR]]$INFO[ListItem.Label]$INFO[ListItem.EpisodeName, (,)]</label>
								</control>
							</itemlayout>
							<content sortby="date" sortorder="$PARAM[folder_sortorder]">$INFO[ListItem.FilenameAndPath]</content>
						</control>
					</control>
				</control>
			</control>
			<include>PVRSideBlade</include>
		</control>
	</controls>
</window>