<?xml version="1.0" encoding="UTF-8"?>
<!-- Foundation -->
<window type="dialog" id="1206">
   <zorder>1</zorder>
	<defaultcontrol always="true">9000</defaultcontrol>
    <controls>
		<include>GlobalOverlay</include>
		<include>Animation.Common</include>		
		<control type="group">
			<centerleft>50%</centerleft>
			<centertop>50%</centertop>
			<width>468</width>
    		<top>305</top>
			<control type="image">
				<left>-8</left>
				<top>-20</top>		
				<right>10</right>
				<bottom>-20</bottom>
				<colordiffuse>White100</colordiffuse>
				<texture border="16">common/rounded-shadow8.png</texture>
			</control>	
			<control type="group">
				<left>18</left>
				<top>0</top>
				<control type="label">
					<description>Header Label</description>
					<left>70</left>
					<width>1000</width>
					<posy>0</posy>
					<include>FontTop</include>
					<textcolor>Dark2</textcolor>
					<label>14018</label>
				</control>
				
				<control type="image">
					<top>15</top>
					<left>15</left>
					<width>40</width>
					<height>40</height>
					<colordiffuse>$VAR[ColorKodiLogo]</colordiffuse>
					<texture>buttons/kodi-logo.png</texture>
				</control>
				
				<!-- Lines -->
				<control type="image">
					<top>70</top>
					<left>17</left>
					<width>385</width>
					<height>1</height>
					<bottom>10</bottom>
					<colordiffuse>Black12</colordiffuse>
					<texture>common/white.png</texture>
				</control>
			</control>
			<control type="group">
				<height>490</height>
				<left>-48</left>
				<top>-22</top>
				<control type="image">
					<description>arrow image</description>
					<centerleft>50%</centerleft>
					<posy>-16</posy>
					<width>16</width>
					<height>16</height>
					<texture colordiffuse="White70" flipy="true">common/arrow-small.png</texture>
				</control>
				<control type="image">
					<description>arrow image</description>
					<centerleft>50%</centerleft>
					<posy>432</posy>
					<width>16</width>
					<height>16</height>
					<texture colordiffuse="White70" flipy="false">common/arrow-small.png</texture>
				</control>
			</control>			
			<control type="grouplist" id="9000">
				<top>90</top>
                <onright>Dialog.Close(1205)</onright>
				<onleft>Dialog.Close(1205)</onleft>
                <control type="button" id="92">         
                    <description>Filter</description>
                    <include>DefContextButton</include>
                    <label>Search in Database</label>
                    <align>left</align>
                    <onclick>Dialog.Close(1206)</onclick>
                    <onclick>SetFocus(9000)</onclick>	
                    <onclick>Select</onclick>				
                </control>
                <control type="radiobutton" id="94">         
                    <description>Filter</description>
                    <include>DefContextButton</include>
                    <label>Preload extendedinfo content</label>
                    <align>left</align>
                    <selected>Skin.HasSetting(preloadcontent)</selected>
                    <onclick>Skin.ToggleSetting(preloadcontent)</onclick>
                </control>
                <control type="radiobutton" id="95">         
                    <description>Filter</description>
                    <include>DefContextButton</include>
                    <label>Disable noclick</label>
                    <align>left</align>
                    <selected>Skin.HasSetting(dontclickonfocus)</selected>
                    <onclick>Skin.ToggleSetting(dontclickonfocus)</onclick>
                </control>
                
				
            </control>
		</control>
    </controls>
</window>
