<?xml version="1.0" encoding="UTF-8"?>
<!-- Foundation -->
<window id="34">
    <defaultcontrol always="true">4</defaultcontrol>
    <controls>
        <include>GlobalBackground</include>
        <include>Furniture_Header</include>
        <include>Furniture_Clock</include>
        <include>Furniture_NowPlaying</include>
        <include>Furniture_Weather</include>
        <include>GlobalOverlay</include>
        <control type="group">
            <width>700</width>
            <include>DefDialogInfoPanel</include>            
            <control type="label">
                <description>Header Label</description>
                <left>100</left>
                <width>1000</width>
                <posy>20</posy>
                <include>FontTop</include>
				<textcolor>Dark2</textcolor>
                <label>10130</label>
            </control>			
			<control type="image">
				<top>35</top>
				<left>45</left>
				<width>40</width>
				<height>40</height>
				<colordiffuse>$VAR[ColorKodiLogo]</colordiffuse>
				<texture>buttons/kodi-logo.png</texture>
			</control>
			
			<!-- Lines -->
			<control type="image">
				<top>90</top>
				<left>45</left>
				<width>1010</width>
				<height>1</height>
				<bottom>10</bottom>
				<colordiffuse>Black12</colordiffuse>
				<texture>common/white.png</texture>
			</control>
            <control type="radiobutton" id="4">
                <description>Enable Login Screen</description>
                <left>15</left>
                <right>15</right>
                <textoffsetx>30</textoffsetx>
                <posy>110</posy>
                <label>20096</label>
                <align>left</align>
                <ondown>5</ondown>
                <radioposx>624</radioposx>
                <texturefocus colordiffuse="$VAR[ColorHighlight]" border="8">common/box.png</texturefocus>
            </control>            
            <control type="button" id="5">
                <scroll>false</scroll>
                <left>15</left>
                <right>15</right>
                <textoffsetx>30</textoffsetx>
                <posy>179</posy>
                <label>$LOCALIZE[33084]$INFO[System.ProfileAutoLogin,: ,]</label>
                <align>left</align>
                <ondown>2</ondown>
                <onup>4</onup>
                <texturefocus colordiffuse="$VAR[ColorHighlight]" border="8">common/box.png</texturefocus>
                <enable>!System.HasLoginScreen</enable>
            </control>
            <control type="list" id="2">
                <posx>15</posx>
                <posy>248</posy>
                <width>670</width>
                <height>483</height>
                <onup>5</onup>
                <itemlayout height="69" width="670">
                    <control type="label">
                        <posx>30</posx>
                        <width>810</width>
                        <info>ListItem.Label</info>
                    </control>
                    <control type="label">
                        <right>20</right>
                        <width>810</width>
                        <align>right</align>
                        <font>Tiny</font>
                        <info>ListItem.Label2</info>
                    </control>
                </itemlayout>
                <focusedlayout height="69" width="670">
                    <control type="group">                        
                        <visible>Control.HasFocus(2)</visible>
                        <control type="image">
                            <width>100%</width>
                            <height>66</height>
                            <texture border="5" colordiffuse="$VAR[ColorHighlight]">common/box.png</texture>
                        </control>
                        <control type="label">
                            <posx>30</posx>
                            <width>810</width>
                            <textcolor>Selected</textcolor>
                            <info>ListItem.Label</info>
                        </control>
                        <control type="label">
                            <right>20</right>
                            <width>810</width>
                            <align>right</align>
                            <font>Tiny</font>
                            <textcolor>Selected</textcolor>
                            <info>ListItem.Label2</info>
                        </control>
                    </control>
                    <control type="group">
                        <visible>!Control.HasFocus(2)</visible>
                        <control type="label">
                            <posx>30</posx>
                            <width>810</width>
                            <info>ListItem.Label</info>
                        </control>
                        <control type="label">
                            <right>20</right>
                            <width>810</width>
                            <align>right</align>
                            <font>Tiny</font>
                            <info>ListItem.Label2</info>
                        </control>
                    </control>
                </focusedlayout>
            </control>
        </control>
    </controls>
</window>
