<?xml version="1.0" encoding="UTF-8"?>
<!-- Foundation -->
<includes>

    <include name="View_59_BannerWall">
        <control type="group">
            <include>Animation.Common</include>
            <visible>Control.IsVisible(59)</visible>
			<include>JumpBarHorizontal</include>
			<include>ViewSlideForJumpBar</include>
            <control type="panel" id="59">
				<oninfo condition="ListItem.IsCollection">ActivateWindow(1132)</oninfo>
                <visible>Container.Content(movies) | Container.Content(tvshows)</visible>
                <top>200</top>
                <right>70</right>
                <left>70</left>
                <height>666</height>
                <onleft condition="!Skin.HasSetting(global.kioskmode)">9000</onleft>
                <onright>1619</onright>
                <onup>59</onup>
                <ondown>59</ondown>
                <preloaditems>2</preloaditems>
                <pagecontrol>1619</pagecontrol>
                <viewtype label="31244">list</viewtype>
                <scrolltime tween="quadratic">400</scrolltime>
                <itemlayout height="133" width="593">
                    <control type="image">
                        <left>0</left>
                        <top>6</top>
                        <right>0</right>
                        <bottom>0</bottom>
                        <texture border="10">common/nofocus-shadow10.png</texture>
                    </control>
					 <control type="image">
                        <left>9</left>
                        <top>15</top>
                        <right>9</right>
                        <bottom>9</bottom>
                        <texture colordiffuse="Box2" border="20">common/box2.png</texture>
						<visible>!Skin.HasSetting(thumbnails.white)</visible>
                    </control>
                    <control type="image">
                        <left>10</left>
                        <top>16</top>
                        <right>10</right>
                        <bottom>10</bottom>
                        <aspectratio scalediffuse="false">scale</aspectratio>
                        <texture diffuse="diffuse/wall-fanart.png" background="true">$VAR[BannerImage]</texture>
                    </control>

                   <control type="label">
                        <align>center</align>
                        <aligny>center</aligny>
                        <width>50</width>
						<right>11</right>
						<top>14</top>
                        <height>50</height>
                        <textcolor>$VAR[WatchedBackingColor]</textcolor>
						<font>SymbolPosterBackground</font>
                        <label>$VAR[WatchedBacking]</label>
                        <visible>!String.IsEqual(ListItem.Label,..)</visible>
                    </control>
					<control type="label">
                        <align>center</align>
                        <aligny>center</aligny>
                        <width>50</width>
						<right>11</right>
						<top>14</top>
                        <height>50</height>
                        <textcolor>$VAR[WatchedLabelPosterColor]</textcolor>
						<font>SymbolPoster</font>
                        <label>$VAR[WatchedLabelPoster]</label>
                        <visible>!String.IsEqual(ListItem.Label,..)</visible>
                    </control>
                </itemlayout>
                <focusedlayout height="133" width="593">
                    <control type="image">
                        <left>0</left>
                        <top>6</top>
                        <right>0</right>
                        <bottom>0</bottom>
                        <texture border="10">common/nofocus-shadow10.png</texture>
                    </control>
					<control type="image">
                        <left>9</left>
                        <top>15</top>
                        <right>9</right>
                        <bottom>9</bottom>
                        <texture colordiffuse="Box2" border="20">common/box2.png</texture>
						<visible>!Skin.HasSetting(thumbnails.white)</visible>
                    </control>
                    <control type="image">
                        <left>10</left>
                        <top>16</top>
                        <right>10</right>
                        <bottom>10</bottom>
                        <aspectratio scalediffuse="false">scale</aspectratio>
                        <texture diffuse="diffuse/wall-fanart.png" background="true">$VAR[BannerImage]</texture>
                    </control>

                    <control type="label">
                        <align>center</align>
                        <aligny>center</aligny>
                        <width>50</width>
						<right>11</right>
						<top>14</top>
                        <height>50</height>
                        <textcolor>$VAR[WatchedBackingColor]</textcolor>
						<font>SymbolPosterBackground</font>
                        <label>$VAR[WatchedBacking]</label>
                        <visible>!String.IsEqual(ListItem.Label,..)</visible>
                    </control>
					<control type="label">
                        <align>center</align>
                        <aligny>center</aligny>
                        <width>50</width>
						<right>11</right>
						<top>14</top>
                        <height>50</height>
                        <textcolor>$VAR[WatchedLabelPosterColor]</textcolor>
						<font>SymbolPoster</font>
                        <label>$VAR[WatchedLabelPoster]</label>
                        <visible>!String.IsEqual(ListItem.Label,..)</visible>
                    </control>
                    <control type="image">
                        <left>3</left>
                        <top>9</top>
                        <right>3</right>
                        <bottom>3</bottom>
                        <texture colordiffuse="$VAR[ColorSquares]" border="20">common/selectbox.png</texture>
                        <animation center="auto" condition="Control.HasFocus(59)" effect="fade" end="100" start="0" time="250">Focus</animation>
                        <animation center="auto" condition="Control.HasFocus(59)"  effect="fade" end="0" start="100" time="50">UnFocus</animation>
                    </control>

                </focusedlayout>
            </control>
            <control type="scrollbar" id="1619">
				<include content="scrollbar_vertical">
				<param name="scrollid" value="1619" />
				</include>
			</control>

        </control>
    </include>
</includes>

