<?xml version="1.0" encoding="UTF-8"?>
<window>
	<defaultcontrol>1</defaultcontrol>
	<visible>[Window.IsActive(videoosd) | Window.IsActive(fullscreeninfo) | Player.ShowInfo | Player.Seeking | Player.DisplayAfterSeek | Player.Paused | Player.Forwarding | Player.Rewinding] + !Window.IsVisible(MusicOSD) + VideoPlayer.IsFullscreen + !Window.IsVisible(1134)</visible>
	<controls>
		<control type="group" id="9101">
			<animation effect="slide" start="0,90" end="0,0" time="800">WindowOpen</animation>
			<animation effect="slide" start="0,0" end="0,90" time="800">WindowClose</animation>
			<animation effect="slide" start="0,90" end="0,0" time="800">VisibleChange</animation>
			<animation effect="fade" start="100" end="00" time="1000" condition="System.IdleTime(15)">Conditional</animation>
			<!-- <top>1014</top> -->
			<bottom>0</bottom>
			<height>41</height>
			<visible>!VideoPlayer.Content(LiveTV)</visible>
			<control type="progress">
				<width>100%</width>
				<height>40</height>
        		<texturebg border="5" colordiffuse="AAFFFFFF">darky.png</texturebg>
	        	<lefttexture />
            	<midtexture>blue.png</midtexture>
	            <overlaytexture />
				<info>Player.Progress</info>
			</control>
			<control type="group">
			<top>6</top>
				<control type="label">
					<width>820</width>
					<height>41</height>
					<font>font14_title</font>
					<textoffsetx>15</textoffsetx>
					<textcolor>white</textcolor>
					<aligny>top</aligny>
					<textoffsety>-2</textoffsety>
					<label>$VAR[PlayerTitleLabelVar]</label>
				</control>
				<control type="label">
					<width>100%</width>
					<height>41</height>
					<font>font14_title</font>
					<textoffsetx>15</textoffsetx>
					<textcolor>white</textcolor>
					<align>center</align>
					<aligny>top</aligny>
					<textoffsety>-2</textoffsety>
					<label>$VAR[SeekLabelVar]</label>
					<visible>!VideoPlayer.Content(LiveTV)</visible>
				</control>
				<control type="label">
					<width>100%</width>
					<height>41</height>
					<font>font14_title</font>
					<textoffsetx>15</textoffsetx>
					<textcolor>white</textcolor>
					<align>center</align>
					<aligny>top</aligny>
					<textoffsety>-2</textoffsety>
					<label>$INFO[System.Time]$INFO[VideoPlayer.EndTime, / ]</label>
					<visible>VideoPlayer.Content(LiveTV)</visible>
				</control>
				<control type="label">
					<right>0</right>
					<width>900</width>
					<height>41</height>
					<font>font14_title</font>
					<textoffsetx>15</textoffsetx>
					<textcolor>white</textcolor>
					<align>right</align>
					<aligny>top</aligny>
					<textoffsety>-2</textoffsety>
					<label>$VAR[OSDRightLabelVar]</label>
				</control>
			</control>
			<control type="slider" id="401">
				<description>Seek Slider</description>
				<top>-25</top>
				<width>100%</width>
				<height>18</height>
				<texturesliderbar>seekslider2.png</texturesliderbar>
				<textureslidernib>osd_slider_nib.png</textureslidernib>
				<textureslidernibfocus>osd_slider_nib.png</textureslidernibfocus>
				<visible>Player.Seeking</visible>
			</control>
		</control>
		<control type="group">
				<width>186</width>
				<height>186</height>
			<centerleft>50%</centerleft>
			<centertop>50%</centertop>
			<visible>!VideoPlayer.Content(LiveTV) + [Player.Paused + !Window.IsActive(subtitlesearch)]</visible>
			<animation type="VisibleChange" reversible="false">
				<effect type="fade" start="0" end="100" time="500" />
			</animation>
			<animation type="WindowOpen" reversible="false">
				<effect type="fade" start="0" end="100" time="500" />
			</animation>
			<animation type="WindowClose" reversible="false">
				<effect type="fade" start="100" end="0" time="500" />
			</animation>
			<control type="image">
				<width>186</width>
				<height>186</height>
				<texture>osd/bg_play_large.png</texture>
			</control>
			<control type="image">
				<width>186</width>
				<height>186</height>
				<texture>osd/btn_pause.png</texture>
			</control>
		</control>
		<control type="grouplist">
			<left>30</left>
			<top>930</top>
			<width>748</width>
			<height>150</height>
			<itemgap>10</itemgap>
			<orientation>horizontal</orientation>
			<include>VisibleFadeAnimation</include>
			<visible>Player.Forwarding | Player.Rewinding</visible>
			<animation effect="slide" start="0" end="0,-495" time="50" condition="VideoPlayer.Content(livetv)">conditional</animation>
			<usecontrolcoords>true</usecontrolcoords>
			<control type="image">
				<top>3</top>
				<width>90</width>
				<height>87</height>
				<aspectratio>keep</aspectratio>
				<texture flipx="true">osd/ff.png</texture>
				<colordiffuse>FFe5e5e5</colordiffuse>
				<animation effect="fade" start="100" end="60" time="800" pulse="true" condition="true">Conditional</animation>
				<visible>Player.Rewinding</visible>
			</control>
			<control type="label">
				<label>$VAR[VideoPlayerForwardRewindVar]</label>
				<width min="10" max="300">auto</width>
				<height>90</height>
				<textoffsetx>0</textoffsetx>
				<font>font_MainMenu</font>
				<shadowcolor>44000000</shadowcolor>
				<textcolor>DDe5e5e5</textcolor>
			</control>
			<control type="image">
				<top>3</top>
				<width>90</width>
				<height>87</height>
				<aspectratio>keep</aspectratio>
				<texture>osd/ff.png</texture>
				<colordiffuse>FFe5e5e5</colordiffuse>
				<animation effect="fade" start="100" end="60" time="800" pulse="true" condition="true">Conditional</animation>
				<visible>Player.Forwarding</visible>
			</control>
		</control>
		<control type="group">
			<visible>VideoPlayer.Content(LiveTV) + !Window.IsVisible(pvrosdguide)</visible>
			<include condition="String.IsEmpty(Skin.String(LiveTV.InfobarType)) | String.IsEqual(Skin.String(LiveTV.InfobarType),2)">FullScreenInfoBarLiveTV</include>
			<include condition="String.IsEqual(Skin.String(LiveTV.InfobarType),1)">FullScreenInfoBarLiveTV_Compact</include>
		</control>
	</controls>
</window>