<?xml version="1.0" encoding="UTF-8"?>
<window>
	<controls>
		<control type="progress" id="10">
			<description>progress control</description>
			<left>0</left>
			<top>2</top>
			<width>100%</width>
			<height>52</height>
			<colordiffuse>776db9e5</colordiffuse>
			<texturebg />
			<lefttexture />
			<midtexture />
			<righttexture />
			<overlaytexture />
		</control>
		<control type="image">
			<animation effect="slide" start="0,-238" end="0,0" time="240" tween="quadratic">WindowOpen</animation>
			<animation effect="slide" end="0,-238" start="0,0" time="240" tween="quadratic">WindowClose</animation>
			<description>background image 1</description>
			<width>1920</width>
			<height>41</height>
			<texture border="4">darky_home.png</texture>
		</control>
		<control type="group">
			<include>DialogOpenCloseAnimation</include>
			<visible>String.IsEmpty(Window(Home).Property(script.cinemavision.running))</visible>
			<control type="group">
				<visible>System.Platform.Linux.RaspberryPi</visible>
				<centerleft>50%</centerleft>
				<top>0</top>
				<width>38</width>
				<height>38</height>
				<control type="image">
					<description>Busy animation</description>
					<align>center</align>
					<left>7</left>
					<top>6</top>
					<width>26</width>
					<height>26</height>
					<texture colordiffuse="themecolor">android/spinner_48_inner_holo.png</texture>
					<aspectratio>keep</aspectratio>
					<animation effect="rotate" start="0" end="360" center="auto" time="2000" loop="true" condition="true">conditional</animation>
				</control>
				<control type="image">
					<description>Busy animation</description>
					<width>38</width>
					<height>38</height>
					<texture colordiffuse="themecolor">android/spinner_48_outer_holo.png</texture>
					<aspectratio>keep</aspectratio>
					<animation effect="rotate" start="360" end="0" center="auto" time="2000" loop="true" condition="true">conditional</animation>
				</control>
				<control type="label">
					<description>Busy label</description>
					<width>38</width>
					<height>38</height>
					<textcolor>white</textcolor>
					<align>center</align>
					<label>$INFO[Control.GetLabel(10),,%]</label>
					<font>font12</font>
					<visible>!Integer.IsEqual(Control.GetLabel(10), 0)</visible>
				</control>
			</control>
			
		</control>
	</controls>
</window>