<?xml version="1.0" encoding="UTF-8"?>
<window>
	<coordinates>
		<left>0</left>
		<top>0</top>
		<origin x="0" y="0">String.IsEqual(Skin.AspectRatio,21:9)</origin>
	</coordinates>
	<include>DialogPopupAnimation</include>
	<controls>
		<control type="group">
			<visible>String.IsEmpty(Window(Home).Property(script.cinemavision.running))</visible>
			<control type="image">
				<animation effect="slide" start="0,-238" end="0,0" time="240" tween="quadratic">WindowOpen</animation>
				<animation effect="slide" end="0,-238" start="0,0" time="240" tween="quadratic">WindowClose</animation>
				<description>background image 1</description>
				<width>1920</width>
				<height>41</height>
				<texture border="15">black.png</texture>
			</control>
			<control type="image" id="400">
				<animation effect="slide" start="0,-238" end="0,0" time="240" tween="quadratic">WindowOpen</animation>
				<animation effect="slide" end="0,-238" start="0,0" time="240" tween="quadratic">WindowClose</animation>
				<description>avatar</description>
				<left>22</left>
				<top>0</top>
				<width>41</width>
				<height>41</height>
			</control>
			<control type="fadelabel" id="401">
				<animation effect="slide" start="0,-238" end="0,0" time="240" tween="quadratic">WindowOpen</animation>
				<animation effect="slide" end="0,-238" start="0,0" time="240" tween="quadratic">WindowClose</animation>
				<description>Line 1 Label</description>
				<left>50</left>
				<top>0</top>
				<width>785</width>
				<height>40</height>
				<align>left</align>
				<font>font15_title</font>
				<textoffsetx>15</textoffsetx>
				<textcolor>white</textcolor>
				<scrollout>true</scrollout>
				<pauseatend>3000</pauseatend>
			</control>
			<control type="fadelabel" id="402">
				<description>Line 2 Label</description>
				<animation effect="slide" start="0,-238" end="0,0" time="240" tween="quadratic">WindowOpen</animation>
				<animation effect="slide" end="0,-238" start="0,0" time="240" tween="quadratic">WindowClose</animation>
				<top>0</top>
				<left>810</left>
				<width>785</width>
				<height>40</height>
				<align>left</align>
				<font>font15</font>
				<textoffsetx>15</textoffsetx>
				<textcolor>white</textcolor>
				<scrollout>true</scrollout>
				<pauseatend>3000</pauseatend>
			</control>
		</control>
	</controls>
</window>