<?xml version="1.0" encoding="UTF-8"?>
<includes>
	<include name="WindowOpenCloseAnimation">
		<param name="windowOpen">True</param>
		<param name="windowClose">True</param>
		<definition>
			<animation effect="slide" tween="sine" time="720" start="0,1080" end="0,0" condition="$PARAM[windowOpen]">WindowOpen</animation>
			<animation effect="slide" tween="sine" time="720" end="0,1080" start="0,0" condition="$PARAM[windowClose]">WindowClose</animation>
		</definition>
	</include>
	<include name="DialogOpenCloseAnimation">
		<animation type="WindowOpen" reversible="false">
			<effect type="fade" start="0" end="100" time="500" tween="sine" easing="out" />
		</animation>
		<animation type="WindowClose" reversible="false">
			<effect type="fade" start="100" end="0" time="500" tween="sine" easing="in" />
		</animation>
	</include>
	<include name="VisibleFadeAnimation">
		<animation effect="fade" time="300">Visible</animation>
		<animation effect="fade" time="300">Hidden</animation>
	</include>
	<include name="SettingsFadeAnimation">
		<animation effect="fade" time="100" delay="200">Visible</animation>
		<animation effect="fade" time="50">Hidden</animation>
	</include>
	<include name="WindowSettingsFadeAnimation">
		<animation effect="fade" time="100" delay="200">WindowOpen</animation>
		<animation effect="fade" time="50">WindowClose</animation>
	</include>
	<include name="ViewAnimation">
		<animation effect="fade" start="0" end="100" time="500" tween="sine" easing="inout" reversible="true">VisibleChange</animation>
		<animation effect="slide" tween="cubic" time="720" start="0,1080" end="0,0">VisibleChange</animation>
	</include>
	<include name="Zoom">
		<animation effect="zoom" tween="cubic" time="320" start="0" end="100" center="CenterWidth,CenterHeight">VisibleChange</animation>
	</include>
	<include name="WindowASViewAnimation">
		<animation effect="slide" tween="cubic" time="720" start="0,1080" end="0,0">WindowOpen</animation>
		<animation effect="slide" tween="cubic" time="720" end="0,1080" start="0,0">WindowClose</animation>
	</include>
	<include name="DialogPopupAnimation">
		<animation type="WindowOpen" reversible="false">
			<effect type="slide" start="0,-196" end="0" tween="cubic" easing="inout" time="400" />
		</animation>
		<animation type="WindowClose" reversible="false">
			<effect type="slide" end="0,-196" start="0" tween="cubic" easing="inout" time="400" />
		</animation>
	</include>
	<include name="DialogPopupAnimation2">
		<animation type="WindowOpen" reversible="false">
			<effect type="slide" start="2000,0" end="0" tween="cubic" easing="inout" time="700" />
		</animation>
		<animation type="WindowClose" reversible="false">
			<effect type="slide" end="2000,0" start="0" tween="cubic" easing="inout" time="700" />
		</animation>
	</include>
	<include name="SubMenuAnimation">
		<animation effect="slide" end="0,-90" time="300" tween="cubic" easing="inout" condition="!ControlGroup(9001).HasFocus() + Skin.HasSetting(Detach.RSS)">conditional</animation>
		<animation effect="fade" start="100" end="0" time="300" condition="!ControlGroup(9001).HasFocus() + Skin.HasSetting(Detach.RSS)">conditional</animation>
	</include>
	<include name="InfoPanelDelayAnimation">
		<visible>![Container.OnNext | Container.OnPrevious]</visible>
		<animation effect="fade" end="100" time="120" delay="2000" condition="String.IsEqual(Skin.String(InfoPanel.Delay),2)">Visible</animation>
		<animation effect="fade" end="100" time="120" delay="3000" condition="String.IsEqual(Skin.String(InfoPanel.Delay),3)">Visible</animation>
		<animation effect="fade" end="100" time="120" delay="4000" condition="String.IsEqual(Skin.String(InfoPanel.Delay),4)">Visible</animation>
		<animation effect="fade" end="100" time="120" delay="5000" condition="String.IsEqual(Skin.String(InfoPanel.Delay),5)">Visible</animation>
	</include>
	<include name="FocusFadeInAnimation">
		<animation effect="fade" start="0" end="100" time="200" reversible="false">Focus</animation>
		<animation effect="fade" start="100" end="0" time="200" reversible="false">UnFocus</animation>
	</include>
	<include name="FocusFadeOutAnimation">
		<animation effect="fade" start="100" end="0" time="200" reversible="false">Focus</animation>
		<animation effect="fade" start="0" end="100" time="200" reversible="false">UnFocus</animation>
	</include>
	<include name="KenBurns">
		 <animation effect="zoom" start="110" end="130" center="auto" time="15000" tween="cubic" easing="inout" pulse="true" condition="!Skin.HasSetting(MusicGenreFanart)">Conditional</animation>
      	 <animation effect="slide" start="-10,-10" end="20,20" time="7000" tween="cubic" easing="inout" pulse="true" condition="!Skin.HasSetting(MusicGenreFanart)">Conditional</animation>
	</include>
</includes>