<?xml version="1.0" encoding="UTF-8"?>
<includes>
	<!-- BannerWall -->
	<include name="BannerWall">
		<control type="group">
			<visible>Control.IsVisible(58) + !Window.IsActive(addoninformation)</visible>
			<include>ViewAnimation</include>
			<top>ViewBannerWallTop</top>
			<left>ViewBannerWallLeft</left>
			<control type="image">
				<animation effect="fade" start="0" end="100" time="400" >WindowOpen</animation>
				<animation effect="fade" start="100" end="0" time="10" >WindowClose</animation>
				<left>-200</left>
				<top>-160</top>
				<width>2120</width>
				<height>1240</height>
				<texture>$VAR[ImageFanart]</texture>
				<aspectratio>stretch</aspectratio>
				<fadetime>200</fadetime>
			</control>
			<control type="image">
				<description>background image</description>
				<left>0</left>
				<top>21</top>
				<width>100%</width>
				<height>100%</height>
				<texture border="15">darky_home.png</texture>
			</control>
			<control type="fixedlist" id="58">
				<top>20</top>
				<left>40</left>
				<width>1920</width>
				<height>1060</height>
				<onleft>60</onleft>
				<align>center</align>
				<onright>noop</onright>
				<onup>58</onup>
				<ondown>58</ondown>
				<pagecontrol>60</pagecontrol>
				<focusposition>2</focusposition>
				<preloaditems>2</preloaditems>
				<viewtype label="31088">icon</viewtype>
				<scrolltime tween="quadratic" easing="out">300</scrolltime>
				<visible>Container.Content(tvshows) | Container.Content(movies)</visible>
				<itemlayout height="210" width="1920" condition="!Skin.HasSetting(Banner.Wall)">
				<control type="group">
					<top>40</top>
					    <control type="image" id="800011">
					        <top>-40</top>
							<left>0</left>
							<width>100%</width>
							<height>90</height>
							<align>center</align>
							<aspectratio>keep</aspectratio>
							<fadetime>1500</fadetime>
							<texture background="true">$INFO[ListItem.Art(clearlogo)]</texture>
							<visible>!String.IsEmpty(ListItem.Art(poster)) | String.IsEmpty(ListItem.Art(fanart))</visible>
						</control>
					<control type="label">
						<top>70</top>
						<width>100%</width>
						<height>20</height>
						<font>font15_bold</font>
						<align>center</align>
						<textcolor>white</textcolor>
						<selectedcolor>themecolor</selectedcolor>
						<label>$INFO[ListItem.Genre] | $INFO[ListItem.Duration] min.</label>
						<visible>!String.IsEmpty(ListItem.Art(poster)) | String.IsEmpty(ListItem.Art(fanart))</visible>
					</control>
				</control>
				</itemlayout>
				<focusedlayout height="250" width="1920" condition="!Skin.HasSetting(Banner.Wall)">
					<control type="image">
						<left>335</left>
						<top>-8</top>
						<left>-10</left>
						<width>1217</width>
						<height>235</height>
						<texture border="15">darky_flow.png</texture>
					</control>
					<control type="image">
						<left>350</left>
						<top>7</top>
						<left>6</left>
						<width>1187</width>
						<height>206</height>
						<aspectratio>scale</aspectratio>
						<fadetime>300</fadetime>
						<texture background="true">$VAR[BannerThumb]</texture>
						<visible>!String.IsEmpty(ListItem.Art(poster)) | String.IsEmpty(ListItem.Art(fanart))</visible>
					</control>
					<control type="group">
						<control type="image">
						<left>350</left>
							<top>7</top>
							<left>6</left>
							<width>1187</width>
							<height>206</height>
							<aspectratio>scale</aspectratio>
							<fadetime>300</fadetime>
							<texture background="true">$INFO[ListItem.Art(fanart)]</texture>
							<visible>String.IsEmpty(ListItem.Art(poster))</visible>
						</control>
					</control>
					<control type="image">
						<left>350</left>
						<top>7</top>
						<left>6</left>
						<width>1187</width>
						<height>41</height>
						<texture border="15">darky.png</texture>
					</control>
					<control type="label">
						<left>355</left>
						<top>7</top>
						<left>50</left>
						<width>100%</width>
						<height>40</height>
						<font>font15</font>
						<align>left</align>
						<textcolor>themecolor</textcolor>
						<label>[B]$INFO[ListItem.Genre][/B]</label>
					</control>
					<control type="label">
						<top>7</top>
						<right>490</right>
						<width>100%</width>
						<height>40</height>
						<font>font15</font>
						<align>right</align>
						<textcolor>themecolor</textcolor>
						<label>[B]$INFO[ListItem.Duration] min.[/B]</label>
					</control>
					<control type="image">
						<top>7</top>
						<left>1440</left>
						<width>100</width>
						<height>100</height>
						<texture>$VAR[OverlayVar]</texture>
						<aspectratio align="center" aligny="top">keep</aspectratio>
					</control>
					<control type="group">
						<left>40</left>
						<top>20</top>
						<include condition="Skin.HasSetting(Disable.UnwatchedIcon)">UnwatchedIcon</include>
					</control>
				</focusedlayout>
			</control>
			
					<control type="image">
						<top>40</top>
						<left>1645</left>
						<height>250</height>
						<width>250</width>
						<aspectratio>keep</aspectratio>
						<fadetime>1500</fadetime>
						<texture diffuse="thumbs/cdart_mask.png">$INFO[ListItem.Art(discart)]</texture>
						<animation effect="rotate" end="-360" center="auto" time="6800" loop="true" reversible="false" condition="true">Conditional</animation>
						<!--<animation effect="rotatey" center="auto" start="0" end="-20" time="1550" loop="true" reversible="true" condition="true">Conditional</animation>-->
					</control>
					
				<control type="grouplist">
					<top>150</top>
					<left>1710</left>
					<align>center</align>
					<orientation>vertical</orientation>
					<visible>[Container.Content(movies) | Container.Content(tvshows) | Container.Content(seasons) | Container.Content(episodes)]</visible>
					<control type="image" id="800022">
						<colordiffuse>white</colordiffuse>
						<include>MediaFlagVars</include>
						<texture>$VAR[StudioFlagPathVar]$INFO[ListItem.Studio,,.png]</texture>
					</control>
					<control type="image">
						<colordiffuse>white</colordiffuse>
						<include>MediaFlagVars</include>
						<texture>$INFO[ListItem.AudioCodec,flags/audio/,.png]</texture>
					</control>
					<control type="image">
						<colordiffuse>white</colordiffuse>
						<include>MediaFlagVars</include>
						<texture>$INFO[ListItem.AudioChannels,flags/channels/,.png]</texture>
					</control>
					<control type="image">
						<colordiffuse>white</colordiffuse>
						<include>MediaFlagVars</include>
						<texture>$INFO[ListItem.VideoAspect,flags/aspectratio2/,.png]</texture>
					</control>
					<control type="image">
						<colordiffuse>white</colordiffuse>
						<include>MediaFlagVars</include>
						<texture>$INFO[ListItem.VideoResolution,flags/resolution/,.png]</texture>
					</control>
					<control type="image">
						<colordiffuse>white</colordiffuse>
						<include>MediaFlagVars</include>
						<texture>$VAR[RatingFlagVar]</texture>
					</control>
				</control>
			<control type="scrollbar" id="60">
				<left>104</left>
				<top>120</top>
				<width>28</width>
				<height>880</height>
				<onright>50</onright>
				<onleft>SetProperty(MediaMenu,True,home)</onleft>
				<onleft>SetFocus(9050)</onleft>
				<ondown>60</ondown>
				<onup>60</onup>
				<showonepage>false</showonepage>
				<texturesliderbackground colordiffuse="55ffffff" border="1">scrollbar/texturesliderbar2.png</texturesliderbackground>
				<texturesliderbar colordiffuse="FF000000" border="1">scrollbar/texturesliderbar2.png</texturesliderbar>
				<texturesliderbarfocus border="1">scrollbar/texturesliderbar2.png</texturesliderbarfocus>
				<animation effect="fade" start="100" end="0" time="500" delay="500" condition="!Control.HasFocus(60) + !Container.Scrolling">Conditional</animation>
			</control>
		</control>
	</include>
	
	<include name="View_58_MusicAlbumWall">
		<control type="group">
			<visible>Control.IsVisible(58) + !Window.IsActive(addoninformation)</visible>
			<include>Zoom</include>
			<left>ViewInfoWallLeft</left>
			<top>-65</top>
			<control type="image">
				<description>background image</description>
				<left>140</left>
				<top>1080</top>
				<width>BackPanelInfoWallSquareWidth</width>
				<height>964</height>
				<texture border="40">panel_reflect.png</texture>
			</control>
			<control type="image">
				<description>background image</description>
				<left>140</left>
				<top>148</top>
				<width>BackPanelInfoWallSquareWidth</width>
				<height>964</height>
				<texture border="40">listpanel_back.png</texture>
			</control>
			<control type="fixedlist" id="58">
				<left>170</left>
				<top>179</top>
				<width>1000</width>
				<height>900</height>
				<onleft condition="Control.IsVisible(60)">60</onleft>
				<onleft condition="!Control.IsVisible(60)">SetProperty(MediaMenu,True,home)</onleft>
				<onleft condition="!Control.IsVisible(60)">SetFocus(9050)</onleft>
				<onright>61</onright>
				<onup>58</onup>
				<ondown>58</ondown>
				<pagecontrol>60</pagecontrol>
				<focusposition>1</focusposition>
				<preloaditems>2</preloaditems>
				<viewtype label="Carousel">list</viewtype>
				<scrolltime tween="Bounce" easing="inout">500</scrolltime>
				<visible>Container.Content(albums) | Container.Content(addons)</visible>
				<itemlayout height="300" width="300" condition="Container.Content(albums)">
					<control type="image">
						<width>300</width>
						<height>300</height>
						<aspectratio>scale</aspectratio>
						<texture background="true">$INFO[ListItem.Icon]</texture>
						<bordertexture border="2">thumbs/panel_border3.png</bordertexture>
						<bordersize>2</bordersize>
						<colordiffuse>44ffffff</colordiffuse>
					</control>
					<control type="image">
						<width>300</width>
						<height>300</height>
						<texture>white.png</texture>
						<bordersize>2</bordersize>
						<colordiffuse>44ffffff</colordiffuse>
					</control>
					<control type="group">
						<top>90</top>
						<left>321</left>
						<control type="label">
							<width>680</width>
							<height>60</height>
							<font>font16_title_bold</font>
							<textcolor>white</textcolor>
							<scroll>true</scroll>
							<label>$INFO[ListItem.Album]</label>
							<textoffsetx>15</textoffsetx>
						<colordiffuse>44ffffff</colordiffuse>
						</control>
						<control type="button">
							<top>81</top>
							<width>680</width>
							<label>$INFO[ListItem.Artist,,[CR]]$INFO[ListItem.Year]$INFO[ListItem.Property(Album_Label), • ]</label>
							<include>ShowCaseInfoPanelButtonsValuesNoSeperator</include>
							<visible>Container.Content(albums) | Container.Content(addons)</visible>
							<colordiffuse>44ffffff</colordiffuse>
						</control>
					</control>
				</itemlayout>
				<focusedlayout height="300" width="1000" condition="Container.Content(albums)">
					<control type="image">
						<width>300</width>
						<height>300</height>
						<aspectratio>scale</aspectratio>
						<texture background="true">$INFO[ListItem.Icon]</texture>
						<bordertexture border="2">thumbs/panel_border3.png</bordertexture>
						<bordersize>2</bordersize>
					</control>
					<control type="image">
						<width>300</width>
						<height>300</height>
						<texture>white.png</texture>
						<bordersize>2</bordersize>
						<colordiffuse>44ffffff</colordiffuse>
						<include>FocusFadeOutAnimation</include>
					</control>
					<control type="image">
						<width>300</width>
						<height>300</height>
						<texture border="10">thumbs/thumbnail_focused.png</texture>
						<include>FocusFadeInAnimation</include>
					</control>
					<control type="group">
						<top>90</top>
						<left>321</left>
						<control type="label">
							<width>680</width>
							<height>60</height>
							<font>font16_title_bold</font>
							<textcolor>white</textcolor>
							<scroll>true</scroll>
							<label>$INFO[ListItem.Album]</label>
							<textoffsetx>15</textoffsetx>
						</control>
						<control type="button">
							<top>81</top>
							<width>680</width>
							<label>$INFO[ListItem.Artist,,[CR]]$INFO[ListItem.Year]$INFO[ListItem.Property(Album_Label), • ]</label>
							<include>ShowCaseInfoPanelButtonsValuesNoSeperator</include>
							<visible>Container.Content(albums) </visible>
						</control>
						<control type="button">
							<top>81</top>
							<width>680</width>
							<label>$INFO[ListItem.Title]</label>
							<include>ShowCaseInfoPanelButtonsValuesNoSeperator</include>
							<visible>Container.Content(addons) </visible>
						</control>
					</control>
				</focusedlayout>
			</control>
			<control type="scrollbar" id="60">
				<left>154</left>
				<top>179</top>
				<width>14</width>
				<height>900</height>
				<onright>50</onright>
				<onleft>SetProperty(MediaMenu,True,home)</onleft>
				<onleft>SetFocus(9050)</onleft>
				<ondown>60</ondown>
				<onup>60</onup>
				<showonepage>false</showonepage>
				<texturesliderbackground />
				<texturesliderbar colordiffuse="55ffffff" border="1">scrollbar/texturesliderbar2.png</texturesliderbar>
				<texturesliderbarfocus border="1">scrollbar/texturesliderbar2.png</texturesliderbarfocus>
				<animation effect="fade" start="100" end="0" time="500" delay="500" condition="!Control.HasFocus(60) + !Container.Scrolling">Conditional</animation>
			</control>
		<!--	<control type="list">
				<top>300</top>
				<left>1010</left>
				<width>600</width>
				<height>600</height>
				<onleft>58</onleft>
				<align>left</align>
				<onright>noop</onright>
				<onup>58</onup>
				<ondown>58</ondown>
				<pagecontrol>61</pagecontrol>
				<preloaditems>4</preloaditems>
				<viewtype>list</viewtype>
				<scrolltime tween="quadratic" easing="out">100</scrolltime>
				<itemlayout height="30" width="1270">
				<control type="group">
					<control type="label">
						<width>100%</width>
						<height>25</height>
						<font>font24</font>
						<textcolor>white</textcolor>
						<selectedcolor>themecolor</selectedcolor>
						<align>center</align>
						<label>$INFO[ListItem.Title]</label>
					</control>
				</control>
				</itemlayout>
				<focusedlayout height="30" width="1270">
				<control type="label">
						<width>100%</width>
						<height>25</height>
						<font>font24</font>
						<textcolor>themecolor</textcolor>
						<selectedcolor>themecolor</selectedcolor>
						<align>center</align>
						<label>$INFO[ListItem.Title]</label>
					</control>
				</focusedlayout>
			</control> -->
			<control type="group">
				<left>InfoPanelInfoWallSquareLeft</left>
				<top>179</top>
				<control type="image">
					<width>680</width>
					<height>400</height>
					<aspectratio>scale</aspectratio>
					<texture background="true">$INFO[Container(51).ListItem.Art(fanart)]</texture>
					<fadetime>300</fadetime>
					<bordertexture border="2">thumbs/panel_border3.png</bordertexture>
					<bordersize>2</bordersize>
				</control>
			
				<control type="textbox">
					<label>$VAR[MusicPlotVar]</label>
					<top>555</top>
					<left>15</left>
					<width>650</width>
					<height>342</height>
					<font>font14_textbox</font>
					<autoscroll time="3000" delay="4000" repeat="5000">Skin.HasSetting(Enable.AutoScroll) + !Control.HasFocus(61)</autoscroll>
					<pagecontrol>61</pagecontrol>
					<include>ShowCaseInfoPanelButtonsValues</include>
				</control>
				<control type="scrollbar" id="61">
					<left>677</left>
					<top>555</top>
					<width>14</width>
					<height>342</height>
					<onleft>50</onleft>
					<onright>SetProperty(MediaMenu,True,home)</onright>
					<onright>SetFocus(9050)</onright>
					<ondown>61</ondown>
					<onup>61</onup>
					<showonepage>false</showonepage>
					<texturesliderbackground />
					<texturesliderbar colordiffuse="55ffffff" border="1">scrollbar/texturesliderbar2.png</texturesliderbar>
					<texturesliderbarfocus border="1">scrollbar/texturesliderbar2.png</texturesliderbarfocus>
				</control>
			</control>
		</control>
	</include>
	
	
</includes>