<?xml version="1.0" encoding="utf-8"?>
<includes>
	<include file="Defaults.xml"/>
	<include file="Includes_Animations.xml"/>
	<include file="Includes_Expressions.xml"/>
	<include file="Includes_Mainmenu.xml"/>
	<include file="Includes_Parameters.xml"/>
	<include file="Includes_Variables.xml"/>
	<include file="Includes_AddonBrowser.xml"/>
	<include file="Includes_DialogSelect.xml"/>
	<include file="Includes_DialogSettings.xml"/>
	<include file="Includes_Home_Widgets_Setup.xml"/>
	<include file="Viewtype50.xml"/>
	<include file="Viewtype52.xml"/>
	<include file="Viewtype53.xml"/>
	<include file="Viewtype54.xml"/>
	<include file="Viewtype55.xml"/>
	<include file="Viewtype56.xml"/>
	<include file="Viewtype57.xml"/>
	<!-- Fullscreen dimensions -->
	<include name="FullscreenDimensions">
		<left>0</left>
		<top>0</top>
		<width>1920</width>
		<height>1080</height>
	</include>
	<!-- Background image -->
	<include name="BackgroundImage">
		<control type="image">
			<include>FullscreenDimensions</include>
			<texture>special://skin/extras/backgrounds/default.png</texture>
		</control>
	</include>
	<!-- Dialog background image -->
	<include name="DialogBackgroundImage">
		<control type="image">
			<include>FullscreenDimensions</include>
			<texture>dialogs/DialogBackground.png</texture>
			<animation effect="fade" end="100" start="0" time="200">WindowOpen</animation>
			<animation delay="100" effect="fade" end="0" start="100" time="200">WindowClose</animation>
		</control>
	</include>
	<!-- Dialog text background image -->
	<include name="DialogTextBackgroundImage">
		<control type="image">
			<include>FullscreenDimensions</include>
			<texture>dialogs/DialogBackground.png</texture>
			<animation effect="fade" end="100" start="0" time="200">WindowOpen</animation>
			<animation delay="100" effect="fade" end="0" start="100" time="200">WindowClose</animation>
		</control>
	</include>
	<!-- Message Background image -->
	<include name="MessageBackground">
		<texture border="2">dialogs/DialogMessageBackground.png</texture>
		<bordertexture border="2">dialogs/Empty.png</bordertexture>
		<bordersize>-52</bordersize>
	</include>
	<!-- Widths -->
	<include name="Width195">
		<width>195</width>
	</include>
	<include name="Width292">
		<width>292</width>
	</include>
	<include name="Width673">
		<width>673</width>
	</include>
	<include name="Width770">
		<width>770</width>
	</include>
	<include name="Width715">
		<width>715</width>
	</include>
	<include name="Width812">
		<width>812</width>
	</include>
	<!-- OSD Padding -->
	<include name="osd_padding">
		<height>82</height>
		<width>17.36</width>
		<texture/>
	</include>
	<!-- Hidden Home List -->
	<include name="HiddenHomeList">
		<top>-10</top>
		<width>10</width>
		<height>1</height>
		<viewtype label="">list</viewtype>
		<orientation>horizontal</orientation>
		<itemlayout height="1" width="1"/>
		<focusedlayout height="1" width="1"/>
	</include>
	<!-- Fanart -->
	<include name="Fanart">
		<control type="group">
			<animation condition="!Window.Previous(visualisation)" delay="800" effect="fade" end="100" start="0" time="200">WindowOpen</animation>
			<control type="image">
				<include>FullscreenDimensions</include>
				<fadetime>400</fadetime>
				<colordiffuse>26ffffff</colordiffuse>
				<texture background="true">$VAR[Fanart]</texture>
			</control>
		</control>
	</include>
	<!-- No textures -->
	<include name="NoTextures">
		<texturefocus/>
		<texturenofocus/>
		<alttexturenofocus/>
		<alttexturefocus/>
		<textureradioonfocus/>
		<textureradioonnofocus/>
		<textureradioofffocus/>
		<textureradiooffnofocus/>
		<textureup/>
		<texturedown/>
		<textureupfocus/>
		<texturedownfocus/>
	</include>
	<!-- Hidden control -->
	<include name="HiddenControl">
		<left>-10</left>
		<top>-10</top>
		<width>1</width>
		<height>1</height>
		<font/>
		<texture/>
		<texturefocus/>
		<texturenofocus/>
		<alttexturenofocus/>
		<alttexturefocus/>
		<textureradiofocus/>
		<textureradionofocus/>
	</include>
	<!-- BBFC Ratings -->
	<include name="Rating_BBFC">
		<control type="image">
			<top>3</top>
			<width>33</width>
			<height>23</height>
			<colordiffuse>ffdadada</colordiffuse>
			<texture>rating/bbfc/pg.png</texture>
			<visible>Container.Content(movies) + !String.IsEmpty(ListItem.Mpaa) + String.EndsWith(ListItem.Mpaa,pg)</visible>
		</control>
		<control type="image">
			<top>3</top>
			<width>29</width>
			<height>23</height>
			<colordiffuse>ffdadada</colordiffuse>
			<texture>rating/bbfc/12.png</texture>
			<visible>Container.Content(movies) + !String.IsEmpty(ListItem.Mpaa) + String.EndsWith(ListItem.Mpaa,12)</visible>
		</control>
		<control type="image">
			<top>3</top>
			<width>38</width>
			<height>23</height>
			<colordiffuse>ffdadada</colordiffuse>
			<texture>rating/bbfc/12A.png</texture>
			<visible>Container.Content(movies) + !String.IsEmpty(ListItem.Mpaa) + String.EndsWith(ListItem.Mpaa,12a)</visible>
		</control>
		<control type="image">
			<top>3</top>
			<width>29</width>
			<height>23</height>
			<colordiffuse>ffdadada</colordiffuse>
			<texture>rating/bbfc/15.png</texture>
			<visible>Container.Content(movies) + !String.IsEmpty(ListItem.Mpaa) + String.EndsWith(ListItem.Mpaa,15)</visible>
		</control>
		<control type="image">
			<top>3</top>
			<width>29</width>
			<height>23</height>
			<colordiffuse>ffdadada</colordiffuse>
			<texture>rating/bbfc/18.png</texture>
			<visible>Container.Content(movies) + !String.IsEmpty(ListItem.Mpaa) + String.EndsWith(ListItem.Mpaa,18)</visible>
		</control>
		<control type="image">
			<top>3</top>
			<width>23</width>
			<height>23</height>
			<colordiffuse>ffdadada</colordiffuse>
			<texture>rating/bbfc/u.png</texture>
			<visible>Container.Content(movies) + !String.IsEmpty(ListItem.Mpaa) + String.EndsWith(ListItem.Mpaa,u)</visible>
		</control>
	</include>
	<!-- FSK Ratings -->
	<include name="Rating_FSK">
		<control type="image">
			<top>3</top>
			<width>25</width>
			<height>23</height>
			<colordiffuse>ffdadada</colordiffuse>
			<texture>rating/fsk/0.png</texture>
			<visible>Container.Content(movies) + !String.IsEmpty(ListItem.Mpaa) + String.EndsWith(ListItem.Mpaa,0)</visible>
		</control>
		<control type="image">
			<top>3</top>
			<width>25</width>
			<height>23</height>
			<colordiffuse>ffdadada</colordiffuse>
			<texture>rating/fsk/6.png</texture>
			<visible>Container.Content(movies) + !String.IsEmpty(ListItem.Mpaa) + String.Contains(ListItem.Mpaa,6) + !String.EndsWith(ListItem.Mpaa,16)</visible>
		</control>
		<control type="image">
			<top>3</top>
			<width>25</width>
			<height>23</height>
			<colordiffuse>ffdadada</colordiffuse>
			<texture>rating/fsk/12.png</texture>
			<visible>Container.Content(movies) + !String.IsEmpty(ListItem.Mpaa) + String.EndsWith(ListItem.Mpaa,12)</visible>
		</control>
		<control type="image">
			<top>3</top>
			<width>25</width>
			<height>23</height>
			<colordiffuse>ffdadada</colordiffuse>
			<texture>rating/fsk/16.png</texture>
			<visible>Container.Content(movies) + !String.IsEmpty(ListItem.Mpaa) + String.EndsWith(ListItem.Mpaa,16)</visible>
		</control>
		<control type="image">
			<top>3</top>
			<width>25</width>
			<height>23</height>
			<colordiffuse>ffdadada</colordiffuse>
			<texture>rating/fsk/18.png</texture>
			<visible>Container.Content(movies) + !String.IsEmpty(ListItem.Mpaa) + String.EndsWith(ListItem.Mpaa,18)</visible>
		</control>
	</include>
	<!-- MPAA Ratings -->
	<include name="Rating_MPAA">
		<control type="image">
			<top>3</top>
			<width>59</width>
			<height>23</height>
			<colordiffuse>ffdadada</colordiffuse>
			<texture>rating/mpaa/nc17.png</texture>
			<visible>Container.Content(movies) + !String.IsEmpty(ListItem.Mpaa) + String.EndsWith(ListItem.Mpaa,nc)</visible>
		</control>
		<control type="image">
			<top>3</top>
			<width>59</width>
			<height>23</height>
			<colordiffuse>ffdadada</colordiffuse>
			<texture>rating/mpaa/pg13.png</texture>
			<visible>Container.Content(movies) + !String.IsEmpty(ListItem.Mpaa) + String.EndsWith(ListItem.Mpaa,13)</visible>
		</control>
		<control type="image">
			<top>3</top>
			<width>35</width>
			<height>23</height>
			<colordiffuse>ffdadada</colordiffuse>
			<texture>rating/mpaa/nr.png</texture>
			<visible>Container.Content(movies) + !String.IsEmpty(ListItem.Mpaa) + String.EndsWith(ListItem.Mpaa,nr)</visible>
		</control>
		<control type="image">
			<top>3</top>
			<width>25</width>
			<height>23</height>
			<colordiffuse>ffdadada</colordiffuse>
			<texture>rating/mpaa/r.png</texture>
			<visible>Container.Content(movies) + !String.IsEmpty(ListItem.Mpaa) + String.EndsWith(ListItem.Mpaa,r) + !String.EndsWith(ListItem.Mpaa,nr)</visible>
		</control>
		<control type="image">
			<top>3</top>
			<width>35</width>
			<height>23</height>
			<colordiffuse>ffdadada</colordiffuse>
			<texture>rating/mpaa/pg.png</texture>
			<visible>Container.Content(movies) + !String.IsEmpty(ListItem.Mpaa) + String.EndsWith(ListItem.Mpaa,pg)</visible>
		</control>
		<control type="image">
			<top>3</top>
			<width>25</width>
			<height>23</height>
			<colordiffuse>ffdadada</colordiffuse>
			<texture>rating/mpaa/g.png</texture>
			<visible>Container.Content(movies) + !String.IsEmpty(ListItem.Mpaa) + String.Contains(ListItem.Mpaa,g) + !String.Contains(ListItem.Mpaa,pg)</visible>
		</control>
	</include>
	<!-- TV Ratings -->
	<include name="Rating_TV">
		<control type="image">
			<top>3</top>
			<width>59</width>
			<height>23</height>
			<colordiffuse>ffdadada</colordiffuse>
			<texture>rating/tv/14.png</texture>
			<visible>Container.Content(tvshows) + !String.IsEmpty(ListItem.Mpaa) + String.Contains(ListItem.Mpaa,14)</visible>
		</control>
		<control type="image">
			<top>3</top>
			<width>59</width>
			<height>23</height>
			<colordiffuse>ffdadada</colordiffuse>
			<texture>rating/tv/g.png</texture>
			<visible>Container.Content(tvshows) + !String.IsEmpty(ListItem.Mpaa) + String.Contains(ListItem.Mpaa,g) + !String.Contains(ListItem.Mpaa,pg)</visible>
		</control>
		<control type="image">
			<top>3</top>
			<width>59</width>
			<height>23</height>
			<colordiffuse>ffdadada</colordiffuse>
			<texture>rating/tv/pg.png</texture>
			<visible>Container.Content(tvshows) + !String.IsEmpty(ListItem.Mpaa) + String.Contains(ListItem.Mpaa,pg)</visible>
		</control>
		<control type="image">
			<top>3</top>
			<width>59</width>
			<height>23</height>
			<colordiffuse>ffdadada</colordiffuse>
			<texture>rating/tv/ma.png</texture>
			<visible>Container.Content(tvshows) + !String.IsEmpty(ListItem.Mpaa) + String.Contains(ListItem.Mpaa,ma)</visible>
		</control>
		<control type="image">
			<top>3</top>
			<width>59</width>
			<height>23</height>
			<colordiffuse>ffdadada</colordiffuse>
			<texture>rating/tv/nr.png</texture>
			<visible>Container.Content(tvshows) + !String.IsEmpty(ListItem.Mpaa) + String.Contains(ListItem.Mpaa,nr)</visible>
		</control>
		<control type="image">
			<top>3</top>
			<width>59</width>
			<height>23</height>
			<colordiffuse>ffdadada</colordiffuse>
			<texture>rating/tv/y.png</texture>
			<visible>Container.Content(tvshows) + !String.IsEmpty(ListItem.Mpaa) + String.Contains(ListItem.Mpaa,y) + !String.Contains(ListItem.Mpaa,y7)</visible>
		</control>
		<control type="image">
			<top>3</top>
			<width>59</width>
			<height>23</height>
			<colordiffuse>ffdadada</colordiffuse>
			<texture>rating/tv/y7.png</texture>
			<visible>Container.Content(tvshows) + !String.IsEmpty(ListItem.Mpaa) + String.Contains(ListItem.Mpaa,y7)</visible>
		</control>
	</include>
	<!-- TV Episode Ratings -->
	<include name="Rating_TV_Episodes">
		<control type="image">
			<top>3</top>
			<width>59</width>
			<height>23</height>
			<colordiffuse>ffdadada</colordiffuse>
			<texture>rating/tv/14.png</texture>
			<visible>!String.IsEmpty(ListItem.Mpaa) + String.Contains(ListItem.Mpaa,14)</visible>
		</control>
		<control type="image">
			<top>3</top>
			<width>59</width>
			<height>23</height>
			<colordiffuse>ffdadada</colordiffuse>
			<texture>rating/tv/g.png</texture>
			<visible>!String.IsEmpty(ListItem.Mpaa) + String.Contains(ListItem.Mpaa,g) + !String.Contains(ListItem.Mpaa,pg)</visible>
		</control>
		<control type="image">
			<top>3</top>
			<width>59</width>
			<height>23</height>
			<colordiffuse>ffdadada</colordiffuse>
			<texture>rating/tv/pg.png</texture>
			<visible>!String.IsEmpty(ListItem.Mpaa) + String.Contains(ListItem.Mpaa,pg)</visible>
		</control>
		<control type="image">
			<top>3</top>
			<width>59</width>
			<height>23</height>
			<colordiffuse>ffdadada</colordiffuse>
			<texture>rating/tv/ma.png</texture>
			<visible>!String.IsEmpty(ListItem.Mpaa) + String.Contains(ListItem.Mpaa,ma)</visible>
		</control>
		<control type="image">
			<top>3</top>
			<width>59</width>
			<height>23</height>
			<colordiffuse>ffdadada</colordiffuse>
			<texture>rating/tv/nr.png</texture>
			<visible>!String.IsEmpty(ListItem.Mpaa) + String.Contains(ListItem.Mpaa,nr)</visible>
		</control>
		<control type="image">
			<top>3</top>
			<width>59</width>
			<height>23</height>
			<colordiffuse>ffdadada</colordiffuse>
			<texture>rating/tv/y.png</texture>
			<visible>!String.IsEmpty(ListItem.Mpaa) + String.Contains(ListItem.Mpaa,y) + !String.Contains(ListItem.Mpaa,y7)</visible>
		</control>
		<control type="image">
			<top>3</top>
			<width>59</width>
			<height>23</height>
			<colordiffuse>ffdadada</colordiffuse>
			<texture>rating/tv/y7.png</texture>
			<visible>!String.IsEmpty(ListItem.Mpaa) + String.Contains(ListItem.Mpaa,y7)</visible>
		</control>
	</include>
	<!-- Keyboard buttons -->
	<include name="KeyboardButtons">
		<width>78</width>
		<height>78</height>
		<font>Med40</font>
		<align>center</align>
		<aligny>center</aligny>
		<textcolor>ffdadada</textcolor>
		<focusedcolor>ff0c0c0c</focusedcolor>
		<texturefocus border="2">dialogs/KeyboardButtonFO.png</texturefocus>
		<texturenofocus border="2">dialogs/KeyboardButtonNF.png</texturenofocus>
	</include>
	<!-- Numeric buttons -->
	<include name="NumericButtons">
		<width>168</width>
		<height>168</height>
		<font>Med40</font>
		<align>center</align>
		<aligny>center</aligny>
		<textcolor>ffdadada</textcolor>
		<focusedcolor>ff0c0c0c</focusedcolor>
		<texturefocus border="2">dialogs/KeyboardButtonFO.png</texturefocus>
		<texturenofocus border="2">dialogs/KeyboardButtonNF.png</texturenofocus>
	</include>
</includes>
