<?xml version="1.0" encoding="UTF-8"?>
<window>
	<defaultcontrol always="true">3012</defaultcontrol>
	<onload>Dialog.Close(fullscreeninfo,true)</onload>
	<onload>Dialog.Close(videoosd,true)</onload>
	<controls>
		<control type="button" id="3012">
			<include>HiddenControl</include>
			<onback>SendClick(3013)</onback>
		</control>
		<control type="button" id="3013">
			<include>HiddenControl</include>
		</control>
		<control type="progress" id="3014">
			<include>HiddenControl</include>
		</control>
		<control type="group">
			<left>1472</left>
			<top>564</top>
			<width>328</width>
			<!--  Next up label -->
			<control type="label">
				<width>auto</width>
				<height>50</height>
				<font>OSD40</font>
				<textcolor>ffffffff</textcolor>
				<shadowcolor>ff080808</shadowcolor>
				<label>31164</label>
			</control>
			<!-- Next episode thumb -->
			<control type="image">
				<top>76</top>
				<width>328</width>
				<height>245</height>
				<texture>views/episode_fallback.png</texture>
				<aspectratio>scale</aspectratio>
			</control>
			<control type="image">
				<top>76</top>
				<width>328</width>
				<height>245</height>
				<aspectratio>scale</aspectratio>
				<texture>$VAR[NextUpThumb]</texture>
			</control>
			<!-- Next episode countdown -->
			<control type="image">
				<left>109</left>
				<top>142</top>
				<width>110</width>
				<height>110</height>
				<texture>osd/nextup/progress/background.png</texture>
			</control>
			<control type="image">
				<left>109</left>
				<top>142</top>
				<width>110</width>
				<height>110</height>
				<texture>$INFO[Control.GetLabel(3014),osd/nextup/progress/percent,.png]</texture>
			</control>
			<control type="image">
				<top>321</top>
				<width>328</width>
				<height>68</height>
				<texture>osd/nextup/background.png</texture>
			</control>
			<!--  Next episode label -->
			<control type="label">
				<top>335</top>
				<width>328</width>
				<height>40</height>
				<font>Reg28</font>
				<align>center</align>
				<textcolor>ff000000</textcolor>
				<label>$INFO[Window.Property(episode),Ep. ]</label>
			</control>
			<!--  Close NextUp label -->
			<control type="label">
				<right>52</right>
				<top>424</top>
				<width>328</width>
				<height>40</height>
				<font>OSD32</font>
				<align>right</align>
				<textcolor>ffffffff</textcolor>
				<shadowcolor>ff080808</shadowcolor>
				<label>$LOCALIZE[31229]</label>
			</control>
			<!--  Close NextUp image -->
			<control type="image">
				<right>0</right>
				<top>423</top>
				<width>44</width>
				<height>44</height>
				<texture>osd/nextup/back.png</texture>
			</control>
		</control>
	</controls>
</window>
