<?xml version="1.0" encoding="UTF-8"?>
<window>
	<!-- smartplaylisteditor -->
	<defaultcontrol always="true">22</defaultcontrol>
	<controls>
		<include>DialogBackgroundImage</include>
		<!-- Main group -->
		<control type="group">
			<left>190</left>
			<top>186</top>
			<width>1540</width>
			<height>732</height>
			<include>DialogZoomAnimation</include>
			<control type="image">
				<width>1540</width>
				<height>732</height>
				<texture>dialogs/smart_playlist_editor_back.png</texture>
			</control>
			<!-- Heading -->
			<control type="label" id="2">
				<left>40</left>
				<top>14</top>
				<height>30</height>
				<width>1540</width>
				<aligny>center</aligny>
				<font>Bold30</font>
				<label>21432</label>
				<textcolor>ffdadada</textcolor>
			</control>
			<!-- Left group -->
			<control type="grouplist" id="100">
				<top>60</top>
				<width>570</width>
				<height>672</height>
				<itemgap>0</itemgap>
				<onleft>back</onleft>
				<onright>10</onright>
				<!-- Set Playlist type -->
				<control type="button" id="22">
					<width>570</width>
					<height>84</height>
					<font>Light32</font>
					<label>467</label>
					<textoffsetx>40</textoffsetx>
					<textcolor>ff505153</textcolor>
					<focusedcolor>ffffaf37</focusedcolor>
					<texturefocus border="3">settings/button_focus.png</texturefocus>
					<texturenofocus border="3">settings/button_no_focus.png</texturenofocus>
					<aligny>center</aligny>
					<reverse>yes</reverse>
				</control>
				<!-- Name Button -->
				<control type="edit" id="12">
					<width>570</width>
					<height>84</height>
					<font>Light32</font>
					<textoffsetx>40</textoffsetx>
					<textcolor>ff505153</textcolor>
					<focusedcolor>ffffaf37</focusedcolor>
					<hinttext>21433</hinttext>
					<texturefocus border="3">settings/button_focus.png</texturefocus>
					<texturenofocus border="3">settings/button_no_focus.png</texturenofocus>
				</control>
				<!-- Default button -->
				<control type="button" id="16">
					<width>570</width>
					<height>84</height>
					<font>Light32</font>
					<label>21424</label>
					<textoffsetx>40</textoffsetx>
					<textcolor>ff505153</textcolor>
					<focusedcolor>ffffaf37</focusedcolor>
					<texturefocus border="3">settings/button_focus.png</texturefocus>
					<texturenofocus border="3">settings/button_no_focus.png</texturenofocus>
					<aligny>center</aligny>
					<reverse>yes</reverse>
				</control>
				<!-- Default button -->
				<control type="button" id="17">
					<width>570</width>
					<height>84</height>
					<font>Light32</font>
					<label>21427</label>
					<textoffsetx>40</textoffsetx>
					<textcolor>ff505153</textcolor>
					<focusedcolor>ffffaf37</focusedcolor>
					<texturefocus border="3">settings/button_focus.png</texturefocus>
					<texturenofocus border="3">settings/button_no_focus.png</texturenofocus>
					<aligny>center</aligny>
					<reverse>yes</reverse>
				</control>
				<!-- Default button -->
				<control type="button" id="18">
					<width>570</width>
					<height>84</height>
					<font>Light32</font>
					<label>21429</label>
					<textoffsetx>40</textoffsetx>
					<textcolor>ff505153</textcolor>
					<focusedcolor>ffffaf37</focusedcolor>
					<texturefocus border="3">settings/button_focus.png</texturefocus>
					<texturenofocus border="3">settings/button_no_focus.png</texturenofocus>
					<aligny>center</aligny>
					<reverse>yes</reverse>
				</control>
				<!-- Default button -->
				<control type="button" id="19">
					<width>570</width>
					<height>84</height>
					<font>Light32</font>
					<label>31248</label>
					<textoffsetx>40</textoffsetx>
					<textcolor>ff505153</textcolor>
					<focusedcolor>ffffaf37</focusedcolor>
					<texturefocus border="3">settings/button_focus.png</texturefocus>
					<texturenofocus border="3">settings/button_no_focus.png</texturenofocus>
					<aligny>center</aligny>
				</control>
				<!-- Default button -->
				<control type="button" id="23">
					<width>570</width>
					<height>84</height>
					<font>Light32</font>
					<label>21458</label>
					<textoffsetx>40</textoffsetx>
					<textcolor>ff505153</textcolor>
					<focusedcolor>ffffaf37</focusedcolor>
					<texturefocus border="3">settings/button_focus.png</texturefocus>
					<texturenofocus border="3">settings/button_no_focus.png</texturenofocus>
					<aligny>center</aligny>
					<reverse>yes</reverse>
				</control>
				<!-- Default radio button -->
				<control type="radiobutton" id="24">
					<width>570</width>
					<height>84</height>
					<font>Light32</font>
					<label>[CAPITALIZE]$LOCALIZE[21459][/CAPITALIZE]</label>
					<textwidth>738</textwidth>
					<textoffsetx>40</textoffsetx>
					<textcolor>ff505153</textcolor>
					<focusedcolor>ffffaf37</focusedcolor>
					<radiowidth>125</radiowidth>
					<radioheight>53</radioheight>
					<radioposx>410</radioposx>
					<textureradioonfocus>settings/radio_on_focus.png</textureradioonfocus>
					<textureradioonnofocus>settings/radio_on_no_focus.png</textureradioonnofocus>
					<textureradioondisabled>settings/radio_on_disabled.png</textureradioondisabled>
					<textureradioofffocus>settings/radio_off_focus.png</textureradioofffocus>
					<textureradiooffnofocus>settings/radio_off_no_focus.png</textureradiooffnofocus>
					<textureradiooffdisabled>settings/radio_off_disabled.png</textureradiooffdisabled>
					<texturefocus border="3">settings/button_focus.png</texturefocus>
					<texturenofocus border="3">settings/button_no_focus.png</texturenofocus>
				</control>
			</control>
			<!-- Right group -->
			<control type="group">
				<left>570</left>
				<top>60</top>
				<width>570</width>
				<height>672</height>
				<!-- Rules label -->
				<control type="label">
					<left>40</left>
					<width>690</width>
					<height>84</height>
					<font>Bold30</font>
					<textcolor>ffdadada</textcolor>
					<label>21434</label>
				</control>
				<control type="image">
					<width>570</width>
					<height>84</height>
					<texture border="3">settings/button_no_focus.png</texture>
				</control>
				<!-- Rules list -->
				<control type="list" id="10">
					<top>84</top>
					<width>570</width>
					<height>588</height>
					<onup>noop</onup>
					<ondown>noop</ondown>
					<onleft>100</onleft>
					<onright>9001</onright>
					<itemgap>0</itemgap>
					<scrolltime>0</scrolltime>
					<orientation>vertical</orientation>
					<itemlayout height="84" width="570">
						<control type="image">
							<width>570</width>
							<height>84</height>
							<texture border="3">settings/button_no_focus.png</texture>
						</control>
						<control type="label">
							<left>40</left>
							<width>490</width>
							<height>84</height>
							<font>Light32</font>
							<textcolor>ff505153</textcolor>
							<label>$INFO[ListItem.Label]</label>
						</control>
					</itemlayout>
					<focusedlayout height="84" width="570">
						<control type="image">
							<width>570</width>
							<height>84</height>
							<texture border="3">settings/button_focus.png</texture>
						</control>
						<control type="label">
							<left>40</left>
							<width>490</width>
							<height>84</height>
							<font>Light32</font>
							<textcolor>ffffaf37</textcolor>
							<label>$INFO[ListItem.Label]</label>
							<visible>Control.HasFocus(10)</visible>
						</control>
						<control type="label">
							<left>40</left>
							<width>490</width>
							<height>84</height>
							<font>Light32</font>
							<scroll>false</scroll>
							<textcolor>ffffffff</textcolor>
							<label>$INFO[ListItem.Label]</label>
							<visible>!Control.HasFocus(10)</visible>
						</control>
					</focusedlayout>
				</control>
			</control>
			<!-- Button grouplist -->
			<control type="grouplist" id="9001">
				<right>24</right>
				<bottom>33</bottom>
				<width>351</width>
				<height>420</height>
				<onleft>10</onleft>
				<onright>noop</onright>
				<onup>noop</onup>
				<ondown>noop</ondown>
				<onback>10</onback>
				<itemgap>10</itemgap>
				<align>right</align>
				<!-- Cancel Button -->
				<control type="button" id="21">
					<width>351</width>
					<height>76</height>
					<aligny>top</aligny>
					<font>Med24</font>
					<textoffsetx>23</textoffsetx>
					<textoffsety>27</textoffsety>
					<label>222</label>
				</control>
				<!-- OK Button -->
				<control type="button" id="20">
					<width>351</width>
					<height>76</height>
					<aligny>top</aligny>
					<font>Med24</font>
					<textoffsetx>23</textoffsetx>
					<textoffsety>27</textoffsety>
					<label>186</label>
				</control>
			</control>
		</control>
	</controls>
</window>
