<?xml version="1.0" encoding="utf-8"?><shortcuts>
	<!--<shortcut>
		<defaultID>589</defaultID>
		<label>589</label>
		<label2>Common menu item</label2>
		<icon>special://skin/extras/icons/musicdisc.png</icon>
		<thumb/>
		<action>PlayerControl(PartyMode)</action>
	</shortcut>
	<shortcut>
		<defaultID>7</defaultID>
		<label>7</label>
		<label2>Common menu item</label2>
		<icon>special://skin/extras/icons/file.png</icon>
		<thumb/>
		<action>ActivateWindow(FileManager)</action>
	</shortcut>
	<shortcut>
		<defaultID>14111</defaultID>
		<label>14111</label>
		<label2>Common menu item</label2>
		<icon>Events.png</icon>
		<thumb/>
		<action>ActivateWindow(EventLog,events://,return)</action>
	</shortcut>-->
</shortcuts>