<?xml version="1.0" encoding="UTF-8" standalone="yes"?>
<window>
	<defaultcontrol always="true">20</defaultcontrol>
	<views>20</views>
	<controls>
		<include>default_background</include>
		<control type="group">
			<include>common_window_animation</include>
			<include>dialog_fade</include>
		</control>
		<!-- Dialog items /-->
		<control type="group">
			<include>common_dialog_window_animation</include>
			<width>1482</width>
			<height>717</height>
			<centertop>50%</centertop>
			<centerleft>50%</centerleft>
			<include content="dialog_panel">
				<param name="width">1482</param>
				<param name="height">717</param>
				<param name="label">$LOCALIZE[31106]</param>
			</include>
			<!-- Background panels /-->
			<control type="image">
				<top>123</top>
				<left>34</left>
				<texture border="5" colordiffuse="primary900">shapes/white_rounded.png</texture>
				<height>560</height>
				<width>697</width>
			</control>
			<control type="image">
				<top>123</top>
				<left>751</left>
				<texture border="5" colordiffuse="primary900">shapes/white_rounded.png</texture>
				<height>560</height>
				<width>697</width>
			</control>
			<!-- Menu -->
			<control type="group">
				<control type="list" id="20">
					<onright>100</onright>
					<top>123</top>
					<left>34</left>
					<width>697</width>
					<height>560</height>
					<itemlayout height="80" width="779">
						<control type="group">
							<control type="label">
								<left>21</left>
								<label>$INFO[ListItem.Label]</label>
								<height>80</height>
								<width>655</width>
								<font>montserrat_semibold_22</font>
							</control>
						</control>
					</itemlayout>
					<focusedlayout height="80" width="779">
						<control type="group">
							<control type="image">
								<visible>Control.HasFocus(20)</visible>
								<height>80</height>
								<width>697</width>
								<texture colordiffuse="focus" border="5">shapes/white_rounded.png</texture>
							</control>
							<control type="label">
								<left>21</left>
								<label>$INFO[ListItem.Label]</label>
								<height>80</height>
								<width>655</width>
								<font>montserrat_semibold_22</font>
							</control>
						</control>
					</focusedlayout>
				</control>
				<control type="list" id="100">
					<onleft>20</onleft>
					<top>123</top>
					<left>751</left>
					<width>697</width>
					<height>560</height>
					<itemlayout height="80" width="779">
						<control type="group">
							<control type="label">
								<left>21</left>
								<label>$INFO[ListItem.Label]</label>
								<height>80</height>
								<width>655</width>
								<font>montserrat_semibold_22</font>
							</control>
						</control>
					</itemlayout>
					<focusedlayout height="80" width="779">
						<control type="group">
							<control type="image">
								<visible>Control.HasFocus(100)</visible>
								<height>80</height>
								<width>697</width>
								<texture colordiffuse="focus" border="5">shapes/white_rounded.png</texture>
							</control>
							<control type="label">
								<left>21</left>
								<label>$INFO[ListItem.Label]</label>
								<height>80</height>
								<width>655</width>
								<font>montserrat_semibold_22</font>
							</control>
						</control>
					</focusedlayout>
				</control>
			</control>
			<!-- Path label -->
			<control type="group">
				<left>21</left>
				<control type="label" id="12">
					<textcolor>text200</textcolor>
					<left>34</left>
					<top>78</top>
					<height>30</height>
					<width>655</width>
				</control>
				<control type="label" id="101">
					<textcolor>text200</textcolor>
					<left>751</left>
					<top>78</top>
					<height>30</height>
					<width>655</width>
				</control>
			</control>		
		</control>
	</controls>
</window>
