<?xml version="1.0" encoding="UTF-8"?>
<window type="dialog">
	<defaultcontrol always="true">450</defaultcontrol>
	<coordinates>
		<left>0</left>
		<top>0</top>
	</coordinates>
	<controls>
		<control type="group">
			<depth>DepthSideBlade</depth>
			<animation effect="slide" start="600,0" end="0,0" time="300" tween="quadratic" easing="out">WindowOpen</animation>
			<animation effect="slide" start="0,0" end="600,0" time="300" tween="quadratic" easing="out">WindowClose</animation>
			<control type="image">
				<left>600r</left>
				<top>0</top>
				<width>630</width>
				<height>1080</height>
				<texture border="22,0,0,0" flipx="true">HomeBladeSub.png</texture>
			</control>
			<control type="button">
				<description>Close Window button</description>
				<left>570r</left>
				<top>0</top>
				<width>96</width>
				<height>48</height>
				<label>-</label>
				<font>-</font>
				<onclick>PreviousMenu</onclick>
				<texturefocus>DialogCloseButton-focus.png</texturefocus>
				<texturenofocus>DialogCloseButton.png</texturenofocus>
				<onleft>450</onleft>
				<onright>450</onright>
				<onup>450</onup>
				<ondown>450</ondown>
				<visible>system.getbool(input.enablemouse)</visible>
			</control>
			<control type="image">
				<left>555r</left>
				<top>45</top>
				<width>300</width>
				<height>300</height>
				<aspectratio align="center">keep</aspectratio>
				<fadetime>IconCrossfadeTime</fadetime>
				<texture>$INFO[ListItem.Icon]</texture>
				<bordertexture border="12">ThumbShadow.png</bordertexture>
				<bordersize>12</bordersize>
			</control>
			<control type="list" id="450">
				<left>585r</left>
				<top>375</top>
				<width>675</width>
				<height>570</height>
				<onup>450</onup>
				<onleft>Dialog.Close(Favourites)</onleft>
				<onright>450</onright>
				<ondown>450</ondown>
				<pagecontrol>-</pagecontrol>
				<scrolltime>200</scrolltime>
				<itemlayout height="60">
					<control type="image">
						<left>0</left>
						<top>0</top>
						<width>555</width>
						<height>60</height>
						<texture border="8">button-nofocus.png</texture>
					</control>
					<control type="label">
						<left>15</left>
						<top>0</top>
						<width>525</width>
						<height>60</height>
						<font>font12_title</font>
						<align>left</align>
						<aligny>center</aligny>
						<selectedcolor>selected</selectedcolor>
						<info>ListItem.Label</info>
					</control>
				</itemlayout>
				<focusedlayout height="60">
					<control type="image">
						<left>0</left>
						<top>0</top>
						<width>555</width>
						<height>60</height>
						<visible>!Control.HasFocus(450)</visible>
						<texture border="4">button-nofocus.png</texture>
					</control>
					<control type="image">
						<left>0</left>
						<top>0</top>
						<width>555</width>
						<height>60</height>
						<visible>Control.HasFocus(450)</visible>
						<texture border="4">button-focus.png</texture>
					</control>
					<control type="label">
						<left>15</left>
						<top>0</top>
						<width>525</width>
						<height>60</height>
						<font>font12_title</font>
						<align>left</align>
						<aligny>center</aligny>
						<selectedcolor>selected</selectedcolor>
						<info>ListItem.Label</info>
					</control>
				</focusedlayout>
			</control>
			<control type="label">
				<description>Page label</description>
				<right>45</right>
				<top>1005</top>
				<width>525</width>
				<height>45</height>
				<align>right</align>
				<aligny>center</aligny>
				<font>font12</font>
				<textcolor>grey</textcolor>
				<label>([COLOR=blue]$INFO[Container(450).NumItems][/COLOR]) $LOCALIZE[31025] - $LOCALIZE[31024] ([COLOR=blue]$INFO[Container(450).CurrentPage]/$INFO[Container(450).NumPages][/COLOR])</label>
			</control>
		</control>
	</controls>
</window>