<?xml version="1.0" encoding="UTF-8"?>
<window id="1717">
    <defaultcontrol always="true">50</defaultcontrol>

    <backgroundcolor>background</backgroundcolor>
    <include>OpenClose</include>
    <controls>
        <include>Linemiddle</include>
        <include>WindowsTopInfos</include>
        <control type="group">
            <left>960</left>
            <top>131</top>
            <control type="list" id="50">
                <width>960</width>
                <height>801</height>
                <onleft>noop</onleft>
                <onright>noop</onright>
                <onup>50</onup>
                <ondown>50</ondown>
                <pagecontrol>60</pagecontrol>
                <focusposition>0</focusposition>
                <movement>5</movement>
                <scrolltime>250</scrolltime>
                <itemlayout width="960" height="111">
                    <control type="label" description="Main Label">
                        <include>SmallListMainLabel</include>
                        <label>$INFO[ListItem.Label]</label>
                    </control>
                    <control type="image" description="Icon">
                        <animation condition="true" effect="fade" start="100" end="60" time="0">Conditional</animation>
                        <right>50</right>
                        <height>81</height>
                        <width>42</width>
                        <aspectratio>keep</aspectratio>
                        <texture>DefaultIconWarning.png</texture>
                    </control>
                    <include>listline</include>
                </itemlayout>
                <focusedlayout width="960" height="111">
                    <include>LargeSelector</include>
                    <control type="label" description="Main Label">
                        <textcolor>main</textcolor>
                        <include>SmallListMainLabel</include>
                        <label>$INFO[ListItem.Label]</label>
                    </control>
                    <control type="image" description="Icon">
                        <animation effect="fade" start="60" end="100" time="100" delay="200">Focus</animation>
                        <right>50</right>
                        <height>81</height>
                        <width>42</width>
                        <aspectratio>keep</aspectratio>
                        <texture>DefaultIconWarning.png</texture>
                    </control>
                    <include>listline</include>
                </focusedlayout>
                <content>
                    <item id="2" description="Thumbnails">
                        <label>$ADDON[service.clean.up 32001]</label>
                        <onclick>RunScript(service.clean.up,thumbs)</onclick>
                    </item>
                    <item id="3" description="packages">
                        <label>$ADDON[service.clean.up 32002]</label>
                        <onclick>RunScript(service.clean.up,packages)</onclick>
                    </item>
                    <item id="6" description="advanced settings">
                        <label>$ADDON[service.clean.up 32003]</label>
                        <onclick>RunScript(service.clean.up,advanced)</onclick>
                    </item>
                    <item id="8" description="videodb">
                        <label>$ADDON[service.clean.up 32004]</label>
                        <onclick>RunScript(service.clean.up,videodb)</onclick>
                    </item>
                    <item id="9" description="Musicdb">
                        <label>$ADDON[service.clean.up 32005]</label>
                        <onclick>RunScript(service.clean.up,musicdb)</onclick>
                    </item>
                    <item id="10" description="test">
                        <label>$ADDON[service.clean.up 32011]</label>
                        <onclick>RunScript(service.clean.up,videoviews)</onclick>
                    </item>
                    <!--item id="10" description="test">
                      <label>LABELHERE</label>
                      <onclick>RunScript()</onclick>
                      <icon>DefaultIconWarning.png</icon>
                    </item-->
                    <!--<item id="11" description="test">-->
                        <!--<label>LABELHERE</label>-->
                        <!--<onclick>RunScript(script.toolbox,info=textviewer)</onclick>-->
                        <!--<icon>DefaultIconWarning.png</icon>-->
                    <!--</item>-->
                </content>
            </control>
        </control>
        <control type="image" description="reset">
            <top>60</top>
            <include>Help_Panel</include>
            <texture>help/Warning.png</texture>
        </control>
        <control type="image" description="Line">
            <centerleft>480</centerleft>
            <top>440</top>
            <height>1</height>
            <width>660</width>
            <texture>lines/Line.png</texture>
        </control>
        <control type="textbox" description="HelpDetails">
            <centerleft>480</centerleft>
            <top>460</top>
            <width>660</width>
            <height>480</height>
            <font>size28</font>
            <align>justify</align>
            <label>$ADDON[service.clean.up 32006]</label>
        </control>
    </controls>
</window>
