<?xml version="1.0" encoding="UTF-8"?>
<window type="window" id="2000">
    <defaultcontrol always="false">3</defaultcontrol>
    <backgroundcolor>background</backgroundcolor>
    <include>OpenClose</include>
    <controls>
        <include>BlackBackground</include>
        <control type="label" id="1" description="Header label">
            <left>960</left>
            <top>10</top>
            <width>960</width>
            <height>60</height>
            <align>center</align>
            <aligny>bottom</aligny>
            <textcolor>main</textcolor>
            <font>size42</font>
            <label>13406</label>
        </control>
        <control type="group" description="Group 3 Plain list">
            <control type="image">
                <visible>Control.IsVisible(3)</visible>
                <left>230</left>
                <centertop>540</centertop>
                <width>500</width>
                <height>700</height>
                <aspectratio>keep</aspectratio>
                <info>ListItem.Thumb</info>
            </control>
            <control type="label">
                <left>30</left>
                <width>900</width>
                <height>80</height>
                <font>size42B</font>
                <align>center</align>
                <label>$INFO[ListItem.Label]</label>
            </control>
            <control type="group">
                <left>960</left>
                <top>81</top>
                <control type="list" id="3">
                    <width>920</width>
                    <height>888</height>
                    <onleft>5</onleft>
                    <onright>60</onright>
                    <onup>6</onup>
                    <ondown>5</ondown>
                    <pagecontrol>60</pagecontrol>
                    <scrolltime>250</scrolltime>
                    <focusposition>3</focusposition>
                    <movement>4</movement>
                    <preloaditems>4</preloaditems>
                    <itemlayout width="890" height="111">
                        <control type="group">
                            <control type="label" description="Main Label">
                                <left>45</left>
                                <width>725</width>
                                <include>BigListTitle</include>
                                <label>$INFO[ListItem.label]</label>
                            </control>
                        </control>
                        <control type="label" description="Label2">
                            <visible>[!String.IsEmpty(ListItem.Artist) | Container.Content(Movies) | Container.Content(TvShows)] + !Container.Content(songs)</visible>
                            <left>45</left>
                            <include>BigListDetails</include>
                            <label>$INFO[ListItem.label2]</label>
                        </control>
                    </itemlayout>
                    <focusedlayout width="890" height="111">
                        <include>LargeSelector</include>
                        <control type="group">
                             <control type="label" description="Main Label">
                                <left>45</left>
                                <width>725</width>
                                <include>BigListTitleFO</include>
                                <label>$INFO[ListItem.label]</label>
                            </control>
                        </control>
                        <control type="label" description="Label2">
                            <visible>[!String.IsEmpty(ListItem.Artist) | Container.Content(Movies) | Container.Content(TvShows)] + !Container.Content(songs)</visible>
                            <left>45</left>
                            <width>630</width>
                            <include>BigListDetails</include>
                            <label>$INFO[ListItem.label2]</label>
                        </control>
                    </focusedlayout>
                </control>
            </control>
        </control>
        <control type="group" description="Available Addons">
            <visible>Control.IsVisible(6)</visible>
            <control type="group">
                <left>960</left>
                <top>81</top>
                <control type="list" id="6">
                    <width>920</width>
                    <height>888</height>
                    <onleft>5</onleft>
                    <onright>60</onright>
                    <onup>6</onup>
                    <ondown>5</ondown>
                    <pagecontrol>60</pagecontrol>
                    <scrolltime>250</scrolltime>
                    <focusposition>3</focusposition>
                    <movement>4</movement>
                    <preloaditems>4</preloaditems>
                    <itemlayout width="890" height="111">
                        <control type="group">
                            <control type="label" description="Main Label">
                                <left>45</left>
                                <width>725</width>
                                <include>BigListTitle</include>
                                <label>$INFO[ListItem.label]</label>
                            </control>
                        </control>
                        <control type="label" description="Label2">
                            <!--<visible>[!String.IsEmpty(ListItem.Artist) | Container.Content(Movies) | Container.Content(TvShows)] + !Container.Content(songs)</visible>-->
                            <left>45</left>
                            <include>BigListDetails</include>
                            <label>$INFO[ListItem.label2]</label>
                        </control>
                    </itemlayout>
                    <focusedlayout width="890" height="111">
                        <include>LargeSelector</include>
                        <control type="group">
                            <control type="label" description="Main Label">
                                <left>45</left>
                                <width>725</width>
                                <include>BigListTitleFO</include>
                                <label>$INFO[ListItem.label]</label>
                            </control>
                        </control>
                        <control type="label" description="Label2">
                            <!--<visible>[!String.IsEmpty(ListItem.Artist) | Container.Content(Movies) | Container.Content(TvShows)] + !Container.Content(songs)</visible>-->
                            <left>45</left>
                            <width>630</width>
                            <include>BigListDetails</include>
                            <label>$INFO[ListItem.label2]</label>
                        </control>
                    </focusedlayout>
                </control>
            </control>
        </control>
            <control type="image" description="Item Thumb">
                <centerleft>480</centerleft>
                <centertop>480</centertop>
                <width>700</width>
                <height>700</height>
                <fadetime>200</fadetime>
                <texture>$INFO[Container(6).ListItem.Icon]</texture>
                <aspectratio>keep</aspectratio>
            </control>
        <control type="group" description="Button 5">
            <control type="button" id="5" description="decision button">
                <left>960</left>
                <top>969</top>
                <height>111</height>
                <width>960</width>
                <font>size36</font>
                <texture colordiffuse="$VAR[diffuseselect]">images/buttonselect1.png</texture>
                <label>-</label>
                <onleft>3</onleft>
                <onright>3</onright>
                <onup>3</onup>
                <ondown>3</ondown>
            </control>
        </control>
        <control type="image">
            <left>960</left>
            <width>1</width>
            <height>1080</height>
            <texture>lines/LineV.png</texture>
        </control>
        <control type="image">
            <left>960</left>
            <top>970</top>
            <width>900</width>
            <height>1</height>
            <texture>lines/LineL.png</texture>
        </control>
        <control type="image">
            <left>960</left>
            <top>80</top>
            <width>900</width>
            <height>1</height>
            <texture>lines/LineL.png</texture>
        </control>
        <control type="scrollbar" id="60">
            <visible>Control.IsVisible(3)</visible>
            <left>39r</left>
            <top>135</top>
            <height>870</height>
            <onleft>3</onleft>
            <onright>noop</onright>
        </control>
        <control type="scrollbar" id="60">
            <visible>Control.IsVisible(6)</visible>
            <left>39r</left>
            <top>135</top>
            <height>870</height>
            <onleft>6</onleft>
            <onright>noop</onright>
        </control>
    </controls>
</window>
