<?xml version="1.0" encoding="UTF-8"?>
<window id="132">
    <backgroundcolor>background</backgroundcolor>
    <include>DialogOpenCloseVisible</include>
    <controls>
        <control type="image">
            <centerleft>960</centerleft>
            <centertop>540</centertop>
            <width>1520</width>
            <height>1000</height>
            <texture border="150">sidepanel/Back.png</texture>
        </control>
        <control type="label" id="2">
            <centerleft>960</centerleft>
            <align>center</align>
            <width>600</width>
            <top>60</top>
        </control>
        <control type="grouplist" id="5" description="GL template">
            <centerleft>960</centerleft>
            <top>140</top>
            <width>1480</width>
            <height>831</height>
            <itemgap>3</itemgap>
            <onup>noop</onup>
            <ondown>9000</ondown>
            <onleft>noop</onleft>
            <onright>noop</onright>
        </control>
        <control type="button" id="7" description="Button template">
            <width>1480</width>
            <align>left</align>
        </control>
        <control type="radiobutton" id="8" description="RadioButton">
            <width>1480</width>
            <align>left</align>
            <radioleft>1020</radioleft>
        </control>
        <control type="spincontrolex" id="9" description="spin template">
            <width>700</width>
            <height>80</height>
            <align>left</align>
        </control>
         <control type="image" id="11" description="image temp">
            <centerleft>960</centerleft>
            <top>872</top>
            <height>1</height>
            <width>1490</width>
            <texture colordiffuse="main">lines/Line.png</texture>
        </control>
        <control type="edit" id="12">
        </control>
        <control type="sliderex" id="13">
        </control>
        <control type="label" id="14">
            <align>center</align>
            <font>size22</font>
            <height>40</height>
        </control>
        <control type="grouplist" id="9000">
            <centerleft>960</centerleft>
            <top>948</top>
            <align>center</align>
            <orientation>horizontal</orientation>
            <itemgap>0</itemgap>
            <onup>5</onup>
            <control type="button" id="28">
                <width>300</width>
                <label>-</label>
            </control>
            <control type="button" id="29">
                <width>300</width>
                <label>-</label>
            </control>
            <control type="button" id="30">
                <width>300</width>
                <label>-</label>
            </control>
        </control>
        <control type="image" description="topSplitter">
            <centerleft>960</centerleft>
            <top>140</top>
            <height>1</height>
            <width>1490</width>
            <texture colordiffuse="main">lines/LineR.png</texture>
        </control>
        <control type="image" description="lowSplitter">
            <centerleft>960</centerleft>
            <top>947</top>
            <height>1</height>
            <width>1490</width>
            <texture colordiffuse="main">lines/Line.png</texture>
        </control>
        <control type="image" description="lowSplitter">
            <centerleft>960</centerleft>
            <top>872</top>
            <height>1</height>
            <width>1490</width>
            <texture colordiffuse="main">lines/Line.png</texture>
        </control>
        <control type="image" description="topSplittermid">
            <centerleft>960</centerleft>
            <top>141</top>
            <height>300</height>
            <width>1</width>
            <texture colordiffuse="main">lines/LineV.png</texture>
        </control>
        <control type="image" description="lowSplittermid">
            <centerleft>960</centerleft>
            <top>947</top>
            <height>80</height>
            <width>1</width>
            <texture colordiffuse="main">lines/LineV.png</texture>
        </control>
    </controls>
</window>
