<?xml version="1.0" encoding="UTF-8"?>
<window id="2001">
    <defaultcontrol always="true">300</defaultcontrol>

    <backgroundcolor>background</backgroundcolor>
    <include>OpenClose</include>
    <controls>
        <include>BlackBackground</include>
        <include>MusicInfo</include>
        <control type="textbox" description="Plot" id="4">
            <left>1000</left>
            <top>100</top>
            <width>870</width>
            <height>900</height>
            <font>size27</font>
            <align>justify</align>
            <autoscroll delay="6500" time="4000" repeat="10000"></autoscroll>
        </control>
        <control type="image">
            <top>1000</top>
            <height>80</height>
            <width>1920</width>
            <aspectratio>stretch</aspectratio>
            <texture colordiffuse="inverted">images/transparent.png</texture>
        </control>
        <control type="image" description="Navbar">
            <top>1000</top>
            <width>1920</width>
            <height>1</height>
            <texture colordiffuse="main">lines/Line.png</texture>
        </control>
        <control type="image" description="Navbar">
            <top>100</top>
            <width>1920</width>
            <height>1</height>
            <texture colordiffuse="main">lines/Line.png</texture>
        </control>
        <control type="group" description="Options">
            <control type="grouplist" id="300">
                <left>15</left>
                <top>1000</top>
                <width>1890</width>
                <height>80</height>
                <itemgap>0</itemgap>
                <aligny>bottom</aligny>
                <align>center</align>
                <onup>50</onup>
                <orientation>horizontal</orientation>
                <control type="button" id="5" description="Switch">
                    <height>80</height>
                    <width>330</width>
                    <label>-</label>
                    <font>size27</font>
                    <onclick>SetFocus(50)</onclick>
                </control>
                <control type="button" id="6" description="Refresh">
                    <height>80</height>
                    <width>330</width>
                    <label>184</label>
                    <font>size27</font>
                </control>
                <control type="button" id="10" description="Get Thumb">
                    <height>80</height>
                    <width>330</width>
                    <label>13405</label>
                    <font>size27</font>
                </control>
                <control type="button" id="12" description="Get FanArt">
                    <height>80</height>
                    <width>330</width>
                    <label>20413</label>
                    <font>size27</font>
                </control>
            </control>
        </control>
        <control type="image" description="line">
            <left>959</left>
            <top>101</top>
            <width>1</width>
            <height>898</height>
            <texture colordiffuse="main">lines/LineV.png</texture>
        </control>
        <control type="list" id="50">
            <left>960</left>
            <top>100</top>
            <width>920</width>
            <height>890</height>
            <onup>noop</onup>
            <ondown>300</ondown>
            <onleft>300</onleft>
            <onright>300</onright>
            <orientation>vertical</orientation>
            <scrolltime>250</scrolltime>
            <itemlayout width="890" height="81">
                <control type="label" description="Main Label">
                    <left>45</left>
                    <width>725</width>
                    <include>BigListTitle</include>
                    <label>$INFO[ListItem.label]</label>
                </control>
            </itemlayout>
            <focusedlayout width="890" height="81">
                <control type="image">
                    <animation effect="fade" end="0" time="30">UnFocus</animation>
                    <width>820</width>
                    <height>81</height>
                    <texture colordiffuse="$VAR[diffuseselect]">images/buttonselect1.png</texture>
                </control>
                <control type="label" description="Main Label">
                    <left>45</left>
                    <width>725</width>
                    <include>BigListTitleFO</include>
                    <label>$INFO[ListItem.label]</label>
                </control>
            </focusedlayout>
        </control>
        <control type="grouplist" description="centered">
            <top>30</top>
            <centerleft>960</centerleft>
            <width>580</width>
            <align>center</align>
            <height>60</height>
            <align>center</align>
            <orientation>horizontal</orientation>
            <control type="label" id="7777" description="Heading">
                <width>auto</width>
                <height>40</height>
                <font>size42B</font>
                <scroll>false</scroll>
                <label>$VAR[RootLabel]</label>
            </control>
        </control>
    </controls>
</window>
