<?xml version="1.0" encoding="UTF-8"?>
<window id="503">
    <defaultcontrol allways="true">50</defaultcontrol>

    <backgroundcolor>0xffffffff</backgroundcolor>
    <include>OpenClose</include>
    <views>50</views>
    <controls>
        <include>BlackBackground</include>

        <control type="image">
            <top>160</top>
            <height>1</height>
            <width>1920</width>
            <texture>lines/Line.png</texture>
        </control>
        <control type="label" description="Clock">
            <visible>!Skin.HasSetting(hideClock)</visible>
            <right>20</right>
            <top>5</top>
            <width>195</width>
            <height>45</height>
            <align>right</align>
            <aligny>center</aligny>
            <font>size20</font>
            <textcolor>maindim</textcolor>
            <label>$INFO[System.Time]</label>
        </control>
        <control type="group" description="LEFT PANEL">
            <control type="label">
                <left>20</left>
                <top>80</top>
                <width>690</width>
                <height>45</height>
                <label>31013</label>
            </control>
            <control type="label" id="12">
                <left>20</left>
                <top>120</top>
                <width>690</width>
                <height>25</height>
                <font>size22</font>
                <label>-</label>
            </control>
            <control type="fixedlist" id="50">
                <left>40</left>
                <top>160</top>
                <width>690</width>
                <height>920</height>
                <onleft>151</onleft>
                <onright>8999</onright>
                <onup>50</onup>
                <ondown>50</ondown>
                <viewtype>list</viewtype>
                <scrolltime>200</scrolltime>
                <focusposition>6</focusposition>
                <movement>6</movement>
                <pagecontrol>151</pagecontrol>
                <itemlayout height="60">
                    <control type="label">
                        <left>15</left>
                        <width>690</width>
                        <font>size26</font>
                        <align>left</align>
                        <scroll>false</scroll>
                        <info>ListItem.Label</info>
                    </control>
                </itemlayout>
                <focusedlayout height="60">
                    <control type="image">
                        <visible>Control.HasFocus(50)</visible>
                        <animation effect="fade" end="0" time="30">UnFocus</animation>
                        <width>920</width>
                        <height>81</height>
                        <texture colordiffuse="$VAR[diffuseselect]">images/buttonselect1.png</texture>
                    </control>
                    <control type="label">
                        <left>15</left>
                        <width>690</width>
                        <font>size26</font>
                        <align>left</align>
                        <info>ListItem.Label</info>
                    </control>
                </focusedlayout>
            </control>
        </control>

        <control type="group" description="Right panel">
            <control type="label">
                <right>20</right>
                <top>80</top>
                <align>right</align>
                <width>690</width>
                <height>45</height>
                <label>31014</label>
            </control>
            <control type="label" id="101">
                <right>20</right>
                <top>120</top>
                <width>690</width>
                <height>25</height>
                <font>size22</font>
                <align>right</align>
                <label>-</label>
            </control>
            <control type="fixedlist" id="100">
                <visible>!String.IsEmpty(Container(100).ListItem.Label)</visible>
                <right>40</right>
                <top>160</top>
                <width>690</width>
                <height>920</height>
                <onleft>8999</onleft>
                <onright>150</onright>
                <onup>100</onup>
                <ondown>100</ondown>
                <pagecontrol>150</pagecontrol>
                <viewtype label="">list</viewtype>
                <scrolltime>200</scrolltime>
                <focusposition>6</focusposition>
                <movement>6</movement>
                <itemlayout height="60" width="690">
                    <control type="label">
                        <right>15</right>
                        <width>690</width>
                        <align>right</align>
                        <font>Size26</font>
                        <scroll>false</scroll>
                        <info>ListItem.Label</info>
                    </control>
                </itemlayout>
                <focusedlayout height="60" width="690">
                    <control type="image">
                        <visible>Control.HasFocus(100)</visible>
                        <animation effect="fade" end="0" time="30">UnFocus</animation>
                        <width>920</width>
                        <height>81</height>
                        <texture colordiffuse="$VAR[diffuseselect]">images/buttonselect1.png</texture>
                    </control>
                    <control type="label">
                        <right>15</right>
                        <width>690</width>
                        <font>Size26</font>
                        <align>right</align>
                        <info>ListItem.Label</info>
                    </control>
                </focusedlayout>
            </control>
        </control>
        <control type="scrollbar" id="151">
            <left>10</left>
            <top>190</top>
            <height>780</height>
            <width>9</width>
            <onleft>noop</onleft>
            <onright>50</onright>
            <showonepage>true</showonepage>
            <animation type="Conditional" condition="!Control.HasFocus(151) + !Container.Scrolling">
                <effect type="fade" start="100" end="40" time="200" />
            </animation>
        </control>
        <control type="scrollbar" id="150">
            <right>10</right>
            <top>190</top>
            <height>780</height>
            <width>8</width>
            <onleft>100</onleft>
            <onright>noop</onright>
            <showonepage>true</showonepage>
            <animation type="Conditional" condition="!Control.HasFocus(150) + !Container.Scrolling">
                <effect type="fade" start="100" end="40" time="200" />
            </animation>
        </control>
        <control type="group">
            <description>Middle Panel</description>
            <control type="image">
                <top>30</top>
                <centerleft>960</centerleft>
                <height>1020</height>
                <width>490</width>
                <texture border="30">sidepanel/back.png</texture>
            </control>
            <control type="group">
                <left>750</left>
                <top>68</top>
                <visible>Control.HasFocus(50)</visible>
                <control type="image">
                    <visible>!ListItem.IsFolder</visible>
                    <left>30</left>
                    <top>45</top>
                    <width>360</width>
                    <height>360</height>
                    <aligny>bottom</aligny>
                    <aspectratio>keep</aspectratio>
                    <texture fallback="defaultalbumcover.png">$INFO[Container(50).ListItem.Thumb]</texture>
                    <bordersize>2</bordersize>
                </control>
                <control type="image">
                    <visible>ListItem.IsFolder</visible>
                    <left>30</left>
                    <top>45</top>
                    <width>360</width>
                    <height>360</height>
                    <aligny>bottom</aligny>
                    <aspectratio>keep</aspectratio>
                    <texture>$INFO[Container(50).ListItem.Icon]</texture>
                    <bordersize>2</bordersize>
                </control>
                <control type="textbox">
                    <left>15</left>
                    <top>450</top>
                    <width>420</width>
                    <height>420</height>
                    <font>size26</font>
                    <align>center</align>
                    <label>$INFO[Container(50).ListItem.Artist,[COLOR=]$LOCALIZE[557]:[/COLOR] ,[CR]]$INFO[Container(50).ListItem.Album,[COLOR=]$LOCALIZE[558]:[/COLOR] ,[CR]]$INFO[Container(50).ListItem.Duration,[COLOR=]$LOCALIZE[555]:[/COLOR] ,[CR]]$INFO[Container(50).ListItem.Genre,[COLOR=]$LOCALIZE[515]:[/COLOR] ,[CR]]</label>
                </control>
            </control>
            <control type="group">
                <top>98</top>
                <visible>Control.HasFocus(100)</visible>
                <control type="image">
                    <centerleft>960</centerleft>
                    <top>45</top>
                    <width>360</width>
                    <height>360</height>
                    <aspectratio>keep</aspectratio>
                    <texture fallback="defaultalbumcover.png">$INFO[Container(100).ListItem.Thumb]</texture>
                    <bordersize>2</bordersize>
                </control>
                <control type="textbox">
                    <centerleft>960</centerleft>
                    <top>450</top>
                    <width>420</width>
                    <height>420</height>
                    <font>size26</font>
                    <align>center</align>
                    <label>$INFO[Container(100).ListItem.Artist,[COLOR=gray]$LOCALIZE[557]:[/COLOR] ,[CR]]$INFO[Container(100).ListItem.Album,[COLOR=gray]$LOCALIZE[558]:[/COLOR] ,[CR]]$INFO[Container(100).ListItem.Duration,[COLOR=gray]$LOCALIZE[555]:[/COLOR] ,[CR]]$INFO[Container(100).ListItem.Genre,[COLOR=gray]$LOCALIZE[515]:[/COLOR] ,[CR]]</label>
                </control>
            </control>
            <control type="image" description="separator Bottom">
                <top>-24</top>
                <left>15</left>
                <width>390</width>
                <height>1</height>
                <texture>lines/Line.png</texture>
                <aspectratio>stretch</aspectratio>
            </control>
            <control type="grouplist" id="8999">
                <left>750</left>
                <top>753</top>
                <onleft>50</onleft>
                <onright>100</onright>
                <control type="button" id="7" description="Save">
                    <width>420</width>
                    <label>31011</label>
                    <font>size33</font>
                </control>
                <control type="button" id="6" description="Open">
                    <top>70</top>
                    <width>420</width>
                    <label>31010</label>
                    <font>size33</font>
                </control>
                <control type="button" id="8" description="Clear">
                    <top>140</top>
                    <width>420</width>
                    <label>31012</label>
                    <font>size33</font>
                    <onclick>ReplaceWindow(503)</onclick>
                </control>
            </control>
        </control>
        <control type="label">
            <centerleft>960</centerleft>
            <width>960</width>
            <height>40</height>
            <top>70</top>
            <align>center</align>
            <label>10503</label>
        </control>
    </controls>
</window>
