<?xml version="1.0" encoding="UTF-8"?>
<window>

    <backgroundcolor>background</backgroundcolor>
    <animation type="WindowOpen" reversible="false">
        <effect type="zoom" start="80" end="100" center="860,540" easing="out" tween="back" time="300" />
        <effect type="fade" start="0" end="100" time="300" />
    </animation>
    <animation type="WindowClose" reversible="false">
        <effect type="zoom" start="100" end="80" center="860,540" easing="in" tween="back" time="300" />
        <effect type="fade" start="100" end="0" time="300" />
    </animation>
    <controls>
        <control type="group" id="100">
            <include>BlackBackground</include>
            <control type="image">
                <width>1920</width>
                <height>1080</height>
                <texture background="true" fallback="background.jpg">$INFO[Container(111).ListItem.Property(Fanart)]</texture>
                <aspectratio>scale</aspectratio>
                <fadetime>200</fadetime>
                <colordiffuse>65FFFFFF</colordiffuse>
                <animation effect="fade" time="200">Visible</animation>
                <animation effect="fade" time="200">Hidden</animation>
                <visible>Control.HasFocus(111)</visible>
            </control>
            <control type="image">
                <width>1920</width>
                <height>1080</height>
                <texture background="true" fallback="background.jpg">$INFO[Container(121).ListItem.Property(Fanart)]</texture>
                <aspectratio>scale</aspectratio>
                <fadetime>200</fadetime>
                <colordiffuse>65FFFFFF</colordiffuse>
                <animation effect="fade" time="200">Visible</animation>
                <animation effect="fade" time="200">Hidden</animation>
                <visible>Control.HasFocus(121)</visible>
            </control>
            <control type="image">
                <width>1920</width>
                <height>1080</height>
                <texture background="true" fallback="background.jpg">$INFO[Container(131).ListItem.Property(Fanart)]</texture>
                <aspectratio>scale</aspectratio>
                <fadetime>200</fadetime>
                <colordiffuse>65FFFFFF</colordiffuse>
                <animation effect="fade" time="200">Visible</animation>
                <animation effect="fade" time="200">Hidden</animation>
                <visible>Control.HasFocus(131)</visible>
            </control>
            <control type="image">
                <width>1920</width>
                <height>1080</height>
                <texture background="true" fallback="background.jpg">$INFO[Container(141).ListItem.Property(Fanart)]</texture>
                <aspectratio>scale</aspectratio>
                <fadetime>200</fadetime>
                <colordiffuse>65FFFFFF</colordiffuse>
                <animation effect="fade" time="200">Visible</animation>
                <animation effect="fade" time="200">Hidden</animation>
                <visible>Control.HasFocus(141)</visible>
            </control>
            <control type="image">
                <width>1920</width>
                <height>1080</height>
                <texture background="true" fallback="background.jpg">$INFO[Container(151).ListItem.Property(Fanart)]</texture>
                <aspectratio>scale</aspectratio>
                <fadetime>200</fadetime>
                <colordiffuse>65FFFFFF</colordiffuse>
                <animation effect="fade" time="200">Visible</animation>
                <animation effect="fade" time="200">Hidden</animation>
                <visible>Control.HasFocus(151)</visible>
            </control>
            <control type="image">
                <width>1920</width>
                <height>1080</height>
                <texture background="true" fallback="background.jpg">$INFO[Container(161).ListItem.Property(Fanart)]</texture>
                <aspectratio>scale</aspectratio>
                <fadetime>200</fadetime>
                <colordiffuse>65FFFFFF</colordiffuse>
                <animation effect="fade" time="200">Visible</animation>
                <animation effect="fade" time="200">Hidden</animation>
                <visible>Control.HasFocus(161)</visible>
            </control>
            <control type="image">
                <width>1920</width>
                <height>1080</height>
                <texture background="true" fallback="background.jpg">$INFO[Container(171).ListItem.Property(Fanart)]</texture>
                <aspectratio>scale</aspectratio>
                <fadetime>200</fadetime>
                <colordiffuse>65FFFFFF</colordiffuse>
                <animation effect="fade" time="200">Visible</animation>
                <animation effect="fade" time="200">Hidden</animation>
                <visible>Control.HasFocus(171)</visible>
            </control>
            <control type="image">
                <width>1920</width>
                <height>1080</height>
                <texture background="true" fallback="background.jpg">$INFO[Container(181).ListItem.Property(Fanart)]</texture>
                <aspectratio>scale</aspectratio>
                <fadetime>200</fadetime>
                <colordiffuse>65FFFFFF</colordiffuse>
                <animation effect="fade" time="200">Visible</animation>
                <animation effect="fade" time="200">Hidden</animation>
                <visible>Control.HasFocus(181)</visible>
            </control>
            <control type="label" id="190">
                <left>960</left>
                <top>56</top>
                <width>450</width>
                <height>25</height>
                <label>-</label>
                <font>size30</font>
                <align>right</align>
            </control>
            <control type="label" id="191">
                <left>960</left>
                <top>56</top>
                <width>450</width>
                <height>25</height>
                <label>-</label>
                <font>size30</font>
                <align>left</align>
            </control>
            <control type="label" id="199">
                <left>710</left>
                <top>530</top>
                <width>500</width>
                <height>20</height>
                <label>[B]$LOCALIZE[284][/B]</label>
                <font>size33</font>
                <align>center</align>
                <aligny>center</aligny>
            </control>
            <control type="button" id="198">
                <left>40</left>
                <top>30</top>
                <width>300</width>
                <height>42</height>
                <label>-</label>
                <font>size30</font>
                <align>center</align>
                <onup>101</onup>
                <ondown>101</ondown>
                <onleft>101</onleft>
                <onright>101</onright>
            </control>
            <control type="grouplist" id="101">
                <top>110</top>
                <width>1920</width>
                <height>918</height>
                <orientation>vertical</orientation>
                <itemgap>0</itemgap>
                <!--MOVIES-->
                <control type="group" id="119">
                    <width>1920</width>
                    <height>306</height>
                    <control type="image">
                        <top>40</top>
                        <width>1920</width>
                        <height>250</height>
                        <texture border="2">images/white.png</texture>
                        <colordiffuse>searchband</colordiffuse>
                    </control>
                    <control type="image">
                        <left>0</left>
                        <top>40</top>
                        <width>1920</width>
                        <height>1</height>
                        <texture>images/lineL.png</texture>
                    </control>
                    <control type="image">
                        <left>0</left>
                        <top>290</top>
                        <width>1920</width>
                        <height>1</height>
                        <texture>images/lineR.png</texture>
                    </control>
                    <control type="list" id="111">
                        <left>60</left>
                        <top>40</top>
                        <width>1800</width>
                        <height>250</height>
                        <onleft>111</onleft>
                        <onright>111</onright>
                        <onup>198</onup>
                        <ondown>211</ondown>
                        <orientation>horizontal</orientation>
                        <viewtype label="535">list</viewtype>
                        <preloaditems>2</preloaditems>
                        <itemlayout width="600" height="250">
                            <control type="image">
                                <left>10</left>
                                <top>10</top>
                                <width>150</width>
                                <height>230</height>
                                <texture background="true">$INFO[ListItem.Icon]</texture>
                            </control>
                            <control type="image">
                                <left>6</left>
                                <top>214</top>
                                <width>30</width>
                                <height>30</height>
                                <texture>OverlayUnwatched.png</texture>
                                <visible>!IntegerGreaterThan(ListItem.Property(PlayCount),0)</visible>
                            </control>
                            <control type="label">
                                <left>170</left>
                                <top>10</top>
                                <width>410</width>
                                <height>12</height>
                                <scroll>false</scroll>
                                <label>[B]$INFO[ListItem.Label][/B]</label>
                                <font>size22</font>
                                <aligny>center</aligny>
                            </control>
                            <control type="label">
                                <left>170</left>
                                <top>40</top>
                                <width>410</width>
                                <height>12</height>
                                <label>$INFO[ListItem.Property(Year),, - ]$INFO[ListItem.Property(Duration),, $LOCALIZE[12391]]</label>
                                <font>size20</font>
                                <aligny>center</aligny>
                                <visible>!SubString(ListItem.Property(Duration),min)</visible>
                            </control>
                            <control type="label">
                                <left>170</left>
                                <top>40</top>
                                <width>410</width>
                                <height>12</height>
                                <label>$INFO[ListItem.Property(Year),, - ]$INFO[ListItem.Property(Duration)]</label>
                                <font>size21</font>
                                <aligny>center</aligny>
                                <visible>SubString(ListItem.Property(Duration),min)</visible>
                            </control>
                            <control type="textbox">
                                <autoscroll>false</autoscroll>
                                <left>170</left>
                                <top>60</top>
                                <width>410</width>
                                <height>170</height>
                                <label>$INFO[ListItem.Property(Tagline)]</label>
                                <font>size21</font>
                                <align>justify</align>
                            </control>
                            <control type="textbox">
                                <visible>String.IsEmpty(ListItem.Property(TagLine))</visible>
                                <autoscroll>false</autoscroll>
                                <left>170</left>
                                <top>60</top>
                                <width>410</width>
                                <height>170</height>
                                <label>$INFO[ListItem.Property(PlotOutline)]</label>
                                <font>size21</font>
                                <align>justify</align>
                            </control>
                            <control type="textbox">
                                <visible>String.IsEmpty(ListItem.Property(TagLine)) + String.IsEmpty(ListItem.Property(PlotOutline))</visible>
                                <autoscroll>false</autoscroll>
                                <left>170</left>
                                <top>60</top>
                                <width>410</width>
                                <height>170</height>
                                <label>$INFO[ListItem.Property(Plot)]</label>
                                <font>size21</font>
                                <align>justify</align>
                            </control>
                        </itemlayout>
                        <focusedlayout width="600" height="250">
                            <control type="image">
                                <width>600</width>
                                <height>250</height>
                                <texture colordiffuse="$VAR[diffuseselect]">images/white.png</texture>
                                <visible>Control.HasFocus(111)</visible>
                            </control>
                            <control type="image">
                                <left>10</left>
                                <top>10</top>
                                <width>150</width>
                                <height>230</height>
                                <texture background="true">$INFO[ListItem.Icon]</texture>
                            </control>
                            <control type="image">
                                <left>6</left>
                                <top>214</top>
                                <width>30</width>
                                <height>30</height>
                                <texture>OverlayUnwatched.png</texture>
                                <visible>!IntegerGreaterThan(ListItem.Property(PlayCount),0)</visible>
                            </control>
                            <control type="label">
                                <left>170</left>
                                <top>10</top>
                                <width>410</width>
                                <height>12</height>
                                <scroll>false</scroll>
                                <label>[B]$INFO[ListItem.Label][/B]</label>
                                <font>size22</font>
                                <aligny>center</aligny>
                            </control>
                            <control type="label">
                                <left>170</left>
                                <top>40</top>
                                <width>410</width>
                                <height>12</height>
                                <label>$INFO[ListItem.Property(Year),, - ]$INFO[ListItem.Property(Duration),, $LOCALIZE[12391]]</label>
                                <font>size20</font>
                                <aligny>center</aligny>
                                <visible>!SubString(ListItem.Property(Duration),min)</visible>
                            </control>
                            <control type="label">
                                <left>170</left>
                                <top>40</top>
                                <width>410</width>
                                <height>12</height>
                                <label>$INFO[ListItem.Property(Year),, - ]$INFO[ListItem.Property(Duration)]</label>
                                <font>size21</font>
                                <aligny>center</aligny>
                                <visible>SubString(ListItem.Property(Duration),min)</visible>
                            </control>
                            <control type="textbox">
                                <autoscroll>false</autoscroll>
                                <left>170</left>
                                <top>60</top>
                                <width>410</width>
                                <height>170</height>
                                <label>$INFO[ListItem.Property(Tagline)]</label>
                                <font>size21</font>
                                <align>justify</align>
                            </control>
                            <control type="textbox">
                                <autoscroll>false</autoscroll>
                                <left>170</left>
                                <top>60</top>
                                <width>410</width>
                                <height>170</height>
                                <label>$INFO[ListItem.Property(PlotOutline)]</label>
                                <font>size21</font>
                                <visible>String.IsEmpty(ListItem.Property(TagLine))</visible>
                                <align>justify</align>
                            </control>
                            <control type="textbox">
                                <autoscroll>false</autoscroll>
                                <left>170</left>
                                <top>60</top>
                                <width>410</width>
                                <height>170</height>
                                <label>$INFO[ListItem.Property(Plot)]</label>
                                <font>size21</font>
                                <align>justify</align>
                                <visible>String.IsEmpty(ListItem.Property(TagLine)) + String.IsEmpty(ListItem.Property(PlotOutline))</visible>
                            </control>
                        </focusedlayout>
                    </control>
                    <control type="group">
                        <left>100</left>
                        <control type="label">
                            <left>100</left>
                            <width min="10" max="700">auto</width>
                            <height>42</height>
                            <font>size42</font>
                            <label>[B]$LOCALIZE[342][/B]</label>
                            <font>size28</font>
                        </control>
                        <control type="image">
                            <height>55</height>
                            <width>100</width>
                            <aspectratio>keep</aspectratio>
                            <texture>badges/badgecount.png</texture>
                        </control>
                        <control type="label" id="110">
                            <height>44</height>
                            <width>100</width>
                            <font>size30</font>
                            <align>center</align>
                            <textcolor>FFFFFFFF</textcolor>
                            <shadowcolor>-</shadowcolor>
                            <label>-</label>
                        </control>
                    </control>
                </control>
                 <!--ACTORS-->
                <control type="group" id="219">
                    <width>1920</width>
                    <height>306</height>
                    <control type="image">
                        <top>40</top>
                        <width>1920</width>
                        <height>250</height>
                        <texture border="2">images/white.png</texture>
                        <colordiffuse>searchband</colordiffuse>
                    </control>
                    <control type="image">
                        <left>0</left>
                        <top>40</top>
                        <width>1920</width>
                        <height>1</height>
                        <texture>images/lineL.png</texture>
                    </control>
                    <control type="image">
                        <left>0</left>
                        <top>290</top>
                        <width>1920</width>
                        <height>1</height>
                        <texture>images/lineR.png</texture>
                    </control>
                    <control type="list" id="211">
                        <left>60</left>
                        <top>40</top>
                        <width>1800</width>
                        <height>250</height>
                        <onleft>211</onleft>
                        <onright>211</onright>
                        <onup>111</onup>
                        <ondown>121</ondown>
                        <orientation>horizontal</orientation>
                        <viewtype label="535">list</viewtype>
                        <preloaditems>2</preloaditems>
                        <itemlayout width="600" height="250">
                            <control type="image">
                                <left>10</left>
                                <top>10</top>
                                <width>150</width>
                                <height>230</height>
                                <texture background="true">$INFO[ListItem.Icon]</texture>
                            </control>
                            <control type="image">
                                <left>6</left>
                                <top>214</top>
                                <width>30</width>
                                <height>30</height>
                                <texture>OverlayUnwatched.png</texture>
                                <visible>!IntegerGreaterThan(ListItem.Property(PlayCount),0)</visible>
                            </control>
                            <control type="label">
                                <left>170</left>
                                <top>10</top>
                                <width>410</width>
                                <height>12</height>
                                <scroll>false</scroll>
                                <label>[B]$INFO[ListItem.Label][/B]</label>
                                <font>size22</font>
                                <aligny>center</aligny>
                            </control>
                            <control type="label">
                                <left>170</left>
                                <top>40</top>
                                <width>410</width>
                                <height>12</height>
                                <label>$INFO[ListItem.Property(Year),, - ]$INFO[ListItem.Property(Duration),, $LOCALIZE[12391]]</label>
                                <font>size20</font>
                                <aligny>center</aligny>
                                <visible>!SubString(ListItem.Property(Duration),min)</visible>
                            </control>
                            <control type="label">
                                <left>170</left>
                                <top>40</top>
                                <width>410</width>
                                <height>12</height>
                                <label>$INFO[ListItem.Property(Year),, - ]$INFO[ListItem.Property(Duration)]</label>
                                <font>size21</font>
                                <aligny>center</aligny>
                                <visible>SubString(ListItem.Property(Duration),min)</visible>
                            </control>
                            <control type="textbox">
                                <autoscroll>false</autoscroll>
                                <left>170</left>
                                <top>60</top>
                                <width>410</width>
                                <height>170</height>
                                <label>$INFO[ListItem.Property(Tagline)]</label>
                                <font>size21</font>
                                <align>justify</align>
                            </control>
                            <control type="textbox">
                                <visible>String.IsEmpty(ListItem.Property(TagLine))</visible>
                                <autoscroll>false</autoscroll>
                                <left>170</left>
                                <top>60</top>
                                <width>410</width>
                                <height>170</height>
                                <label>$INFO[ListItem.Property(PlotOutline)]</label>
                                <font>size21</font>
                                <align>justify</align>
                            </control>
                            <control type="textbox">
                                <visible>String.IsEmpty(ListItem.Property(TagLine)) + String.IsEmpty(ListItem.Property(PlotOutline))</visible>
                                <autoscroll>false</autoscroll>
                                <left>170</left>
                                <top>60</top>
                                <width>410</width>
                                <height>170</height>
                                <label>$INFO[ListItem.Property(Plot)]</label>
                                <font>size21</font>
                                <align>justify</align>
                            </control>
                        </itemlayout>
                        <focusedlayout width="600" height="250">
                            <control type="image">
                                <width>600</width>
                                <height>250</height>
                                <texture colordiffuse="$VAR[diffuseselect]">images/white.png</texture>
                                <visible>Control.HasFocus(211)</visible>
                            </control>
                            <control type="image">
                                <left>10</left>
                                <top>10</top>
                                <width>150</width>
                                <height>230</height>
                                <texture background="true">$INFO[ListItem.Icon]</texture>
                            </control>
                            <control type="image">
                                <left>6</left>
                                <top>214</top>
                                <width>30</width>
                                <height>30</height>
                                <texture>OverlayUnwatched.png</texture>
                                <visible>!IntegerGreaterThan(ListItem.Property(PlayCount),0)</visible>
                            </control>
                            <control type="label">
                                <left>170</left>
                                <top>10</top>
                                <width>410</width>
                                <height>12</height>
                                <scroll>false</scroll>
                                <label>[B]$INFO[ListItem.Label][/B]</label>
                                <font>size22</font>
                                <aligny>center</aligny>
                            </control>
                            <control type="label">
                                <left>170</left>
                                <top>40</top>
                                <width>410</width>
                                <height>12</height>
                                <label>$INFO[ListItem.Property(Year),, - ]$INFO[ListItem.Property(Duration),, $LOCALIZE[12391]]</label>
                                <font>size20</font>
                                <aligny>center</aligny>
                                <visible>!SubString(ListItem.Property(Duration),min)</visible>
                            </control>
                            <control type="label">
                                <left>170</left>
                                <top>40</top>
                                <width>410</width>
                                <height>12</height>
                                <label>$INFO[ListItem.Property(Year),, - ]$INFO[ListItem.Property(Duration)]</label>
                                <font>size21</font>
                                <aligny>center</aligny>
                                <visible>SubString(ListItem.Property(Duration),min)</visible>
                            </control>
                            <control type="textbox">
                                <autoscroll>false</autoscroll>
                                <left>170</left>
                                <top>60</top>
                                <width>410</width>
                                <height>170</height>
                                <label>$INFO[ListItem.Property(Tagline)]</label>
                                <font>size21</font>
                                <align>justify</align>
                            </control>
                            <control type="textbox">
                                <autoscroll>false</autoscroll>
                                <left>170</left>
                                <top>60</top>
                                <width>410</width>
                                <height>170</height>
                                <label>$INFO[ListItem.Property(PlotOutline)]</label>
                                <font>size21</font>
                                <visible>String.IsEmpty(ListItem.Property(TagLine))</visible>
                                <align>justify</align>
                            </control>
                            <control type="textbox">
                                <autoscroll>false</autoscroll>
                                <left>170</left>
                                <top>60</top>
                                <width>410</width>
                                <height>170</height>
                                <label>$INFO[ListItem.Property(Plot)]</label>
                                <font>size21</font>
                                <align>justify</align>
                                <visible>String.IsEmpty(ListItem.Property(TagLine)) + String.IsEmpty(ListItem.Property(PlotOutline))</visible>
                            </control>
                        </focusedlayout>
                    </control>
                    <control type="group">
                        <left>100</left>
                        <control type="label">
                            <left>100</left>
                            <width min="10" max="700">auto</width>
                            <height>42</height>
                            <font>size42</font>
                            <label>[B]$LOCALIZE[342][/B]</label>
                            <font>size28</font>
                        </control>
                        <control type="image">
                            <height>55</height>
                            <width>100</width>
                            <aspectratio>keep</aspectratio>
                            <texture>badges/badgecount.png</texture>
                        </control>
                        <control type="label" id="210">
                            <height>44</height>
                            <width>100</width>
                            <font>size30</font>
                            <align>center</align>
                            <textcolor>FFFFFFFF</textcolor>
                            <shadowcolor>-</shadowcolor>
                            <label>-</label>
                        </control>
                    </control>
                </control>
                <!--TVSHOWS-->
                <control type="group" id="129">
                    <width>1920</width>
                    <height>306</height>
                    <control type="image">
                        <top>40</top>
                        <width>1920</width>
                        <height>250</height>
                        <texture border="2">images/white.png</texture>
                        <colordiffuse>searchband</colordiffuse>
                    </control>
                    <control type="image">
                        <left>0</left>
                        <top>40</top>
                        <width>1920</width>
                        <height>1</height>
                        <texture>images/lineL.png</texture>
                    </control>
                    <control type="image">
                        <left>0</left>
                        <top>290</top>
                        <width>1920</width>
                        <height>1</height>
                        <texture>images/lineR.png</texture>
                    </control>
                    <control type="list" id="121">
                        <left>60</left>
                        <top>40</top>
                        <width>1800</width>
                        <height>250</height>
                        <onleft>121</onleft>
                        <onright>121</onright>
                        <onup>211</onup>
                        <ondown>131</ondown>
                        <orientation>horizontal</orientation>
                        <viewtype label="535">list</viewtype>
                        <preloaditems>2</preloaditems>
                        <itemlayout width="600" height="250">
                            <control type="image">
                                <left>10</left>
                                <top>10</top>
                                <width>150</width>
                                <height>230</height>
                                <texture background="true">$INFO[ListItem.Icon]</texture>
                            </control>
                            <control type="image">
                                <left>6</left>
                                <top>214</top>
                                <width>30</width>
                                <height>30</height>
                                <texture>OverlayUnwatched.png</texture>
                                <visible>!IntegerGreaterThan(ListItem.Property(PlayCount),0)</visible>
                            </control>
                            <control type="label">
                                <left>170</left>
                                <top>10</top>
                                <width>410</width>
                                <height>12</height>
                                <scroll>false</scroll>
                                <label>[B]$INFO[ListItem.Label][/B]</label>
                                <font>size22</font>
                                <aligny>center</aligny>
                            </control>
                            <control type="label">
                                <left>170</left>
                                <top>40</top>
                                <width>410</width>
                                <height>12</height>
                                <font>size21</font>
                                <label>$INFO[ListItem.Property(Premiered)]</label>
                                <aligny>center</aligny>
                            </control>
                            <control type="textbox">
                                <autoscroll>false</autoscroll>
                                <left>170</left>
                                <top>60</top>
                                <width>410</width>
                                <height>170</height>
                                <label>$INFO[ListItem.Property(Plot)]</label>
                                <font>size21</font>
                                <align>justify</align>
                            </control>
                        </itemlayout>
                        <focusedlayout width="600" height="250">
                            <control type="image">
                                <width>600</width>
                                <height>250</height>
                                <texture colordiffuse="$VAR[diffuseselect]">images/white.png</texture>
                                <visible>Control.HasFocus(121)</visible>
                            </control>
                            <control type="image">
                                <left>10</left>
                                <top>10</top>
                                <width>150</width>
                                <height>230</height>
                                <texture background="true">$INFO[ListItem.Icon]</texture>
                            </control>
                            <control type="image">
                                <left>6</left>
                                <top>214</top>
                                <width>30</width>
                                <height>30</height>
                                <texture>OverlayUnwatched.png</texture>
                                <visible>!IntegerGreaterThan(ListItem.Property(PlayCount),0)</visible>
                            </control>
                            <control type="label">
                                <left>170</left>
                                <top>10</top>
                                <width>410</width>
                                <height>12</height>
                                <scroll>false</scroll>
                                <label>[B]$INFO[ListItem.Label][/B]</label>
                                <font>size22</font>
                                <aligny>center</aligny>
                            </control>
                            <control type="label">
                                <left>170</left>
                                <top>40</top>
                                <width>410</width>
                                <height>12</height>
                                <font>size21</font>
                                <label>$INFO[ListItem.Property(Premiered)]</label>
                                <aligny>center</aligny>
                            </control>
                            <control type="textbox">
                                <autoscroll>false</autoscroll>
                                <left>170</left>
                                <top>60</top>
                                <width>410</width>
                                <height>170</height>
                                <label>$INFO[ListItem.Property(Plot)]</label>
                                <font>size21</font>
                                <align>justify</align>
                            </control>
                        </focusedlayout>
                    </control>
                    <control type="group">
                        <left>100</left>
                        <control type="label">
                            <left>100</left>
                            <width min="10" max="700">auto</width>
                            <height>42</height>
                            <font>size42</font>
                            <label>[B]$LOCALIZE[20343][/B]</label>
                            <font>size28</font>
                        </control>
                        <control type="image">
                            <height>55</height>
                            <width>100</width>
                            <aspectratio>keep</aspectratio>
                            <texture>badges/badgecount.png</texture>
                        </control>
                        <control type="label" id="120">
                            <height>44</height>
                            <width>100</width>
                            <font>size30</font>
                            <align>center</align>
                            <textcolor>FFFFFFFF</textcolor>
                            <shadowcolor>-</shadowcolor>
                            <label>-</label>
                        </control>
                    </control>
                </control>
                <!--SEASONS-->
                <control type="group" id="139">
                    <left>0</left>
                    <top>0</top>
                    <width>1800</width>
                    <height>900</height>
                    <control type="panel" id="131">
                        <onup>121</onup>
                        <ondown>141</ondown>
                        <left>60</left>
                        <top>40</top>
                        <width>1800</width>
                        <height>900</height>
                        <viewtype label="536">Grid</viewtype>
                        <preloaditems>2</preloaditems>
                        <itemlayout height="380" width="257">
                            <control type="image">
                                <left>35</left>
                                <top>24</top>
                                <width>197</width>
                                <height>294</height>
                                <texture background="true">$INFO[ListItem.Icon]</texture>
                                <aspectratio>scale</aspectratio>
                            </control>
                            <control type="image">
                                <left>30</left>
                                <top>290</top>
                                <height>32</height>
                                <width>60</width>
                                <texture>OverlayUnwatched.png</texture>
                                <aspectratio align="left">keep</aspectratio>
                                <visible>!IntegerGreaterThan(ListItem.Property(PlayCount),0)</visible>
                            </control>
                            <control type="textbox">
                                <top>334</top>
                                <width>270</width>
                                <height>56</height>
                                <font>size21</font>
                                <textcolor>main</textcolor>
                                <align>center</align>
                                <label>[B]$INFO[ListItem.Label][/B][CR]$INFO[ListItem.Property(TvShowTitle)]</label>
                            </control>
                        </itemlayout>
                        <focusedlayout height="380" width="257">
                            <control type="group" description="Selection">
                                <visible>Control.HasFocus(131)</visible>
                                <include>Scrollanim</include>
                                <control type="image">
                                    <animation effect="fade" start="0" end="100" time="100" reversible="false">Focus</animation>
                                    <animation effect="fade" start="100" end="0" time="50" reversible="false">Unfocus</animation>
                                    <left>19</left>
                                    <top>9</top>
                                    <width>228</width>
                                    <height>323</height>
                                    <texture border="20">images/GeneralSlider.png</texture>
                                    <aspectratio>stretch</aspectratio>
                                </control>
                            </control>
                            <control type="image">
                                <left>35</left>
                                <top>24</top>
                                <width>197</width>
                                <height>294</height>
                                <texture background="true">$INFO[ListItem.Icon]</texture>
                                <aspectratio>scale</aspectratio>
                            </control>
                            <control type="image">
                                <left>30</left>
                                <top>290</top>
                                <height>32</height>
                                <width>60</width>
                                <texture>OverlayUnwatched.png</texture>
                                <aspectratio align="left">keep</aspectratio>
                                <visible>!IntegerGreaterThan(ListItem.Property(PlayCount),0)</visible>
                            </control>
                            <control type="textbox">
                                <top>334</top>
                                <width>270</width>
                                <height>56</height>
                                <font>size21</font>
                                <textcolor>main</textcolor>
                                <align>center</align>
                                <label>[B]$INFO[ListItem.Label][/B][CR]$INFO[ListItem.Property(TvShowTitle)]</label>
                            </control>
                        </focusedlayout>
                    </control>
                    <control type="group">
                        <left>100</left>
                        <control type="label">
                            <left>100</left>
                            <width min="10" max="700">auto</width>
                            <height>42</height>
                            <font>size42</font>
                            <label>[B]$LOCALIZE[33054][/B]</label>
                            <font>size28</font>
                        </control>
                        <control type="image">
                            <height>55</height>
                            <width>100</width>
                            <aspectratio>keep</aspectratio>
                            <texture>badges/badgecount.png</texture>
                        </control>
                        <control type="label" id="130">
                            <height>44</height>
                            <width>100</width>
                            <font>size30</font>
                            <align>center</align>
                            <textcolor>FFFFFFFF</textcolor>
                            <shadowcolor>-</shadowcolor>
                            <label>-</label>
                        </control>
                    </control>
                </control>
                <!--EPISODES-->
                <control type="group" id="149">
                    <width>1800</width>
                    <height>306</height>
                    <control type="image">
                        <top>40</top>
                        <width>1920</width>
                        <height>250</height>
                        <texture border="2">images/white.png</texture>
                        <colordiffuse>searchband</colordiffuse>
                    </control>
                    <control type="image">
                        <left>0</left>
                        <top>40</top>
                        <width>1920</width>
                        <height>1</height>
                        <texture>images/lineL.png</texture>
                    </control>
                    <control type="image">
                        <left>0</left>
                        <top>290</top>
                        <width>1920</width>
                        <height>1</height>
                        <texture>images/lineR.png</texture>
                    </control>
                    <control type="list" id="141">
                        <left>60</left>
                        <top>40</top>
                        <width>1800</width>
                        <height>250</height>
                        <onleft>141</onleft>
                        <onright>141</onright>
                        <onup>131</onup>
                        <ondown>151</ondown>
                        <orientation>horizontal</orientation>
                        <viewtype label="535">list</viewtype>
                        <preloaditems>2</preloaditems>
                        <itemlayout width="600" height="250">
                            <control type="image">
                                <left>10</left>
                                <top>10</top>
                                <width>150</width>
                                <height>100</height>
                                <texture background="true">$INFO[ListItem.Icon]</texture>
                            </control>
                            <control type="image">
                                <left>6</left>
                                <top>84</top>
                                <width>30</width>
                                <height>30</height>
                                <texture>OverlayUnwatched.png</texture>
                                <visible>!IntegerGreaterThan(ListItem.Property(PlayCount),0)</visible>
                            </control>
                            <control type="label">
                                <centerleft>85</centerleft>
                                <top>120</top>
                                <width>150</width>
                                <height>30</height>
                                <font>size22</font>
                                <align>center</align>
                                <label>S $INFO[ListItem.Property(Season)] • E $INFO[ListItem.Property(Episode)]</label>
                            </control>
                            <control type="label">
                                <centerleft>85</centerleft>
                                <top>150</top>
                                <width>150</width>
                                <height>30</height>
                                <font>size22</font>
                                <align>center</align>
                                <label>$INFO[ListItem.Property(Duration)] min.</label>
                            </control>
                            <control type="label">
                                <left>170</left>
                                <top>10</top>
                                <width>410</width>
                                <height>12</height>
                                <scroll>false</scroll>
                                <label>[B]$INFO[ListItem.Label][/B]</label>
                                <font>size22</font>
                                <aligny>center</aligny>
                            </control>
                            <control type="label">
                                <left>170</left>
                                <top>40</top>
                                <width>410</width>
                                <height>12</height>
                                <font>size21</font>
                                <label>$INFO[ListItem.Property(TvShowTitle)]</label>
                                <aligny>center</aligny>
                            </control>
                            <control type="textbox">
                                <autoscroll>false</autoscroll>
                                <left>170</left>
                                <top>60</top>
                                <width>410</width>
                                <height>170</height>
                                <label>$INFO[ListItem.Property(Plot)]</label>
                                <font>size21</font>
                                <align>justify</align>
                            </control>
                            <control type="image">
                                <left>10</left>
                                <top>210</top>
                                <width>150</width>
                                <height>20</height>
                                <info>ListItem.Property(StarRating)</info>
                                <aspectratio>keep</aspectratio>
                            </control>
                        </itemlayout>
                        <focusedlayout width="600" height="250">
                            <control type="image">
                                <width>600</width>
                                <height>250</height>
                                <texture colordiffuse="$VAR[diffuseselect]">images/white.png</texture>
                                <visible>Control.HasFocus(141)</visible>
                            </control>
                            <control type="image">
                                <left>10</left>
                                <top>10</top>
                                <width>150</width>
                                <height>100</height>
                                <texture background="true">$INFO[ListItem.Icon]</texture>
                            </control>
                            <control type="image">
                                <left>6</left>
                                <top>84</top>
                                <width>30</width>
                                <height>30</height>
                                <texture>OverlayUnwatched.png</texture>
                                <visible>!IntegerGreaterThan(ListItem.Property(PlayCount),0)</visible>
                            </control>
                            <control type="label">
                                <centerleft>85</centerleft>
                                <top>120</top>
                                <width>150</width>
                                <height>30</height>
                                <font>size22</font>
                                <align>center</align>
                                <label>S $INFO[ListItem.Property(Season)] • E $INFO[ListItem.Property(Episode)]</label>
                            </control>
                            <control type="label">
                                <centerleft>85</centerleft>
                                <top>150</top>
                                <width>150</width>
                                <height>30</height>
                                <font>size22</font>
                                <align>center</align>
                                <label>$INFO[ListItem.Property(Duration)] min.</label>
                            </control>
                            <control type="label">
                                <left>170</left>
                                <top>10</top>
                                <width>410</width>
                                <height>12</height>
                                <scroll>false</scroll>
                                <label>[B]$INFO[ListItem.Label][/B]</label>
                                <font>size22</font>
                                <aligny>center</aligny>
                            </control>
                            <control type="label">
                                <left>170</left>
                                <top>40</top>
                                <width>410</width>
                                <height>12</height>
                                <font>size21</font>
                                <label>$INFO[ListItem.Property(TvShowTitle)]</label>
                                <aligny>center</aligny>
                            </control>
                            <control type="textbox">
                                <autoscroll>false</autoscroll>
                                <left>170</left>
                                <top>60</top>
                                <width>410</width>
                                <height>170</height>
                                <label>$INFO[ListItem.Property(Plot)]</label>
                                <font>size21</font>
                                <align>justify</align>
                            </control>
                            <control type="image">
                                <left>10</left>
                                <top>210</top>
                                <width>150</width>
                                <height>20</height>
                                <info>ListItem.Property(StarRating)</info>
                                <aspectratio>keep</aspectratio>
                            </control>
                        </focusedlayout>
                    </control>
                    <control type="group">
                        <left>100</left>
                        <control type="label">
                            <left>100</left>
                            <width min="10" max="700">auto</width>
                            <height>42</height>
                            <font>size42</font>
                            <label>[B]$LOCALIZE[20360][/B]</label>
                            <font>size28</font>
                        </control>
                        <control type="image">
                            <height>55</height>
                            <width>100</width>
                            <aspectratio>keep</aspectratio>
                            <texture>badges/badgecount.png</texture>
                        </control>
                        <control type="label" id="140">
                            <height>44</height>
                            <width>100</width>
                            <font>size30</font>
                            <align>center</align>
                            <textcolor>FFFFFFFF</textcolor>
                            <shadowcolor>-</shadowcolor>
                            <label>-</label>
                        </control>
                    </control>
                </control>
                <!--MUSIC VIDEOS-->
                <control type="group" id="159">
                    <width>1800</width>
                    <height>306</height>
                    <control type="image">
                        <top>40</top>
                        <width>1920</width>
                        <height>250</height>
                        <texture border="2">images/white.png</texture>
                        <colordiffuse>searchband</colordiffuse>
                    </control>
                    <control type="image">
                        <left>0</left>
                        <top>40</top>
                        <width>1920</width>
                        <height>1</height>
                        <texture>images/lineL.png</texture>
                    </control>
                    <control type="image">
                        <left>0</left>
                        <top>290</top>
                        <width>1920</width>
                        <height>1</height>
                        <texture>images/lineR.png</texture>
                    </control>
                    <control type="list" id="151">
                        <left>60</left>
                        <top>40</top>
                        <width>1800</width>
                        <height>250</height>
                        <onleft>151</onleft>
                        <onright>151</onright>
                        <onup>141</onup>
                        <ondown>161</ondown>
                        <orientation>horizontal</orientation>
                        <viewtype label="535">list</viewtype>
                        <preloaditems>2</preloaditems>
                        <itemlayout width="600" height="250">
                            <control type="image">
                                <left>10</left>
                                <top>10</top>
                                <width>190</width>
                                <height>190</height>
                                <texture background="true">$INFO[ListItem.Icon]</texture>
                            </control>
                            <control type="label">
                                <left>105</left>
                                <top>210</top>
                                <width>190</width>
                                <height>20</height>
                                <font>size21</font>
                                <align>center</align>
                                <label>$INFO[ListItem.Property(Year)]</label>
                            </control>
                            <control type="label">
                                <left>210</left>
                                <top>10</top>
                                <width>370</width>
                                <height>12</height>
                                <label>[B]$INFO[ListItem.Label][/B]</label>
                                <font>size21</font>
                                <aligny>center</aligny>
                                <scroll>false</scroll>
                            </control>
                            <control type="label">
                                <left>210</left>
                                <top>40</top>
                                <width>370</width>
                                <height>12</height>
                                <label>$INFO[ListItem.Property(Artist)]</label>
                                <font>size21</font>
                                <aligny>center</aligny>
                            </control>
                            <control type="textbox">
                                <autoscroll>false</autoscroll>
                                <left>210</left>
                                <top>60</top>
                                <width>370</width>
                                <height>170</height>
                                <label>$INFO[ListItem.Property(Plot)]</label>
                                <font>size21</font>
                                <align>justify</align>
                            </control>
                        </itemlayout>
                        <focusedlayout width="600" height="250">
                            <control type="image">
                                <width>600</width>
                                <height>250</height>
                                <texture colordiffuse="$VAR[diffuseselect]">images/white.png</texture>
                                <visible>Control.HasFocus(151)</visible>
                            </control>
                            <control type="image">
                                <left>10</left>
                                <top>10</top>
                                <width>190</width>
                                <height>190</height>
                                <texture background="true">$INFO[ListItem.Icon]</texture>
                            </control>
                            <control type="label">
                                <left>105</left>
                                <top>210</top>
                                <width>190</width>
                                <height>20</height>
                                <font>size21</font>
                                <align>center</align>
                                <label>$INFO[ListItem.Property(Year)]</label>
                            </control>
                            <control type="label">
                                <left>210</left>
                                <top>10</top>
                                <width>370</width>
                                <height>12</height>
                                <label>[B]$INFO[ListItem.Label][/B]</label>
                                <font>size21</font>
                                <aligny>center</aligny>
                                <scroll>false</scroll>
                            </control>
                            <control type="label">
                                <left>210</left>
                                <top>40</top>
                                <width>370</width>
                                <height>12</height>
                                <label>$INFO[ListItem.Property(Artist)]</label>
                                <font>size21</font>
                                <aligny>center</aligny>
                            </control>
                            <control type="textbox">
                                <autoscroll>false</autoscroll>
                                <left>210</left>
                                <top>60</top>
                                <width>370</width>
                                <height>170</height>
                                <label>$INFO[ListItem.Property(Plot)]</label>
                                <font>size21</font>
                                <align>justify</align>
                            </control>
                        </focusedlayout>
                    </control>
                    <control type="group">
                        <left>100</left>
                        <control type="label">
                            <left>100</left>
                            <width min="10" max="700">auto</width>
                            <height>42</height>
                            <font>size42</font>
                            <label>[B]$LOCALIZE[20389][/B]</label>
                            <font>size28</font>
                        </control>
                        <control type="image">
                            <height>55</height>
                            <width>100</width>
                            <aspectratio>keep</aspectratio>
                            <texture>badges/badgecount.png</texture>
                        </control>
                        <control type="label" id="150">
                            <height>44</height>
                            <width>100</width>
                            <font>size30</font>
                            <align>center</align>
                            <textcolor>FFFFFFFF</textcolor>
                            <shadowcolor>-</shadowcolor>
                            <label>-</label>
                        </control>
                    </control>
                </control>
                <!--ARTISTS-->
                <control type="group" id="169">
                    <width>1800</width>
                    <height>306</height>
                    <control type="image">
                        <top>40</top>
                        <width>1920</width>
                        <height>250</height>
                        <texture border="2">images/white.png</texture>
                        <colordiffuse>searchband</colordiffuse>
                    </control>
                    <control type="image">
                        <top>40</top>
                        <width>1920</width>
                        <height>1</height>
                        <texture>images/lineL.png</texture>
                    </control>
                    <control type="image">
                        <top>290</top>
                        <width>1920</width>
                        <height>1</height>
                        <texture>images/lineR.png</texture>
                    </control>
                    <control type="list" id="161">
                        <left>60</left>
                        <top>40</top>
                        <width>1800</width>
                        <height>250</height>
                        <onleft>161</onleft>
                        <onright>161</onright>
                        <onup>151</onup>
                        <ondown>171</ondown>
                        <orientation>horizontal</orientation>
                        <viewtype label="535">list</viewtype>
                        <preloaditems>2</preloaditems>
                        <itemlayout width="600" height="250">
                            <control type="image">
                                <left>10</left>
                                <top>10</top>
                                <width>150</width>
                                <height>150</height>
                                <texture background="true">$INFO[ListItem.Icon]</texture>
                            </control>
                            <control type="label">
                                <left>170</left>
                                <top>10</top>
                                <width>410</width>
                                <height>12</height>
                                <scroll>false</scroll>
                                <label>[B]$INFO[ListItem.Label][/B]</label>
                                <font>size21</font>
                                <aligny>center</aligny>
                            </control>
                            <control type="label">
                                <left>170</left>
                                <top>40</top>
                                <width>410</width>
                                <height>12</height>
                                <font>size21</font>
                                <label>$INFO[ListItem.Property(Artist_Genre)]</label>
                                <aligny>center</aligny>
                            </control>
                            <control type="textbox">
                                <autoscroll>false</autoscroll>
                                <left>170</left>
                                <top>60</top>
                                <width>410</width>
                                <height>170</height>
                                <label>$INFO[ListItem.Property(Artist_Description)]</label>
                                <font>size21</font>
                                <align>justify</align>
                            </control>
                        </itemlayout>
                        <focusedlayout width="600" height="250">
                            <control type="image">
                                <width>600</width>
                                <height>250</height>
                                <texture colordiffuse="$VAR[diffuseselect]">images/white.png</texture>
                                <visible>Control.HasFocus(161)</visible>
                            </control>
                            <control type="image">
                                <left>10</left>
                                <top>10</top>
                                <width>150</width>
                                <height>150</height>
                                <texture background="true">$INFO[ListItem.Icon]</texture>
                            </control>
                            <control type="label">
                                <left>170</left>
                                <top>10</top>
                                <width>410</width>
                                <height>12</height>
                                <scroll>false</scroll>
                                <label>[B]$INFO[ListItem.Label][/B]</label>
                                <font>size21</font>
                                <aligny>center</aligny>
                            </control>
                            <control type="label">
                                <left>170</left>
                                <top>40</top>
                                <width>410</width>
                                <height>12</height>
                                <font>size21</font>
                                <label>$INFO[ListItem.Property(Artist_Genre)]</label>
                                <aligny>center</aligny>
                            </control>
                            <control type="textbox">
                                <autoscroll>false</autoscroll>
                                <left>170</left>
                                <top>60</top>
                                <width>410</width>
                                <height>170</height>
                                <label>$INFO[ListItem.Property(Artist_Description)]</label>
                                <font>size21</font>
                                <align>justify</align>
                            </control>
                        </focusedlayout>
                    </control>
                    <control type="group">
                        <left>100</left>
                        <control type="label">
                            <left>100</left>
                            <width min="10" max="700">auto</width>
                            <height>42</height>
                            <font>size42</font>
                            <label>[B]$LOCALIZE[133][/B]</label>
                            <font>size28</font>
                        </control>
                        <control type="image">
                            <height>55</height>
                            <width>100</width>
                            <aspectratio>keep</aspectratio>
                            <texture>badges/badgecount.png</texture>
                        </control>
                        <control type="label" id="160">
                            <height>44</height>
                            <width>100</width>
                            <font>size30</font>
                            <align>center</align>
                            <textcolor>FFFFFFFF</textcolor>
                            <shadowcolor>-</shadowcolor>
                            <label>-</label>
                        </control>
                    </control>
                </control>
                <!--ALBUMS-->
                <control type="group" id="179">
                    <width>1800</width>
                    <height>306</height>
                    <control type="image">
                        <top>40</top>
                        <width>1920</width>
                        <height>250</height>
                        <texture border="2">images/white.png</texture>
                        <colordiffuse>searchband</colordiffuse>
                    </control>
                    <control type="image">
                        <left>0</left>
                        <top>40</top>
                        <width>1920</width>
                        <height>1</height>
                        <texture>images/lineL.png</texture>
                    </control>
                    <control type="image">
                        <left>0</left>
                        <top>290</top>
                        <width>1920</width>
                        <height>1</height>
                        <texture>images/lineR.png</texture>
                    </control>
                    <control type="list" id="171">
                        <left>60</left>
                        <top>40</top>
                        <width>1800</width>
                        <height>250</height>
                        <onleft>171</onleft>
                        <onright>171</onright>
                        <onup>161</onup>
                        <ondown>181</ondown>
                        <orientation>horizontal</orientation>
                        <viewtype label="535">list</viewtype>
                        <preloaditems>2</preloaditems>
                        <itemlayout width="600" height="250">
                            <control type="image">
                                <left>10</left>
                                <top>10</top>
                                <width>190</width>
                                <height>190</height>
                                <texture background="true">$INFO[ListItem.Icon]</texture>
                            </control>
                            <control type="image">
                                <left>10</left>
                                <top>210</top>
                                <width>190</width>
                                <height>20</height>
                                <info>ListItem.Property(StarRating)</info>
                                <aspectratio>keep</aspectratio>
                            </control>
                            <control type="label">
                                <left>210</left>
                                <top>10</top>
                                <width>370</width>
                                <height>12</height>
                                <label>[B]$INFO[ListItem.Label][/B]</label>
                                <font>size21</font>
                                <aligny>center</aligny>
                            </control>
                            <control type="label">
                                <left>210</left>
                                <top>40</top>
                                <width>370</width>
                                <height>12</height>
                                <label>$INFO[ListItem.Property(Artist)]</label>
                                <font>size21</font>
                                <aligny>center</aligny>
                            </control>
                            <control type="textbox">
                                <autoscroll>false</autoscroll>
                                <left>210</left>
                                <top>60</top>
                                <width>370</width>
                                <height>170</height>
                                <label>$INFO[ListItem.Property(Album_Description)]</label>
                                <font>size21</font>
                                <align>justify</align>
                            </control>
                        </itemlayout>
                        <focusedlayout width="600" height="250">
                            <control type="image">
                                <width>600</width>
                                <height>250</height>
                                <texture colordiffuse="$VAR[diffuseselect]">images/white.png</texture>
                                <visible>Control.HasFocus(171)</visible>
                            </control>
                            <control type="image">
                                <left>10</left>
                                <top>10</top>
                                <width>190</width>
                                <height>190</height>
                                <texture background="true">$INFO[ListItem.Icon]</texture>
                            </control>
                            <control type="image">
                                <left>10</left>
                                <top>210</top>
                                <width>190</width>
                                <height>20</height>
                                <info>ListItem.Property(StarRating)</info>
                                <aspectratio>keep</aspectratio>
                            </control>
                            <control type="label">
                                <left>210</left>
                                <top>10</top>
                                <width>370</width>
                                <height>12</height>
                                <label>[B]$INFO[ListItem.Label][/B]</label>
                                <font>size21</font>
                                <aligny>center</aligny>
                            </control>
                            <control type="label">
                                <left>210</left>
                                <top>40</top>
                                <width>370</width>
                                <height>12</height>
                                <label>$INFO[ListItem.Property(Artist)]</label>
                                <font>size21</font>
                                <aligny>center</aligny>
                            </control>
                            <control type="textbox">
                                <autoscroll>false</autoscroll>
                                <left>210</left>
                                <top>60</top>
                                <width>370</width>
                                <height>170</height>
                                <label>$INFO[ListItem.Property(Album_Description)]</label>
                                <font>size21</font>
                                <align>justify</align>
                            </control>
                        </focusedlayout>
                    </control>
                    <control type="group">
                        <left>100</left>
                        <control type="label">
                            <left>100</left>
                            <width min="10" max="700">auto</width>
                            <height>42</height>
                            <font>size42</font>
                            <label>[B]$LOCALIZE[132][/B]</label>
                            <font>size28</font>
                        </control>
                        <control type="image">
                            <height>55</height>
                            <width>100</width>
                            <aspectratio>keep</aspectratio>
                            <texture>badges/badgecount.png</texture>
                        </control>
                        <control type="label" id="170">
                            <height>44</height>
                            <width>100</width>
                            <font>size30</font>
                            <align>center</align>
                            <textcolor>FFFFFFFF</textcolor>
                            <shadowcolor>-</shadowcolor>
                            <label>-</label>
                        </control>
                    </control>
                </control>
                <!--SONGS-->
                <control type="group" id="189">
                    <width>1800</width>
                    <height>306</height>
                    <control type="image">
                        <top>40</top>
                        <width>1920</width>
                        <height>250</height>
                        <texture border="2">images/white.png</texture>
                        <colordiffuse>searchband</colordiffuse>
                    </control>
                    <control type="image">
                        <left>0</left>
                        <top>40</top>
                        <width>1920</width>
                        <height>1</height>
                        <texture>images/lineL.png</texture>
                    </control>
                    <control type="image">
                        <left>0</left>
                        <top>290</top>
                        <width>1920</width>
                        <height>1</height>
                        <texture>images/lineR.png</texture>
                    </control>
                    <control type="list" id="181">
                       <left>60</left>
                        <top>40</top>
                        <width>1800</width>
                        <height>250</height>
                        <onleft>181</onleft>
                        <onright>181</onright>
                        <onup>171</onup>
                        <ondown>111</ondown>
                        <orientation>horizontal</orientation>
                        <viewtype label="535">list</viewtype>
                        <preloaditems>2</preloaditems>
                        <itemlayout width="600" height="250">
                            <control type="image">
                                <left>10</left>
                                <top>10</top>
                                <width>190</width>
                                <height>190</height>
                                <texture background="true">$INFO[ListItem.Icon]</texture>
                            </control>
                             <control type="label">
                                <left>210</left>
                                <top>10</top>
                                <width>370</width>
                                <height>12</height>
                                <label>[B]$INFO[ListItem.Label][/B]</label>
                                <font>size21</font>
                                <aligny>center</aligny>
                            </control>
                            <control type="label">
                                <left>210</left>
                                <top>40</top>
                                <width>370</width>
                                <height>12</height>
                                <label>$INFO[ListItem.Property(Artist)]</label>
                                <font>size21</font>
                                <aligny>center</aligny>
                            </control>
                            <control type="label">
                                <left>210</left>
                                <top>70</top>
                                <width>280</width>
                                <height>12</height>
                                <label>$INFO[ListItem.Property(Genre)]</label>
                                <font>size21</font>
                                <aligny>center</aligny>
                            </control>
                            <control type="label">
                                <left>210</left>
                                <top>100</top>
                                <width>280</width>
                                <height>12</height>
                                <label>$INFO[ListItem.Property(Duration)]</label>
                                <font>size21</font>
                                <aligny>center</aligny>
                            </control>
                        </itemlayout>
                        <focusedlayout width="600" height="250">
                           <control type="image">
                                <width>600</width>
                                <height>250</height>
                                <texture colordiffuse="$VAR[diffuseselect]">images/white.png</texture>
                                <visible>Control.HasFocus(181)</visible>
                            </control>
                            <control type="image">
                                <left>10</left>
                                <top>10</top>
                                <width>190</width>
                                <height>190</height>
                                <texture background="true">$INFO[ListItem.Icon]</texture>
                            </control>
                            <control type="label">
                                <left>210</left>
                                <top>10</top>
                                <width>370</width>
                                <height>12</height>
                                <label>[B]$INFO[ListItem.Label][/B]</label>
                                <font>size21</font>
                                <aligny>center</aligny>
                            </control>
                            <control type="label">
                                <left>210</left>
                                <top>40</top>
                                <width>370</width>
                                <height>12</height>
                                <label>$INFO[ListItem.Property(Artist)]</label>
                                <font>size21</font>
                                <aligny>center</aligny>
                            </control>
                            <control type="label">
                                <left>210</left>
                                <top>70</top>
                                <width>280</width>
                                <height>12</height>
                                <label>$INFO[ListItem.Property(Genre)]</label>
                                <font>size21</font>
                                <aligny>center</aligny>
                            </control>
                            <control type="label">
                                <left>210</left>
                                <top>100</top>
                                <width>280</width>
                                <height>12</height>
                                <label>$INFO[ListItem.Property(Duration)]</label>
                                <font>size21</font>
                                <aligny>center</aligny>
                            </control>
                        </focusedlayout>
                    </control>
                    <control type="group">
                        <left>100</left>
                        <control type="label">
                            <left>100</left>
                            <width min="10" max="700">auto</width>
                            <height>42</height>
                            <font>size42</font>
                            <label>[B]$LOCALIZE[134][/B]</label>
                            <font>size28</font>
                        </control>
                        <control type="image">
                            <height>55</height>
                            <width>100</width>
                            <aspectratio>keep</aspectratio>
                            <texture>badges/badgecount.png</texture>
                        </control>
                        <control type="label" id="180">
                            <height>44</height>
                            <width>100</width>
                            <font>size30</font>
                            <align>center</align>
                            <textcolor>FFFFFFFF</textcolor>
                            <shadowcolor>-</shadowcolor>
                            <label>-</label>
                        </control>
                    </control>
                </control>
            </control>
        </control>
    </controls>
</window>
