<?xml version="1.0" encoding="UTF-8"?>
<window id="129">
    <defaultcontrol always="true">22</defaultcontrol>

    <backgroundcolor>background</backgroundcolor>
    <include>OpenClose</include>
    <controls>
        <control type="image" id="999" description="Background image">
            <centerleft>960</centerleft>
            <centertop>540</centertop>
            <height>1450</height>
            <width>1380</width>
            <texture border="150">images/Dialog.png</texture>
        </control>
        <control type="label" id="2" description="Header label">
            <include>Heading</include>
            <label>21432</label>
        </control>
        <control type="image">
            <top>86</top>
            <centerleft>960</centerleft>
            <height>1</height>
            <width>1000</width>
            <texture>lines/Line1.png</texture>
        </control>
        <control type="group">
            <visible>!Window.IsVisible(smartplaylistrule)</visible>
            <control type="spincontrolex" id="22">
                <description>Set Playlist type</description>
                <centerleft>960</centerleft>
                <top>105</top>
                <width>1110</width>
                <label>467</label>
                <onright>22</onright>
                <onleft>22</onleft>
                <onup>9001</onup>
                <ondown>12</ondown>
                <texturefocus colordiffuse="$VAR[diffuseselect]" border="8">images/white.png</texturefocus>
            </control>
            <control type="label">
                <description>Name Label</description>
                <centerleft>960</centerleft>
                <top>174</top>
                <align>center</align>
                <width>1110</width>
                <textcolor>dimgray</textcolor>
                <label>• $LOCALIZE[21433] •</label>
            </control>
            <control type="edit" id="12">
                <description>Name Button</description>
                <centerleft>960</centerleft>
                <top>246</top>
                <width>1010</width>
                <height>63</height>
                <font>size33</font>
                <align>left</align>
                <aligny>center</aligny>
                <focusedcolor>maindim</focusedcolor>
                <selectedcolor>maindim</selectedcolor>
                <label>-</label>
                <textoffsetx>20</textoffsetx>
                <pulseonselect>false</pulseonselect>
                <onup>22</onup>
                <onleft>12</onleft>
                <onright>12</onright>
                <ondown>10</ondown>
            </control>
            <control type="label">
                <description>Find items where</description>
                <centerleft>960</centerleft>
                <top>315</top>
                <width>1110</width>
                <align>center</align>
                <textcolor>dimgray</textcolor>
                <label>• $LOCALIZE[21434] •</label>
                <height>63</height>
            </control>
            <control type="group">
                <top>6</top>
                <width>1095</width>
                <centerleft>960</centerleft>
                <control type="list" id="10">
                    <description>Rules List Control</description>
                    <top>381</top>
                    <width>840</width>
                    <height>207</height>
                    <onup>12</onup>
                    <onleft>8999</onleft>
                    <onright>8999</onright>
                    <ondown>16</ondown>
                    <itemlayout width="840" height="63">
                        <control type="image">
                            <left>0</left>
                            <top>0</top>
                            <width>840</width>
                            <height>63</height>
                        </control>
                        <control type="label">
                            <left>30</left>
                            <top>0</top>
                            <width>780</width>
                            <height>63</height>
                            <info>ListItem.Label</info>
                        </control>
                    </itemlayout>
                    <focusedlayout width="840" height="63">
                        <control type="image">
                            <left>0</left>
                            <top>0</top>
                            <width>840</width>
                            <height>63</height>
                            <texture colordiffuse="$VAR[diffuseselect]" border="8">images/buttonselect1.png</texture>
                            <animation effect="fade" start="100" end="50" condition="!Control.HasFocus(10)">Conditional</animation>
                        </control>
                        <control type="label">
                            <left>30</left>
                            <top>0</top>
                            <height>63</height>
                            <width>780</width>
                            <info>ListItem.Label</info>
                        </control>
                    </focusedlayout>
                </control>
                <control type="group" id="8999">
                    <control type="button" id="13">
                        <description>Add Rule Button</description>
                        <left>840</left>
                        <top>381</top>
                        <width>255</width>
                        <height>63</height>
                        <label>15019</label>
                        <onup>17</onup>
                        <onleft>10</onleft>
                        <onright>10</onright>
                        <ondown>14</ondown>
                        <texturefocus colordiffuse="$VAR[diffuseselect]" border="8">images/white.png</texturefocus>
                    </control>
                    <control type="button" id="14">
                        <description>Remove Rule Button</description>
                        <left>840</left>
                        <top>459</top>
                        <width>255</width>
                        <height>63</height>
                        <label>1210</label>
                        <onup>13</onup>
                        <onleft>10</onleft>
                        <onright>10</onright>
                        <ondown>15</ondown>
                        <texturefocus colordiffuse="$VAR[diffuseselect]" border="8">images/white.png</texturefocus>
                    </control>
                    <control type="button" id="15">
                        <description>Edit Rule Button</description>
                        <left>840</left>
                        <top>537</top>
                        <width>255</width>
                        <height>63</height>
                        <label>21435</label>
                        <onup>14</onup>
                        <onleft>10</onleft>
                        <onright>10</onright>
                        <ondown>16</ondown>
                        <texturefocus colordiffuse="$VAR[diffuseselect]" border="8">images/white.png</texturefocus>
                    </control>
                </control>
            </control>
            <control type="label">
                <description>Playlist options</description>
                <centerleft>960</centerleft>
                <align>center</align>
                <top>600</top>
                <width>1110</width>
                <textcolor>dimgray</textcolor>
                <label>• $LOCALIZE[31025] •</label>
            </control>

            <control type="grouplist">
                <centerleft>960</centerleft>
                <width>1110</width>
                <top>680</top>
                    <onup>10</onup>
                    <ondown>9001</ondown>
                <control type="spincontrolex" id="16">
                    <width>1110</width>
                    <label>21424</label>
                    <texturefocus colordiffuse="$VAR[diffuseselect]" border="8">images/white.png</texturefocus>
                </control>
                <control type="spincontrolex" id="17">
                    <width>1110</width>
                    <label>21427</label>

                    <texturefocus colordiffuse="$VAR[diffuseselect]" border="8">images/white.png</texturefocus>
                </control>
                <control type="spincontrolex" id="18">
                    <width>1110</width>
                    <label>21429</label>
                    <texturefocus colordiffuse="$VAR[diffuseselect]" border="8">images/white.png</texturefocus>
                </control>
                <control type="togglebutton" id="19">
                    <width>1110</width>
                    <label>21431</label>
                    <altlabel>21430</altlabel>
                    <texturefocus colordiffuse="$VAR[diffuseselect]" border="8">images/white.png</texturefocus>
                </control>
            </control>
            <control type="grouplist" id="9001">
                <orientation>horizontal</orientation>
                <top>1000</top>
                <width>1000</width>
                <centerleft>960</centerleft>
                <align>center</align>
                <onup>19</onup>
                <ondown>22</ondown>
                <control type="button" id="20">
                    <description>Ok Button</description>
                    <width>300</width>
                    <label>186</label>
                </control>
                <control type="button" id="21">
                    <description>Cancel Button</description>
                    <width>300</width>
                    <label>222</label>
                </control>
            </control>
        </control>
    </controls>
</window>
