<?xml version="1.0" encoding="UTF-8"?>
<shortcuts>
	<shortcut>
		<defaultID>pictures</defaultID>
		<label>1</label>
		<label2 />
		<icon>special://skin/extras/icons/DefaultPicture.png</icon>
		<thumb />
		<action>ActivateWindow(Pictures,return)</action>
	</shortcut>
	<shortcut>
		<defaultID>music</defaultID>
		<label>2</label>
		<label2 />
		<icon>special://skin/extras/icons/DefaultAudio.png</icon>
		<thumb />
		<action>ActivateWindow(Music)</action>
	</shortcut>
	<shortcut>
		<defaultID>movies</defaultID>
		<label>20342</label>
		<label2 />
		<icon>special://skin/extras/icons/DefaultMovies.png</icon>
		<thumb />
		<action>ActivateWindow(Videos,videodb://movies/titles/,return)</action>
	</shortcut>
	<shortcut>
		<defaultID>tvshows</defaultID>
		<label>20343</label>
		<label2 />
		<icon>special://skin/extras/icons/DefaultTVShows.png</icon>
		<thumb />
		<action>ActivateWindow(Videos,videodb://tvshows/titles/,return)</action>
	</shortcut>
	<shortcut>
		<defaultID>livetv</defaultID>
		<label>31502</label>
		<label2 />
		<icon>special://skin/extras/icons/DefaultAddonPVRClient.png</icon>
		<thumb />
		<action>ActivateWindow(TVChannels)</action>
	</shortcut>
	<shortcut>
		<defaultID>videos</defaultID>
		<label>3</label>
		<label2 />
		<icon>special://skin/extras/icons/DefaultVideo.png</icon>
		<thumb />
		<action>ActivateWindow(Videos,root)</action>
	</shortcut>
	<shortcut>
		<defaultID>programs</defaultID>
		<label>31957</label>
		<label2 />
		<icon>special://skin/extras/icons/DefaultProgram.png</icon>
		<thumb />
		<action>ActivateWindow(1133)</action>
	</shortcut>
	<shortcut>
		<defaultID>games</defaultID>
		<label>15016</label>
		<label2 />
		<icon>special://skin/extras/icons/DefaultProgram.png</icon>
		<thumb />
		<action>ActivateWindow(Games)</action>
		<visible>System.GetBool(gamesgeneral.enable)</visible>
	</shortcut>
	<shortcut>
		<defaultID>settings</defaultID>
		<label>13000</label>
		<label2 />
		<icon>special://skin/extras/icons/DefaultAddonService.png</icon>
		<thumb />
		<action>ActivateWindow(Settings)</action>
	</shortcut>
	<shortcut>
		<defaultID>search</defaultID>
		<label>137</label>
		<label2 />
		<icon>special://skin/extras/icons/DefaultAddonsSearch.png</icon>
		<thumb />
		<action>ActivateWindow(1129)</action>
	</shortcut>
	<shortcut>
		<defaultID>playdisc</defaultID>
		<label>31958</label>
		<label2 />
		<icon>special://skin/extras/icons/Disc.png</icon>
		<thumb />
		<action>PlayDisc</action>
		<visible>System.HasMediaDVD</visible>
	</shortcut>
	<shortcut>
		<defaultID>power</defaultID>
		<label>33060</label>
		<label2 />
		<icon>special://skin/extras/icons/power.png</icon>
		<thumb />
		<action>ActivateWindow(shutdownmenu)</action>
	</shortcut>
	<shortcut>
		<defaultID>favourites</defaultID>
		<label>1036</label>
		<label2 />
		<icon>special://skin/extras/icons/Favorites.png</icon>
		<thumb />
		<action>ActivateWindow(Favourites)</action>
	</shortcut>
	<shortcut>
		<defaultID>weather</defaultID>
		<label>12600</label>
		<label2 />
		<icon>special://skin/extras/icons/DefaultAddonWeather.png</icon>
		<thumb />
		<action>ActivateWindow(Weather)</action>
	</shortcut>
	<shortcut>
		<defaultID>musicvideos</defaultID>
		<label>20389</label>
		<label2 />
		<icon>special://skin/extras/icons/DefaultMusicVideos.png</icon>
		<thumb />
		<action>ActivateWindow(Videos,videodb://musicvideos/titles/,return)</action>
	</shortcut>
</shortcuts>
