<?xml version="1.0" encoding="UTF-8"?>
<window>
	<defaultcontrol always="true">100</defaultcontrol>
	<onunload>Skin.Reset(SubtitleSection)</onunload>
	<controls>
		<!--all content-->
		<control type="group">
			<centerleft>50%</centerleft>
			<top>105r</top>
			<width>1140</width>
			<visible>![Window.IsVisible(SliderDialog) | Window.IsVisible(OSDVideoSettings) | Window.IsVisible(OSDAudioSettings) | Window.IsVisible(OSDAudioDSPSettings) | Window.IsVisible(VideoBookmarks) | Window.IsVisible(PVROSDChannels) | Window.IsVisible(PVROSDGuide)]</visible>
			<!--background-->
			<control type="image" id="1">
				<width>1140</width>
				<height>85</height>
				<texture colordiffuse="22FFFFFF">backgrounds/osd bg.png</texture>
			</control>
			<control type="slider" id="87">
				<description>Seek Slider</description>
				<left>25</left>
				<top>-50</top>
				<width>1090</width>
				<height>7</height>
				<action>seek</action>
				<animation effect="fade" time="200">VisibleChange</animation>
				<visible>![VideoPlayer.Content(LiveTV) | Skin.HasSetting(SubtitleSection)]</visible>
				<colordiffuse>BBFFFFFF</colordiffuse>
			</control>
			<!-- !LiveTV -->
			<control type="grouplist" id="100">
				<left>35</left>
				<top>23</top>
				<onup>1000</onup>
				<ondown>1000</ondown>
				<onleft>254</onleft>
				<onright>251</onright>
				<orientation>horizontal</orientation>
				<itemgap>35</itemgap>
				<defaultcontrol always="true">202</defaultcontrol>
				<visible>!VideoPlayer.Content(LiveTV)</visible>
				<control type="button" id="200">
					<width>40</width>
					<height>40</height>
					<font>-</font>
					<texturefocus colordiffuse="$VAR[Colour.500]">OSDPrevTrackNF.png</texturefocus>
					<texturenofocus colordiffuse="text.primary">OSDPrevTrackNF.png</texturenofocus>
					<onclick>PlayerControl(Previous)</onclick>
				</control>
				<control type="button" id="201">
					<width>40</width>
					<height>40</height>
					<font>-</font>
					<texturefocus colordiffuse="$VAR[Colour.500]">OSDRewindNF.png</texturefocus>
					<texturenofocus colordiffuse="text.primary">OSDRewindNF.png</texturenofocus>
					<onclick>PlayerControl(Rewind)</onclick>
				</control>
				<control type="togglebutton" id="202">
					<width>40</width>
					<height>40</height>
					<font>-</font>
					<texturefocus colordiffuse="$VAR[Colour.500]">OSDPauseNF.png</texturefocus>
					<texturenofocus colordiffuse="text.primary">OSDPauseNF.png</texturenofocus>
					<usealttexture>Player.Paused | Player.Forwarding | Player.Rewinding</usealttexture>
					<alttexturefocus colordiffuse="$VAR[Colour.500]">OSDPlayNF.png</alttexturefocus>
					<alttexturenofocus colordiffuse="text.primary">OSDPlayNF.png</alttexturenofocus>
					<onclick>PlayerControl(Play)</onclick>
				</control>
				<control type="button" id="203">
					<width>40</width>
					<height>40</height>
					<font>-</font>
					<texturefocus colordiffuse="$VAR[Colour.500]">OSDStopNF.png</texturefocus>
					<texturenofocus colordiffuse="text.primary">OSDStopNF.png</texturenofocus>
					<onclick>PlayerControl(Stop)</onclick>
				</control>
				<control type="button" id="204">
					<width>40</width>
					<height>40</height>
					<font>-</font>
					<texturefocus colordiffuse="$VAR[Colour.500]">OSDForwardNF.png</texturefocus>
					<texturenofocus colordiffuse="text.primary">OSDForwardNF.png</texturenofocus>
					<onclick>PlayerControl(Forward)</onclick>
				</control>
				<control type="button" id="205">
					<width>40</width>
					<height>40</height>
					<font>-</font>
					<texturefocus colordiffuse="$VAR[Colour.500]">OSDNextTrackNF.png</texturefocus>
					<texturenofocus colordiffuse="text.primary">OSDNextTrackNF.png</texturenofocus>
					<onclick>PlayerControl(Next)</onclick>
				</control>
			</control>
			<!-- LiveTV -->
			<control type="grouplist" id="100">
				<left>35</left>
				<top>23</top>
				<onup>1000</onup>
				<ondown>1000</ondown>
				<onleft>353</onleft>
				<onright>350</onright>
				<orientation>horizontal</orientation>
				<itemgap>35</itemgap>
				<defaultcontrol always="true">301</defaultcontrol>
				<visible>VideoPlayer.Content(LiveTV)</visible>
				<control type="button" id="300">
					<width>40</width>
					<height>40</height>
					<font>-</font>
					<texturefocus colordiffuse="$VAR[Colour.500]">OSDChannelUPNF.png</texturefocus>
					<texturenofocus colordiffuse="text.primary">OSDChannelUPNF.png</texturenofocus>
					<onclick>PlayerControl(Previous)</onclick>
				</control>
				<control type="button" id="301">
					<width>40</width>
					<height>40</height>
					<font>-</font>
					<texturefocus colordiffuse="$VAR[Colour.500]">OSDChannelDownNF.png</texturefocus>
					<texturenofocus colordiffuse="text.primary">OSDChannelDownNF.png</texturenofocus>
					<onclick>PlayerControl(Next)</onclick>
				</control>
				<control type="button" id="302">
					<width>40</width>
					<height>40</height>
					<font>-</font>
					<texturefocus colordiffuse="$VAR[Colour.500]">OSDRewindNF.png</texturefocus>
					<texturenofocus colordiffuse="text.primary">OSDRewindNF.png</texturenofocus>
					<onclick>PlayerControl(Rewind)</onclick>
					<enable>Player.SeekEnabled</enable>
					<animation effect="fade" start="100" end="50" time="100" condition="!Player.SeekEnabled">Conditional</animation>
				</control>
				<control type="togglebutton" id="303">
					<width>40</width>
					<height>40</height>
					<font>-</font>
					<texturefocus colordiffuse="$VAR[Colour.500]">OSDPauseNF.png</texturefocus>
					<texturenofocus colordiffuse="text.primary">OSDPauseNF.png</texturenofocus>
					<usealttexture>Player.Paused | Player.Forwarding | Player.Rewinding</usealttexture>
					<alttexturefocus colordiffuse="$VAR[Colour.500]">OSDPlayNF.png</alttexturefocus>
					<alttexturenofocus colordiffuse="text.primary">OSDPlayNF.png</alttexturenofocus>
					<onclick>PlayerControl(Play)</onclick>
					<enable>Player.PauseEnabled</enable>
					<animation effect="fade" start="100" end="50" time="100" condition="!Player.PauseEnabled">Conditional</animation>
				</control>
				<control type="button" id="304">
					<width>40</width>
					<height>40</height>
					<font>-</font>
					<texturefocus colordiffuse="$VAR[Colour.500]">OSDStopNF.png</texturefocus>
					<texturenofocus colordiffuse="text.primary">OSDStopNF.png</texturenofocus>
					<onclick>PlayerControl(Stop)</onclick>
				</control>
				<control type="button" id="305">
					<width>40</width>
					<height>40</height>
					<font>-</font>
					<texturefocus colordiffuse="$VAR[Colour.500]">OSDForwardNF.png</texturefocus>
					<texturenofocus colordiffuse="text.primary">OSDForwardNF.png</texturenofocus>
					<onclick>PlayerControl(Forward)</onclick>
					<enable>Player.SeekEnabled</enable>
					<animation effect="fade" start="100" end="50" time="100" condition="!Player.SeekEnabled">Conditional</animation>
				</control>
				<control type="button" id="306">
					<width>40</width>
					<height>40</height>
					<font>-</font>
					<texturefocus colordiffuse="$VAR[Colour.500]">OSDChannelListNF.png</texturefocus>
					<texturenofocus colordiffuse="text.primary">OSDChannelListNF.png</texturenofocus>
					<onclick>ActivateWindow(PVROSDChannels)</onclick>
					<onclick>Dialog.Close(VideoOSD)</onclick>
				</control>
				<control type="button" id="307">
					<width>40</width>
					<height>40</height>
					<label>$LOCALIZE[19029]$INFO[VideoPlayer.ChannelName, - ]</label>
					<font>-</font>
					<texturefocus colordiffuse="$VAR[Colour.500]">OSDepgNF.png</texturefocus>
					<texturenofocus colordiffuse="text.primary">OSDepgNF.png</texturenofocus>
					<onclick>ActivateWindow(PVROSDGuide)</onclick>
					<onclick>Dialog.Close(VideoOSD)</onclick>
				</control>
			</control>
			<!-- !LiveTV -->
			<control type="grouplist" id="101">
				<right>35</right>
				<top>23</top>
				<onup>1000</onup>
				<ondown>1000</ondown>
				<onleft>205</onleft>
				<onright>200</onright>
				<align>right</align>
				<orientation>horizontal</orientation>
				<itemgap>35</itemgap>
				<visible>!VideoPlayer.Content(LiveTV)</visible>
				<control type="button" id="251">
					<width>40</width>
					<height>40</height>
					<font>-</font>
					<texturefocus colordiffuse="$VAR[Colour.500]">OSDVideoNF.png</texturefocus>
					<texturenofocus colordiffuse="text.primary">OSDVideoNF.png</texturenofocus>
					<onclick>ActivateWindow(OSDVideoSettings)</onclick>
				</control>
				<control type="button" id="252">
					<width>40</width>
					<height>40</height>
					<font>-</font>
					<texturefocus colordiffuse="$VAR[Colour.500]">OSDAudioNF.png</texturefocus>
					<texturenofocus colordiffuse="text.primary">OSDAudioNF.png</texturenofocus>
					<onclick>ActivateWindow(OSDAudioSettings)</onclick>
				</control>
				<control type="button" id="253">
					<width>40</width>
					<height>40</height>
					<font>-</font>
					<texturefocus colordiffuse="$VAR[Colour.500]">OSDBookmarksNF.png</texturefocus>
					<texturenofocus colordiffuse="text.primary">OSDBookmarksNF.png</texturenofocus>
					<onclick>ActivateWindow(VideoBookmarks)</onclick>
				</control>
				<control type="group" id="698">
					<width>40</width>
					<height>40</height>
					<control type="button" id="250">
						<width>40</width>
						<height>40</height>
						<font>-</font>
						<texturefocus colordiffuse="$VAR[Colour.500]">OSDSubtitlesNF.png</texturefocus>
						<texturenofocus colordiffuse="text.primary">OSDSubtitlesNF.png</texturenofocus>
						<onleft>253</onleft>
						<onright>255</onright>
						<onup>404</onup>
						<ondown>1000</ondown>
						<onfocus>Skin.SetBool(SubtitleSection)</onfocus>
						<onunfocus condition="!Control.HasFocus(410)">Skin.Reset(SubtitleSection)</onunfocus>
					</control>
					<control type="image">
						<width>40</width>
						<height>40</height>
						<texture colordiffuse="$VAR[Colour.500]">OSDSubtitlesNF.png</texture>
						<visible>Control.HasFocus(410) | Control.HasFocus(250) | ControlGroup(400).HasFocus</visible>
					</control>
				</control>
				<control type="group" id="699">
					<width>40</width>
					<height>40</height>
					<visible>VideoPlayer.IsStereoscopic</visible>
					<control type="button" id="255">
						<width>40</width>
						<height>40</height>
						<label>36501</label>
						<font>-</font>
						<texturefocus colordiffuse="$VAR[Colour.500]">OSDStereoscopicNF.png</texturefocus>
						<texturenofocus colordiffuse="text.primary">OSDStereoscopicNF.png</texturenofocus>
						<onleft>250</onleft>
						<onright>254</onright>
						<onup>501</onup>
						<ondown>1000</ondown>
						<onfocus>Skin.SetBool(SubtitleSection)</onfocus>
						<onunfocus condition="!Control.HasFocus(410)">Skin.Reset(SubtitleSection)</onunfocus>
					</control>
					<control type="image">
						<width>40</width>
						<height>40</height>
						<texture colordiffuse="$VAR[Colour.500]">OSDStereoscopicNF.png</texture>
						<visible>Control.HasFocus(255) | ControlGroup(500).HasFocus | Control.HasFocus(520)</visible>
					</control>
				</control>
				<control type="button" id="254">
					<width>40</width>
					<height>40</height>
					<label>31355</label>
					<font>-</font>
					<texturefocus colordiffuse="$VAR[Colour.500]">OSDDvdNF.png</texturefocus>
					<texturenofocus colordiffuse="text.primary">OSDDvdNF.png</texturenofocus>
					<onclick>PlayerControl(ShowVideoMenu)</onclick>
					<enable>VideoPlayer.HasMenu</enable>
					<animation effect="fade" start="100" end="50" time="100" condition="!VideoPlayer.HasMenu">Conditional</animation>
				</control>
			</control>
			<!-- LiveTV -->
			<control type="grouplist" id="101">
				<right>35</right>
				<top>23</top>
				<onup>1000</onup>
				<ondown>1000</ondown>
				<onleft>307</onleft>
				<onright>300</onright>
				<align>right</align>
				<orientation>horizontal</orientation>
				<itemgap>35</itemgap>
				<visible>VideoPlayer.Content(LiveTV)</visible>
				<control type="button" id="350">
					<width>40</width>
					<height>40</height>
					<label>31356</label>
					<font>-</font>
					<texturefocus colordiffuse="$VAR[Colour.500]">OSDTeleTextNF.png</texturefocus>
					<texturenofocus colordiffuse="text.primary">OSDTeleTextNF.png</texturenofocus>
					<onclick>ActivateWindow(Teletext)</onclick>
				</control>
				<control type="button" id="351">
					<width>40</width>
					<height>40</height>
					<label>13395</label>
					<font>-</font>
					<texturefocus colordiffuse="$VAR[Colour.500]">OSDVideoNF.png</texturefocus>
					<texturenofocus colordiffuse="text.primary">OSDVideoNF.png</texturenofocus>
					<onclick>ActivateWindow(OSDVideoSettings)</onclick>
				</control>
				<control type="button" id="352">
					<width>40</width>
					<height>40</height>
					<label>13396</label>
					<font>-</font>
					<texturefocus colordiffuse="$VAR[Colour.500]">OSDAudioNF.png</texturefocus>
					<texturenofocus colordiffuse="text.primary">OSDAudioNF.png</texturenofocus>
					<onclick>ActivateWindow(OSDAudioSettings)</onclick>
				</control>
				<control type="group" id="698">
					<width>40</width>
					<height>40</height>
					<visible>VideoPlayer.IsStereoscopic</visible>
					<control type="button" id="354">
						<width>40</width>
						<height>40</height>
						<label>36501</label>
						<font>-</font>
						<texturefocus colordiffuse="$VAR[Colour.500]">OSDStereoscopicNF.png</texturefocus>
						<texturenofocus colordiffuse="text.primary">OSDStereoscopicNF.png</texturenofocus>
						<onleft>352</onleft>
						<onright>353</onright>
						<onup>551</onup>
						<ondown>1000</ondown>
						<onfocus>Skin.SetBool(SubtitleSection)</onfocus>
						<onunfocus>Skin.Reset(SubtitleSection)</onunfocus>
					</control>
					<control type="image">
						<width>40</width>
						<height>40</height>
						<texture colordiffuse="$VAR[Colour.500]">OSDStereoscopicNF.png</texture>
						<visible>Control.HasFocus(570) | Control.HasFocus(354) | ControlGroup(550).HasFocus</visible>
					</control>
				</control>
				<control type="group" id="699">
					<width>40</width>
					<height>40</height>
					<control type="togglebutton" id="353">
						<width>40</width>
						<height>40</height>
						<label>31351</label>
						<altlabel>208</altlabel>
						<font>-</font>
						<texturefocus colordiffuse="$VAR[Colour.500]">OSDRecordOffNF.png</texturefocus>
						<texturenofocus colordiffuse="text.primary">OSDRecordOffNF.png</texturenofocus>
						<usealttexture>Player.Recording</usealttexture>
						<alttexturefocus colordiffuse="$VAR[Colour.500]">OSDRecordOffNF.png</alttexturefocus>
						<alttexturenofocus colordiffuse="text.primary">OSDRecordOffNF.png</alttexturenofocus>
						<onleft>354</onleft>
						<onright>300</onright>
						<onup>1000</onup>
						<ondown>1000</ondown>
						<onclick>PlayerControl(Record)</onclick>
						<enable>Player.CanRecord</enable>
						<animation effect="fade" start="100" end="50" time="100" condition="!Player.CanRecord">Conditional</animation>
					</control>
					<control type="image">
						<width>40</width>
						<height>40</height>
						<texture colordiffuse="red">PVR-IsRecording.png</texture>
						<visible>Player.Recording</visible>
					</control>
				</control>
			</control>
			<!-- Subtitle Slide -->
			<control type="button" id="410">
				<description>Fake button for mouse control</description>
				<right>0</right>
				<bottom>80</bottom>
				<width>384</width>
				<height>375</height>
				<font>-</font>
				<texturenofocus>-</texturenofocus>
				<texturefocus>-</texturefocus>
				<visible>Control.HasFocus(410) | Control.HasFocus(250) | ControlGroup(400).HasFocus</visible>
				<onfocus>Skin.SetBool(SubtitleSection)</onfocus>
				<onunfocus>Skin.Reset(SubtitleSection)</onunfocus>
			</control>
			<control type="grouplist" id="400">
				<animation effect="slide" start="0,0" end="0,120" time="0" condition="![VideoPlayer.HasSubtitles + VideoPlayer.SubtitlesEnabled]">Conditional</animation>
				<animation effect="slide" start="0,0" end="0,60" time="0" condition="!VideoPlayer.HasSubtitles">Conditional</animation>
				<animation effect="slide" start="0,0" end="1462,0" time="300" condition="![Control.HasFocus(410) | Control.HasFocus(250) | ControlGroup(400).HasFocus]">Conditional</animation>
				<right>10</right>
				<bottom>40</bottom>
				<width>365</width>
				<height>390</height>
				<itemgap>0</itemgap>
				<onleft>400</onleft>
				<onright>400</onright>
				<onup>250</onup>
				<ondown>250</ondown>
				<orientation>vertical</orientation>
				<usecontrolcoords>true</usecontrolcoords>
				<control type="group">
					<description>Header</description>
					<width>365</width>
					<height>80</height>
					<!--background-->
					<control type="image">
						<left>0</left>
						<top>0</top>
						<width>365</width>
						<height>80</height>
						<texture colordiffuse="22FFFFFF">backgrounds/white.png</texture>
					</control>
					<!--title bg-->
					<control type="image">
						<left>0</left>
						<top>0</top>
						<width>365</width>
						<height>70</height>
						<texture colordiffuse="$VAR[Colour.500]">backgrounds/white.png</texture>
					</control>
					<!--title shadow-->
					<control type="image">
						<left>0</left>
						<top>70</top>
						<width>365</width>
						<height>10</height>
						<texture>homeshadow.png</texture>
						<animation effect="fade" start="100" end="75" time="0" condition="true">Conditional</animation>
					</control>
					<control type="label">
						<left>15</left>
						<top>3</top>
						<width>335</width>
						<height>60</height>
						<font>menu.title</font>
						<label>24012</label>
						<textcolor>white</textcolor>
						<aligny>center</aligny>
					</control>
				</control>
				<!--background-->
				<control type="image" id="701">
					<left>0</left>
					<top>0</top>
					<width>365</width>
					<height>70</height>
					<texture colordiffuse="22FFFFFF">backgrounds/white.png</texture>
				</control>
				<control type="togglebutton" id="401">
					<description>Download with Subtitles script</description>
					<left>15</left>
					<top>-70</top>
					<width>335</width>
					<include>ButtonCommonValuesALTYAZIDOWN</include> <!--ALT YAZI DONWLOAD FONT RENGI-->
					<label>33003</label>
					<onclick>Close</onclick>
					<onclick>Dialog.Close(VideoOSD)</onclick>
					<onclick>ActivateWindow(SubtitleSearch)</onclick>
					<onfocus>Skin.SetBool(SubtitleSection)</onfocus>
					<onunfocus>Skin.Reset(SubtitleSection)</onunfocus>
				</control>
				<!--background-->
				<control type="image" id="702">
					<left>0</left>
					<top>0</top>
					<width>365</width>
					<height>120</height>
					<texture colordiffuse="22FFFFFF">backgrounds/white.png</texture>
					<visible>VideoPlayer.HasSubtitles + VideoPlayer.SubtitlesEnabled</visible>
				</control>
				<control type="button" id="402">
					<left>15</left>
					<top>-120</top>
					<width>335</width>
					<include>ButtonCommonValues</include>
					<label>22006</label>
					<onclick>SubtitleDelay</onclick>
					<visible>VideoPlayer.HasSubtitles + VideoPlayer.SubtitlesEnabled</visible>
					<onfocus>Skin.SetBool(SubtitleSection)</onfocus>
					<onunfocus>Skin.Reset(SubtitleSection)</onunfocus>
				</control>
				<control type="button" id="403">
					<left>15</left>
					<top>0</top>
					<width>335</width>
					<include>ButtonCommonValues</include>
					<label>209</label>
					<onclick>NextSubtitle</onclick>
					<visible>VideoPlayer.HasSubtitles + VideoPlayer.SubtitlesEnabled</visible>
					<onfocus>Skin.SetBool(SubtitleSection)</onfocus>
					<onunfocus>Skin.Reset(SubtitleSection)</onunfocus>
				</control>
				<!--background-->
				<control type="image" id="704">
					<left>0</left>
					<top>0</top>
					<width>365</width>
					<height>70</height>
					<texture colordiffuse="22FFFFFF">backgrounds/white.png</texture>
					<visible>VideoPlayer.HasSubtitles</visible>
				</control>
				<control type="radiobutton" id="404">
					<left>15</left>
					<top>-70</top>
					<width>335</width>
					<include>ButtonCommonValues</include>
					<label>449</label>
					<onclick>ShowSubtitles</onclick>
					<selected>VideoPlayer.SubtitlesEnabled</selected>
					<visible>VideoPlayer.HasSubtitles</visible>
					<onfocus>Skin.SetBool(SubtitleSection)</onfocus>
					<onunfocus>Skin.Reset(SubtitleSection)</onunfocus>
				</control>
			</control>
			<!-- STEREOSCOPIC 3D !LiveTV -->
			<control type="button" id="520">
				<description>Fake button for mouse control</description>
				<right>0</right>
				<bottom>83</bottom>
				<width>384</width>
				<height>340</height>
				<label>-</label>
				<font>-</font>
				<texturenofocus>-</texturenofocus>
				<texturefocus>-</texturefocus>
				<visible>Control.HasFocus(520) | Control.HasFocus(255) | ControlGroup(500).HasFocus</visible>
				<onfocus>Skin.SetBool(SubtitleSection)</onfocus>
				<onunfocus>Skin.Reset(SubtitleSection)</onunfocus>
			</control>
			<control type="grouplist" id="500">
				<visible>VideoPlayer.IsStereoscopic</visible>
				<animation effect="slide" start="0,0" end="1462,0" time="300" condition="![Control.HasFocus(255) | ControlGroup(500).HasFocus | Control.HasFocus(520)]">Conditional</animation>
				<right>10</right>
				<bottom>40</bottom>
				<width>365</width>
				<height>330</height>
				<itemgap>0</itemgap>
				<onleft>500</onleft>
				<onright>500</onright>
				<onup>255</onup>
				<ondown>255</ondown>
				<orientation>vertical</orientation>
				<usecontrolcoords>true</usecontrolcoords>
				<control type="group">
					<description>Header</description>
					<width>365</width>
					<height>80</height>
					<!--background-->
					<control type="image">
						<left>0</left>
						<top>0</top>
						<width>365</width>
						<height>80</height>
						<texture colordiffuse="22FFFFFF">backgrounds/white.png</texture>
					</control>
					<!--title bg-->
					<control type="image">
						<left>0</left>
						<top>0</top>
						<width>365</width>
						<height>70</height>
						<texture colordiffuse="$VAR[Colour.500]">backgrounds/white.png</texture>
					</control>
					<!--title shadow-->
					<control type="image">
						<left>0</left>
						<top>70</top>
						<width>365</width>
						<height>10</height>
						<texture>homeshadow.png</texture>
						<animation effect="fade" start="100" end="75" time="0" condition="true">Conditional</animation>
					</control>
					<control type="label">
						<left>15</left>
						<top>3</top>
						<width>335</width>
						<height>60</height>
						<label>36501</label>
						<textcolor>white</textcolor>
						<aligny>center</aligny>
					</control>
				</control>
				<!--background-->
				<control type="image" id="711">
					<left>0</left>
					<top>0</top>
					<width>365</width>
					<height>70</height>
					<texture colordiffuse="22FFFFFF">backgrounds/white.png</texture>
				</control>
				<control type="radiobutton" id="503">
					<left>15</left>
					<top>-70</top>
					<width>335</width>
					<include>ButtonCommonValues</include>
					<label>31362</label>
					<onclick>ToggleStereoMode</onclick>
					<selected>Integer.IsGreater(System.StereoscopicMode,0)</selected>
					<onfocus>Skin.SetBool(SubtitleSection)</onfocus>
					<onunfocus>Skin.Reset(SubtitleSection)</onunfocus>
				</control>
				<!--background-->
				<control type="image" id="712">
					<left>0</left>
					<top>0</top>
					<width>365</width>
					<height>70</height>
					<texture colordiffuse="22FFFFFF">backgrounds/white.png</texture>
				</control>
				<control type="button" id="502">
					<left>15</left>
					<top>-70</top>
					<width>335</width>
					<include>ButtonCommonValues</include>
					<label>31361</label>
					<onclick>StereoMode</onclick>
					<onfocus>Skin.SetBool(SubtitleSection)</onfocus>
					<onunfocus>Skin.Reset(SubtitleSection)</onunfocus>
				</control>
				<!--background-->
				<control type="image" id="713">
					<left>0</left>
					<top>0</top>
					<width>365</width>
					<height>70</height>
					<texture colordiffuse="22FFFFFF">backgrounds/white.png</texture>
				</control>
				<control type="radiobutton" id="501">
					<left>15</left>
					<top>-70</top>
					<width>335</width>
					<include>ButtonCommonValues</include>
					<label>31360</label>
					<onclick>StereoModeToMono</onclick>
					<selected>String.IsEqual(System.StereoscopicMode,7)</selected>
					<onfocus>Skin.SetBool(SubtitleSection)</onfocus>
					<onunfocus>Skin.Reset(SubtitleSection)</onunfocus>
				</control>
			</control>
			<!-- STEREOSCOPIC 3D LiveTV -->
			<control type="button" id="570">
				<description>Fake button for mouse control</description>
				<right>0</right>
				<bottom>83</bottom>
				<width>384</width>
				<height>340</height>
				<label>-</label>
				<font>-</font>
				<texturenofocus>-</texturenofocus>
				<texturefocus>-</texturefocus>
				<visible>Control.HasFocus(570) | Control.HasFocus(354) | ControlGroup(550).HasFocus</visible>
				<onfocus>Skin.SetBool(SubtitleSection)</onfocus>
				<onunfocus>Skin.Reset(SubtitleSection)</onunfocus>
			</control>
			<control type="grouplist" id="550">
				<visible>VideoPlayer.IsStereoscopic</visible>
				<animation effect="slide" start="0,0" end="1462,0" time="300" condition="![Control.HasFocus(354) | ControlGroup(550).HasFocus | Control.HasFocus(570)]">Conditional</animation>
				<right>10</right>
				<bottom>40</bottom>
				<width>365</width>
				<height>330</height>
				<itemgap>0</itemgap>
				<onleft>550</onleft>
				<onright>550</onright>
				<onup>354</onup>
				<ondown>354</ondown>
				<orientation>vertical</orientation>
				<usecontrolcoords>true</usecontrolcoords>
				<control type="group">
					<description>Header</description>
					<width>365</width>
					<height>80</height>
					<!--background-->
					<control type="image">
						<left>0</left>
						<top>0</top>
						<width>365</width>
						<height>80</height>
						<texture colordiffuse="22FFFFFF">backgrounds/white.png</texture>
					</control>
					<!--title bg-->
					<control type="image">
						<left>0</left>
						<top>0</top>
						<width>365</width>
						<height>70</height>
						<texture colordiffuse="$VAR[Colour.500]">backgrounds/white.png</texture>
					</control>
					<!--title shadow-->
					<control type="image">
						<left>0</left>
						<top>70</top>
						<width>365</width>
						<height>10</height>
						<texture>homeshadow.png</texture>
						<animation effect="fade" start="100" end="75" time="0" condition="true">Conditional</animation>
					</control>
					<control type="label">
						<left>15</left>
						<top>3</top>
						<width>335</width>
						<height>60</height>
						<label>36501</label>
						<textcolor>white</textcolor>
						<aligny>center</aligny>
					</control>
				</control>
				<!--background-->
				<control type="image" id="715">
					<left>0</left>
					<top>0</top>
					<width>365</width>
					<height>70</height>
					<texture colordiffuse="22FFFFFF">backgrounds/white.png</texture>
				</control>
				<control type="radiobutton" id="553">
					<left>15</left>
					<top>-70</top>
					<width>335</width>
					<include>ButtonCommonValues</include>
					<label>31362</label>
					<onclick>ToggleStereoMode</onclick>
					<selected>Integer.IsGreater(System.StereoscopicMode,0)</selected>
					<onfocus>Skin.SetBool(SubtitleSection)</onfocus>
					<onunfocus>Skin.Reset(SubtitleSection)</onunfocus>
				</control>
				<!--background-->
				<control type="image" id="716">
					<left>0</left>
					<top>0</top>
					<width>365</width>
					<height>70</height>
					<texture colordiffuse="22FFFFFF">backgrounds/white.png</texture>
				</control>
				<control type="button" id="552">
					<left>15</left>
					<top>-70</top>
					<width>335</width>
					<include>ButtonCommonValues</include>
					<label>31361</label>
					<onclick>StereoMode</onclick>
					<onfocus>Skin.SetBool(SubtitleSection)</onfocus>
					<onunfocus>Skin.Reset(SubtitleSection)</onunfocus>
				</control>
				<!--background-->
				<control type="image" id="717">
					<left>0</left>
					<top>0</top>
					<width>365</width>
					<height>70</height>
					<texture colordiffuse="22FFFFFF">backgrounds/white.png</texture>
				</control>
				<control type="radiobutton" id="551">
					<left>15</left>
					<top>-70</top>
					<width>335</width>
					<include>ButtonCommonValues</include>
					<label>31360</label>
					<onclick>StereoModeToMono</onclick>
					<selected>String.IsEqual(System.StereoscopicMode,7)</selected>
					<onfocus>Skin.SetBool(SubtitleSection)</onfocus>
					<onunfocus>Skin.Reset(SubtitleSection)</onunfocus>
				</control>
			</control>
		</control>
	</controls>
</window>