<?xml version="1.0" encoding="UTF-8"?>
<window  type="dialog" id="134">
	<defaultcontrol always="true">450</defaultcontrol>
	<include>OnLoadDialogsClose</include>
	<onload condition="Window.IsActive(shutdownmenu)">PreviousMenu</onload>
	<onload condition="Window.IsActive(playercontrols)">Dialog.Close(playercontrols)</onload>
	<onload condition="!Integer.IsGreater(Container(450).NumItems,0)">ActivateWindow(1110)</onload>
	<controls>

		<control type="group">
			<include>OpenCloseSlideAnimation</include>
			<include>VisibleHiddenSlideAnimation</include>
			<visible>!Window.IsActive(virtualkeyboard) + !Window.IsActive(filebrowser)</visible>
			<control type="list" id="450">
				<left>34</left>
				<top>150</top>
				<width>1190</width>
				<height>450</height>
				<onleft></onleft>
				<onright></onright>
				<onup>450</onup>
				<ondown>450</ondown>
				<viewtype label="535">List</viewtype>
				<pagecontrol>60</pagecontrol>
				<scrolltime tween="cubic" easing="out">300</scrolltime>
				<itemlayout height="45" width="750">
					<control type="label">
						<left>7</left>
						<top>10</top>
						<width>65</width>
						<height>29</height>
						<font>FontSize_22</font>
						<textcolor>viewsinfo</textcolor>
						<shadowcolor>77000000</shadowcolor>
						<align>center</align>
						<aligny>center</aligny>
						<label>․  ․  ․</label>
					</control>
					<control type="label">
						<left>95</left>
						<top>10</top>
						<width>590</width>
						<height>25</height>
						<font>FontSize_22</font>
						<textcolor>viewsinfo</textcolor>
						<shadowcolor>77000000</shadowcolor>
						<align>left</align>
						<aligny>center</aligny>
						<label>$INFO[ListItem.Label]</label>
					</control>
					<control type="label">
						<right>0</right>
						<top>10</top>
						<width>65</width>
						<height>29</height>
						<font>FontSize_22</font>
						<textcolor>viewsinfo</textcolor>
						<shadowcolor>77000000</shadowcolor>
						<align>right</align>
						<aligny>center</aligny>
						<label>․  ․  ․</label>
					</control>
				</itemlayout>
				<focusedlayout height="45" width="750">
					<control type="group">
						<include>ListFocusAnimation</include>
						<control type="label">
							<left>7</left>
							<top>10</top>
							<width>65</width>
							<height>29</height>
							<font>FontSize_22</font>
							<textcolor>white</textcolor>
							<shadowcolor>77000000</shadowcolor>
							<align>center</align>
							<aligny>center</aligny>
							<label>◎  ◎  ◎</label>
						</control>
						<control type="label">
							<left>95</left>
							<top>10</top>
							<width>590</width>
							<height>25</height>
							<font>FontSize_22</font>
							<textcolor>white</textcolor>
							<shadowcolor>77000000</shadowcolor>
							<align>left</align>
							<aligny>center</aligny>
							<scroll>true</scroll>
							<label>$INFO[ListItem.Label]</label>
						</control>
						<control type="label">
							<right>0</right>
							<top>10</top>
							<width>65</width>
							<height>29</height>
							<font>FontSize_22</font>
							<textcolor>white</textcolor>
							<shadowcolor>77000000</shadowcolor>
							<align>right</align>
							<aligny>center</aligny>
							<scroll>true</scroll>
							<label>․  ․  ․</label>
							<visible>!ListItem.IsParentFolder</visible>
						</control>
					</control>
				</focusedlayout>
			</control>
			<control type="image">
				<left>805</left>
				<top>160</top>
				<width>430</width>
				<height>430</height>
				<aspectratio align="right" aligny="top">keep</aspectratio>
				<texture>$INFO[Listitem.Icon]</texture>
				<bordertexture border="31">views/other/panel2.png</bordertexture>
				<bordersize>10</bordersize>
			</control>
			<control type="image">
				<left>62</left>
				<top>135</top>
				<width>24</width>
				<height>20</height>
				<texture colordiffuse="viewsinfo">views/scrollbar/arrow.png</texture>
				<visible>!String.IsEmpty(Container(450).ListItem.Label)</visible>
			</control>
			<control type="image">
				<left>62</left>
				<top>595</top>
				<width>24</width>
				<height>20</height>
				<texture colordiffuse="viewsinfo" flipy="true">views/scrollbar/arrow.png</texture>
				<visible>!String.IsEmpty(Container(450).ListItem.Label)</visible>
			</control>
		</control>

		<control type="image">
			<include>FullscreenDimensions</include>
			<texture background="true">windows/bg/bg_overlay.png</texture>
			<include>BackgroundFade</include>
			<visible>Window.IsActive(contextmenu)</visible>
		</control>

		<!-- ================ -->
		<!-- Top Content Info -->
		<!-- ================ -->
		<control type="group">
			<left>45</left>
			<top>25</top>
			<include>VisibleHiddenSlideAnimation</include>
			<visible>!Window.IsActive(shutdownmenu) + !Window.IsActive(contextmenu)</visible>
			<control type="grouplist">
				<left>0</left>
				<top>0</top>
				<height>70</height>
				<width>1000</width>
				<align>left</align>
				<itemgap>15</itemgap>
				<orientation>horizontal</orientation>
				<include>LogoBig</include>
				<include>OpenCloseSlideAnimation</include>
				<control type="label">
					<include>TopBigLabel</include>
					<label>$LOCALIZE[1036]</label>
					<animation effect="slide" end="0,10" condition="String.IsEmpty(Container(450).ListItem.Label)">Conditional</animation>
				</control>
			</control>
			<control type="label">
				<description>Page Count Label</description>
				<left>65</left>
				<top>45</top>
				<width>300</width>
				<height>20</height>
				<font>FontSize_18</font>
				<textcolor>$VAR[Text.GlobalColor]</textcolor>
				<scroll>false</scroll>
				<align>left</align>
				<aligny>center</aligny>
				<label>$VAR[ContainerNumItems]</label>
				<include>OpenCloseSlideAnimation</include>
			</control>
		</control>
	</controls>
</window>