<?xml version="1.0" encoding="UTF-8"?>
<window  id="503">
	<defaultcontrol allways="true">50</defaultcontrol>
	<backgroundcolor>bgcolor</backgroundcolor>
	<views>50</views>
	<controls>
		<include>BackgroundItems</include>

		<control type="group">
			<include>OpenCloseSlideAnimationTwo</include>
			<include>InfoDialogsVisible_ZoomAnimation</include>
			<control type="image">
				<left>108</left>
				<top>137</top>
				<width>1062</width>
				<height>477</height>
				<aspectratio>stretch</aspectratio>
				<texture border="59">views/other/panel.png</texture>
			</control>
			<control type="group">
				<left>118</left>
				<top>145</top>
				<control type="image">
					<top>46</top>
					<width>515</width>
					<height>318</height>
					<aspectratio>stretch</aspectratio>
					<texture>windows/filemanager/lines_seperators.png</texture>
					<animation effect="fade" start="100" end="0" time="200" condition="Control.HasFocus(50) + Window.IsActive(contextmenu)">Conditional</animation>
				</control>
				<control type="image">
					<left>-6</left>
					<top>-4</top>
					<width>527</width>
					<height>417</height>
					<texture border="49">thumbs/thumb_border.png</texture>
				</control>
				<control type="label">
					<left>0</left>
					<top>-45</top>
					<width>512</width>
					<height>40</height>
					<font>FontSize_22B</font>
					<textcolor>bbwhite</textcolor>
					<shadowcolor>99000000</shadowcolor>
					<scroll>false</scroll>
					<align>left</align>
					<aligny>center</aligny>
					<label>$LOCALIZE[31108]</label>
				</control>
				<control type="list" id="50">
					<left>0</left>
					<top>0</top>
					<width>515</width>
					<height>410</height>
					<onleft>60</onleft>
					<onright>100</onright>
					<onup>50</onup>
					<ondown>50</ondown>
					<viewtype>list</viewtype>
					<pagecontrol>60</pagecontrol>
					<scrolltime tween="Quadratic" easing="out">250</scrolltime>
					<animation effect="fade" start="100" end="0" time="200" condition="Control.HasFocus(50) + Window.IsActive(contextmenu)">Conditional</animation>
					<itemlayout height="45" width="515">
						<control type="label">
							<left>13</left>
							<top>0</top>
							<width>450</width>
							<height>48</height>
							<font>FontSize_20</font>
							<textcolor>77white</textcolor>
							<selectedcolor>77white</selectedcolor>
							<shadowcolor>99000000</shadowcolor>
							<align>left</align>
							<aligny>center</aligny>
							<info>ListItem.Label</info>
						</control>
						<control type="label">
							<left>183</left>
							<top>0</top>
							<width>320</width>
							<height>50</height>
							<font>FontSize_20</font>
							<textcolor>77white</textcolor>
							<selectedcolor>77white</selectedcolor>
							<shadowcolor>99000000</shadowcolor>
							<align>right</align>
							<aligny>center</aligny>
							<info>ListItem.Label2</info>
						</control>
					</itemlayout>
					<focusedlayout height="45" width="515">
						<control type="image">
							<left>0</left>
							<top>2</top>
							<width>515</width>
							<height>45</height>
							<texture background="true" border="1">buttons/focus.png</texture>
							<visible>!Control.HasFocus(50)</visible>
							<animation effect="fade" start="100" end="40" time="200" condition="!Control.HasFocus(50)">Conditional</animation>
						</control>
						<control type="image">
							<left>0</left>
							<top>2</top>
							<width>515</width>
							<height>45</height>
							<texture background="true" border="1">buttons/focus.png</texture>
							<visible>Control.HasFocus(50)</visible>
							<include>ListFocusAnimation</include>
						</control>
						<control type="label">
							<left>13</left>
							<top>0</top>
							<width>450</width>
							<height>48</height>
							<font>FontSize_20</font>
							<textcolor>white</textcolor>
							<selectedcolor>white</selectedcolor>
							<shadowcolor>99000000</shadowcolor>
							<align>left</align>
							<aligny>center</aligny>
							<info>ListItem.Label</info>
						</control>
						<control type="label">
							<left>183</left>
							<top>0</top>
							<width>320</width>
							<height>50</height>
							<font>FontSize_20</font>
							<textcolor>white</textcolor>
							<selectedcolor>white</selectedcolor>
							<shadowcolor>99000000</shadowcolor>
							<align>right</align>
							<aligny>center</aligny>
							<info>ListItem.Label2</info>
						</control>
					</focusedlayout>
				</control>
				<control type="scrollbar" id="60">
  				<left>-8</left>
  				<top>1</top>
  				<width>5</width>
  				<height>407</height>
  				<texturesliderbackground></texturesliderbackground>
  				<texturesliderbar border="4,2,0,2">views/scrollbar/scrollbar_pvr.png</texturesliderbar>
					<texturesliderbarfocus border="4,2,0,2">views/scrollbar/scrollbar_pvr.png</texturesliderbarfocus>
					<textureslidernib></textureslidernib>
					<textureslidernibfocus></textureslidernibfocus>
					<onleft>10000</onleft>
					<onright>50</onright>
					<showonepage>false</showonepage>
					<orientation>vertical</orientation>
					<animation effect="fade" start="100" end="0" time="250" condition="!Control.HasFocus(60) + !Container.Scrolling">Conditional</animation>
					<visible>Control.IsVisible(50)</visible>
				</control>
			</control>

			<control type="group">
				<left>645</left>
				<top>145</top>
				<control type="image">
					<top>46</top>
					<width>515</width>
					<height>318</height>
					<aspectratio>stretch</aspectratio>
					<texture>windows/filemanager/lines_seperators.png</texture>
					<animation effect="fade" start="100" end="0" time="200" condition="Control.HasFocus(100) + Window.IsActive(contextmenu)">Conditional</animation>
				</control>
				<control type="image">
					<left>-6</left>
					<top>-4</top>
					<width>527</width>
					<height>417</height>
					<texture border="49">thumbs/thumb_border.png</texture>
				</control>
				<control type="label">
					<left>0</left>
					<top>-45</top>
					<width>512</width>
					<height>40</height>
					<font>FontSize_22B</font>
					<textcolor>bbwhite</textcolor>
					<shadowcolor>99000000</shadowcolor>
					<scroll>false</scroll>
					<align>right</align>
					<aligny>center</aligny>
					<label>$LOCALIZE[31109]</label>
				</control>
				<control type="list" id="100">
					<left>0</left>
					<top>0</top>
					<width>515</width>
					<height>410</height>
					<onleft>50</onleft>
					<onright>61</onright>
					<onup>100</onup>
					<ondown>100</ondown>
					<viewtype>list</viewtype>
					<pagecontrol>61</pagecontrol>
					<scrolltime tween="Quadratic" easing="out">250</scrolltime>
					<animation effect="fade" start="100" end="0" time="200" condition="Control.HasFocus(100) + Window.IsActive(contextmenu)">Conditional</animation>
					<itemlayout height="45" width="515">
						<control type="label">
							<left>13</left>
							<top>0</top>
							<width>450</width>
							<height>45</height>
							<font>FontSize_20</font>
							<textcolor>77white</textcolor>
							<shadowcolor>99000000</shadowcolor>
							<selectedcolor>$VAR[Text.GlobalColor]</selectedcolor>
							<align>left</align>
							<aligny>center</aligny>
							<info>ListItem.Label</info>
						</control>
						<control type="label">
							<left>183</left>
							<top>0</top>
							<width>320</width>
							<height>45</height>
							<font>FontSize_20</font>
							<textcolor>77white</textcolor>
							<shadowcolor>99000000</shadowcolor>
							<selectedcolor>$VAR[Text.GlobalColor]</selectedcolor>
							<align>right</align>
							<aligny>center</aligny>
							<info>ListItem.Label2</info>
						</control>
					</itemlayout>
					<focusedlayout height="45" width="515">
						<control type="image">
							<left>0</left>
							<top>2</top>
							<width>515</width>
							<height>45</height>
							<texture background="true" border="1">buttons/focus.png</texture>
							<visible>!Control.HasFocus(100)</visible>
							<animation effect="fade" start="100" end="40" time="200" condition="!Control.HasFocus(100)" reversible="true">Conditional</animation>
						</control>
						<control type="image">
							<left>0</left>
							<top>2</top>
							<width>515</width>
							<height>45</height>
							<texture background="true" border="1">buttons/focus.png</texture>
							<visible>Control.HasFocus(100)</visible>
							<include>ListFocusAnimation</include> -->
						</control>
						<control type="label">
							<left>13</left>
							<top>0</top>
							<width>450</width>
							<height>45</height>
							<font>FontSize_20</font>
							<textcolor>white</textcolor>
							<shadowcolor>99000000</shadowcolor>
							<selectedcolor>$VAR[Text.GlobalColor]</selectedcolor>
							<align>left</align>
							<aligny>center</aligny>
							<info>ListItem.Label</info>
						</control>
						<control type="label">
							<left>183</left>
							<top>0</top>
							<width>320</width>
							<height>45</height>
							<font>FontSize_20</font>
							<textcolor>white</textcolor>
							<shadowcolor>99000000</shadowcolor>
							<selectedcolor>$VAR[Text.GlobalColor]</selectedcolor>
							<align>right</align>
							<aligny>center</aligny>
							<info>ListItem.Label2</info>
						</control>
					</focusedlayout>
				</control>
				<control type="scrollbar" id="61">
  				<left>517</left>
  				<top>1</top>
  				<width>5</width>
  				<height>407</height>
  				<texturesliderbackground></texturesliderbackground>
  				<texturesliderbar border="4,2,0,2">views/scrollbar/scrollbar_pvr.png</texturesliderbar>
					<texturesliderbarfocus border="4,2,0,2">views/scrollbar/scrollbar_pvr.png</texturesliderbarfocus>
					<textureslidernib></textureslidernib>
					<textureslidernibfocus></textureslidernibfocus>
					<onleft>100</onleft>
					<onright>10000</onright>
					<showonepage>false</showonepage>
					<orientation>vertical</orientation>
					<animation effect="fade" start="100" end="0" time="250" condition="!Control.HasFocus(61) + !Container.Scrolling" reversible="true">Conditional</animation>
					<visible>Control.IsVisible(100)</visible>
				</control>
			</control>

			<control type="image">
				<left>112</left>
				<top>559</top>
				<width>1054</width>
				<height>50</height>
				<texture border="49,0,49,9">thumbs/thumb_border.png</texture>
			</control>
			<!-- Buttons Area -->
			<control type="grouplist" id="10000">
				<left>120</left>
				<top>565</top>
				<width>909</width>
				<height>40</height>
				<itemgap>0</itemgap>
				<align>left</align>
				<orientation>horizontal</orientation>
				<onleft>50</onleft>
				<onright>100</onright>
				<onup>50</onup>
				<ondown>100</ondown>
				<control type="button" id="6">
					<description>Open</description>
					<width>148</width>
					<height>40</height>
					<aligny>top</aligny>
					<align>left</align>
					<font>FontSize_20</font>
					<label>$LOCALIZE[502]</label>
					<textwidth>120</textwidth>
					<textoffsetx>40</textoffsetx>
					<textoffsety>6</textoffsety>
					<textcolor>77white</textcolor>
					<focusedcolor>white</focusedcolor>
					<shadowcolor>99000000</shadowcolor>
					<texturefocus border="39,3,39,39">dialogs/buttons/add_focus_two.png</texturefocus>
					<texturenofocus border="39,3,39,39">dialogs/buttons/add_nofocus_two.png</texturenofocus>
				</control>
				<control type="button" id="7">
					<description>Save</description>
					<width>148</width>
					<height>40</height>
					<aligny>top</aligny>
					<align>left</align>
					<font>FontSize_20</font>
					<label>$LOCALIZE[190]</label>
					<textwidth>120</textwidth>
					<textoffsetx>40</textoffsetx>
					<textoffsety>6</textoffsety>
					<textcolor>77white</textcolor>
					<focusedcolor>white</focusedcolor>
					<shadowcolor>99000000</shadowcolor>
					<texturefocus border="39,3,39,39">dialogs/buttons/save_focus_two.png</texturefocus>
					<texturenofocus border="39,3,39,39">dialogs/buttons/save_nofocus_two.png</texturenofocus>
				</control>
				<control type="button" id="8">
					<description>Clear</description>
					<width>148</width>
					<height>40</height>
					<aligny>top</aligny>
					<align>left</align>
					<font>FontSize_20</font>
					<label>$LOCALIZE[192]</label>
					<textwidth>120</textwidth>
					<textoffsetx>40</textoffsetx>
					<textoffsety>6</textoffsety>
					<textcolor>77white</textcolor>
					<focusedcolor>white</focusedcolor>
					<shadowcolor>99000000</shadowcolor>
					<texturefocus border="39,3,39,39">dialogs/buttons/cancel_focus_two.png</texturefocus>
					<texturenofocus border="39,3,39,39">dialogs/buttons/cancel_nofocus_two.png</texturenofocus>
					<label>409</label>
				</control>
			</control>
		</control>

		<include>CommonItems</include>
		<include>CommonWeatherAndClock</include>

		<!-- ================ -->
		<!-- Top Content Info -->
		<!-- ================ -->
		<control type="group">
			<left>45</left>
			<top>25</top>
			<include>ShutdownMenuAnimation</include>
			<include>InfoDialogs_ContentInfoAnimation</include>
			<control type="grouplist">
				<left>0</left>
				<top>0</top>
				<height>70</height>
				<width>1000</width>
				<align>left</align>
				<itemgap>15</itemgap>
				<orientation>horizontal</orientation>
				<include>LogoBig</include>
				<include>OpenCloseSlideAnimationTwo</include>
				<control type="label">
					<include>TopBigLabel</include>
					<label>$LOCALIZE[10503]</label>
				</control>
				<control type="label">
					<include>TopSmallLabel</include>
					<label>$INFO[Container.FolderName]</label>
				</control>
			</control>
		</control>

	</controls>
</window>
