<?xml version="1.0" encoding="UTF-8"?>
<window>
	<defaultcontrol always="true">50</defaultcontrol>
	<views>50</views>
	<controls>
		<include>BackgroundItemsPVR</include>

		<control type="group">
			<visible>Control.IsVisible(50)</visible>
			<include>FullscreenDimensions</include>
			<include>InfoDialogsVisible_ZoomAnimation</include>
			<include>VisibleHiddenSlideAnimation</include>
			<include>HomeMenu_OpenCloseSlideAnimation</include>
			<control type="list" id="50">
				<left>35</left>
				<top>270</top>
				<width>1200</width>
				<height>350</height>
				<onleft>135</onleft>
				<onright>60</onright>
				<onup>50</onup>
				<ondown>50</ondown>
				<preloaditems>2</preloaditems>
				<viewtype label="537">list</viewtype>
				<pagecontrol>60</pagecontrol>
				<scrolltime tween="cubic" easing="out">300</scrolltime>
				<itemlayout height="50">
					<control type="group">
						<control type="image">
							<description>ChannelNumber Sep</description>
							<left>10</left>
							<top>0</top>
							<width>60</width>
							<height>45</height>
							<texture>windows/pvr/seperator.png</texture>
							<include>VisibleFadeEffect2</include>
						</control>
						<control type="image">
							<description>ChannelName Sep</description>
							<left>74</left>
							<top>0</top>
							<width>265</width>
							<height>45</height>
							<texture>windows/pvr/seperator.png</texture>
							<include>VisibleFadeEffect2</include>
							<visible>!String.IsEmpty(ListItem.Date)</visible>
						</control>
						<control type="image">
							<description>Title Sep</description>
							<left>343</left>
							<top>0</top>
							<width>517</width>
							<height>45</height>
							<texture>windows/pvr/seperator.png</texture>
							<include>VisibleFadeEffect2</include>
							<visible>!String.IsEmpty(ListItem.Date)</visible>
						</control>
						<control type="image">
							<description>Date/Time Sep</description>
							<left>864</left>
							<top>0</top>
							<width>335</width>
							<height>45</height>
							<texture>windows/pvr/seperator.png</texture>
							<include>VisibleFadeEffect2</include>
							<visible>!String.IsEmpty(ListItem.Date)</visible>
						</control>
						<control type="image">
							<description>Search Sep</description>
							<left>74</left>
							<top>0</top>
							<width>1125</width>
							<height>45</height>
							<texture>windows/pvr/seperator.png</texture>
							<include>VisibleFadeEffect2</include>
							<visible>String.IsEmpty(ListItem.Date)</visible>
						</control>
						<control type="label">
							<left>10</left>
							<top>0</top>
							<width>60</width>
							<height>45</height>
							<font>FontSize_22</font>
							<textcolor>viewsinfo</textcolor>
							<shadowcolor>77000000</shadowcolor>
							<selectedcolor>$VAR[Text.GlobalColor]</selectedcolor>
							<align>center</align>
							<aligny>center</aligny>
							<label fallback="#">$INFO[ListItem.ChannelNumberLabel]</label>
						</control>
						<control type="label">
							<left>87</left>
							<top>0</top>
							<width>245</width>
							<height>45</height>
							<font>FontSize_22</font>
							<textcolor>viewsinfo</textcolor>
							<shadowcolor>77000000</shadowcolor>
							<selectedcolor>$VAR[Text.GlobalColor]</selectedcolor>
							<align>left</align>
							<aligny>center</aligny>
							<label>$INFO[ListItem.ChannelName]</label>
						</control>
						<control type="label">
							<left>355</left>
							<top>0</top>
							<width>470</width>
							<height>45</height>
							<font>FontSize_20</font>
							<textcolor>viewsinfo</textcolor>
							<shadowcolor>77000000</shadowcolor>
							<selectedcolor>$VAR[Text.GlobalColor]</selectedcolor>
							<align>left</align>
							<aligny>center</aligny>
							<label>$INFO[ListItem.Label]</label>
							<animation effect="slide" end="-268" time="0" condition="String.IsEmpty(ListItem.Date)">Conditional</animation>
						</control>
						<control type="label">
							<left>870</left>
							<top>0</top>
							<width>320</width>
							<height>45</height>
							<font>FontSize_20</font>
							<textcolor>viewsinfo</textcolor>
							<shadowcolor>77000000</shadowcolor>
							<selectedcolor>$VAR[Text.GlobalColor]</selectedcolor>
							<align>center</align>
							<aligny>center</aligny>
							<label>$INFO[ListItem.StartDate]$INFO[ListItem.StartTime,$COMMA ]</label>
						</control>
						<control type="image">
							<left>10</left>
							<top>0</top>
							<width>1180</width>
							<height>45</height>
							<texture>windows/pvr/selected.png</texture>
							<visible>ListItem.IsSelected | ListItem.IsPlaying</visible>
						</control>
					</control>
				</itemlayout>
				<focusedlayout height="50">
					<control type="group">
						<include>PVRListFocusAnimation</include>
						<control type="image">
							<description>ChannelNumber Sep</description>
							<left>10</left>
							<top>0</top>
							<width>60</width>
							<height>45</height>
							<colordiffuse>$VAR[Textures.GlobalColor]</colordiffuse>
							<texture>windows/pvr/focus.png</texture>
						</control>
						<control type="image">
							<description>ChannelName Sep</description>
							<left>74</left>
							<top>0</top>
							<width>265</width>
							<height>45</height>
							<colordiffuse>$VAR[Textures.GlobalColor]</colordiffuse>
							<texture>windows/pvr/focus.png</texture>
							<visible>!String.IsEmpty(ListItem.Date)</visible>
						</control>
						<control type="image">
							<description>Title Sep</description>
							<left>343</left>
							<top>0</top>
							<width>517</width>
							<height>45</height>
							<colordiffuse>$VAR[Textures.GlobalColor]</colordiffuse>
							<texture>windows/pvr/focus.png</texture>
							<visible>!String.IsEmpty(ListItem.Date)</visible>
						</control>
						<control type="image">
							<description>Date/Time Sep</description>
							<left>864</left>
							<top>0</top>
							<width>335</width>
							<height>45</height>
							<colordiffuse>$VAR[Textures.GlobalColor]</colordiffuse>
							<texture>windows/pvr/focus.png</texture>
							<visible>!String.IsEmpty(ListItem.Date)</visible>
						</control>
						<control type="image">
							<description>Search Sep</description>
							<left>74</left>
							<top>0</top>
							<width>1125</width>
							<height>45</height>
							<colordiffuse>$VAR[Textures.GlobalColor]</colordiffuse>
							<texture>windows/pvr/focus.png</texture>
							<visible>String.IsEmpty(ListItem.Date)</visible>
						</control>
						<control type="label">
							<left>10</left>
							<top>0</top>
							<width>60</width>
							<height>45</height>
							<font>FontSize_22</font>
							<textcolor>white</textcolor>
							<shadowcolor>77000000</shadowcolor>
							<selectedcolor>$VAR[Text.GlobalColor]</selectedcolor>
							<align>center</align>
							<aligny>center</aligny>
							<label fallback="#">$INFO[ListItem.ChannelNumberLabel]</label>
						</control>
						<control type="label">
							<left>87</left>
							<top>0</top>
							<width>245</width>
							<height>45</height>
							<font>FontSize_22</font>
							<textcolor>white</textcolor>
							<shadowcolor>77000000</shadowcolor>
							<selectedcolor>$VAR[Text.GlobalColor]</selectedcolor>
							<align>left</align>
							<aligny>center</aligny>
							<label>$INFO[ListItem.ChannelName]</label>
						</control>
						<control type="label">
							<left>355</left>
							<top>0</top>
							<width>470</width>
							<height>45</height>
							<font>FontSize_20</font>
							<textcolor>white</textcolor>
							<shadowcolor>77000000</shadowcolor>
							<selectedcolor>$VAR[Text.GlobalColor]</selectedcolor>
							<align>left</align>
							<aligny>center</aligny>
							<label fallback="..">$INFO[ListItem.Label]</label>
							<animation effect="slide" end="-268" time="0" condition="String.IsEmpty(ListItem.Date)">Conditional</animation>
						</control>
						<control type="label">
							<left>870</left>
							<top>0</top>
							<width>320</width>
							<height>45</height>
							<font>FontSize_20</font>
							<textcolor>white</textcolor>
							<shadowcolor>77000000</shadowcolor>
							<selectedcolor>$VAR[Text.GlobalColor]</selectedcolor>
							<align>center</align>
							<aligny>center</aligny>
							<label>$INFO[ListItem.StartDate]$INFO[ListItem.StartTime,$COMMA ]</label>
						</control>
						<control type="image">
							<left>10</left>
							<top>0</top>
							<width>1180</width>
							<height>45</height>
							<texture>windows/pvr/selected.png</texture>
							<visible>ListItem.IsSelected | ListItem.IsPlaying</visible>
						</control>
					</control>
				</focusedlayout>
			</control>
			<control type="scrollbar" id="60">
				<left>896</left>
				<top>269</top>
				<width>2</width>
				<height>347</height>
				<texturesliderbackground></texturesliderbackground>
				<texturesliderbar border="0,14,0,14">views/scrollbar/scrollbar_pvr.png</texturesliderbar>
				<texturesliderbarfocus border="0,14,0,14">views/scrollbar/scrollbar_pvr.png</texturesliderbarfocus>
				<textureslidernib></textureslidernib>
				<textureslidernibfocus></textureslidernibfocus>
				<onleft>50</onleft>
				<onright>50</onright>
				<showonepage>false</showonepage>
				<orientation>vertical</orientation>
				<animation effect="fade" start="100" end="0" time="250" condition="!Control.HasFocus(60)">Conditional</animation>
			</control>
		</control>

		<include>CommonDialogsFadeOutBG</include>
		<include>PVRControlsMenu</include>
		<include>CommonScrollingLetters</include>
		<include>CommonNowPlaying</include>
		<include>CommonWeatherAndClock</include>

	</controls>
</window>
