<?xml version="1.0" encoding="UTF-8"?>
<window  id="2600">
	<defaultcontrol always="true">50</defaultcontrol>
	<backgroundcolor>bgcolor</backgroundcolor>
	<onload condition="String.Contains(Window(Weather).Property(Current.ConditionIcon),na) | [String.IsEmpty(Window(Weather).Property(Current.Condition)) | String.IsEmpty(Window(Weather).Property(Location))] + String.IsEmpty(Control.GetLabel(3))">ActivateWindow(1110)</onload>
	<onload condition="String.IsEmpty(Skin.String(WeatherExtended))">Skin.SetString(WeatherExtended,1)</onload>
	<controls>
		<include>BackgroundContent</include>
		<include>BackgroundVignette</include>
		<include condition="Skin.HasSetting(EnableWeatherAlertsNotifications)">WeatherAlertsNotifications</include>

		<control type="group">
			<include>WeatherTopInfo</include>
			<include condition="!String.IsEqual(Weather.Plugin,weather.openweathermap.extended)">WeatherDefault</include>
			<include condition="String.IsEqual(Weather.Plugin,weather.openweathermap.extended)">WeatherExtended</include>
		</control>

		<include>CommonDialogsFadeOutBG</include>
		<include>CommonNowPlaying</include>
		<include>CommonWeatherAndClock</include>


		<!-- ================ -->
		<!-- Top Options Menu -->
		<!-- ================ -->
		<control type="group"  id="9000">
			<left>30</left>
			<top>25</top>
			<include>ShutdownMenuAnimation</include>
			<include>OptionsTopMenuAnimation</include>
			<include>OptionsTopMenuHeader</include>
			<!-- Main Options -->
			<control type="grouplist" id="9111">
				<include>OptionsTopMenuVars</include>
				<control type="button" id="3">
					<description>Location</description>
					<visible>false</visible>
				</control>
				<control type="button" id="260">
					<description>Location</description>
					<label>$LOCALIZE[31233]: $INFO[Control.GetLabel(3)]</label>
					<include>TopLeftMenusButton</include>
					<onclick>Weather.LocationNext</onclick>
					<onclick>SetFocus(50)</onclick>
				</control>
				<control type="button" id="261">
					<description>Change View</description>
					<label>$LOCALIZE[24140]: $VAR[WeatherViewsLabels]</label>
					<include>TopLeftMenusButton</include>
					<onclick condition="String.IsEqual(Skin.String(WeatherExtended),4)">Skin.SetString(WeatherExtended,1)</onclick>
					<onclick condition="String.IsEqual(Skin.String(WeatherExtended),3)">Skin.SetString(WeatherExtended,4)</onclick>
					<onclick condition="String.IsEqual(Skin.String(WeatherExtended),2)">Skin.SetString(WeatherExtended,3)</onclick>
					<onclick condition="String.IsEqual(Skin.String(WeatherExtended),1)">Skin.SetString(WeatherExtended,2)</onclick>
					<onclick condition="String.IsEqual(Skin.String(WeatherExtended),4)">Skin.SetString(WeatherExtended,1)</onclick>
					<visible>String.IsEqual(Weather.Plugin,weather.openweathermap.extended) + !String.IsEmpty(Control.GetLabel(3))</visible>
				</control>
				<control type="button" id="262">
					<description>Fanart Toggle</description>
					<label>$LOCALIZE[20445]: $VAR[WeatherFanartName]</label>
					<include>TopLeftMenusButton</include>
					<onclick>SetFocus(50)</onclick>
					<onclick>AlarmClock(SelectFanart,RunScript(script.image.resource.select,property=WeatherFanart&amp;type=resource.images.weatherfanart),00:00,silent)</onclick>
				</control>
				<control type="togglebutton" id="264">
					<description>Alerts Toggle</description>
					<label>$LOCALIZE[33050]: $LOCALIZE[16039]</label>
					<altlabel>$LOCALIZE[33050]: $LOCALIZE[16041]</altlabel>
					<include>TopLeftMenusButton</include>
					<onclick>Skin.ToggleSetting(EnableWeatherAlertsNotifications)</onclick>
					<onclick>ReloadSkin()</onclick>
					<selected>Skin.HasSetting(EnableWeatherAlertsNotifications)</selected>
					<visible>String.IsEqual(Weather.Plugin,weather.openweathermap.extended)</visible>
				</control>
				<control type="button" id="2">
					<description>Refresh</description>
					<label>$LOCALIZE[103]</label>
					<include>TopLeftMenusButton</include>
					<onclick>SetFocus(50)</onclick>
				</control>
				<control type="button" id="265">
					<description>Addon Settings</description>
					<label>$LOCALIZE[10140]</label>
					<include>TopLeftMenusButton</include>
					<onclick>SetFocus(50)</onclick>
					<onclick>Addon.OpenSettings($INFO[Weather.Plugin])</onclick>
				</control>
				<control type="button" id="266">
					<description>Weather Settings</description>
					<label>$LOCALIZE[5]</label>
					<include>TopLeftMenusButton</include>
					<onclick>SetFocus(50)</onclick>
					<onclick>ActivateWindow(ServiceSettings,weather)</onclick>
				</control>
				<include>OptionsTopMenuEnd</include>
			</control>
		</control>

		<!-- ================ -->
		<!-- Top Content Info -->
		<!-- ================ -->
		<control type="group">
			<left>45</left>
			<top>25</top>
			<include>ShutdownMenuAnimation</include>
			<include>InfoDialogs_ContentInfoAnimation</include>
			<include>VisibleHiddenSlideAnimation</include>
			<visible>!ControlGroup(9000).HasFocus</visible>
			<control type="grouplist">
				<left>0</left>
				<top>0</top>
				<height>70</height>
				<width>1000</width>
				<align>left</align>
				<itemgap>15</itemgap>
				<orientation>horizontal</orientation>
				<include>Logo</include>
				<include>OpenCloseSlideAnimationTwo</include>
				<visible>![String.IsEmpty(Window(Weather).Property(Current.Condition)) | String.IsEmpty(Window(Weather).Property(Location))] + !String.IsEmpty(Control.GetLabel(3)) + !String.Contains(Window(Weather).Property(Current.ConditionIcon),na)</visible>
				<control type="label">
					<include>TopBigLabel</include>
					<label fallback="8">$INFO[Window.Property(Location)]</label>
				</control>
				<control type="label">
					<include>TopSmallLabel</include>
					<label>$LOCALIZE[10508]</label>
					<visible>!String.IsEqual(Weather.Plugin,weather.openweathermap.extended)</visible>
				</control>
				<control type="label">
					<include>TopSmallLabel</include>
					<label>$LOCALIZE[31235]</label>
					<visible>String.IsEqual(Weather.Plugin,weather.openweathermap.extended) + ![Skin.String(WeatherExtended,2) | Skin.String(WeatherExtended,3) | Skin.String(WeatherExtended,4)]</visible>
				</control>
				<control type="label">
					<include>TopSmallLabel</include>
					<label>$LOCALIZE[31223]</label>
					<visible>String.IsEqual(Weather.Plugin,weather.openweathermap.extended) + Skin.String(WeatherExtended,2)</visible>
				</control>
				<control type="label">
					<include>TopSmallLabel</include>
					<label>$LOCALIZE[31224]</label>
					<visible>String.IsEqual(Weather.Plugin,weather.openweathermap.extended) + Skin.String(WeatherExtended,3)</visible>
				</control>
				<control type="label">
					<include>TopSmallLabel</include>
					<label>$LOCALIZE[31226]</label>
					<visible>String.IsEqual(Weather.Plugin,weather.openweathermap.extended) + Skin.String(WeatherExtended,4)</visible>
				</control>
			</control>
			<control type="grouplist">
				<left>0</left>
				<top>0</top>
				<height>70</height>
				<width>1000</width>
				<align>left</align>
				<itemgap>15</itemgap>
				<orientation>horizontal</orientation>
				<include>Logo</include>
				<include>OpenCloseSlideAnimationTwo</include>
				<visible>[String.IsEmpty(Window(Weather).Property(Current.Condition)) | String.IsEmpty(Window(Weather).Property(Location))] | String.IsEmpty(Control.GetLabel(3)) | String.Contains(Window(Weather).Property(Current.ConditionIcon),na)</visible>
				<control type="label">
					<include>TopBigLabel</include>
					<label>$INFO[Control.GetLabel(3)]...</label>
					<visible>!String.IsEmpty(Control.GetLabel(3))</visible>
				</control>
				<control type="label">
					<include>TopBigLabel</include>
					<label>8</label>
					<visible>String.IsEmpty(Control.GetLabel(3))</visible>
				</control>
			</control>
		</control>

		<!-- Fetching Info  -->
		<control type="label">
			<description>fetching label</description>
			<left>45</left>
			<top>270</top>
			<width>1200</width>
			<height>40</height>
			<font>FontSize_48</font>
			<textcolor>99white</textcolor>
			<shadowcolor>99000000</shadowcolor>
			<align>center</align>
			<aligny>center</aligny>
			<label>$LOCALIZE[411]</label>
			<visible>[String.IsEmpty(Window(Weather).Property(Current.Condition)) | String.IsEmpty(Window(Weather).Property(Location))] + !String.IsEmpty(Control.GetLabel(3)) + !String.Contains(Window(Weather).Property(Current.ConditionIcon),na)</visible>
			<include>OpenCloseSlideAnimationTwo</include>
			<include>TopRightSlideAnimations</include>
		</control>
		<control type="label">
			<description>location label</description>
			<left>30</left>
			<top>305</top>
			<width>1200</width>
			<height>120</height>
			<font>FontSize_80</font>
			<textcolor>white</textcolor>
			<shadowcolor>99000000</shadowcolor>
			<align>center</align>
			<aligny>center</aligny>
			<label>$INFO[Control.GetLabel(3)]</label>
			<visible>[String.IsEmpty(Window(Weather).Property(Current.Condition)) | String.IsEmpty(Window(Weather).Property(Location))] + !String.Contains(Window(Weather).Property(Current.ConditionIcon),na)</visible>
			<include>OpenCloseSlideAnimationTwo</include>
			<include>TopRightSlideAnimations</include>
		</control>

	</controls>
</window>

