<?xml version="1.0" encoding="UTF-8"?>
<window>
	<defaultcontrol always="true">9000</defaultcontrol>
	<onload>ClearProperty(castinfo)</onload>
	<controls>

		<control type="group">
			<include>FanartFade</include>
			<visible>Window.IsActive(script-tvguide-main.xml)</visible>
			<control type="image">
				<include>FullscreenDimensions</include>
				<texture background="true">windows/bg/bg_vignette.png</texture>
			</control>
			<control type="image">
				<include>FullscreenDimensions</include>
				<texture background="true">windows/bg/bg_overlay.png</texture>
			</control>
		</control>
		<control type="group">
			<visible>!Window.IsActive(progressdialog)
			       + !Window.IsActive(okdialog)
			       + !Window.IsActive(yesnodialog)
			       + !Window.IsActive(FileBrowser)
				     + !Window.IsActive(TextViewer)
        		 + !Window.IsActive(SelectDialog)
        		 + !Window.IsActive(DialogSelect.xml)
        		 + !Window.IsActive(favourites)
        		 + ![Window.IsActive(PlayerControls) + ![Skin.HasSetting(DisableQuickNav) + !Player.HasMedia]]</visible>
	    <include>InfoDialogs_OpenCloseAnimation</include>
			<include>ShutdownMenuAnimation</include>
			<control type="group">
				<left>45</left>
				<top>140</top>
				<control type="image">
					<width>308</width>
					<height>453</height>
					<aspectratio align="center" aligny="center" scalediffuse="false">scale</aspectratio>
					<texture background="true" fallback="thumbs/fallback_poster_big.png" diffuse="views/wall/poster_diffuse.png">$INFO[Window.Property(Thumb)]</texture>
				</control>
				<control type="image">
					<width>308</width>
					<height>453</height>
					<aspectratio align="center" aligny="center">stretch</aspectratio>
					<texture background="true">views/wall/poster_overlay.png</texture>
				</control>
			</control>

  		<control type="group">
  			<left>375</left>
  			<top>150</top>
				<control type="label">
					<description>Title</description>
  			  <top>-3</top>
					<width>860</width>
					<font>FontSize_40</font>
					<label>$INFO[Window.Property(Label)]</label>
					<align>left</align>
					<aligny>center</aligny>
					<textcolor>white</textcolor>
					<shadowcolor>99000000</shadowcolor>
				</control>
				<!-- AlsoKnownAs label -->
				<control type="grouplist">
					<left>0</left>
					<top>34</top>
					<width>860</width>
	        <height>30</height>
				  <orientation>horizontal</orientation>
					<visible>!String.IsEmpty(Window.Property(AlsoKnownAs))</visible>
					<control type="label">
						<textcolor>white</textcolor>
						<shadowcolor>99000000</shadowcolor>
						<font>FontSize_22</font>
						<width min="10" max="710">auto</width>
						<label>$ADDON[script.extendedinfo 32016]:</label>
					</control>
					<control type="label">
						<textcolor>99white</textcolor>
						<shadowcolor>99000000</shadowcolor>
						<font>FontSize_22</font>
						<width min="10" max="710">auto</width>
						<height>30</height>
						<label>$INFO[Window.Property(AlsoKnownAs)]</label>
					</control>
				</control>
				<!-- (Row 1) Birthday/Deathday label -->
				<control type="grouplist">
					<left>0</left>
					<top>75</top>
					<width>860</width>
	        <height>30</height>
				  <orientation>horizontal</orientation>
  				<include>VisibleFadeEffect2</include>
					<visible>String.IsEmpty(Window.Property(castinfo))</visible>
					<control type="label">
						<textcolor>white</textcolor>
						<shadowcolor>99000000</shadowcolor>
						<font>FontSize_22</font>
						<width min="10" max="710">auto</width>
						<label>$ADDON[script.extendedinfo 32012]:</label>
					</control>
					<control type="label">
						<textcolor>99white</textcolor>
						<shadowcolor>99000000</shadowcolor>
						<font>FontSize_22</font>
						<width min="10" max="710">auto</width>
						<height>30</height>
						<label fallback="195">$INFO[Window.Property(Birthday)]$INFO[Window.Property(Deathday),$COMMA  [COLOR=white]$LOCALIZE[31272][/COLOR] ]$INFO[Window.Property(Age), ($ADDON[script.extendedinfo 32020] ,)]</label>
					</control>
				</control>
				<!-- (Row 2) PlaceOfBirth label -->
				<control type="grouplist">
					<left>0</left>
					<top>100</top>
					<width>860</width>
	        <height>30</height>
				  <orientation>horizontal</orientation>
  				<include>VisibleFadeEffect2</include>
					<visible>String.IsEmpty(Window.Property(castinfo))</visible>
					<control type="label">
						<textcolor>white</textcolor>
						<shadowcolor>99000000</shadowcolor>
						<font>FontSize_22</font>
						<width min="10" max="710">auto</width>
						<label>$ADDON[script.extendedinfo 32014]:</label>
					</control>
					<control type="label">
						<textcolor>99white</textcolor>
						<shadowcolor>99000000</shadowcolor>
						<font>FontSize_22</font>
						<width min="10" max="710">auto</width>
						<height>30</height>
						<label fallback="195">$INFO[Window.Property(PlaceOfBirth)]</label>
					</control>
				</control>
				<!-- (Row 3) Known Movies label -->
				<control type="grouplist">
					<left>0</left>
					<top>125</top>
					<width>860</width>
	        <height>30</height>
				  <orientation>horizontal</orientation>
  				<include>VisibleFadeEffect2</include>
					<visible>String.IsEmpty(Window.Property(castinfo))</visible>
					<control type="label">
						<textcolor>white</textcolor>
						<shadowcolor>99000000</shadowcolor>
						<font>FontSize_22</font>
						<width min="10" max="710">auto</width>
						<label>$ADDON[script.extendedinfo 32010]:</label>
					</control>
					<control type="label">
						<textcolor>99white</textcolor>
						<shadowcolor>99000000</shadowcolor>
						<font>FontSize_22</font>
						<width min="10" max="710">auto</width>
						<height>30</height>
						<label fallback="195">$INFO[Container(150).NumItems]</label>
					</control>
				</control>
				<!-- (Row 4) TV Appearances label -->
				<control type="grouplist">
					<left>0</left>
					<top>150</top>
					<width>860</width>
	        <height>30</height>
				  <orientation>horizontal</orientation>
  				<include>VisibleFadeEffect2</include>
					<visible>String.IsEmpty(Window.Property(castinfo))</visible>
					<control type="label">
						<textcolor>white</textcolor>
						<shadowcolor>99000000</shadowcolor>
						<font>FontSize_22</font>
						<width min="10" max="710">auto</width>
						<label>$LOCALIZE[19020]:</label>
					</control>
					<control type="label">
						<textcolor>99white</textcolor>
						<shadowcolor>99000000</shadowcolor>
						<font>FontSize_22</font>
						<width min="10" max="710">auto</width>
						<height>30</height>
						<label fallback="195">$INFO[Container(250).NumItems]</label>
					</control>
				</control>
				<!-- Biography-->
				<control type="textbox" id="800">
					<description>Description Value</description>
					<left>0</left>
					<top>195</top>
					<width>855</width>
					<height>240</height>
					<font>FontSize_22</font>
					<align>justify</align>
					<textcolor>99white</textcolor>
					<shadowcolor>99000000</shadowcolor>
					<label>$INFO[Window.Property(Biography)]</label>
					<autoscroll time="3000" delay="5000" repeat="5000">Skin.HasSetting(AutoScroll)</autoscroll>
  				<include>VisibleFadeEffect2</include>
					<visible>String.IsEmpty(Window.Property(castinfo))</visible>
				</control>
			</control>

  		<!-- Filmography -->
		  <control type="group">
				<left>363</left>
				<top>310</top>
			  <width>870</width>
				<height>316</height>
	  		<include>VisibleFadeEffect2</include>
			  <visible>String.IsEqual(Window.Property(castinfo),1)</visible>
		    <include content="VideoInfoListHeader">
		      <param name="container_id" value="150"/>
		      <param name="header_icon" value="icons/tmdb.png"/>
		      <param name="header_label" value="$ADDON[script.extendedinfo 32010]"/>
		      <param name="visible" value="Integer.IsGreater(Container(150).NumItems,0)"/>
		    </include>
		    <include content="VideoInfoListContainerScripts">
		      <param name="container_id" value="150"/>
		      <param name="onup" value="9000"/>
		      <param name="ondown" value="noop"/>
		    </include>
	    </control>

  		<!-- TV Appearances -->
		  <control type="group">
				<left>363</left>
				<top>310</top>
			  <width>870</width>
				<height>316</height>
	  		<include>VisibleFadeEffect2</include>
			  <visible>String.IsEqual(Window.Property(castinfo),2)</visible>
		    <include content="VideoInfoListHeader">
		      <param name="container_id" value="250"/>
		      <param name="header_icon" value="icons/tmdb.png"/>
		      <param name="header_label" value="$LOCALIZE[19020]"/>
		      <param name="visible" value="Integer.IsGreater(Container(250).NumItems,0)"/>
		    </include>
		    <include content="VideoInfoListContainerScripts">
		      <param name="container_id" value="250"/>
		      <param name="onup" value="9000"/>
		      <param name="ondown" value="noop"/>
		    </include>
	    </control>

  		<!-- Actors Videos -->
  		<control type="group">
				<left>363</left>
				<top>305</top>
			  <width>870</width>
				<height>316</height>
			  <include>VisibleFadeEffect2</include>
			  <visible>String.IsEqual(Window.Property(castinfo),4)</visible>
				<animation effect="slide" start="0,0" end="0,-45" time="250" condition="Control.HasFocus(350)">Conditional</animation>
		    <include content="VideoInfoListHeader">
		      <param name="container_id" value="350"/>
		      <param name="header_icon" value="icons/youtube.png"/>
		      <param name="header_label" value="$LOCALIZE[3]"/>
		      <param name="visible" value="Integer.IsGreater(Container(350).NumItems,0)"/>
		    </include>
				<control type="panel" id="350">
					<left>0</left>
					<top>35</top>
					<width>870</width>
					<height>262</height>
					<onleft>9000</onleft>
					<onright>noop</onright>
					<onup>9000</onup>
					<ondown>350</ondown>
					<orientation>vertical</orientation>
				  <scrolltime tween="sine" easing="out">250</scrolltime>
					<itemlayout width="216" height="131">
						<control type="image">
							<left>10</left>
							<top>0</top>
							<width>206</width>
							<height>119</height>
							<aspectratio align="center" aligny="center">stretch</aspectratio>
							<texture background="true" border="1" diffuse="thumbs/square_diffuse_small.png">thumbs/thumb_back.png</texture>
						</control>
						<control type="image">
							<left>10</left>
							<top>0</top>
							<width>206</width>
							<height>119</height>
							<aspectratio align="center" aligny="center" scalediffuse="false">scale</aspectratio>
							<texture background="true" border="1" fallback="thumbs/fallback_episode_tp.png" diffuse="thumbs/landscape_diffuse.png">$INFO[ListItem.Icon]</texture>
						</control>
						<control type="image">
							<left>10</left>
							<top>0</top>
							<width>206</width>
							<height>119</height>
							<aspectratio align="center" aligny="center">stretch</aspectratio>
							<texture background="true" border="1">thumbs/landscape_overlay.png</texture>
						</control>
					</itemlayout>
					<focusedlayout width="216" height="131">
						<control type="image">
							<left>10</left>
							<top>0</top>
							<width>206</width>
							<height>119</height>
						  <aspectratio align="center" aligny="center">stretch</aspectratio>
						  <texture background="true" border="1" diffuse="thumbs/square_diffuse_small.png">thumbs/thumb_back.png</texture>
						</control>
						<control type="image">
							<left>10</left>
							<top>0</top>
							<width>206</width>
							<height>119</height>
							<aspectratio align="center" aligny="center" scalediffuse="false">scale</aspectratio>
							<texture background="true" border="1" fallback="thumbs/fallback_episode_tp.png" diffuse="thumbs/landscape_diffuse.png">$INFO[ListItem.Icon]</texture>
						</control>
						<control type="image">
							<left>10</left>
							<top>0</top>
							<width>206</width>
							<height>119</height>
						  <aspectratio align="center" aligny="center">stretch</aspectratio>
						  <texture background="true" border="1">thumbs/thumb_play.png</texture>
							<animation reversible="false" effect="fade" start="0" end="100" time="200">Focus</animation>
							<animation reversible="false" effect="fade" start="100" end="0" time="200">UnFocus</animation>
						</control>
						<control type="image">
							<left>10</left>
							<top>0</top>
							<width>206</width>
							<height>119</height>
							<aspectratio align="center" aligny="center">stretch</aspectratio>
							<texture background="true" border="1">thumbs/landscape_overlay.png</texture>
						</control>
					</focusedlayout>
				</control>
			  <control type="label">
					<left>10</left>
					<top>293</top>
					<width>860</width>
					<height>40</height>
					<font>TextboxFont_20</font>
			    <textcolor>white</textcolor>
					<shadowcolor>99000000</shadowcolor>
	        <selectedcolor>white</selectedcolor>
					<scroll>false</scroll>
		      <wrapmultiline>true</wrapmultiline>
					<label>$INFO[Container(350).Listitem.Label]$INFO[Container(350).Listitem.Premiered, (,) ]</label>
					<animation reversible="false" effect="fade" start="100" end="0" time="400" condition="!Control.HasFocus(350)">Conditional</animation>
			  </control>
			</control>

  		<!-- Actors Photos -->
		  <control type="group">
				<left>363</left>
				<top>310</top>
			  <width>870</width>
				<height>316</height>
	  		<include>VisibleFadeEffect2</include>
			  <visible>String.IsEqual(Window.Property(castinfo),3)</visible>
		    <include content="VideoInfoListHeader">
		      <param name="container_id" value="450"/>
		      <param name="header_icon" value="icons/tmdb.png"/>
		      <param name="header_label" value="$LOCALIZE[31273]"/>
		      <param name="visible" value="Integer.IsGreater(Container(450).NumItems,0)"/>
		    </include>
		    <include content="VideoInfoListContainerScripts">
		      <param name="container_id" value="450"/>
		      <param name="onup" value="9000"/>
		      <param name="ondown" value="noop"/>
		    </include>
	    </control>
		</control>

    <!-- ================= -->
    <!-- == Top Buttons == -->
    <!-- ================= -->
	  <control type="group">
			<left>45</left>
			<top>25</top>
      <visible>![Window.IsActive(favourites) | [Window.IsActive(PlayerControls) + ![Skin.HasSetting(DisableQuickNav) + !Player.HasMedia]]]</visible>
      <include>InfoDialogs_OpenCloseAnimation</include>
			<include>ShutdownMenuAnimation</include>
      <!-- Buttons -->
			<control type="grouplist" id="9000">
				<ondown condition="String.IsEqual(Window.Property(castinfo),1) + Control.IsVisible(150)">150</ondown>
				<ondown condition="String.IsEqual(Window.Property(castinfo),2) + Control.IsVisible(250)">250</ondown>
				<ondown condition="String.IsEqual(Window.Property(castinfo),3) + Control.IsVisible(450)">450</ondown>
				<ondown condition="String.IsEqual(Window.Property(castinfo),4) + Control.IsVisible(350)">350</ondown>
				<include>InfoDialogs_TopMenuVars</include>
				<control type="label" id="999">
					<width min="0" max="500">auto</width>
				  <include>TopBigLabel</include>
				  <label>$LOCALIZE[31163]</label>
				</control>
				<control type="button" id="81">
					<description>Biography</description>
					<label>$LOCALIZE[21887]</label>
  				<onclick condition="String.IsEmpty(Window.Property(castinfo))">RunScript(script.skin.helper.service,action=textviewer,header=$LOCALIZE[207],message='"$INFO[Window.Property(Biography)]"')</onclick>
					<onclick>ClearProperty(castinfo)</onclick>
				  <include>TopMenuButton</include>
				</control>
				<control type="button" id="82">
					<description>Filmography</description>
					<label>$ADDON[script.extendedinfo 32010]</label>
					<onclick>SetProperty(castinfo,1)</onclick>
				  <include>TopMenuButton</include>
					<visible>Integer.IsGreater(Container(150).NumItems,0)</visible>
				</control>
				<control type="button" id="83">
					<description>TV</description>
					<label>$LOCALIZE[19020]</label>
					<onclick>SetProperty(castinfo,2)</onclick>
				  <include>TopMenuButton</include>
					<visible>Integer.IsGreater(Container(250).NumItems,0)</visible>
				</control>
        <control type="button" id="85">
          <label>$LOCALIZE[3]</label>
					<onclick>SetProperty(castinfo,4)</onclick>
				  <include>TopMenuButton</include>
					<visible>Integer.IsGreater(Container(350).NumItems,0)</visible>
        </control>
				<control type="button" id="84">
					<description>Photos</description>
					<label>$LOCALIZE[31273]</label>
					<onclick>SetProperty(castinfo,3)</onclick>
				  <include>TopMenuButton</include>
					<visible>Integer.IsGreater(Container(450).NumItems,0)</visible>
				</control>
			</control>

      <!-- Top Content Info -->
			<control type="label">
  			<left>2</left>
  			<top>45</top>
				<width>300</width>
				<height>20</height>
				<font>FontSize_18</font>
				<textcolor>$VAR[Text.GlobalColor]</textcolor>
				<scroll>false</scroll>
				<align>left</align>
				<aligny>center</aligny>
				<label>$VAR[MetadataActorsInfoContentInfoLabels]</label>
			</control>
		</control>

		<!-- Data Provider -->
  	<control type="group">
	    <include>NotificationsAnimations</include>
  	  <animation type="Conditional" reversible="false" condition="!Window.IsActive(notification) + !Window.IsActive(extendedprogressdialog) + ![Window.IsActive(Home) + Player.HasMedia]">
        <include>CommonOpenEffect</include>
  	  </animation>
  	  <animation type="Conditional" reversible="false" condition="Window.IsActive(notification) | Window.IsActive(extendedprogressdialog) | [Window.IsActive(Home) + Player.HasMedia]">
        <include>CommonCloseEffect</include>
  	  </animation>
			<control type="grouplist">
			  <right>40</right>
  			<top>635</top>
				<width>1190</width>
				<height>68</height>
				<itemgap>2</itemgap>
  			<align>right</align>
				<orientation>horizontal</orientation>
  			<control type="group">
					<width>490</width>
  				<control type="label">
  			    <top>15</top>
  					<width>490</width>
  					<height>15</height>
  					<font>FontSize_20B</font>
						<label>$LOCALIZE[31230]</label>
  					<textcolor>homeinfo</textcolor>
						<align>right</align>
  					<scroll>false</scroll>
  				</control>
  				<control type="label">
  			    <top>35</top>
  					<width>490</width>
  					<height>15</height>
  					<font>FontSize_20</font>
						<label>The MovieDB</label>
  					<textcolor>homeinfo</textcolor>
						<align>right</align>
  					<scroll>false</scroll>
  				</control>
  			</control>
				<control type="image">
					<width>68</width>
					<height>68</height>
					<aspectratio>stretch</aspectratio>
					<texture background="true">icons/tmdb.png</texture>
					<colordiffuse>homeinfo</colordiffuse>
				</control>
			</control>
  	</control>

		<control type="list" id="350">
			<include>HiddenListContainer</include>
			<visible>false</visible>
		</control>
		<control type="list" id="550">
			<include>HiddenListContainer</include>
			<visible>false</visible>
		</control>
		<control type="list" id="650">
			<include>HiddenListContainer</include>
			<visible>false</visible>
		</control>
		<control type="list" id="750">
			<include>HiddenListContainer</include>
			<visible>false</visible>
		</control>

	</controls>
</window>
