<?xml version="1.0" encoding="UTF-8"?>
<window>
	<defaultcontrol always="true">30000</defaultcontrol>
	<onunload condition="Window.IsVisible(home) + !String.IsEqual(Window.Property(groupname),mainmenu)">ReplaceWindow(Startup)</onunload>
	<onunload condition="![Window.IsVisible(home) | String.IsEqual(Window.Property(groupname),mainmenu)]">RunScript(script.skinshortcuts,type=buildxml&amp;mode=single&amp;options=clonewidgets&amp;mainmenuID=20&amp;options=noGroups)</onunload>
	<controls>

		<control type="group">
			<include>CommonDialogsAnimation</include>
			<visible>String.IsEmpty(Window.Property(additionalDialog)) + !Window.IsActive(1119) + !Window.IsActive(SelectDialog) + !Window.IsActive(DialogSelect.xml) + !Window.IsActive(FileBrowser) + !Window.IsActive(VirtualKeyboard) + !Window.IsActive(progressdialog) + !Window.IsActive(okdialog) + !Window.IsActive(yesnodialog)</visible>
			<include content="DialogsPanel">
				<param name="group_left" value="210"/>
				<param name="group_top" value="120"/>
				<param name="group_width" value="852"/>
				<param name="body_width" value="852"/>
				<param name="body_height" value="380"/>
				<param name="header_line_width" value="848"/>
				<param name="header_id" value="500"/>
				<param name="header_width" value="650"/>
				<param name="countitems_visible" value="true"/>
			</include>
			<control type="image">
				<description>background image</description>
				<include>FullscreenDimensions</include>
				<texture background="true">dialogs/other/bg_manageshortcuts.png</texture>
			</control>
			<control type="group"  id="10002">
				<!-- Left Part - Submenu's Shortcusts List -->
				<control type="list" id="211">
					<left>230</left>
					<top>190</top>
					<width>400</width>
					<height>308</height>
					<onup>211</onup>
					<ondown>211</ondown>
					<onleft>20000</onleft>
					<onright>30000</onright>
					<onback>RunScript(script.skinshortcuts,type=buildxml&amp;mode=single&amp;options=clonewidgets&amp;mainmenuID=20&amp;options=noGroups)</onback>
					<scrolltime tween="quadratic" easing="out">200</scrolltime>
					<visible>!Window.IsActive(contextmenu)</visible>
					<itemlayout height="44" width="400">
						<control type="image">
							<left>-8</left>
							<top>-6</top>
							<width>60</width>
							<height>56</height>
							<colordiffuse>77white</colordiffuse>
							<aspectratio align="center" aligny="center">keep</aspectratio>
							<texture fallback="DefaultShortcut.png">$INFO[ListItem.ActualIcon]</texture>
						</control>
						<control type="label">
							<left>47</left>
							<top>0</top>
							<width>335</width>
							<height>42</height>
							<font>FontSize_20</font>
							<textcolor>77white</textcolor>
							<selectedcolor>$VAR[Text.GlobalColor]</selectedcolor>
							<align>left</align>
							<aligny>center</aligny>
							<label>$INFO[ListItem.Label]</label>
						</control>
					</itemlayout>
					<focusedlayout height="44" width="400">
						<control type="image">
							<left>0</left>
							<top>0</top>
							<width>400</width>
							<height>40</height>
							<texture>buttons/focus.png</texture>
							<include>ListFocusAnimation</include>
							<animation effect="fade" start="100" end="30" time="100" condition="!Control.HasFocus(211)">conditional</animation>
						</control>
						<control type="image">
							<left>0</left>
							<top>0</top>
							<width>400</width>
							<height>40</height>
							<texture>dialogs/selectdialog/selected.png</texture>
							<visible>!Control.HasFocus(211)</visible>
						</control>
						<control type="image">
							<left>-8</left>
							<top>-6</top>
							<width>60</width>
							<height>56</height>
							<aspectratio align="center" aligny="center">keep</aspectratio>
							<texture fallback="DefaultShortcut.png">$INFO[ListItem.ActualIcon]</texture>
							<animation effect="fade" start="100" end="50" time="100" condition="!Control.HasFocus(211)">conditional</animation>
						</control>
						<control type="label">
							<left>47</left>
							<top>0</top>
							<width>335</width>
							<height>42</height>
							<font>FontSize_20</font>
							<textcolor>white</textcolor>
							<selectedcolor>$VAR[Text.GlobalColor]</selectedcolor>
							<align>left</align>
							<aligny>center</aligny>
							<label>$INFO[ListItem.Label]</label>
							<animation effect="fade" start="100" end="50" time="100" condition="!Control.HasFocus(211)">conditional</animation>
						</control>
					</focusedlayout>
				</control>

				<!-- Left Part - Delete/Move Buttons -->
				<control type="group" id="20000">
					<left>230</left>
					<top>498</top>
					<control type="button" id="303">
						<description>Move UP</description>
						<width>131</width>
						<height>40</height>
						<font>FontSize_16B</font>
						<textcolor>77white</textcolor>
						<focusedcolor>white</focusedcolor>
						<disabledcolor>33white</disabledcolor>
						<shadowcolor>99000000</shadowcolor>
						<texturefocus>buttons/focus.png</texturefocus>
						<texturenofocus></texturenofocus>
						<align>center</align>
						<aligny>top</aligny>
						<textoffsetx>5</textoffsetx>
						<textoffsety>9</textoffsety>
						<pulseonselect>true</pulseonselect>
						<label>$ADDON[script.skinshortcuts 32002]</label>
						<onleft>211</onleft>
						<onright>304</onright>
						<onup>211</onup>
						<ondown>10000</ondown>
					</control>
					<control type="button" id="304">
						<description>Move DOWN</description>
						<left>135</left>
						<width>131</width>
						<height>40</height>
						<font>FontSize_16B</font>
						<textcolor>77white</textcolor>
						<focusedcolor>white</focusedcolor>
						<disabledcolor>33white</disabledcolor>
						<shadowcolor>99000000</shadowcolor>
						<texturefocus>buttons/focus.png</texturefocus>
						<texturenofocus></texturenofocus>
						<align>center</align>
						<aligny>top</aligny>
						<textoffsetx>5</textoffsetx>
						<textoffsety>9</textoffsety>
						<pulseonselect>true</pulseonselect>
						<label>$ADDON[script.skinshortcuts 32003]</label>
						<onleft>303</onleft>
						<onright>301</onright>
						<onup>211</onup>
						<ondown>10000</ondown>
					</control>
					<control type="button" id="301">
						<description>Add New</description>
						<left>270</left>
						<width>130</width>
						<height>40</height>
						<font>FontSize_16B</font>
						<textcolor>77white</textcolor>
						<focusedcolor>white</focusedcolor>
						<disabledcolor>33white</disabledcolor>
						<shadowcolor>99000000</shadowcolor>
						<texturefocus>buttons/focus.png</texturefocus>
						<texturenofocus></texturenofocus>
						<align>center</align>
						<aligny>top</aligny>
						<textoffsetx>5</textoffsetx>
						<textoffsety>9</textoffsety>
						<pulseonselect>true</pulseonselect>
						<label>$ADDON[script.skinshortcuts 32000]</label>
						<onleft>304</onleft>
						<onright>30000</onright>
						<onup>211</onup>
						<ondown>10000</ondown>
					</control>
				</control>

				<!-- Right Part -->
				<control type="grouplist" id="30000">
					<left>648</left>
					<top>190</top>
					<width>400</width>
					<height>348</height>
					<onleft>211</onleft>
					<onright>10000</onright>
					<onup>30000</onup>
					<ondown>30000</ondown>
					<onback>RunScript(script.skinshortcuts,type=buildxml&amp;mode=single&amp;options=clonewidgets&amp;mainmenuID=20&amp;options=noGroups)</onback>
					<itemgap>4</itemgap>
					<control type="button" id="401">
						<description>Change Shortcut</description>
						<width>400</width>
						<height>40</height>
						<font>FontSize_20</font>
						<textcolor>77white</textcolor>
						<focusedcolor>white</focusedcolor>
						<disabledcolor>33white</disabledcolor>
						<shadowcolor>99000000</shadowcolor>
						<texturefocus>buttons/focus.png</texturefocus>
						<texturenofocus></texturenofocus>
						<align>left</align>
						<textoffsetx>10</textoffsetx>
						<label>$ADDON[script.skinshortcuts 32048]</label>
					</control>
					<control type="button" id="305">
						<description>Change Label</description>
						<width>400</width>
						<height>40</height>
						<font>FontSize_20</font>
						<textcolor>77white</textcolor>
						<focusedcolor>white</focusedcolor>
						<disabledcolor>33white</disabledcolor>
						<shadowcolor>99000000</shadowcolor>
						<texturefocus>buttons/focus.png</texturefocus>
						<texturenofocus></texturenofocus>
						<align>left</align>
						<textoffsetx>10</textoffsetx>
						<label>$ADDON[script.skinshortcuts 32025]</label>
						<label2>[COLOR=$VAR[Text.GlobalColor]]$INFO[Container(211).ListItem.Label][/COLOR]</label2>
					</control>
					<control type="button" id="307">
						<description>Change Action</description>
						<width>400</width>
						<height>40</height>
						<font>FontSize_20</font>
						<textcolor>77white</textcolor>
						<focusedcolor>white</focusedcolor>
						<disabledcolor>33white</disabledcolor>
						<shadowcolor>99000000</shadowcolor>
						<texturefocus>buttons/focus.png</texturefocus>
						<texturenofocus></texturenofocus>
						<align>left</align>
						<textoffsetx>10</textoffsetx>
						<label>$ADDON[script.skinshortcuts 32027]</label>
						<label2>[COLOR=$VAR[Text.GlobalColor]]$INFO[Container(211).ListItem.Property(displaypath)][/COLOR]</label2>
					</control>
					<control type="button" id="405">
						<description>Edit SubMenu</description>
						<width>400</width>
						<height>40</height>
						<font>FontSize_20</font>
						<textcolor>77white</textcolor>
						<focusedcolor>white</focusedcolor>
						<disabledcolor>33white</disabledcolor>
						<shadowcolor>99000000</shadowcolor>
						<texturefocus>buttons/focus.png</texturefocus>
						<texturenofocus></texturenofocus>
						<align>left</align>
						<textoffsetx>10</textoffsetx>
						<label>$ADDON[script.skinshortcuts 32072]</label>
						<visible>String.IsEqual(Window.Property("groupname"),mainmenu)</visible>
					</control>
					<control type="button" id="312">
						<description>Select Widget</description>
						<width>400</width>
						<height>40</height>
						<font>FontSize_20</font>
						<textcolor>77white</textcolor>
						<focusedcolor>white</focusedcolor>
						<disabledcolor>33white</disabledcolor>
						<shadowcolor>99000000</shadowcolor>
						<texturefocus>buttons/focus.png</texturefocus>
						<texturenofocus></texturenofocus>
						<align>left</align>
						<textoffsetx>10</textoffsetx>
						<label>$ADDON[script.skinshortcuts 32044]</label>
						<label2>[COLOR=$VAR[Text.GlobalColor]]$INFO[Container(211).ListItem.Property(widgetName)][/COLOR]</label2>
						<onclick condition="String.IsEmpty(Skin.String(RSSVideoFeedType))">Skin.SetString(RSSVideoFeedType,User)</onclick>
						<onfocus condition="!System.hasAddon(plugin.video.youtube) + String.Contains(Container(211).ListItem.Property(widgetName),RSS Video Feeds)">InstallAddon(plugin.video.youtube)</onfocus>
						<visible>String.IsEqual(Window.Property("groupname"),mainmenu)</visible>
					</control>
					<control type="button" id="30001">
						<description>Widget Aspect Ratio</description>
						<width>400</width>
						<height>40</height>
						<font>FontSize_20</font>
						<textcolor>77white</textcolor>
						<focusedcolor>white</focusedcolor>
						<disabledcolor>33white</disabledcolor>
						<shadowcolor>99000000</shadowcolor>
						<texturefocus>buttons/focus.png</texturefocus>
						<texturenofocus></texturenofocus>
						<align>left</align>
						<textoffsetx>10</textoffsetx>
						<label>$LOCALIZE[31207]</label>
						<label2>[COLOR=$VAR[Text.GlobalColor]]$INFO[Container(211).ListItem.Property(widgetRatio)][/COLOR]</label2>
						<onclick>SetProperty(chooseProperty,widgetRatio)</onclick>
						<onclick>SendClick(404)</onclick>
						<visible>String.IsEqual(Window.Property("groupname"),mainmenu)</visible>
						<visible>[String.IsEqual(Container(211).ListItem.Property(widget),addon) | String.IsEqual(Container(211).ListItem.Property(widget),Addon) | String.IsEqual(Container(211).ListItem.Property(widgetType),mixed) | String.IsEqual(Container(211).ListItem.Property(widgetType),mixed_online)] + ![String.IsEqual(Container(211).ListItem.Property(widgetType),movies) | String.IsEqual(Container(211).ListItem.Property(widgetType),tvshows)]</visible>
					</control>
					<control type="button" id="30002">
						<description>Custom Items Widget</description>
						<width>400</width>
						<height>40</height>
						<font>FontSize_20</font>
						<textcolor>77white</textcolor>
						<focusedcolor>white</focusedcolor>
						<disabledcolor>33white</disabledcolor>
						<shadowcolor>99000000</shadowcolor>
						<texturefocus>buttons/focus.png</texturefocus>
						<texturenofocus></texturenofocus>
						<align>left</align>
						<textoffsetx>10</textoffsetx>
						<label>$LOCALIZE[31377]</label>
						<onclick>ActivateWindow(1119)</onclick>
						<visible>String.IsEqual(Window.Property("groupname"),mainmenu) + String.IsEqual(Container(211).ListItem.Property(Widget),CustomItems)</visible>
					</control>
					<control type="button" id="30003">
						<description>RSS Video Feeds</description>
						<width>400</width>
						<height>40</height>
						<font>FontSize_20</font>
						<textcolor>77white</textcolor>
						<focusedcolor>white</focusedcolor>
						<disabledcolor>33white</disabledcolor>
						<shadowcolor>99000000</shadowcolor>
						<texturefocus>buttons/focus.png</texturefocus>
						<texturenofocus></texturenofocus>
						<align>left</align>
						<textoffsetx>10</textoffsetx>
						<label>$LOCALIZE[31097]</label>
						<label2>[COLOR=$VAR[Text.GlobalColor]]$INFO[Skin.String(RSSVideoFeedURL.Label)][/COLOR]</label2>
						<onfocus condition="!System.hasAddon(plugin.video.youtube) + String.IsEqual(Container(211).ListItem.Property(widget),RSSVideoFeeds)">InstallAddon(plugin.video.youtube)</onfocus>
						<onclick>SetProperty(SelectRSSFeed,1,Home)</onclick>
						<onclick>RunScript(script.skin.helper.service,action=setskinsetting,setting=RSSVideoFeedURL,header=$LOCALIZE[31255])</onclick>
						<visible>[System.HasAddon(script.extendedinfo) + System.HasAddon(script.skin.helper.service)] + String.IsEqual(Window.Property("groupname"),mainmenu) + String.IsEqual(Container(211).ListItem.Property(widget),RSSVideoFeeds)</visible>
					</control>
					<control type="radiobutton" id="30004">
						<description>AutoHide Widgets</description>
						<width>400</width>
						<height>40</height>
						<font>FontSize_20</font>
						<textcolor>77white</textcolor>
						<focusedcolor>white</focusedcolor>
						<disabledcolor>33white</disabledcolor>
						<shadowcolor>99000000</shadowcolor>
						<texturefocus>buttons/focus.png</texturefocus>
						<texturenofocus></texturenofocus>
						<align>left</align>
						<textoffsetx>10</textoffsetx>
						<label>$LOCALIZE[31208]</label>
						<onclick>Skin.ToggleSetting(AutoHideHomeWidgets)</onclick>
						<selected>!Skin.HasSetting(AutoHideHomeWidgets)</selected>
						<visible>!String.IsEmpty(Container(211).ListItem.Property(widget))</visible>
					</control>
					<control type="button" id="310">
						<description>Select HomeBG</description>
						<width>400</width>
						<height>40</height>
						<font>FontSize_20</font>
						<textcolor>77white</textcolor>
						<focusedcolor>white</focusedcolor>
						<disabledcolor>33white</disabledcolor>
						<shadowcolor>99000000</shadowcolor>
						<texturefocus>buttons/focus.png</texturefocus>
						<texturenofocus></texturenofocus>
						<align>left</align>
						<textoffsetx>10</textoffsetx>
						<label>$ADDON[script.skinshortcuts 32045]</label>
						<label2>[COLOR=$VAR[Text.GlobalColor]]$INFO[Container(211).ListItem.Property(backgroundName)][/COLOR]</label2>
						<visible>String.IsEqual(Window.Property("groupname"),mainmenu)</visible>
					</control>
					<control type="button" id="302">
						<description>Delete</description>
						<width>400</width>
						<height>40</height>
						<font>FontSize_20</font>
						<textcolor>77white</textcolor>
						<focusedcolor>white</focusedcolor>
						<disabledcolor>33white</disabledcolor>
						<shadowcolor>99000000</shadowcolor>
						<texturefocus>buttons/focus.png</texturefocus>
						<texturenofocus></texturenofocus>
						<align>left</align>
						<textoffsetx>10</textoffsetx>
						<label>$ADDON[script.skinshortcuts 32001]</label>
					</control>
				</control>
			</control>

			<!-- Control Buttons -->
			<control type="grouplist" id="10000">
				<left>1070</left>
				<top>385</top>
				<height>168</height>
				<onleft>30000</onleft>
				<onright>30000</onright>
				<align>right</align>
				<defaultcontrol always="true">10</defaultcontrol>
				<control type="button" id="308">
					<description>Reset</description>
					<include>DialogsButtonsText</include>
					<texturefocus border="49,0,49,0">dialogs/buttons/settings_focus.png</texturefocus>
					<texturenofocus border="49,0,49,0">dialogs/buttons/settings_nofocus.png</texturenofocus>
					<label>$LOCALIZE[13007]</label>
				</control>
				<control type="button" id="11">
					<description>OK</description>
					<include>DialogsButtonsText</include>
					<texturefocus border="49,0,49,0">dialogs/buttons/save_focus.png</texturefocus>
					<texturenofocus border="49,0,49,0">dialogs/buttons/save_nofocus.png</texturenofocus>
					<label>$LOCALIZE[186]</label>
					<onclick>Close</onclick>
					<visible>!String.IsEqual(Window.Property("groupname"),mainmenu)</visible>
				</control>
				<control type="button" id="10">
					<description>Save</description>
					<include>DialogsButtonsText</include>
					<texturefocus border="49,0,49,0">dialogs/buttons/save_focus.png</texturefocus>
					<texturenofocus border="49,0,49,0">dialogs/buttons/save_nofocus.png</texturenofocus>
					<label>$LOCALIZE[190]</label>
					<onclick>Close</onclick>
					<visible>String.IsEqual(Window.Property("groupname"),mainmenu)</visible>
				</control>
			</control>
		</control>

		<control type="button" id="404">
			<visible>false</visible>
		</control>
	</controls>
</window>
