<?xml version="1.0" encoding="UTF-8"?>
<includes>

	<!-- ======================= -->
	<!-- ===== EPG Timeline ==== -->
	<!-- ======================= -->
	<include name="EPGTimeline_View">
		<control type="group">
			<description>TV Guide Timeline</description>
			<visible>Control.IsVisible(10)</visible>
			<include>FullscreenDimensions</include>
			<include>InfoDialogsVisible_ZoomAnimation</include>
			<include>VisibleHiddenSlideAnimation</include>
			<include>HomeMenu_OpenCloseSlideAnimation</include>
			<control type="epggrid" id="10">
				<description>EPG Grid</description>
				<left>35</left>
				<top>220</top>
				<width>1245</width>
				<height>400</height>
				<onleft>9000</onleft>
				<onright>9000</onright>
				<onup>10</onup>
				<ondown>10</ondown>
				<onback>9000</onback>
				<pagecontrol>10</pagecontrol>
				<scrolltime>250</scrolltime>
				<timeblocks>40</timeblocks>
				<rulerunit>6</rulerunit>
				<viewtype label="19032">list</viewtype>
				<progresstexture border="0,59,19,19">windows/pvr/EPGProgressIndicator.png</progresstexture>
				<rulerlayout height="50" width="40">
					<control type="label" id="2">
						<left>10</left>
						<top>10</top>
						<width>325</width>
						<height>50</height>
						<font>FontSize_18B</font>
						<textcolor>viewsinfo</textcolor>
						<shadowcolor>55000000</shadowcolor>
						<aligny>center</aligny>
						<align>left</align>
						<label>$INFO[ListItem.Label]</label>
					</control>
				</rulerlayout>

				<channellayout height="50" width="340">
					<control type="group">
						<control type="image">
							<description>Number Sep</description>
							<left>10</left>
							<top>0</top>
							<width>60</width>
							<height>45</height>
							<texture>windows/pvr/seperator.png</texture>
							<include>VisibleFadeEffect2</include>
						</control>
						<control type="image">
							<description>Channel Sep</description>
							<left>74</left>
							<top>0</top>
							<width>261</width>
							<height>45</height>
							<texture>windows/pvr/seperator.png</texture>
							<include>VisibleFadeEffect2</include>
						</control>
						<control type="label">
							<left>10</left>
							<top>0</top>
							<width>60</width>
							<height>45</height>
							<font>FontSize_20</font>
							<textcolor>viewsinfo</textcolor>
							<shadowcolor>77000000</shadowcolor>
							<selectedcolor>$VAR[Text.GlobalColor]</selectedcolor>
							<align>center</align>
							<aligny>center</aligny>
							<label>$INFO[ListItem.ChannelNumberLabel]</label>
						</control>
						<control type="label" id="1">
							<left>87</left>
							<top>0</top>
							<width>243</width>
							<height>45</height>
							<font>FontSize_20</font>
							<textcolor>viewsinfo</textcolor>
							<shadowcolor>77000000</shadowcolor>
							<selectedcolor>$VAR[Text.GlobalColor]</selectedcolor>
							<align>left</align>
							<aligny>center</aligny>
							<label>$INFO[ListItem.ChannelName]</label>
						</control>
						<control type="image">
							<left>10</left>
							<top>0</top>
							<width>868</width>
							<height>45</height>
							<texture>windows/pvr/selected.png</texture>
							<visible>ListItem.IsSelected | ListItem.IsPlaying</visible>
						</control>
					</control>
				</channellayout>
				<focusedchannellayout height="50" width="340">
					<control type="group">
						<control type="image">
							<description>Number Sep</description>
							<left>10</left>
							<top>0</top>
							<width>60</width>
							<height>45</height>
							<texture>windows/pvr/seperator.png</texture>
							<include>VisibleFadeEffect2</include>
						</control>
						<control type="image">
							<description>Number Focus</description>
							<left>10</left>
							<top>0</top>
							<width>60</width>
							<height>45</height>
							<colordiffuse>$VAR[Textures.GlobalColor]</colordiffuse>
							<texture>windows/pvr/focus.png</texture>
						</control>
						<control type="image">
							<description>Channel Sep</description>
							<left>74</left>
							<top>0</top>
							<width>261</width>
							<height>45</height>
							<texture>windows/pvr/seperator.png</texture>
							<include>VisibleFadeEffect2</include>
						</control>
						<control type="image">
							<description>Channel Focus</description>
							<left>74</left>
							<top>0</top>
							<width>261</width>
							<height>45</height>
							<colordiffuse>$VAR[Textures.GlobalColor]</colordiffuse>
							<texture>windows/pvr/focus.png</texture>
						</control>
						<control type="label">
							<left>10</left>
							<top>0</top>
							<width>60</width>
							<height>45</height>
							<font>FontSize_20</font>
							<textcolor>white</textcolor>
							<shadowcolor>77000000</shadowcolor>
							<selectedcolor>$VAR[Text.GlobalColor]</selectedcolor>
							<align>center</align>
							<aligny>center</aligny>
							<label>$INFO[ListItem.ChannelNumberLabel]</label>
						</control>
						<control type="label" id="1">
							<left>87</left>
							<top>0</top>
							<width>243</width>
							<height>45</height>
							<font>FontSize_20</font>
							<textcolor>white</textcolor>
							<shadowcolor>77000000</shadowcolor>
							<selectedcolor>$VAR[Text.GlobalColor]</selectedcolor>
							<align>left</align>
							<aligny>center</aligny>
							<label>$INFO[ListItem.ChannelName]</label>
						</control>
						<control type="image">
							<left>10</left>
							<top>0</top>
							<width>868</width>
							<height>45</height>
							<texture>windows/pvr/selected.png</texture>
							<visible>ListItem.IsSelected | ListItem.IsPlaying</visible>
						</control>
					</control>
				</focusedchannellayout>

				<itemlayout height="50" width="102">
					<control type="image" id="2">
						<left>0</left>
						<top>0</top>
						<width>98</width>
						<height>45</height>
						<aspectratio>stretch</aspectratio>
						<texture>windows/pvr/epg_seperator.png</texture>
						<include>VisibleFadeEffect2</include>
					</control>
					<control type="image" id="2">
						<description>movie / drama</description>
						<width>98</width>
						<height>45</height>
						<texture>windows/pvr/genres.png</texture>
						<colordiffuse>aa8b5015</colordiffuse>
						<visible>String.IsEqual(ListItem.Property(GenreType),16)</visible>
					</control>
					<control type="image" id="3">
						<description>news</description>
						<width>98</width>
						<height>45</height>
						<texture>windows/pvr/genres.png</texture>
						<colordiffuse>ff446444</colordiffuse>
						<visible>String.IsEqual(ListItem.Property(GenreType),32)</visible>
					</control>
					<control type="image" id="4">
						<description>show / gameshow</description>
						<width>98</width>
						<height>45</height>
						<texture>windows/pvr/genres.png</texture>
						<colordiffuse>ff8d8c17</colordiffuse>
						<visible>String.IsEqual(ListItem.Property(GenreType),48)</visible>
					</control>
					<control type="image" id="5">
						<description>sports</description>
						<width>98</width>
						<height>45</height>
						<texture>windows/pvr/genres.png</texture>
						<colordiffuse>ff930d1d</colordiffuse>
						<visible>String.IsEqual(ListItem.Property(GenreType),64)</visible>
					</control>
					<control type="image" id="6">
						<description>children</description>
						<width>98</width>
						<height>45</height>
						<texture>windows/pvr/genres.png</texture>
						<colordiffuse>ff13897a</colordiffuse>
						<visible>String.IsEqual(ListItem.Property(GenreType),80)</visible>
					</control>
					<control type="image" id="7">
						<description>music / ballet / dance</description>
						<width>98</width>
						<height>45</height>
						<texture>windows/pvr/genres.png</texture>
						<colordiffuse>ff2d9234</colordiffuse>
						<visible>String.IsEqual(ListItem.Property(GenreType),96)</visible>
					</control>
					<control type="image" id="8">
						<description>arts / culture</description>
						<width>98</width>
						<height>45</height>
						<texture>windows/pvr/genres.png</texture>
						<colordiffuse>ff022788</colordiffuse>
						<visible>String.IsEqual(ListItem.Property(GenreType),112)</visible>
					</control>
					<control type="image" id="9">
						<description>social / political / economics</description>
						<width>98</width>
						<height>45</height>
						<texture>windows/pvr/genres.png</texture>
						<colordiffuse>ff641864</colordiffuse>
						<visible>String.IsEqual(ListItem.Property(GenreType),128)</visible>
					</control>
					<control type="image" id="10">
						<description>education / science / factual</description>
						<width>98</width>
						<height>45</height>
						<texture>windows/pvr/genres.png</texture>
						<colordiffuse>ff797a7c</colordiffuse>
						<visible>String.IsEqual(ListItem.Property(GenreType),144)</visible>
					</control>
					<control type="image" id="11">
						<description>leisure / hobbies</description>
						<width>98</width>
						<height>45</height>
						<texture>windows/pvr/genres.png</texture>
						<colordiffuse>ff5a5a7e</colordiffuse>
						<visible>String.IsEqual(ListItem.Property(GenreType),160)</visible>
					</control>
					<control type="image" id="12">
						<description>special event</description>
						<width>98</width>
						<height>45</height>
						<texture>windows/pvr/genres.png</texture>
						<colordiffuse>ff1a6973</colordiffuse>
						<visible>String.IsEqual(ListItem.Property(GenreType),176)</visible>
					</control>
					<control type="image" id="13">
						<description>other / unknown</description>
						<width>98</width>
						<height>45</height>
						<colordiffuse>ff222222</colordiffuse>
						<texture>windows/pvr/genres.png</texture>
						<visible>!String.IsEqual(ListItem.Property(GenreType),16) + !String.IsEqual(ListItem.Property(GenreType),32)
							+ !String.IsEqual(ListItem.Property(GenreType),48) + !String.IsEqual(ListItem.Property(GenreType),64)
							+ !String.IsEqual(ListItem.Property(GenreType),80) + !String.IsEqual(ListItem.Property(GenreType),96)
							+ !String.IsEqual(ListItem.Property(GenreType),112) + !String.IsEqual(ListItem.Property(GenreType),128)
							+ !String.IsEqual(ListItem.Property(GenreType),144) + !String.IsEqual(ListItem.Property(GenreType),160)
						+ !String.IsEqual(ListItem.Property(GenreType),176)</visible>
					</control>
					<control type="label" id="1">
						<left>8</left>
						<top>0</top>
						<width>60</width>
						<height>45</height>
						<font>FontSize_18</font>
						<textcolor>viewsinfo</textcolor>
						<shadowcolor>77000000</shadowcolor>
						<selectedcolor>$VAR[Text.GlobalColor]</selectedcolor>
						<align>left</align>
						<aligny>center</aligny>
						<label>$INFO[ListItem.Label]</label>
						<visible>!ListItem.IsRecording + !ListItem.HasTimer</visible>
					</control>
					<control type="label" id="1">
						<left>30</left>
						<top>0</top>
						<width>45</width>
						<height>45</height>
						<font>FontSize_18</font>
						<textcolor>viewsinfo</textcolor>
						<shadowcolor>77000000</shadowcolor>
						<selectedcolor>$VAR[Text.GlobalColor]</selectedcolor>
						<align>left</align>
						<aligny>center</aligny>
						<label>$INFO[ListItem.Label]</label>
						<visible>ListItem.IsRecording | ListItem.HasTimer</visible>
					</control>
					<control type="image">
						<left>0</left>
						<top>8</top>
						<width>32</width>
						<height>32</height>
						<aspectratio>keep</aspectratio>
						<texture>windows/pvr/rec_epg.png</texture>
						<visible>ListItem.IsRecording</visible>
					</control>
					<control type="image">
						<left>4</left>
						<top>10</top>
						<width>26</width>
						<height>26</height>
						<aspectratio>keep</aspectratio>
						<colordiffuse>viewsinfo</colordiffuse>
						<texture>windows/pvr/timer_epg.png</texture>
						<visible>ListItem.HasTimer + !ListItem.IsRecording</visible>
					</control>
				</itemlayout>
				<focusedlayout height="50" width="102">
					<control type="image" id="2">
						<left>0</left>
						<top>0</top>
						<width>98</width>
						<height>45</height>
						<texture>windows/pvr/epg_seperator.png</texture>
						<include>VisibleFadeEffect2</include>
					</control>
					<control type="image" id="2">
						<description>movie / drama</description>
						<width>98</width>
						<height>45</height>
						<texture>windows/pvr/genres.png</texture>
						<colordiffuse>aa8b5015</colordiffuse>
						<visible>String.IsEqual(ListItem.Property(GenreType),16)</visible>
					</control>
					<control type="image" id="3">
						<description>news</description>
						<width>98</width>
						<height>45</height>
						<texture>windows/pvr/genres.png</texture>
						<colordiffuse>ff446444</colordiffuse>
						<visible>String.IsEqual(ListItem.Property(GenreType),32)</visible>
					</control>
					<control type="image" id="4">
						<description>show / gameshow</description>
						<width>98</width>
						<height>45</height>
						<texture>windows/pvr/genres.png</texture>
						<colordiffuse>ff8d8c17</colordiffuse>
						<visible>String.IsEqual(ListItem.Property(GenreType),48)</visible>
					</control>
					<control type="image" id="5">
						<description>sports</description>
						<width>98</width>
						<height>45</height>
						<texture>windows/pvr/genres.png</texture>
						<colordiffuse>ff930d1d</colordiffuse>
						<visible>String.IsEqual(ListItem.Property(GenreType),64)</visible>
					</control>
					<control type="image" id="6">
						<description>children</description>
						<width>98</width>
						<height>45</height>
						<texture>windows/pvr/genres.png</texture>
						<colordiffuse>ff13897a</colordiffuse>
						<visible>String.IsEqual(ListItem.Property(GenreType),80)</visible>
					</control>
					<control type="image" id="7">
						<description>music / ballet / dance</description>
						<width>98</width>
						<height>45</height>
						<texture>windows/pvr/genres.png</texture>
						<colordiffuse>ff2d9234</colordiffuse>
						<visible>String.IsEqual(ListItem.Property(GenreType),96)</visible>
					</control>
					<control type="image" id="8">
						<description>arts / culture</description>
						<width>98</width>
						<height>45</height>
						<texture>windows/pvr/genres.png</texture>
						<colordiffuse>ff022788</colordiffuse>
						<visible>String.IsEqual(ListItem.Property(GenreType),112)</visible>
					</control>
					<control type="image" id="9">
						<description>social / political / economics</description>
						<width>98</width>
						<height>45</height>
						<texture>windows/pvr/genres.png</texture>
						<colordiffuse>ff641864</colordiffuse>
						<visible>String.IsEqual(ListItem.Property(GenreType),128)</visible>
					</control>
					<control type="image" id="10">
						<description>education / science / factual</description>
						<width>98</width>
						<height>45</height>
						<texture>windows/pvr/genres.png</texture>
						<colordiffuse>ff797a7c</colordiffuse>
						<visible>String.IsEqual(ListItem.Property(GenreType),144)</visible>
					</control>
					<control type="image" id="11">
						<description>leisure / hobbies</description>
						<width>98</width>
						<height>45</height>
						<texture>windows/pvr/genres.png</texture>
						<colordiffuse>ff5a5a7e</colordiffuse>
						<visible>String.IsEqual(ListItem.Property(GenreType),160)</visible>
					</control>
					<control type="image" id="12">
						<description>special event</description>
						<width>98</width>
						<height>45</height>
						<texture>windows/pvr/genres.png</texture>
						<colordiffuse>ff1a6973</colordiffuse>
						<visible>String.IsEqual(ListItem.Property(GenreType),176)</visible>
					</control>
					<control type="image" id="13">
						<description>other / unknown</description>
						<width>98</width>
						<height>45</height>
						<colordiffuse>ff222222</colordiffuse>
						<texture>windows/pvr/genres.png</texture>
						<visible>!String.IsEqual(ListItem.Property(GenreType),16) + !String.IsEqual(ListItem.Property(GenreType),32)
							+ !String.IsEqual(ListItem.Property(GenreType),48) + !String.IsEqual(ListItem.Property(GenreType),64)
							+ !String.IsEqual(ListItem.Property(GenreType),80) + !String.IsEqual(ListItem.Property(GenreType),96)
							+ !String.IsEqual(ListItem.Property(GenreType),112) + !String.IsEqual(ListItem.Property(GenreType),128)
							+ !String.IsEqual(ListItem.Property(GenreType),144) + !String.IsEqual(ListItem.Property(GenreType),160)
						+ !String.IsEqual(ListItem.Property(GenreType),176)</visible>
					</control>
					<control type="image" id="2">
						<left>0</left>
						<top>0</top>
						<width>98</width>
						<height>45</height>
						<texture>windows/pvr/epg_focus.png</texture>
						<include>VisibleFadeEffect2</include>
					</control>
					<control type="label" id="1">
						<left>8</left>
						<top>0</top>
						<width>60</width>
						<height>45</height>
						<font>FontSize_18</font>
						<textcolor>white</textcolor>
						<shadowcolor>77000000</shadowcolor>
						<selectedcolor>$VAR[Text.GlobalColor]</selectedcolor>
						<align>left</align>
						<aligny>center</aligny>
						<label>$INFO[ListItem.Label]</label>
						<visible>!ListItem.IsRecording + !ListItem.HasTimer</visible>
					</control>
					<control type="label" id="1">
						<left>30</left>
						<top>0</top>
						<width>45</width>
						<height>45</height>
						<font>FontSize_18</font>
						<textcolor>white</textcolor>
						<shadowcolor>77000000</shadowcolor>
						<selectedcolor>$VAR[Text.GlobalColor]</selectedcolor>
						<align>left</align>
						<aligny>center</aligny>
						<label>$INFO[ListItem.Label]</label>
						<visible>ListItem.IsRecording | ListItem.HasTimer</visible>
					</control>
					<control type="image">
						<left>0</left>
						<top>8</top>
						<width>32</width>
						<height>32</height>
						<aspectratio>keep</aspectratio>
						<texture>windows/pvr/rec_epg.png</texture>
						<visible>ListItem.IsRecording</visible>
					</control>
					<control type="image">
						<left>4</left>
						<top>10</top>
						<width>26</width>
						<height>26</height>
						<aspectratio>keep</aspectratio>
						<colordiffuse>ccffffff</colordiffuse>
						<texture>windows/pvr/timer_epg.png</texture>
						<visible>ListItem.HasTimer + !ListItem.IsRecording</visible>
					</control>
				</focusedlayout>
			</control>
			<include>EPGTimelineInfo</include>
		</control>
	</include>


	<!-- ================================= -->
	<!-- ===== Channels FullList View ==== -->
	<!-- ================================= -->
	<include name="FullList_View">
		<control type="group">
			<description>Channels</description>
			<visible>Control.IsVisible(50)</visible>
			<include>FullscreenDimensions</include>
			<include>InfoDialogsVisible_ZoomAnimation</include>
			<include>VisibleHiddenSlideAnimation</include>
			<include>HomeMenu_OpenCloseSlideAnimation</include>
			<control type="group">
				<left>917</left>
				<top>270</top>
				<control type="image">
					<description>Plot panel</description>
					<left>0</left>
					<top>0</top>
					<width>318</width>
					<height>345</height>
					<texture border="4">windows/pvr/seperator.png</texture>
					<include>VisibleFadeEffect2</include>
				</control>
				<control type="label">
					<left>10</left>
					<top>5</top>
					<width>295</width>
					<height>35</height>
					<font>FontSize_20B</font>
					<label fallback="..">$INFO[Container(50).ListItem.Title]</label>
					<textcolor>viewsinfo</textcolor>
					<shadowcolor>77000000</shadowcolor>
					<scroll>false</scroll>
					<visible>Container(50).ListItem.HasEpg</visible>
				</control>
				<control type="label">
					<left>10</left>
					<top>32</top>
					<width>295</width>
					<height>25</height>
					<font>FontSize_18</font>
					<label>$INFO[Container(50).ListItem.StartTime,, - ]$INFO[Container(50).ListItem.EndTime]</label>
					<textcolor>viewsinfo</textcolor>
					<shadowcolor>77000000</shadowcolor>
					<scroll>false</scroll>
					<visible>Container(50).ListItem.HasEpg</visible>
				</control>
				<control type="textbox">
					<left>10</left>
					<top>65</top>
					<width>295</width>
					<height>227</height>
					<font>FontSize_18</font>
					<textcolor>viewsinfo</textcolor>
					<shadowcolor>77000000</shadowcolor>
					<align>justify</align>
					<autoscroll delay="8000" time="2000" repeat="8000">Skin.HasSetting(AutoScroll)</autoscroll>
					<label>$INFO[Container(50).ListItem.Plot]</label>
				</control>
				<control type="label">
					<left>10</left>
					<top>300</top>
					<width>295</width>
					<height>45</height>
					<font>FontSize_18</font>
					<label>$INFO[Container(50).ListItem.NextTitle,[B]$LOCALIZE[19031]:[/B] , ]$INFO[Container(50).ListItem.NextStartTime,(,)]</label>
					<textcolor>viewsinfo</textcolor>
					<shadowcolor>77000000</shadowcolor>
					<scroll>false</scroll>
					<visible>Container(50).ListItem.HasEpg</visible>
				</control>
			</control>
			<control type="list" id="50">
				<left>35</left>
				<top>270</top>
				<width>1190</width>
				<height>350</height>
				<onleft>130</onleft>
				<onright>6050</onright>
				<onup>50</onup>
				<ondown>50</ondown>
				<preloaditems>2</preloaditems>
				<viewtype label="537">list</viewtype>
				<pagecontrol>6050</pagecontrol>
				<scrolltime tween="cubic" easing="out">300</scrolltime>
				<itemlayout height="50">
					<control type="image">
						<description>Number Sep</description>
						<left>10</left>
						<top>0</top>
						<width>60</width>
						<height>45</height>
						<texture>windows/pvr/seperator.png</texture>
						<include>VisibleFadeEffect2</include>
					</control>
					<control type="image">
						<description>Label Sep</description>
						<left>74</left>
						<top>0</top>
						<width>265</width>
						<height>45</height>
						<texture>windows/pvr/seperator.png</texture>
						<include>VisibleFadeEffect2</include>
					</control>
					<control type="image">
						<description>Title Sep</description>
						<left>343</left>
						<top>0</top>
						<width>535</width>
						<height>45</height>
						<texture>windows/pvr/seperator.png</texture>
						<include>VisibleFadeEffect2</include>
					</control>
					<control type="image">
						<left>10</left>
						<top>0</top>
						<width>868</width>
						<height>45</height>
						<texture>windows/pvr/selected.png</texture>
						<visible>ListItem.IsSelected | ListItem.IsPlaying</visible>
					</control>
					<control type="label">
						<left>10</left>
						<top>0</top>
						<width>60</width>
						<height>45</height>
						<font>FontSize_22</font>
						<textcolor>viewsinfo</textcolor>
						<shadowcolor>77000000</shadowcolor>
						<selectedcolor>$VAR[Text.GlobalColor]</selectedcolor>
						<align>center</align>
						<aligny>center</aligny>
						<label>$INFO[ListItem.ChannelNumberLabel]</label>
						<visible>![ListItem.HasTimer | ListItem.IsRecording]</visible>
					</control>
					<control type="image">
						<left>24</left>
						<top>8</top>
						<width>32</width>
						<height>30</height>
						<aspectratio>keep</aspectratio>
						<colordiffuse>viewsinfo</colordiffuse>
						<texture>windows/pvr/timer.png</texture>
						<visible>ListItem.HasTimer + !ListItem.IsRecording</visible>
					</control>
					<control type="image">
						<left>28</left>
						<top>11</top>
						<width>24</width>
						<height>24</height>
						<aspectratio>keep</aspectratio>
						<texture>windows/pvr/rec.png</texture>
						<visible>ListItem.IsRecording</visible>
					</control>
					<control type="label">
						<left>84</left>
						<top>0</top>
						<width>250</width>
						<height>45</height>
						<font>FontSize_22</font>
						<textcolor>viewsinfo</textcolor>
						<shadowcolor>77000000</shadowcolor>
						<selectedcolor>$VAR[Text.GlobalColor]</selectedcolor>
						<align>left</align>
						<aligny>center</aligny>
						<label>$INFO[ListItem.Label]</label>
					</control>
					<control type="label">
						<left>352</left>
						<top>0</top>
						<width>490</width>
						<height>45</height>
						<font>FontSize_20</font>
						<textcolor>viewsinfo</textcolor>
						<shadowcolor>77000000</shadowcolor>
						<selectedcolor>$VAR[Text.GlobalColor]</selectedcolor>
						<align>left</align>
						<aligny>center</aligny>
						<label fallback="..">$INFO[ListItem.Title]</label>
					</control>
					<control type="image">
						<left>837</left>
						<top>5</top>
						<width>36</width>
						<height>36</height>
						<aspectratio>stretch</aspectratio>
						<texture>$VAR[PVRTimeProgress]</texture>
						<visible>ListItem.HasEpg</visible>
					</control>
				</itemlayout>
				<focusedlayout height="50">
					<control type="group">
						<include>PVRListFocusAnimation</include>
						<control type="image">
							<description>Number Sep</description>
							<left>10</left>
							<top>0</top>
							<width>60</width>
							<height>45</height>
							<colordiffuse>$VAR[Textures.GlobalColor]</colordiffuse>
							<texture>windows/pvr/focus.png</texture>
						</control>
						<control type="image">
							<description>Label Sep</description>
							<left>74</left>
							<top>0</top>
							<width>265</width>
							<height>45</height>
							<colordiffuse>$VAR[Textures.GlobalColor]</colordiffuse>
							<texture>windows/pvr/focus.png</texture>
						</control>
						<control type="image">
							<description>Title Sep</description>
							<left>343</left>
							<top>0</top>
							<width>535</width>
							<height>45</height>
							<colordiffuse>$VAR[Textures.GlobalColor]</colordiffuse>
							<texture>windows/pvr/focus.png</texture>
						</control>
						<control type="image">
							<left>10</left>
							<top>0</top>
							<width>868</width>
							<height>45</height>
							<texture>windows/pvr/selected.png</texture>
							<visible>ListItem.IsSelected | ListItem.IsPlaying</visible>
						</control>
						<control type="label">
							<left>10</left>
							<top>0</top>
							<width>60</width>
							<height>45</height>
							<font>FontSize_22</font>
							<textcolor>white</textcolor>
							<shadowcolor>77000000</shadowcolor>
							<selectedcolor>$VAR[Text.GlobalColor]</selectedcolor>
							<align>center</align>
							<aligny>center</aligny>
							<label>$INFO[ListItem.ChannelNumberLabel]</label>
							<visible>![ListItem.HasTimer | ListItem.IsRecording]</visible>
						</control>
						<control type="image">
							<left>24</left>
							<top>8</top>
							<width>32</width>
							<height>30</height>
							<aspectratio>keep</aspectratio>
							<colordiffuse>ccffffff</colordiffuse>
							<texture>windows/pvr/timer.png</texture>
						<visible>ListItem.HasTimer + !ListItem.IsRecording</visible>
						</control>
						<control type="image">
							<left>28</left>
							<top>11</top>
							<width>24</width>
							<height>24</height>
							<aspectratio>keep</aspectratio>
							<texture>windows/pvr/rec.png</texture>
							<visible>ListItem.IsRecording</visible>
						</control>
						<control type="label">
							<left>84</left>
							<top>0</top>
							<width>250</width>
							<height>45</height>
							<font>FontSize_22</font>
							<textcolor>white</textcolor>
							<shadowcolor>77000000</shadowcolor>
							<selectedcolor>$VAR[Text.GlobalColor]</selectedcolor>
							<align>left</align>
							<aligny>center</aligny>
							<label>$INFO[ListItem.Label]</label>
						</control>
						<control type="label">
							<left>352</left>
							<top>0</top>
							<width>490</width>
							<height>45</height>
							<font>FontSize_20</font>
							<textcolor>white</textcolor>
							<shadowcolor>77000000</shadowcolor>
							<selectedcolor>$VAR[Text.GlobalColor]</selectedcolor>
							<align>left</align>
							<aligny>center</aligny>
							<label fallback="..">$INFO[ListItem.Title]</label>
						</control>
						<control type="image">
							<left>837</left>
							<top>5</top>
							<width>36</width>
							<height>36</height>
							<aspectratio>stretch</aspectratio>
							<texture>$VAR[PVRTimeProgress]</texture>
							<visible>ListItem.HasEpg</visible>
						</control>
					</control>
				</focusedlayout>
			</control>
			<control type="scrollbar" id="6050">
				<left>914</left>
				<top>269</top>
				<width>2</width>
				<height>347</height>
				<texturesliderbackground></texturesliderbackground>
				<texturesliderbar border="0,14,0,14">views/scrollbar/scrollbar_pvr.png</texturesliderbar>
				<texturesliderbarfocus border="0,14,0,14">views/scrollbar/scrollbar_pvr.png</texturesliderbarfocus>
				<textureslidernib></textureslidernib>
				<textureslidernibfocus></textureslidernibfocus>
				<onleft>50</onleft>
				<onright>50</onright>
				<showonepage>false</showonepage>
				<orientation>vertical</orientation>
				<animation effect="fade" start="100" end="0" time="250" condition="!Control.HasFocus(6050)">Conditional</animation>
			</control>
		</control>
	</include>


	<!-- ================================= -->
	<!-- ===== Channels MiniList View ==== -->
	<!-- ================================= -->
	<include name="MiniList_View">
		<control type="group">
			<description>Channels</description>
			<visible>Control.IsVisible(51)</visible>
			<include>FullscreenDimensions</include>
			<include>InfoDialogsVisible_ZoomAnimation</include>
			<include>VisibleHiddenSlideAnimation</include>
			<include>HomeMenu_OpenCloseSlideAnimation</include>
			<control type="group">
				<left>917</left>
				<top>370</top>
				<control type="image">
					<description>Plot panel</description>
					<left>0</left>
					<top>0</top>
					<width>318</width>
					<height>245</height>
					<texture border="4">windows/pvr/seperator.png</texture>
					<include>VisibleFadeEffect2</include>
				</control>
				<control type="label">
					<left>10</left>
					<top>5</top>
					<width>295</width>
					<height>35</height>
					<font>FontSize_20B</font>
					<label fallback="..">$INFO[Container(51).ListItem.Title]</label>
					<textcolor>viewsinfo</textcolor>
					<shadowcolor>77000000</shadowcolor>
					<scroll>false</scroll>
					<visible>Container(51).ListItem.HasEpg</visible>
				</control>
				<control type="label">
					<left>10</left>
					<top>32</top>
					<width>295</width>
					<height>25</height>
					<font>FontSize_18</font>
					<label>$INFO[Container(51).ListItem.StartTime,, - ]$INFO[Container(51).ListItem.EndTime]</label>
					<textcolor>viewsinfo</textcolor>
					<shadowcolor>77000000</shadowcolor>
					<scroll>false</scroll>
					<visible>Container(51).ListItem.HasEpg</visible>
				</control>
				<control type="textbox">
					<left>10</left>
					<top>65</top>
					<width>295</width>
					<height>125</height>
					<font>FontSize_18</font>
					<textcolor>viewsinfo</textcolor>
					<shadowcolor>77000000</shadowcolor>
					<align>justify</align>
					<autoscroll delay="8000" time="2000" repeat="8000">Skin.HasSetting(AutoScroll)</autoscroll>
					<label>$INFO[Container(51).ListItem.Plot]</label>
				</control>
				<control type="label">
					<left>10</left>
					<top>200</top>
					<width>295</width>
					<height>45</height>
					<font>FontSize_18</font>
					<textcolor>viewsinfo</textcolor>
					<shadowcolor>77000000</shadowcolor>
					<label>$INFO[Container(51).ListItem.NextTitle,[B]$LOCALIZE[19031]:[/B] , ]$INFO[Container(51).ListItem.NextStartTime,(,)]</label>
					<scroll>false</scroll>
					<visible>Container(51).ListItem.HasEpg</visible>
				</control>
			</control>
			<control type="list" id="51">
				<left>35</left>
				<top>370</top>
				<width>1190</width>
				<height>250</height>
				<onleft>130</onleft>
				<onright>6051</onright>
				<onup>51</onup>
				<ondown>51</ondown>
				<preloaditems>2</preloaditems>
				<viewtype label="535">list</viewtype>
				<pagecontrol>6051</pagecontrol>
				<scrolltime tween="cubic" easing="out">300</scrolltime>
				<itemlayout height="50">
					<control type="image">
						<description>Number Sep</description>
						<left>10</left>
						<top>0</top>
						<width>60</width>
						<height>45</height>
						<texture>windows/pvr/seperator.png</texture>
						<include>VisibleFadeEffect2</include>
					</control>
					<control type="image">
						<description>Label Sep</description>
						<left>74</left>
						<top>0</top>
						<width>265</width>
						<height>45</height>
						<texture>windows/pvr/seperator.png</texture>
						<include>VisibleFadeEffect2</include>
					</control>
					<control type="image">
						<description>Title Sep</description>
						<left>343</left>
						<top>0</top>
						<width>535</width>
						<height>45</height>
						<texture>windows/pvr/seperator.png</texture>
						<include>VisibleFadeEffect2</include>
					</control>
					<control type="image">
						<left>10</left>
						<top>0</top>
						<width>868</width>
						<height>45</height>
						<texture>windows/pvr/selected.png</texture>
						<visible>ListItem.IsSelected | ListItem.IsPlaying</visible>
					</control>
					<control type="label">
						<left>10</left>
						<top>0</top>
						<width>60</width>
						<height>45</height>
						<font>FontSize_22</font>
						<textcolor>viewsinfo</textcolor>
						<shadowcolor>77000000</shadowcolor>
						<selectedcolor>$VAR[Text.GlobalColor]</selectedcolor>
						<align>center</align>
						<aligny>center</aligny>
						<label>$INFO[ListItem.ChannelNumberLabel]</label>
						<visible>![ListItem.HasTimer | ListItem.IsRecording]</visible>
					</control>
					<control type="image">
						<left>24</left>
						<top>8</top>
						<width>32</width>
						<height>30</height>
						<aspectratio>keep</aspectratio>
						<colordiffuse>viewsinfo</colordiffuse>
						<texture>windows/pvr/timer.png</texture>
						<visible>ListItem.HasTimer + !ListItem.IsRecording</visible>
					</control>
					<control type="image">
						<left>28</left>
						<top>11</top>
						<width>24</width>
						<height>24</height>
						<aspectratio>keep</aspectratio>
						<texture>windows/pvr/rec.png</texture>
						<visible>ListItem.IsRecording</visible>
					</control>
					<control type="label">
						<left>84</left>
						<top>0</top>
						<width>250</width>
						<height>45</height>
						<font>FontSize_22</font>
						<textcolor>viewsinfo</textcolor>
						<shadowcolor>77000000</shadowcolor>
						<selectedcolor>$VAR[Text.GlobalColor]</selectedcolor>
						<align>left</align>
						<aligny>center</aligny>
						<label>$INFO[ListItem.Label]</label>
					</control>
					<control type="label">
						<left>352</left>
						<top>0</top>
						<width>490</width>
						<height>45</height>
						<font>FontSize_20</font>
						<textcolor>viewsinfo</textcolor>
						<shadowcolor>77000000</shadowcolor>
						<selectedcolor>$VAR[Text.GlobalColor]</selectedcolor>
						<align>left</align>
						<aligny>center</aligny>
						<label fallback="..">$INFO[ListItem.Title]</label>
					</control>
					<control type="image">
						<left>837</left>
						<top>5</top>
						<width>36</width>
						<height>36</height>
						<aspectratio>stretch</aspectratio>
						<texture>$VAR[PVRTimeProgress]</texture>
						<visible>ListItem.HasEpg</visible>
					</control>
				</itemlayout>
				<focusedlayout height="50">
					<control type="group">
						<include>PVRListFocusAnimation</include>
						<control type="image">
							<description>Number Sep</description>
							<left>10</left>
							<top>0</top>
							<width>60</width>
							<height>45</height>
							<colordiffuse>$VAR[Textures.GlobalColor]</colordiffuse>
							<texture>windows/pvr/focus.png</texture>
						</control>
						<control type="image">
							<description>Label Sep</description>
							<left>74</left>
							<top>0</top>
							<width>265</width>
							<height>45</height>
							<colordiffuse>$VAR[Textures.GlobalColor]</colordiffuse>
							<texture>windows/pvr/focus.png</texture>
						</control>
						<control type="image">
							<description>Title Sep</description>
							<left>343</left>
							<top>0</top>
							<width>535</width>
							<height>45</height>
							<colordiffuse>$VAR[Textures.GlobalColor]</colordiffuse>
							<texture>windows/pvr/focus.png</texture>
						</control>
						<control type="image">
							<left>10</left>
							<top>0</top>
							<width>868</width>
							<height>45</height>
							<texture>windows/pvr/selected.png</texture>
							<visible>ListItem.IsSelected | ListItem.IsPlaying</visible>
						</control>
						<control type="label">
							<left>10</left>
							<top>0</top>
							<width>60</width>
							<height>45</height>
							<font>FontSize_22</font>
							<textcolor>white</textcolor>
							<shadowcolor>77000000</shadowcolor>
							<selectedcolor>$VAR[Text.GlobalColor]</selectedcolor>
							<align>center</align>
							<aligny>center</aligny>
							<label>$INFO[ListItem.ChannelNumberLabel]</label>
							<visible>![ListItem.HasTimer | ListItem.IsRecording]</visible>
						</control>
						<control type="image">
							<left>24</left>
							<top>8</top>
							<width>32</width>
							<height>30</height>
							<aspectratio>keep</aspectratio>
							<colordiffuse>ccffffff</colordiffuse>
							<texture>windows/pvr/timer.png</texture>
						<visible>ListItem.HasTimer + !ListItem.IsRecording</visible>
						</control>
						<control type="image">
							<left>28</left>
							<top>11</top>
							<width>24</width>
							<height>24</height>
							<aspectratio>keep</aspectratio>
							<texture>windows/pvr/rec.png</texture>
							<visible>ListItem.IsRecording</visible>
						</control>
						<control type="label">
							<left>84</left>
							<top>0</top>
							<width>250</width>
							<height>45</height>
							<font>FontSize_22</font>
							<textcolor>white</textcolor>
							<shadowcolor>77000000</shadowcolor>
							<selectedcolor>$VAR[Text.GlobalColor]</selectedcolor>
							<align>left</align>
							<aligny>center</aligny>
							<label>$INFO[ListItem.Label]</label>
						</control>
						<control type="label">
							<left>352</left>
							<top>0</top>
							<width>490</width>
							<height>45</height>
							<font>FontSize_20</font>
							<textcolor>white</textcolor>
							<shadowcolor>77000000</shadowcolor>
							<selectedcolor>$VAR[Text.GlobalColor]</selectedcolor>
							<align>left</align>
							<aligny>center</aligny>
							<label fallback="..">$INFO[ListItem.Title]</label>
						</control>
						<control type="image">
							<left>837</left>
							<top>5</top>
							<width>36</width>
							<height>36</height>
							<aspectratio>stretch</aspectratio>
							<texture>$VAR[PVRTimeProgress]</texture>
							<visible>ListItem.HasEpg</visible>
						</control>
					</control>
				</focusedlayout>
			</control>
			<control type="scrollbar" id="6051">
				<left>914</left>
				<top>369</top>
				<width>2</width>
				<height>247</height>
				<texturesliderbackground></texturesliderbackground>
				<texturesliderbar border="0,14,0,14">views/scrollbar/scrollbar_pvr.png</texturesliderbar>
				<texturesliderbarfocus border="0,14,0,14">views/scrollbar/scrollbar_pvr.png</texturesliderbarfocus>
				<textureslidernib></textureslidernib>
				<textureslidernibfocus></textureslidernibfocus>
				<onleft>51</onleft>
				<onright>51</onright>
				<showonepage>false</showonepage>
				<orientation>vertical</orientation>
				<animation effect="fade" start="100" end="0" time="250" condition="!Control.HasFocus(6051)">Conditional</animation>
			</control>
		</control>
	</include>


</includes>