<?xml version="1.0" encoding="UTF-8"?>
<includes>
	<include name="View_507_PosterInfo">
		<control type="group">
			<visible>Control.IsVisible(507) + !Window.IsActive(addoninformation)</visible>
			<include>ViewAnimation</include>
			<top>ViewBannerWallTop</top>
			<left>ViewBannerWallLeft</left>
			<control type="image">
				<description>background image</description>
				<left>0</left>
				<top>-20</top>
				<width>100%</width>
				<width>BackPanelBannerWallWidth</width>
				<height>110%</height>
				<texture>milky.png</texture>
			</control>
			<control type="image">
				<include>HiddenObject</include>
				<visible allowhiddenfocus="true">Hidden</visible>
				<animation effect="fade" time="160">Hidden</animation>
				<width>100%</width>
				<width>BackPanelBannerWallWidth</width>
				<height>110%</height>
				<texture>milky.png</texture>
			</control>
			<control type="fixedlist" id="507">
				<top>120</top>
				<left>400</left>
				<width>100%</width>
				<height>800</height>
				<onleft>60</onleft>
				<align>center</align>
				<onright>noop</onright>
				<onup>58</onup>
				<ondown>58</ondown>
				<pagecontrol>60</pagecontrol>
				<focusposition>1</focusposition>
				<viewtype label="Poster Info">list</viewtype>
				<scrolltime tween="quadratic" easing="out">300</scrolltime>
				<visible>Container.Content(tvshows) | Container.Content(movies) | Container.Content(seasons)</visible>
				<itemlayout height="BannerWallHeight" width="BannerWallWidth" condition="!Skin.HasSetting(Banner.Wall)">
				<control type="group">
					<top>40</top>
						<control type="image">
							<left>0</left>
							<width>100%</width>
							<height>90</height>
							<align>center</align>
							<aspectratio>keep</aspectratio>
							<fadetime>1500</fadetime>
							<texture background="true">$INFO[ListItem.Art(clearlogo)]</texture>
							<visible>!String.IsEmpty(ListItem.Art(poster)) | String.IsEmpty(ListItem.Art(fanart))</visible>
						</control>
					<control type="label">
						<top>73</top>
						<width>100%</width>
						<height>40</height>
						<font>font15_bold</font>
						<align>center</align>
						<textcolor>black</textcolor>
						<label>[CR]$INFO[ListItem.Genre] | $INFO[ListItem.Duration] min.</label>
						<visible>Container.Content(tvshows) | Container.Content(movies)</visible>
					</control>
					<control type="label">
						<top>73</top>
						<width>100%</width>
						<height>40</height>
						<font>font15_bold</font>
						<align>center</align>
						<textcolor>black</textcolor>
						<textshadow>grey</textshadow>
						<label>[CR]$INFO[ListItem.Label] | [COLOR black]$INFO[ListItem.Property(TotalEpisodes)][/COLOR] $LOCALIZE[31964] | [COLOR black]$INFO[ListItem.Property(UnWatchedEpisodes)][/COLOR] $LOCALIZE[31109]</label>
						<visible>Container.Content(seasons)</visible>
					</control>
				</control>
				</itemlayout>
				<focusedlayout height="400" width="BannerWallWidth" condition="!Skin.HasSetting(Banner.Wall)">
					<control type="image">
							<top>-</top>
							<left>-</left>
							<width>BannerWallWidth</width>
							<height>440</height>
							<texture border="40">listpanel_back2.png</texture>
						</control>
					<control type="group">
						<control type="image">
							<top>32</top>
							<left>447</left>
							<width>57%</width>
							<height>93%</height>
							<align>right</align>
							<aspectratio>scale</aspectratio>
							<fadetime>600</fadetime>
							<texture>blue.png</texture>
						</control>
						<control type="image">
							<top>32</top>
							<left>447</left>
							<width>57%</width>
							<height>83</height>
							<fadetime>600</fadetime>
							<texture border="0,0,0,40">topbar_black.png</texture>
						</control>
					</control>
					<control type="image">
						<top>15%</top>
						<left>125</left>
						<height>300</height>
						<width>300</width>
						<aspectratio>keep</aspectratio>
						<fadetime>600</fadetime>
						<texture diffuse="thumbs/cdart_mask.png">$INFO[ListItem.Art(discart)]</texture>
						<animation effect="slide" start="-150" end="0" time="600">Focus</animation>
						<animation effect="rotate" end="-360" center="auto" time="4800" loop="true" reversible="false" condition="true">Conditional</animation>
						<animation effect="slide" start="-150" end="0">Focus</animation>
					</control>
					<control type="textbox">
						<fadetime>700</fadetime>
						<top>75</top>
						<left>455</left>
						<width>600</width>
						<height>290</height>
						<label>$VAR[PosterPlotVar]</label>
						<autoscroll time="3000" delay="4000" repeat="5000">true</autoscroll>
						<font>font14_textbox</font>
						<textcolor>white</textcolor>
					</control>
					<control type="image">
						<top>38</top>
						<left>3</left>
						<width>310</width>
						<height>360</height>
						<aspectratio>keep</aspectratio>
						<fadetime>100</fadetime>
						<texture background="true" >$VAR[PosterVar]</texture>
						<visible>!String.IsEmpty(ListItem.Art(poster)) | String.IsEmpty(ListItem.Art(fanart))</visible>
					</control>
						<control type="image">
							<top>32</top>
							<left>35</left>
							<width>310</width>
							<height>370</height>
							<aspectratio>scale</aspectratio>
							<fadetime>700</fadetime>
							<texture background="true">$INFO[ListItem.Art(fanart)]</texture>
							<visible>String.IsEmpty(ListItem.Art(poster))</visible>
						</control>
					<control type="label">
						<top>32</top>
						<left>455</left>
						<width>57%</width>
						<height>40</height>
						<font>font15</font>
						<align>left</align>
						<textcolor>white</textcolor>
						<label>$INFO[ListItem.Genre]</label>
					</control>
					<control type="texture">
						<left>10</left>
						<width>100%</width>
						<height>40</height>
						<align>left</align>
						<texture>$INFO[ListItem.VideoResolution,overlays/list/,.png]</texture>
					</control>
					<control type="label">
						<top>32</top>
						<left>447</left>
						<width>57%</width>
						<height>40</height>
						<font>font15</font>
						<align>right</align>
						<textcolor>white</textcolor>
						<label>$INFO[ListItem.Duration] min.</label>
						<visible>Container.Content(tvshows) | Container.Content(movies)</visible>
					</control>
					<control type="label">
						<top>32</top>
						<left>447</left>
						<width>57%</width>
						<height>40</height>
						<font>font15</font>
						<align>right</align>
						<textcolor>white</textcolor>
						<label>$INFO[ListItem.Property(TotalEpisodes)] $LOCALIZE[31964]</label>
						<visible>Container.Content(seasons)</visible>
					</control>
					<control type="image">
						<top>37</top>
						<left>40</left>
						<width>100</width>
						<height>100</height>
						<texture>$VAR[OverlayVar]</texture>
						<aspectratio align="center" aligny="top">keep</aspectratio>
					</control>
					<control type="group">
						<left>20</left>
						<top>20</top>
						<include condition="Skin.HasSetting(Disable.UnwatchedIcon)">UnwatchedIcon</include>
					</control>
					<control type="label">
						<top>370</top>
						<left>455</left>
						<width>600</width>
						<height>40</height>
						<font>font15_bold</font>
						<align>center</align>
						<textcolor>white</textcolor>
						<textshadow>grey</textshadow>
						<label>$INFO[ListItem.Label]</label>
						<visible>Container.Content(seasons)</visible>
					</control>
				</focusedlayout>
			</control>
			<control type="image">
				<top>850</top>
				<width>1920</width>
				<heigth border="0,40,0,5">120</heigth>
				<texture flipy="true">topbar_black.png</texture>
			</control>
			<control type="group">
					<top>970</top>
					<left>500</left>
					<width>100%</width>
					<align>center</align>
					<visible>[Container.Content(movies) | Container.Content(tvshows)]</visible>
					<control type="image">
						<left>120</left>
						<colordiffuse>white</colordiffuse>
						<include>MediaFlagVars</include>
						<texture>$VAR[StudioFlagPathVar]$INFO[ListItem.Studio,,.png]</texture>
					</control>
					<control type="image">
						<left>240</left>
						<colordiffuse>white</colordiffuse>
						<include>MediaFlagVars</include>
						<texture>$INFO[ListItem.AudioCodec,flags/audio/,.png]</texture>
					</control>
					<control type="image">
						<left>360</left>
						<colordiffuse>white</colordiffuse>
						<include>MediaFlagVars</include>
						<texture>$INFO[ListItem.AudioChannels,flags/channels/,.png]</texture>
					</control>
					<control type="image">
						<left>480</left>
						<colordiffuse>white</colordiffuse>
						<include>MediaFlagVars</include>
						<texture>$INFO[ListItem.VideoAspect,flags/aspectratio2/,.png]</texture>
					</control>
					<control type="image">
						<left>600</left>
						<colordiffuse>white</colordiffuse>
						<include>MediaFlagVars</include>
						<texture>$INFO[ListItem.VideoResolution,flags/resolution/,.png]</texture>
					</control>
					<control type="image">
						<left>720</left>
						<colordiffuse>white</colordiffuse>
						<include>MediaFlagVars</include>
						<texture>$VAR[RatingFlagVar]</texture>
					</control>
				</control>
			<control type="scrollbar" id="60">
				<left>104</left>
				<top>120</top>
				<width>14</width>
				<height>880</height>
				<onright>50</onright>
				<onleft>SetProperty(MediaMenu,True,home)</onleft>
				<onleft>SetFocus(9050)</onleft>
				<ondown>60</ondown>
				<onup>60</onup>
				<showonepage>false</showonepage>
				<texturesliderbackground />
				<texturesliderbackground border="1">scrollbar/texturesliderbar2.png</texturesliderbackground>
				<texturesliderbar colordiffuse="FF000000" border="1">scrollbar/texturesliderbar2.png</texturesliderbar>
				<texturesliderbarfocus border="1">scrollbar/texturesliderbar2.png</texturesliderbarfocus>
				<animation effect="fade" start="100" end="0" time="500" delay="500" condition="!Control.HasFocus(60) + !Container.Scrolling">Conditional</animation>
			</control>
		</control>
	</include>
	
	<include name="View_507_Musik_PosterInfo">
		<control type="group">
			<visible>Control.IsVisible(507) + !Window.IsActive(addoninformation)</visible>
			<include>ViewAnimation</include>
			<top>ViewBannerWallTop</top>
			<left>ViewBannerWallLeft</left>
			<control type="image">
				<description>background image</description>
				<left>0</left>
				<top>-20</top>
				<width>100%</width>
				<width>BackPanelBannerWallWidth</width>
				<height>110%</height>
				<texture>milky.png</texture>
			</control>
			<control type="fixedlist" id="507">
				<top>120</top>
				<left>400</left>
				<width>100%</width>
				<height>800</height>
				<onleft>60</onleft>
				<align>center</align>
				<onright>noop</onright>
				<onup>58</onup>
				<ondown>58</ondown>
				<pagecontrol>60</pagecontrol>
				<focusposition>1</focusposition>
				<viewtype label="Poster Info">icon</viewtype>
				<scrolltime tween="quadratic" easing="out">300</scrolltime>
				<visible>[Container.Content(albums) | Container.Content(songs)]</visible>
				<itemlayout height="BannerWallHeight" width="BannerWallWidth" condition="!Skin.HasSetting(Banner.Wall)">
				<control type="group">
					<top>40</top>
						<control type="image">
							<left>0</left>
							<width>100%</width>
							<height>90</height>
							<align>center</align>
							<aspectratio>keep</aspectratio>
							<fadetime>1500</fadetime>
							<texture background="true">$INFO[ListItem.Art(clearlogo)]</texture>
							<visible>!String.IsEmpty(ListItem.Art(poster)) | String.IsEmpty(ListItem.Art(fanart))</visible>
						</control>
					<control type="label">
						<top>73</top>
						<width>100%</width>
						<height>40</height>
						<font>font15_bold</font>
						<align>center</align>
						<textcolor>black</textcolor>
						<label>[CR]$INFO[ListItem.Genre] | $INFO[ListItem.Duration] min.</label>
						<visible>!String.IsEmpty(ListItem.Art(poster)) | String.IsEmpty(ListItem.Art(fanart))</visible>
					</control>
				</control>
				</itemlayout>
				<focusedlayout height="320" width="BannerWallWidth" condition="!Skin.HasSetting(Banner.Wall)">
					<control type="group">
						<control type="image">
							<width>100%</width>
							<height>100%</height>
							<texture border="40">listpanel_back2.png</texture>
						</control>
					<!--	<control type="image">
							<left>200</left>
							<top>40</top>
							<width>50%</width>
							<height>100%</height>
							<aspectratio>scale</aspectratio>
							<fadetime>300</fadetime>
							<texture>blue.png</texture>
						</control> -->
					</control>
					<control type="image">
						<top>47</top>
						<left>125</left>
						<height>270</height>
						<width>270</width>
						<aspectratio>keep</aspectratio>
						<fadetime>600</fadetime>
						<texture background="true" fallback="special://skin/extras/cdart/default.png" diffuse="thumbs/cdart_mask.png">$INFO[Player.FolderPath]cdart.png</texture>
						<animation effect="slide" start="-150" end="0" time="600">Focus</animation>
						<animation effect="rotate" end="-360" center="auto" time="4800" loop="true" reversible="false" condition="true">Conditional</animation>
						<animation effect="slide" start="-150" end="0">Focus</animation>
					</control>
					<control type="textbox">
						<top>50</top>
						<left>450</left>
						<width>600</width>
						<height>350</height>
						<label>$VAR[PosterPlotVar]</label>
						<autoscroll time="3000" delay="4000" repeat="5000">true</autoscroll>
						<font>font14_textbox</font>
						<textcolor>white</textcolor>
					</control>
					<control type="image">
						<top>0</top>
						<width>270</width>
						<height>360</height>
						<aspectratio>keep</aspectratio>
						<fadetime>300</fadetime>
						<texture background="true">$INFO[ListItem.Art(thumb)]</texture>
						<visible>!String.IsEmpty(ListItem.Art(poster)) | String.IsEmpty(ListItem.Art(fanart))</visible>
					</control>
						
					<control type="image">
						<width>100%</width>
						<height>40</height>
						<aspectratio>scale</aspectratio>
						<texture background="true">darky.png</texture>
					</control>
					<control type="label">
						<width>100%</width>
						<height>40</height>
						<font>font15</font>
						<align>right</align>
						<textcolor>white</textcolor>
						<label>$INFO[ListItem.Genre]</label>
						<visible>[Container.Content(albums)]</visible>
					</control>
					<control type="label">
						<width>950</width>
						<height>40</height>
						<font>font15</font>
						<align>left</align>
						<textcolor>white</textcolor>
						<label>$INFO[ListItem.Artist] | $INFO[ListItem.Album]</label>
						<visible>[Container.Content(albums)]</visible>
					</control>
					<control type="label">
						<width>100%</width>
						<height>40</height>
						<font>font15</font>
						<align>right</align>
						<textcolor>white</textcolor>
						<label>$INFO[ListItem.Duration] min.</label>
						<visible>[Container.Content(songs)]</visible>
					</control>
					<control type="image">
						<left>1030</left>
						<width>100</width>
						<height>100</height>
						<texture>$VAR[OverlayVar]</texture>
						<aspectratio align="center" aligny="top">keep</aspectratio>
					</control>
					<control type="group">
						<left>20</left>
						<top>20</top>
						<include condition="Skin.HasSetting(Disable.UnwatchedIcon)">UnwatchedIcon</include>
					</control>
				</focusedlayout>
			</control>
			<control type="image">
				<top>850</top>
				<width>1920</width>
				<heigth border="0,40,0,5">120</heigth>
				<texture flipy="true">topbar_black.png</texture>
			</control>
			<control type="group">
					<top>970</top>
					<left>500</left>
					<width>100%</width>
					<align>center</align>
					<visible>[Container.Content(movies) | Container.Content(tvshows)]</visible>
					<control type="image">
						<left>120</left>
						<colordiffuse>white</colordiffuse>
						<include>MediaFlagVars</include>
						<texture>$VAR[StudioFlagPathVar]$INFO[ListItem.Studio,,.png]</texture>
					</control>
					<control type="image">
						<left>240</left>
						<colordiffuse>white</colordiffuse>
						<include>MediaFlagVars</include>
						<texture>$INFO[ListItem.AudioCodec,flags/audio/,.png]</texture>
					</control>
					<control type="image">
						<left>360</left>
						<colordiffuse>white</colordiffuse>
						<include>MediaFlagVars</include>
						<texture>$INFO[ListItem.AudioChannels,flags/channels/,.png]</texture>
					</control>
					<control type="image">
						<left>480</left>
						<colordiffuse>white</colordiffuse>
						<include>MediaFlagVars</include>
						<texture>$INFO[ListItem.VideoAspect,flags/aspectratio2/,.png]</texture>
					</control>
					<control type="image">
						<left>600</left>
						<colordiffuse>white</colordiffuse>
						<include>MediaFlagVars</include>
						<texture>$INFO[ListItem.VideoResolution,flags/resolution/,.png]</texture>
					</control>
					<control type="image">
						<left>720</left>
						<colordiffuse>white</colordiffuse>
						<include>MediaFlagVars</include>
						<texture>$VAR[RatingFlagVar]</texture>
					</control>
				</control>
			<control type="scrollbar" id="60">
				<left>104</left>
				<top>120</top>
				<width>14</width>
				<height>880</height>
				<onright>50</onright>
				<onleft>SetProperty(MediaMenu,True,home)</onleft>
				<onleft>SetFocus(9050)</onleft>
				<ondown>60</ondown>
				<onup>60</onup>
				<showonepage>false</showonepage>
				<texturesliderbackground />
				<texturesliderbackground border="1">scrollbar/texturesliderbar2.png</texturesliderbackground>
				<texturesliderbar colordiffuse="FF000000" border="1">scrollbar/texturesliderbar2.png</texturesliderbar>
				<texturesliderbarfocus border="1">scrollbar/texturesliderbar2.png</texturesliderbarfocus>
				<animation effect="fade" start="100" end="0" time="500" delay="500" condition="!Control.HasFocus(60) + !Container.Scrolling">Conditional</animation>
			</control>
		</control>
	</include>
</includes>