<?xml version="1.0" encoding="UTF-8"?>
<includes>
	<include name="View_52_Landscape">
				<control type="group">
					<left>106</left>
					<top>840</top>
					<width>1706</width>
					<height>250</height>
					<control type="image">
						<visible>Control.IsVisible(52)</visible>
						<top>-40</top>
						<height>300</height>
						<texture border="40" flipy="true">listpanel_back.png</texture>
					</control>
				</control>
		<control type="group">
			<visible>Control.IsVisible(52)</visible>
			<top>566</top>
			<include>ViewAnimation</include>
			<include condition="Skin.HasSetting(HorizontalListNav)">LandscapeFixed</include>
			<include condition="!Skin.HasSetting(HorizontalListNav)">LandscapeWrap</include>
			<control type="group">
				<top>-10</top>
				<left>320</left>
				<camera x="1280" y="200" />
				<control type="group" id="6011">
					<visible>Container.OnNext</visible>
					<animation effect="slide" end="-300,0" time="200" reversible="false">Hidden</animation>
					<control type="group">
						<left>-225</left>
						<visible>Container.OnNext</visible>
						<animation effect="fade" start="100" end="0" time="200" reversible="false">Hidden</animation>
						<visible>!String.IsEmpty(Container(52).ListItemNoWrap(-4).FolderPath) | !Skin.HasSetting(HorizontalListNav)</visible>
						<animation effect="rotatey" center="-340" start="-55" end="-55" time="0" condition="true">Conditional</animation>
						<include>LandscapeItem-4</include>
					</control>
					<control type="group">
						<left>75</left>
						<visible>!String.IsEmpty(Container(52).ListItemNoWrap(-3).FolderPath) | !Skin.HasSetting(HorizontalListNav)</visible>
						<animation effect="rotatey" center="-40" start="-55" end="-55" time="0" condition="true">Conditional</animation>
						<include>LandscapeItem-3</include>
					</control>
					<control type="group">
						<left>375</left>
						<visible>!String.IsEmpty(Container(52).ListItemNoWrap(-2).FolderPath) | !Skin.HasSetting(HorizontalListNav)</visible>
						<animation effect="rotatey" center="260" start="-55" end="-55" time="0" condition="true">Conditional</animation>
						<include>LandscapeItem-2</include>
					</control>
					<control type="group">
						<left>1742</left>
						<visible>!Container.OnNext</visible>
						<animation effect="fade" end="100" time="200" reversible="false">Visible</animation>
						<visible>!String.IsEmpty(Container(52).ListItemNoWrap(3).FolderPath) | !Skin.HasSetting(HorizontalListNav)</visible>
						<animation effect="rotatey" center="2550" start="55" end="55" time="0" condition="true">Conditional</animation>
						<include>LandscapeItem3</include>
					</control>
					<control type="group">
						<left>1442</left>
						<visible>!String.IsEmpty(Container(52).ListItemNoWrap(2).FolderPath) | !Skin.HasSetting(HorizontalListNav)</visible>
						<animation effect="rotatey" center="2250" start="55" end="55" time="0" condition="true">Conditional</animation>
						<include>LandscapeItem2</include>
					</control>
					<control type="group">
						<left>1142</left>
						<visible>!String.IsEmpty(Container(52).ListItemNoWrap(1).FolderPath) | !Skin.HasSetting(HorizontalListNav)</visible>
						<animation effect="rotatey" center="1950" start="55" end="55" time="0" condition="true">Conditional</animation>
						<include>LandscapeItem1</include>
					</control>
					<control type="group">
						<visible>Container.OnNext</visible>
						<animation effect="slide" end="75,0" time="200" reversible="false">Hidden</animation>
						<control type="group">
							<left>842</left>
							<visible>!String.IsEmpty(Container(52).ListItemNoWrap(0).FolderPath) | !Skin.HasSetting(HorizontalListNav)</visible>
							<visible>Container.OnNext</visible>
							<animation effect="rotatey" center="1650" end="-55" time="200" reversible="false" tween="quadratic" easing="in">Hidden</animation>
							<animation effect="rotatey" center="1650" start="55" end="55" time="0" condition="true">Conditional</animation>
							<include>LandscapeItem0</include>
						</control>
						<control type="group">
							<left>610</left>
							<visible>Container.OnNext</visible>
							<visible>!String.IsEmpty(Container(52).ListItemNoWrap(-1).FolderPath) | !Skin.HasSetting(HorizontalListNav)</visible>
							<animation effect="rotatey" center="485" end="-55" time="200" reversible="false" tween="quadratic" easing="in">Hidden</animation>
							<include>LandscapeItem-1</include>
						</control>
					</control>
				</control>
				<control type="group" id="6012">
					<visible>Container.OnPrevious</visible>
					<animation effect="slide" end="300,0" time="200" reversible="false">Hidden</animation>
					<control type="group">
						<left>1442</left>
						<visible>!String.IsEmpty(Container(52).ListItemNoWrap(4).FolderPath) | !Skin.HasSetting(HorizontalListNav)</visible>
						<visible>Container.OnPrevious</visible>
						<animation effect="fade" start="100" end="0" time="200" reversible="false">Hidden</animation>
						<animation effect="rotatey" center="2250" start="55" end="55" time="0" condition="true">Conditional</animation>
						<include>LandscapeItem4</include>
					</control>
					<control type="group">
						<left>1142</left>
						<visible>!String.IsEmpty(Container(52).ListItemNoWrap(3).FolderPath) | !Skin.HasSetting(HorizontalListNav)</visible>
						<animation effect="rotatey" center="1950" start="55" end="55" time="0" condition="true">Conditional</animation>
						<include>LandscapeItem3</include>
					</control>
					<control type="group">
						<left>842</left>
						<visible>!String.IsEmpty(Container(52).ListItemNoWrap(2).FolderPath) | !Skin.HasSetting(HorizontalListNav)</visible>
						<animation effect="rotatey" center="1650" start="55" end="55" time="0" condition="true">Conditional</animation>
						<include>LandscapeItem2</include>
					</control>
					<control type="group">
						<left>-525</left>
						<visible>!Container.OnPrevious</visible>
						<animation effect="fade" end="100" time="200" reversible="false">Visible</animation>
						<visible>!String.IsEmpty(Container(52).ListItemNoWrap(-3).FolderPath) | !Skin.HasSetting(HorizontalListNav)</visible>
						<animation effect="rotatey" center="-640" start="-55" end="-55" time="0" condition="true">Conditional</animation>
						<include>LandscapeItem-3</include>
					</control>
					<control type="group">
						<left>-225</left>
						<visible>!String.IsEmpty(Container(52).ListItemNoWrap(-2).FolderPath) | !Skin.HasSetting(HorizontalListNav)</visible>
						<animation effect="rotatey" center="-340" start="-55" end="-55" time="0" condition="true">Conditional</animation>
						<include>LandscapeItem-2</include>
					</control>
					<control type="group">
						<left>75</left>
						<visible>!String.IsEmpty(Container(52).ListItemNoWrap(-1).FolderPath) | !Skin.HasSetting(HorizontalListNav)</visible>
						<animation effect="rotatey" center="-40" start="-55" end="-55" time="0" condition="true">Conditional</animation>
						<include>LandscapeItem-1</include>
					</control>
					<control type="group">
						<visible>Container.OnPrevious</visible>
						<animation effect="slide" end="-75,0" time="200" reversible="false">Hidden</animation>
						<control type="group">
							<left>375</left>
							<visible>!String.IsEmpty(Container(52).ListItemNoWrap(0).FolderPath) | !Skin.HasSetting(HorizontalListNav)</visible>
							<visible>Container.OnPrevious</visible>
							<animation effect="rotatey" center="260" end="55" time="200" reversible="false" tween="quadratic" easing="in">Hidden</animation>
							<animation effect="rotatey" center="260" start="-55" end="-55" time="0" condition="true">Conditional</animation>
							<include>LandscapeItem0</include>
						</control>
						<control type="group">
							<left>610</left>
							<visible>!String.IsEmpty(Container(52).ListItemNoWrap(1).FolderPath) | !Skin.HasSetting(HorizontalListNav)</visible>
							<visible>Container.OnPrevious</visible>
							<animation effect="rotatey" center="1425" end="55" time="200" reversible="false" tween="quadratic" easing="in">Hidden</animation>
							<include>LandscapeItem1</include>
						</control>
					</control>
				</control>
				<control type="group" id="6010">
					<visible>!Control.IsVisible(6011) + !Control.IsVisible(6012)</visible>
					<control type="group">
						<left>-225</left>
						<visible>!String.IsEmpty(Container(52).ListItemNoWrap(-3).FolderPath) | !Skin.HasSetting(HorizontalListNav)</visible>
						<animation effect="rotatey" center="-340" start="-55" end="-55" time="0" condition="true">Conditional</animation>
						<include>LandscapeItem-3</include>
					</control>
					<control type="group">
						<left>75</left>
						<visible>!String.IsEmpty(Container(52).ListItemNoWrap(-2).FolderPath) | !Skin.HasSetting(HorizontalListNav)</visible>
						<animation effect="rotatey" center="-40" start="-55" end="-55" time="0" condition="true">Conditional</animation>
						<include>LandscapeItem-2</include>
					</control>
					<control type="group">
						<left>375</left>
						<visible>!String.IsEmpty(Container(52).ListItemNoWrap(-1).FolderPath) | !Skin.HasSetting(HorizontalListNav)</visible>
						<animation effect="rotatey" center="260" start="-55" end="-55" time="0" condition="true">Conditional</animation>
						<include>LandscapeItem-1</include>
					</control>
					<control type="group">
						<left>1442</left>
						<visible>!String.IsEmpty(Container(52).ListItemNoWrap(3).FolderPath) | !Skin.HasSetting(HorizontalListNav)</visible>
						<animation effect="rotatey" center="2250" start="55" end="55" time="0" condition="true">Conditional</animation>
						<include>LandscapeItem3</include>
					</control>
					<control type="group">
						<left>1142</left>
						<visible>!String.IsEmpty(Container(52).ListItemNoWrap(2).FolderPath) | !Skin.HasSetting(HorizontalListNav)</visible>
						<animation effect="rotatey" center="1950" start="55" end="55" time="0" condition="true">Conditional</animation>
						<include>LandscapeItem2</include>
					</control>
					<control type="group">
						<left>842</left>
						<visible>!String.IsEmpty(Container(52).ListItemNoWrap(1).FolderPath) | !Skin.HasSetting(HorizontalListNav)</visible>
						<animation effect="rotatey" center="1650" start="55" end="55" time="0" condition="true">Conditional</animation>
						<include>LandscapeItem1</include>
					</control>
					<control type="group">
						<left>610</left>
						<!-- Workaround for camera bug. As soon as the camera tag is applied to the group, label will be invisible -->-
						<animation effect="rotatey" center="0" start="1" end="1" time="0" condition="true">Conditional</animation>
						<visible>!String.IsEmpty(Container(52).ListItemNoWrap(0).FolderPath) | !Skin.HasSetting(HorizontalListNav)</visible>
						<include>LandscapeItem0</include>
					</control>
				</control>
			</control>
			<control type="scrollbar" id="61">
				<left>110</left>
				<top>404</top>
				<width>1680</width>
				<height>12</height>
				<onup>52</onup>
				<ondown>615</ondown>
				<texturesliderbackground />
				<texturesliderbar border="6,0,6,0">scrollbar/texturesliderbar_hor.png</texturesliderbar>
				<texturesliderbarfocus border="6,0,6,0">scrollbar/texturesliderbarfocus_hor.png</texturesliderbarfocus>
				<textureslidernib />
				<textureslidernibfocus />
				<showonepage>false</showonepage>
				<orientation>horizontal</orientation>
				<animation effect="fade" start="100" end="0" time="500" delay="500" condition="!Control.HasFocus(61) + !Container.Scrolling">Conditional</animation>
			</control>
		</control>
	</include>
	<include name="LandscapeFixed">
		<control type="fixedlist" id="52">
			<include>contents52list</include>
		</control>
	</include>
	<include name="LandscapeWrap">
		<control type="wraplist" id="52">
			<include>contents52list</include>
		</control>
	</include>
	<include name="contents52list">
		<width>100%</width>
		<height>300</height>
		<onleft>52</onleft>
		<onright>52</onright>
		<onup>62</onup>
		<ondown>61</ondown>
		<pagecontrol>61</pagecontrol>
		<focusposition>1</focusposition>
		<orientation>horizontal</orientation>
		<preloaditems>2</preloaditems>
		<viewtype label="31076">bigwrap</viewtype>
		<scrolltime tween="sine" easing="inout">500</scrolltime>
		<visible>Container.Content(movies) | Container.Content(tvshows) | Container.Content(episodes) | Container.Content(artists) | Container.Content(sets)</visible>
		<itemlayout width="642" height="680"/>
		<focusedlayout width="636" height="680"/>
	</include>
	<include name="LandscapeThumbCommonValues">
		<width>700</width>
		<height>410</height>
		<aspectratio scalediffuse="false" aligny="center">scale</aspectratio>
		<bordertexture border="20">thumbs/thumb_shadow_aa.png</bordertexture>
		<bordersize>20</bordersize>
	</include>
	<include name="LandscapeThumbReflectionCommonValues">
		<left>20</left>
		<top>391</top>
		<width>660</width>
		<height>370</height>
		<aspectratio scalediffuse="false" aligny="center">scale</aspectratio>
	</include>
	<include name="WatchedOverlayLandscape">
		<left>580</left>
		<top>19</top>
		<width>100</width>
		<height>100</height>
		<aspectratio align="center" aligny="top">keep</aspectratio>
		<bordersize>1</bordersize>
	</include>
	<include name="LandscapeItem-4">
		<control type="image">
			<include>LandscapeThumbCommonValues</include>
			<texture background="true" diffuse="thumbs/thumb_mask.png">$VAR[LandscapeItem-3Var]</texture>
		</control>
		<control type="image">
			<include>LandscapeThumbReflectionCommonValues</include>
			<texture background="true" flipy="true" diffuse="thumbs/thumb_diffuse.png">$VAR[LandscapeItem-3Var]</texture>
		</control>
		<control type="group">
			<left>42</left>
			<top>42</top>
			<include condition="Skin.HasSetting(Disable.UnwatchedIcon)">UnwatchedIcon-3</include>
		</control>
	</include>
	<include name="LandscapeItem-3">
		<control type="image">
			<include>LandscapeThumbCommonValues</include>
			<texture background="true" diffuse="thumbs/thumb_mask.png">$VAR[LandscapeItem-3Var]</texture>
		</control>
		<control type="image">
			<aspectratio scalediffuse="false" aligny="top" align="left">scale</aspectratio>
			<width>248</width>
			<include>LandscapeThumbReflectionCommonValues</include>
			<texture background="true" flipy="true" diffuse="thumbs/thumb_diffuse.png">$VAR[LandscapeItem-3Var]</texture>
		</control>
		<control type="group">
			<left>42</left>
			<top>42</top>
			<include condition="Skin.HasSetting(Disable.UnwatchedIcon)">UnwatchedIcon-3</include>
		</control>
	</include>
	<include name="LandscapeItem-2">
		<control type="image">
			<include>LandscapeThumbCommonValues</include>
			<texture background="true" diffuse="thumbs/thumb_mask.png">$VAR[LandscapeItem-2Var]</texture>
		</control>
		<control type="image">
			<aspectratio scalediffuse="false" aligny="top" align="left">scale</aspectratio>
			<width>299</width>
			<include>LandscapeThumbReflectionCommonValues</include>
			<texture background="true" flipy="true" diffuse="thumbs/thumb_diffuse.png">$VAR[LandscapeItem-2Var]</texture>
		</control>
		<control type="group">
			<left>42</left>
			<top>42</top>
			<include condition="Skin.HasSetting(Disable.UnwatchedIcon)">UnwatchedIcon-2</include>
		</control>
	</include>
	<include name="LandscapeItem-1">
		<control type="image">
			<include>LandscapeThumbCommonValues</include>
			<texture background="true" diffuse="thumbs/thumb_mask.png">$VAR[LandscapeItem-1Var]</texture>
		</control>
		<control type="image">
			<aspectratio scalediffuse="false" aligny="top" align="left">scale</aspectratio>
			<width>314</width>
			<include>LandscapeThumbReflectionCommonValues</include>
			<texture background="true" flipy="true" diffuse="thumbs/thumb_diffuse.png">$VAR[LandscapeItem-1Var]</texture>
		</control>
		<control type="image">
			<include>WatchedOverlayLandscape</include>
			<texture>$VAR[IconOverlay-1Var]</texture>
		</control>
		<control type="group">
			<left>42</left>
			<top>42</top>
			<include condition="Skin.HasSetting(Disable.UnwatchedIcon)">UnwatchedIcon-1</include>
		</control>
	</include>
	<include name="LandscapeItem0">
		<control type="image">
			<include>LandscapeThumbCommonValues</include>
			<texture background="true" diffuse="thumbs/thumb_mask.png">$VAR[LandscapeItem0Var]</texture>
		</control>
		<control type="image">
			<include>LandscapeThumbReflectionCommonValues</include>
			<texture background="true" flipy="true" diffuse="thumbs/thumb_diffuse.png">$VAR[LandscapeItem0Var]</texture>
		</control>
		<control type="image">
			<include>WatchedOverlayLandscape</include>
			<texture>$VAR[IconOverlay0Var]</texture>
		</control>
		<control type="group">
			<left>42</left>
			<top>42</top>
			<include condition="Skin.HasSetting(Disable.UnwatchedIcon)">UnwatchedIcon0</include>
		</control>
	</include>
	<include name="LandscapeItem1">
		<control type="image">
			<include>LandscapeThumbCommonValues</include>
			<texture background="true" diffuse="thumbs/thumb_mask.png">$VAR[LandscapeItem1Var]</texture>
		</control>
		<control type="image">
			<aspectratio scalediffuse="false" aligny="top" align="right">scale</aspectratio>
			<left>370</left>
			<width>310</width>
			<include>LandscapeThumbReflectionCommonValues</include>
			<texture background="true" flipy="true" diffuse="thumbs/thumb_diffuse.png">$VAR[LandscapeItem1Var]</texture>
		</control>
		<control type="image">
			<include>WatchedOverlayLandscape</include>
			<texture>$VAR[IconOverlay1Var]</texture>
		</control>
		<control type="group">
			<left>42</left>
			<top>42</top>
			<include condition="Skin.HasSetting(Disable.UnwatchedIcon)">UnwatchedIcon1</include>
		</control>
	</include>
	<include name="LandscapeItem2">
		<control type="image">
			<include>LandscapeThumbCommonValues</include>
			<texture background="true" diffuse="thumbs/thumb_mask.png">$VAR[LandscapeItem2Var]</texture>
		</control>
		<control type="image">
			<aspectratio scalediffuse="false" aligny="top" align="right">scale</aspectratio>
			<left>380</left>
			<width>300</width>
			<include>LandscapeThumbReflectionCommonValues</include>
			<texture background="true" flipy="true" diffuse="thumbs/thumb_diffuse.png">$VAR[LandscapeItem2Var]</texture>
		</control>
		<control type="image">
			<include>WatchedOverlayLandscape</include>
			<texture>$VAR[IconOverlay2Var]</texture>
		</control>
	</include>
	<include name="LandscapeItem3">
		<control type="image">
			<include>LandscapeThumbCommonValues</include>
			<texture background="true" diffuse="thumbs/thumb_mask.png">$VAR[LandscapeItem3Var]</texture>
		</control>
		<control type="image">
			<aspectratio scalediffuse="false" aligny="top" align="right">scale</aspectratio>
			<left>430</left>
			<width>250</width>
			<include>LandscapeThumbReflectionCommonValues</include>
			<texture background="true" flipy="true" diffuse="thumbs/thumb_diffuse.png">$VAR[LandscapeItem3Var]</texture>
		</control>
		<control type="image">
			<include>WatchedOverlayLandscape</include>
			<texture>$VAR[IconOverlay3Var]</texture>
		</control>
	</include>
	<include name="LandscapeItem4">
		<control type="image">
			<include>LandscapeThumbCommonValues</include>
			<texture background="true" diffuse="thumbs/thumb_mask.png">$VAR[LandscapeItem4Var]</texture>
		</control>
		<control type="image">
			<include>LandscapeThumbReflectionCommonValues</include>
			<texture background="true" flipy="true" diffuse="thumbs/thumb_diffuse.png">$VAR[LandscapeItem4Var]</texture>
		</control>
		<control type="image">
			<include>WatchedOverlayLandscape</include>
			<texture>$VAR[IconOverlay4Var]</texture>
		</control>
	</include>
	<variable name="LandscapeItem-3Var">
		<value condition="!String.IsEmpty(ListItem(-3).Art(landscape))">$INFO[ListItem(-3).Art(landscape)]</value>
		<value condition="!String.IsEmpty(Container(52).ListItem(-3).Art(fanart)) + ![Container.Content(episodes) | Container.Content(seasons)]">$INFO[Container(52).ListItem(-3).Art(fanart)]</value>
		<value>$INFO[ListItem(-3).Icon]</value>
	</variable>
	<variable name="LandscapeItem-2Var">
		<value condition="!String.IsEmpty(ListItem(-2).Art(landscape))">$INFO[ListItem(-2).Art(landscape)]</value>
		<value condition="!String.IsEmpty(Container(52).ListItem(-2).Art(fanart)) + ![Container.Content(episodes) | Container.Content(seasons)]">$INFO[Container(52).ListItem(-2).Art(fanart)]</value>
		<value>$INFO[ListItem(-2).Icon]</value>
	</variable>
	<variable name="LandscapeItem-1Var">
		<value condition="!String.IsEmpty(ListItem(-1).Art(landscape))">$INFO[ListItem(-1).Art(landscape)]</value>
		<value condition="!String.IsEmpty(Container(52).ListItem(-1).Art(fanart)) + ![Container.Content(episodes) | Container.Content(seasons)]">$INFO[Container(52).ListItem(-1).Art(fanart)]</value>
		<value>$INFO[ListItem(-1).Icon]</value>
	</variable>
	<variable name="LandscapeItem0Var">
		<value condition="!String.IsEmpty(ListItem.Art(landscape))">$INFO[ListItem.Art(landscape)]</value>
		<value condition="!String.IsEmpty(Container(52).ListItem.Art(fanart)) + ![Container.Content(episodes) | Container.Content(seasons)]">$INFO[Container(52).ListItem.Art(fanart)]</value>
		<value>$INFO[ListItem.Icon]</value>
	</variable>
	<variable name="LandscapeItem1Var">
		<value condition="!String.IsEmpty(ListItem(1).Art(landscape))">$INFO[ListItem(1).Art(landscape)]</value>
		<value condition="!String.IsEmpty(Container(52).ListItem(1).Art(fanart)) + ![Container.Content(episodes) | Container.Content(seasons)]">$INFO[Container(52).ListItem(1).Art(fanart)]</value>
		<value>$INFO[ListItem(1).Icon]</value>
	</variable>
	<variable name="LandscapeItem2Var">
		<value condition="!String.IsEmpty(ListItem(2).Art(landscape))">$INFO[ListItem(2).Art(landscape)]</value>
		<value condition="!String.IsEmpty(Container(52).ListItem(2).Art(fanart)) + ![Container.Content(episodes) | Container.Content(seasons)]">$INFO[Container(52).ListItem(2).Art(fanart)]</value>
		<value>$INFO[ListItem(2).Icon]</value>
	</variable>
	<variable name="LandscapeItem3Var">
		<value condition="!String.IsEmpty(ListItem(3).Art(landscape))">$INFO[ListItem(3).Art(landscape)]</value>
		<value condition="!String.IsEmpty(Container(52).ListItem(3).Art(fanart)) + ![Container.Content(episodes) | Container.Content(seasons)]">$INFO[Container(52).ListItem(3).Art(fanart)]</value>
		<value>$INFO[ListItem(3).Icon]</value>
	</variable>
	<variable name="LandscapeItem4Var">
		<value condition="!String.IsEmpty(ListItem(4).Art(landscape))">$INFO[ListItem(4).Art(landscape)]</value>
		<value condition="!String.IsEmpty(Container(52).ListItem(4).Art(fanart)) + ![Container.Content(episodes) | Container.Content(seasons)]">$INFO[Container(52).ListItem(4).Art(fanart)]</value>
		<value>$INFO[ListItem(4).Icon]</value>
	</variable>
</includes>