<?xml version='1.0' encoding='UTF-8'?>
<shortcuts>
    <shortcut>
		<defaultID>Horror</defaultID>
		<label>Horror</label>
		<label2 />
		<icon />
		<thumb />
		<action>ActivateWindow(Videos,special://skin/extras/Horror.xsp,return)</action>
	</shortcut>
	 <shortcut>
		<defaultID>Doku</defaultID>
		<label>Doku</label>
		<label2 />
		<icon />
		<thumb />
		<action>ActivateWindow(Videos,special://skin/extras/Doku.xsp,return)</action>
	</shortcut>
	<shortcut>
		<defaultID>HD Movies</defaultID>
		<label>Hd Movies</label>
		<label2 />
		<icon />
		<thumb />
		<action>ActivateWindow(Videos,special://skin/extras/playlists/HDMovies.xsp,return)</action>
	</shortcut>
	<shortcut>
		<defaultID>3d Movies</defaultID>
		<label>3d Movies</label>
		<label2 />
		<icon />
		<thumb />
		<action>ActivateWindow(Videos,special://skin/extras/playlists/3DMovies.xsp,return)</action>
	</shortcut>
	<shortcut>
		<defaultID>Kids</defaultID>
		<label>Kids</label>
		<label2 />
		<icon />
		<thumb />
		<action>ActivateWindow(Videos,special://skin/extras/playlists/GenreChildren.xsp,return)</action>
	</shortcut>
	<shortcut>
		<defaultID>Comedy</defaultID>
		<label>Comedy</label>
		<label2 />
		<icon />
		<thumb />
		<action>ActivateWindow(Videos,special://skin/extras/playlists/GenreComedy.xsp,return)</action>
	</shortcut>
</shortcuts>