<?xml version="1.0" encoding="UTF-8"?>
<window>
	<defaultcontrol always="true">996</defaultcontrol>
	<animation type="WindowOpen" reversible="false">
		<effect type="zoom" start="150" end="100" center="auto" time="300" tween="cubic" easing="out" />
		<effect type="fade" end="100" time="150" />
	</animation>
	<animation type="WindowClose" reversible="false">
		<effect type="fade" start="100" end="0" time="100" delay="100" />
		<effect type="zoom" start="100" end="130" center="auto" time="200" tween="cubic" easing="in" />
	</animation>
	<coordinates>
		<top>80</top>
	</coordinates>
	<controls>
		<control type="group">
			<top>-20</top>
			<left>8</left>
			<width>493</width>
			<height>340</height>
			<control type="image">
				<texture colordiffuse="E6FFFFFF" border="40">dialogs/default/bg.png</texture>
			</control>
			<control type="image">
				<texture colordiffuse="$VAR[ThemeLabelColor]" border="40">dialogs/default/bg_glow.png</texture>
				<visible>!Skin.HasSetting(Glow)</visible>
			</control>
		</control>
		<control type="grouplist" id="996">
			<left>30</left>
			<width>471</width>
			<height>300</height>
			<align>center</align>
		</control>
		<control type="button" id="1000">
			<height>60</height>
			<font>font14</font>
			<textcolor>snow</textcolor>
			<focusedcolor>$VAR[HighlightBarColor]</focusedcolor>
			<shadowcolor>shadow</shadowcolor>
			<align>center</align>
		</control>
		<control type="button">
			<left>240</left>
			<top>290</top>
			<width>30</width>
			<height>30</height>
			<texturefocus flipy="true" colordiffuse="$VAR[HighlightBarColor]">arrowup.png</texturefocus>
			<texturenofocus flipy="true" colordiffuse="$VAR[HighlightBarColor]">arrowup.png</texturenofocus>
			<visible>Container(996).HasNext</visible>
			<onclick>Control.Move(996,-1)</onclick>
		</control>
		<control type="button">
			<left>240</left>
			<top>-20</top>
			<width>30</width>
			<height>30</height>
			<texturefocus colordiffuse="$VAR[HighlightBarColor]">arrowup.png</texturefocus>
			<texturenofocus colordiffuse="$VAR[HighlightBarColor]">arrowup.png</texturenofocus>
			<visible>Container(996).HasPrevious</visible>
			<onclick>Control.Move(996,1)</onclick>
		</control>
	</controls>
</window>