<?xml version="1.0" encoding="UTF-8"?>
<window>
	<defaultcontrol>9000</defaultcontrol>
	<include>DialogOpenCloseAnimation</include>
	<controls>
		<control type="group">
			<top>370</top>
			<left>705</left>
			<width>510</width>
			<height>340</height>
			<control type="image">
				<texture colordiffuse="E6FFFFFF" border="40">dialogs/default/bg.png</texture>
			</control>
			<control type="image">
				<texture colordiffuse="$VAR[ThemeLabelColor]" border="40">dialogs/default/bg_glow.png</texture>
				<visible>!Skin.HasSetting(Glow)</visible>
			</control>
		</control>
		<control type="grouplist" id="9000">
			<top>390</top>
			<left>725</left>
			<width>471</width>
			<height>300</height>
			<onleft>9000</onleft>
			<onright>9000</onright>
			<onup>9000</onup>
			<ondown>9000</ondown>
			<align>center</align>
			<control type="button" id="2">
				<description>Exit button</description>
				<width>471</width>
				<height>60</height>
				<textcolor>snow</textcolor>
				<focusedcolor>$VAR[HighlightBarColor]</focusedcolor>
				<shadowcolor>shadow</shadowcolor>
				<textwidth>435</textwidth>
				<texturefocus colordiffuse="$VAR[HighlightBarColor]" border="35,2,35,2">listselect_fo.png</texturefocus>
				<onclick>Quit()</onclick>
				<font>font14</font>
				<label>13012</label>
				<align>center</align>
				<visible>System.ShowExitButton</visible>
			</control>
			<control type="button" id="3">
				<description>Shutdown button</description>
				<width>471</width>
				<height>60</height>
				<textcolor>snow</textcolor>
				<focusedcolor>$VAR[HighlightBarColor]</focusedcolor>
				<shadowcolor>shadow</shadowcolor>
				<textwidth>435</textwidth>
				<texturefocus colordiffuse="$VAR[HighlightBarColor]" border="35,2,35,2">listselect_fo.png</texturefocus>
				<onclick>Powerdown()</onclick>
				<visible>System.CanPowerDown</visible>
				<font>font14</font>
				<label>13016</label>
				<align>center</align>
			</control>
			<control type="button" id="4">
				<description>Custom Shutdown Timer</description>
				<width>471</width>
				<height>60</height>
				<textcolor>snow</textcolor>
				<focusedcolor>$VAR[HighlightBarColor]</focusedcolor>
				<shadowcolor>shadow</shadowcolor>
				<textwidth>435</textwidth>
				<texturefocus colordiffuse="$VAR[HighlightBarColor]" border="35,2,35,2">listselect_fo.png</texturefocus>
				<onclick>AlarmClock(shutdowntimer,Shutdown())</onclick>
				<font>font14</font>
				<label>20150</label>
				<align>center</align>
				<visible>!System.HasAlarm(shutdowntimer)</visible>
				<visible>System.CanPowerDown | System.CanSuspend | System.CanHibernate</visible>
			</control>
			<control type="button" id="5">
				<description>Cancel Shutdown Timer</description>
				<width>471</width>
				<height>60</height>
				<textcolor>snow</textcolor>
				<focusedcolor>$VAR[HighlightBarColor]</focusedcolor>
				<shadowcolor>shadow</shadowcolor>
				<textwidth>435</textwidth>
				<texturefocus colordiffuse="$VAR[HighlightBarColor]" border="35,2,35,2">listselect_fo.png</texturefocus>
				<onclick>CancelAlarm(shutdowntimer)</onclick>
				<font>font14</font>
				<label>$LOCALIZE[20151]$INFO[System.Alarmpos, (,)]</label>
				<align>center</align>
				<visible>System.HasAlarm(shutdowntimer)</visible>
			</control>
			<control type="button" id="6">
				<description>Suspend button</description>
				<width>471</width>
				<height>60</height>
				<textcolor>snow</textcolor>
				<focusedcolor>$VAR[HighlightBarColor]</focusedcolor>
				<shadowcolor>shadow</shadowcolor>
				<textwidth>435</textwidth>
				<texturefocus colordiffuse="$VAR[HighlightBarColor]" border="35,2,35,2">listselect_fo.png</texturefocus>
				<onclick>Suspend()</onclick>
				<visible>System.CanSuspend</visible>
				<font>font14</font>
				<label>13011</label>
				<align>center</align>
			</control>
			<control type="button" id="7">
				<description>Hibernate button</description>
				<width>471</width>
				<height>60</height>
				<textcolor>snow</textcolor>
				<focusedcolor>$VAR[HighlightBarColor]</focusedcolor>
				<shadowcolor>shadow</shadowcolor>
				<textwidth>435</textwidth>
				<texturefocus colordiffuse="$VAR[HighlightBarColor]" border="35,2,35,2">listselect_fo.png</texturefocus>
				<onclick>Hibernate()</onclick>
				<visible>System.CanHibernate</visible>
				<font>font14</font>
				<label>13010</label>
				<align>center</align>
			</control>
			<control type="button" id="8">
				<description>Reboot button</description>
				<width>471</width>
				<height>60</height>
				<textcolor>snow</textcolor>
				<focusedcolor>$VAR[HighlightBarColor]</focusedcolor>
				<shadowcolor>shadow</shadowcolor>
				<textwidth>435</textwidth>
				<texturefocus colordiffuse="$VAR[HighlightBarColor]" border="35,2,35,2">listselect_fo.png</texturefocus>
				<onclick>Reset()</onclick>
				<visible>System.CanReboot</visible>
				<font>font14</font>
				<label>13013</label>
				<align>center</align>
			</control>
			<control type="button" id="9">
				<description>Logoff button</description>
				<width>471</width>
				<height>60</height>
				<textcolor>snow</textcolor>
				<focusedcolor>$VAR[HighlightBarColor]</focusedcolor>
				<shadowcolor>shadow</shadowcolor>
				<textwidth>435</textwidth>
				<texturefocus colordiffuse="$VAR[HighlightBarColor]" border="35,2,35,2">listselect_fo.png</texturefocus>
				<onclick>dialog.close(all,true)</onclick>
				<onclick>System.LogOff</onclick>
				<font>font14</font>
				<label>$LOCALIZE[20126] $INFO[system.profilename]</label>
				<align>center</align>
				<visible>System.HasLoginScreen | Integer.IsGreater(System.ProfileCount,1)</visible>
				<visible>System.Loggedon</visible>
			</control>
			<control type="togglebutton" id="10">
				<description>Master mode button</description>
				<width>471</width>
				<height>60</height>
				<label>20046</label>
				<shadowcolor>shadow</shadowcolor>
				<altlabel>20045</altlabel>
				<align>center</align>
				<textwidth>435</textwidth>
				<texturefocus colordiffuse="$VAR[HighlightBarColor]" border="35,2,35,2">listselect_fo.png</texturefocus>
				<usealttexture>!System.IsMaster</usealttexture>
				<alttexturefocus colordiffuse="$VAR[HighlightBarColor]" border="35,2,35,2">listselect_fo.png</alttexturefocus>
				<onclick>xbmc.mastermode</onclick>
				<visible>System.HasLocks</visible>
			</control>
			<control type="button" id="12">
				<description>Inhibit idle shutdown</description>
				<width>471</width>
				<height>60</height>
				<textcolor>snow</textcolor>
				<focusedcolor>$VAR[HighlightBarColor]</focusedcolor>
				<shadowcolor>shadow</shadowcolor>
				<textwidth>435</textwidth>
				<texturefocus colordiffuse="$VAR[HighlightBarColor]" border="35,2,35,2">listselect_fo.png</texturefocus>
				<onclick>InhibitIdleShutdown(true)</onclick>
				<font>font14</font>
				<label>13017</label>
				<align>center</align>
				<visible>System.HasShutdown +!System.IsInhibit</visible>
			</control>
			<control type="button" id="13">
				<description>Allow idle shutdown</description>
				<width>471</width>
				<height>60</height>
				<textcolor>snow</textcolor>
				<focusedcolor>$VAR[HighlightBarColor]</focusedcolor>
				<shadowcolor>shadow</shadowcolor>
				<textwidth>435</textwidth>
				<texturefocus colordiffuse="$VAR[HighlightBarColor]" border="35,2,35,2">listselect_fo.png</texturefocus>
				<onclick>InhibitIdleShutdown(false)</onclick>
				<font>font14</font>
				<label>13018</label>
				<align>center</align>
				<visible>System.HasShutdown + System.IsInhibit</visible>
			</control>
			<control type="button" id="14">
				<description>Settings</description>
				<width>471</width>
				<height>60</height>
				<textcolor>snow</textcolor>
				<focusedcolor>$VAR[HighlightBarColor]</focusedcolor>
				<shadowcolor>shadow</shadowcolor>
				<textwidth>435</textwidth>
				<texturefocus colordiffuse="$VAR[HighlightBarColor]" border="35,2,35,2">listselect_fo.png</texturefocus>
				<onclick>Dialog.Close(all,true)</onclick>
				<onclick>ActivateWindow(settings)</onclick>
				<font>font14</font>
				<label>$LOCALIZE[5]</label>
				<align>center</align>
			</control>
			<control type="button" id="18">
				<description>Skin Settings</description>
				<width>471</width>
				<height>60</height>
				<textcolor>snow</textcolor>
				<focusedcolor>$VAR[HighlightBarColor]</focusedcolor>
				<shadowcolor>shadow</shadowcolor>
				<textwidth>435</textwidth>
				<texturefocus colordiffuse="$VAR[HighlightBarColor]" border="35,2,35,2">listselect_fo.png</texturefocus>
				<onclick>Dialog.Close(all,true)</onclick>
				<onclick>ActivateWindow(skinsettings)</onclick>
				<font>font14</font>
				<label>20077</label>
				<align>center</align>
			</control>
			<control type="button" id="15">
				<description>Favorites</description>
				<width>471</width>
				<height>60</height>
				<textcolor>snow</textcolor>
				<focusedcolor>$VAR[HighlightBarColor]</focusedcolor>
				<shadowcolor>shadow</shadowcolor>
				<textwidth>435</textwidth>
				<texturefocus colordiffuse="$VAR[HighlightBarColor]" border="35,2,35,2">listselect_fo.png</texturefocus>
				<onclick>ActivateWindow(favourites)</onclick>
				<font>font14</font>
				<label>1036</label>
				<align>center</align>
			</control>
			<control type="button" id="17">
				<description>Reload Skin button</description>
				<width>471</width>
				<height>60</height>
				<textcolor>snow</textcolor>
				<focusedcolor>$VAR[HighlightBarColor]</focusedcolor>
				<shadowcolor>shadow</shadowcolor>
				<textwidth>435</textwidth>
				<texturefocus colordiffuse="$VAR[HighlightBarColor]" border="35,2,35,2">listselect_fo.png</texturefocus>
				<onclick>Dialog.Close(all,true)</onclick>
				<onclick>ReloadSkin()</onclick>
				<font>font14</font>
				<label>20183</label>
				<align>center</align>
			</control>
		</control>
		<control type="button">
			<left>945</left>
			<top>680</top>
			<width>30</width>
			<height>30</height>
			<texturefocus flipy="true" colordiffuse="$VAR[HighlightBarColor]">arrowup.png</texturefocus>
			<texturenofocus flipy="true" colordiffuse="$VAR[HighlightBarColor]">arrowup.png</texturenofocus>
			<visible>Container(9000).HasNext</visible>
			<onclick>Control.Move(9000,-1)</onclick>
		</control>
		<control type="button">
			<left>945</left>
			<top>368</top>
			<width>30</width>
			<height>30</height>
			<texturefocus colordiffuse="$VAR[HighlightBarColor]">arrowup.png</texturefocus>
			<texturenofocus colordiffuse="$VAR[HighlightBarColor]">arrowup.png</texturenofocus>
			<visible>Container(9000).HasPrevious</visible>
			<onclick>Control.Move(9000,1)</onclick>
		</control>
	</controls>
</window>