<?xml version='1.0' encoding='UTF-8'?>
<includes>
	<include name="skinshortcuts-mainmenu">
		<item id="1">
			<property name="id">$NUMBER[1]</property>
			<label>weather</label>
			<label2>Common menu item</label2>
			<icon>special://skin/extras/icons/DefaultAddonWeather.png</icon>
			<thumb />
			<onclick condition="String.IsEqual(ListItem.Property(path),ActivateWindow(1129))">SetProperty(CustomSelectSearch,True,Home)</onclick>
			<onclick condition="!String.IsEmpty(Weather.Plugin)">ActivateWindow(Weather)</onclick>
			<property name="path">ActivateWindow(Weather)</property>
			<onclick condition="![!String.IsEmpty(Weather.Plugin)]">ActivateWindow(servicesettings,weather)</onclick>
			<visible>String.IsEqual(System.ProfileName,Master user)</visible>
			<property name="submenuVisibility">weather</property>
			<property name="hasSubmenu">False</property>
		</item>
		<item id="2">
			<property name="id">$NUMBER[2]</property>
			<label>live-tv</label>
			<label2>Common menu item</label2>
			<icon>special://skin/extras/icons/DefaultTVShows.png</icon>
			<thumb />
			<onclick condition="String.IsEqual(ListItem.Property(path),ActivateWindow(1129))">SetProperty(CustomSelectSearch,True,Home)</onclick>
			<onclick condition="System.HasPVRAddon">ActivateWindow(TVGuide)</onclick>
			<property name="path">ActivateWindow(TVGuide)</property>
			<onclick condition="![System.HasPVRAddon]">ActivateWindow(addonbrowser,addons://repository.xbmc.org/xbmc.pvrclient,return)</onclick>
			<visible>String.IsEqual(System.ProfileName,Master user)</visible>
			<property name="submenuVisibility">live-tv</property>
			<property name="hasSubmenu">True</property>
		</item>
		<item id="3">
			<property name="id">$NUMBER[3]</property>
			<label>radio</label>
			<label2>Common menu item</label2>
			<icon>special://skin/extras/icons/radio.png</icon>
			<thumb />
			<onclick condition="String.IsEqual(ListItem.Property(path),ActivateWindow(1129))">SetProperty(CustomSelectSearch,True,Home)</onclick>
			<onclick condition="System.HasPVRAddon">ActivateWindow(RadioGuide)</onclick>
			<property name="path">ActivateWindow(RadioGuide)</property>
			<onclick condition="![System.HasPVRAddon]">ActivateWindow(addonbrowser,addons://repository.xbmc.org/xbmc.pvrclient,return)</onclick>
			<visible>String.IsEqual(System.ProfileName,Master user)</visible>
			<property name="submenuVisibility">radio</property>
			<property name="hasSubmenu">True</property>
		</item>
		<item id="4">
			<property name="id">$NUMBER[4]</property>
			<label>videos</label>
			<label2>Common menu item</label2>
			<icon>special://skin/extras/icons/DefaultVideo.png</icon>
			<thumb />
			<onclick condition="String.IsEqual(ListItem.Property(path),ActivateWindow(1129))">SetProperty(CustomSelectSearch,True,Home)</onclick>
			<onclick>ActivateWindow(Videos)</onclick>
			<property name="path">ActivateWindow(Videos)</property>
			<visible>String.IsEqual(System.ProfileName,Master user)</visible>
			<property name="submenuVisibility">videos</property>
			<property name="hasSubmenu">True</property>
		</item>
		<item id="5">
			<property name="id">$NUMBER[5]</property>
			<label>movies</label>
			<label2>Common menu item</label2>
			<icon>special://skin/extras/icons/DefaultMovies.png</icon>
			<thumb />
			<onclick condition="String.IsEqual(ListItem.Property(path),ActivateWindow(1129))">SetProperty(CustomSelectSearch,True,Home)</onclick>
			<onclick condition="Library.HasContent(Movies)">ActivateWindow(Videos,videodb://movies/titles/,return)</onclick>
			<property name="path">ActivateWindow(Videos,videodb://movies/titles/,return)</property>
			<onclick condition="![Library.HasContent(Movies)]">ActivateWindow(videos,files,return)</onclick>
			<visible>String.IsEqual(System.ProfileName,Master user)</visible>
			<property name="submenuVisibility">movies</property>
			<property name="hasSubmenu">True</property>
		</item>
		<item id="6">
			<property name="id">$NUMBER[6]</property>
			<label>Zuletzt hinzugefügt</label>
			<label2 />
			<icon>special://skin/extras/icons/files.png</icon>
			<thumb />
			<onclick condition="String.IsEqual(ListItem.Property(path),ActivateWindow(1129))">SetProperty(CustomSelectSearch,True,Home)</onclick>
			<onclick condition="Library.HasContent(Movies)">ActivateWindow(Videos,library://video/movies/recentlyaddedmovies.xml/,return)</onclick>
			<property name="path">ActivateWindow(Videos,library://video/movies/recentlyaddedmovies.xml/,return)</property>
			<onclick condition="![Library.HasContent(Movies)]">ActivateWindow(videos,files,return)</onclick>
			<visible>String.IsEqual(System.ProfileName,Master user)</visible>
			<property name="submenuVisibility">zuletzthinzugefugt</property>
			<property name="hasSubmenu">False</property>
		</item>
		<item id="7">
			<property name="id">$NUMBER[7]</property>
			<label>tv-shows</label>
			<label2>Common menu item</label2>
			<icon>special://skin/extras/icons/DefaultTVShows.png</icon>
			<thumb />
			<onclick condition="String.IsEqual(ListItem.Property(path),ActivateWindow(1129))">SetProperty(CustomSelectSearch,True,Home)</onclick>
			<onclick condition="Library.HasContent(TVShows)">ActivateWindow(Videos,videodb://tvshows/titles/,return)</onclick>
			<property name="path">ActivateWindow(Videos,videodb://tvshows/titles/,return)</property>
			<onclick condition="![Library.HasContent(TVShows)]">ActivateWindow(videos,files,return)</onclick>
			<visible>String.IsEqual(System.ProfileName,Master user)</visible>
			<property name="submenuVisibility">tv-shows</property>
			<property name="hasSubmenu">True</property>
		</item>
		<item id="8">
			<property name="id">$NUMBER[8]</property>
			<label>music</label>
			<label2>Common menu item</label2>
			<icon>special://skin/extras/icons/DefaultMusicAlbums.png</icon>
			<thumb />
			<onclick condition="String.IsEqual(ListItem.Property(path),ActivateWindow(1129))">SetProperty(CustomSelectSearch,True,Home)</onclick>
			<onclick>ActivateWindow(Music)</onclick>
			<property name="path">ActivateWindow(Music)</property>
			<visible>String.IsEqual(System.ProfileName,Master user)</visible>
			<property name="submenuVisibility">music</property>
			<property name="hasSubmenu">True</property>
		</item>
		<item id="9">
			<property name="id">$NUMBER[9]</property>
			<label>programs</label>
			<label2>Common menu item</label2>
			<icon>special://skin/extras/icons/DefaultProgram.png</icon>
			<thumb />
			<onclick condition="String.IsEqual(ListItem.Property(path),ActivateWindow(1129))">SetProperty(CustomSelectSearch,True,Home)</onclick>
			<onclick>ActivateWindow(Programs,Addons,return)</onclick>
			<property name="path">ActivateWindow(Programs,Addons,return)</property>
			<visible>String.IsEqual(System.ProfileName,Master user)</visible>
			<property name="submenuVisibility">programs</property>
			<property name="hasSubmenu">True</property>
		</item>
		<item id="10">
			<property name="id">$NUMBER[10]</property>
			<label>dvd</label>
			<label2>Common menu item</label2>
			<icon>DefaultDVDFull.png</icon>
			<thumb />
			<visible>System.HasMediaDVD</visible>
			<onclick condition="String.IsEqual(ListItem.Property(path),ActivateWindow(1129))">SetProperty(CustomSelectSearch,True,Home)</onclick>
			<onclick>XBMC.PlayDVD()</onclick>
			<property name="path">XBMC.PlayDVD()</property>
			<visible>String.IsEqual(System.ProfileName,Master user)</visible>
			<property name="submenuVisibility">dvd</property>
			<property name="hasSubmenu">True</property>
		</item>
		<item id="11">
			<property name="id">$NUMBER[11]</property>
			<label>Apps</label>
			<label2>Common menu item</label2>
			<icon>special://skin/extras/icons/DefaultAddSource.png</icon>
			<thumb />
			<onclick condition="String.IsEqual(ListItem.Property(path),ActivateWindow(1129))">SetProperty(CustomSelectSearch,True,Home)</onclick>
			<onclick>ActivateWindow(1133)</onclick>
			<property name="path">ActivateWindow(1133)</property>
			<visible>String.IsEqual(System.ProfileName,Master user)</visible>
			<property name="submenuVisibility">apps</property>
			<property name="hasSubmenu">False</property>
		</item>
		<item id="12">
			<property name="id">$NUMBER[12]</property>
			<label>settings</label>
			<label2>Common menu item</label2>
			<icon>special://skin/extras/icons/settings.png</icon>
			<thumb />
			<onclick condition="String.IsEqual(ListItem.Property(path),ActivateWindow(1129))">SetProperty(CustomSelectSearch,True,Home)</onclick>
			<onclick>ActivateWindow(Settings)</onclick>
			<property name="path">ActivateWindow(Settings)</property>
			<visible>String.IsEqual(System.ProfileName,Master user)</visible>
			<property name="submenuVisibility">settings</property>
			<property name="hasSubmenu">True</property>
		</item>
	</include>
	<include />
	<include name="skinshortcuts-submenu">
		<item id="1">
			<property name="id">$NUMBER[1]</property>
			<property name="mainmenuid">2</property>
			<label>$LOCALIZE[19024]</label>
			<label2 />
			<icon>special://skin/extras/icons/DefaultAddSource.png</icon>
			<thumb />
			<onclick condition="System.HasPVRAddon">ActivateWindow(RadioChannels)</onclick>
			<property name="path">ActivateWindow(RadioChannels)</property>
			<onclick condition="![System.HasPVRAddon]">ActivateWindow(addonbrowser,addons://repository.xbmc.org/xbmc.pvrclient,return)</onclick>
			<visible>[String.IsEqual(System.ProfileName,Master user)] + String.IsEqual(Container(9000).ListItem.Property(submenuVisibility),live-tv)</visible>
			<property name="isSubmenu">True</property>
		</item>
		<item id="2">
			<property name="id">$NUMBER[2]</property>
			<property name="mainmenuid">2</property>
			<label>$LOCALIZE[19023]</label>
			<label2 />
			<icon>special://skin/extras/icons/DefaultAddSource.png</icon>
			<thumb />
			<onclick condition="System.HasPVRAddon">ActivateWindow(TVChannels)</onclick>
			<property name="path">ActivateWindow(TVChannels)</property>
			<onclick condition="![System.HasPVRAddon]">ActivateWindow(addonbrowser,addons://repository.xbmc.org/xbmc.pvrclient,return)</onclick>
			<visible>[String.IsEqual(System.ProfileName,Master user)] + String.IsEqual(Container(9000).ListItem.Property(submenuVisibility),live-tv)</visible>
			<property name="isSubmenu">True</property>
		</item>
		<item id="3">
			<property name="id">$NUMBER[3]</property>
			<property name="mainmenuid">2</property>
			<label>$LOCALIZE[19069]</label>
			<label2 />
			<icon>special://skin/extras/icons/DefaultAddSource.png</icon>
			<thumb />
			<onclick condition="System.HasPVRAddon">ActivateWindow(TVGuide)</onclick>
			<property name="path">ActivateWindow(TVGuide)</property>
			<onclick condition="![System.HasPVRAddon]">ActivateWindow(addonbrowser,addons://repository.xbmc.org/xbmc.pvrclient,return)</onclick>
			<visible>[String.IsEqual(System.ProfileName,Master user)] + String.IsEqual(Container(9000).ListItem.Property(submenuVisibility),live-tv)</visible>
			<property name="isSubmenu">True</property>
		</item>
		<item id="4">
			<property name="id">$NUMBER[4]</property>
			<property name="mainmenuid">2</property>
			<label>$LOCALIZE[19163]</label>
			<label2 />
			<icon>special://skin/extras/icons/DefaultAddSource.png</icon>
			<thumb />
			<onclick condition="System.HasPVRAddon">ActivateWindow(TVRecordings)</onclick>
			<property name="path">ActivateWindow(TVRecordings)</property>
			<onclick condition="![System.HasPVRAddon]">ActivateWindow(addonbrowser,addons://repository.xbmc.org/xbmc.pvrclient,return)</onclick>
			<visible>[String.IsEqual(System.ProfileName,Master user)] + String.IsEqual(Container(9000).ListItem.Property(submenuVisibility),live-tv)</visible>
			<property name="isSubmenu">True</property>
		</item>
		<item id="5">
			<property name="id">$NUMBER[5]</property>
			<property name="mainmenuid">2</property>
			<label>$LOCALIZE[19040]</label>
			<label2 />
			<icon>special://skin/extras/icons/DefaultAddSource.png</icon>
			<thumb />
			<onclick condition="System.HasPVRAddon">ActivateWindow(TVTimers)</onclick>
			<property name="path">ActivateWindow(TVTimers)</property>
			<onclick condition="![System.HasPVRAddon]">ActivateWindow(addonbrowser,addons://repository.xbmc.org/xbmc.pvrclient,return)</onclick>
			<visible>[String.IsEqual(System.ProfileName,Master user)] + String.IsEqual(Container(9000).ListItem.Property(submenuVisibility),live-tv)</visible>
			<property name="isSubmenu">True</property>
		</item>
		<item id="1">
			<property name="id">$NUMBER[1]</property>
			<property name="mainmenuid">3</property>
			<label>$LOCALIZE[19019]</label>
			<label2>$ADDON[script.skinshortcuts 32087]</label2>
			<icon>special://skin/extras/icons/DefaultAudio.png</icon>
			<thumb />
			<onclick condition="System.HasPVRAddon">ActivateWindow(RadioChannels)</onclick>
			<property name="path">ActivateWindow(RadioChannels)</property>
			<onclick condition="![System.HasPVRAddon]">ActivateWindow(addonbrowser,addons://repository.xbmc.org/xbmc.pvrclient,return)</onclick>
			<visible>[String.IsEqual(System.ProfileName,Master user)] + String.IsEqual(Container(9000).ListItem.Property(submenuVisibility),radio)</visible>
			<property name="isSubmenu">True</property>
		</item>
		<item id="2">
			<property name="id">$NUMBER[2]</property>
			<property name="mainmenuid">3</property>
			<label>$LOCALIZE[22020]</label>
			<label2>$ADDON[script.skinshortcuts 32087]</label2>
			<icon>special://skin/extras/icons/DefaultAudio.png</icon>
			<thumb />
			<onclick condition="System.HasPVRAddon">ActivateWindow(RadioGuide)</onclick>
			<property name="path">ActivateWindow(RadioGuide)</property>
			<onclick condition="![System.HasPVRAddon]">ActivateWindow(addonbrowser,addons://repository.xbmc.org/xbmc.pvrclient,return)</onclick>
			<visible>[String.IsEqual(System.ProfileName,Master user)] + String.IsEqual(Container(9000).ListItem.Property(submenuVisibility),radio)</visible>
			<property name="isSubmenu">True</property>
		</item>
		<item id="3">
			<property name="id">$NUMBER[3]</property>
			<property name="mainmenuid">3</property>
			<label>$LOCALIZE[19163]</label>
			<label2>$ADDON[script.skinshortcuts 32087]</label2>
			<icon>special://skin/extras/icons/DefaultAudio.png</icon>
			<thumb />
			<onclick condition="System.HasPVRAddon">ActivateWindow(RadioRecordings)</onclick>
			<property name="path">ActivateWindow(RadioRecordings)</property>
			<onclick condition="![System.HasPVRAddon]">ActivateWindow(addonbrowser,addons://repository.xbmc.org/xbmc.pvrclient,return)</onclick>
			<visible>[String.IsEqual(System.ProfileName,Master user)] + String.IsEqual(Container(9000).ListItem.Property(submenuVisibility),radio)</visible>
			<property name="isSubmenu">True</property>
		</item>
		<item id="4">
			<property name="id">$NUMBER[4]</property>
			<property name="mainmenuid">3</property>
			<label>$LOCALIZE[19040]</label>
			<label2>$ADDON[script.skinshortcuts 32087]</label2>
			<icon>special://skin/extras/icons/DefaultAudio.png</icon>
			<thumb />
			<onclick condition="System.HasPVRAddon">ActivateWindow(RadioTimers)</onclick>
			<property name="path">ActivateWindow(RadioTimers)</property>
			<onclick condition="![System.HasPVRAddon]">ActivateWindow(addonbrowser,addons://repository.xbmc.org/xbmc.pvrclient,return)</onclick>
			<visible>[String.IsEqual(System.ProfileName,Master user)] + String.IsEqual(Container(9000).ListItem.Property(submenuVisibility),radio)</visible>
			<property name="isSubmenu">True</property>
		</item>
		<item id="5">
			<property name="id">$NUMBER[5]</property>
			<property name="mainmenuid">3</property>
			<label>$LOCALIZE[137]</label>
			<label2>$ADDON[script.skinshortcuts 32087]</label2>
			<icon>special://skin/extras/icons/DefaultAudio.png</icon>
			<thumb />
			<onclick condition="System.HasPVRAddon">ActivateWindow(RadioSearch)</onclick>
			<property name="path">ActivateWindow(RadioSearch)</property>
			<onclick condition="![System.HasPVRAddon]">ActivateWindow(addonbrowser,addons://repository.xbmc.org/xbmc.pvrclient,return)</onclick>
			<visible>[String.IsEqual(System.ProfileName,Master user)] + String.IsEqual(Container(9000).ListItem.Property(submenuVisibility),radio)</visible>
			<property name="isSubmenu">True</property>
		</item>
		<item id="1">
			<property name="id">$NUMBER[1]</property>
			<property name="mainmenuid">4</property>
			<label>$LOCALIZE[20342]</label>
			<label2 />
			<icon>special://skin/extras/icons/DefaultAddSource.png</icon>
			<thumb />
			<onclick condition="Library.HasContent(Movies)">ActivateWindow(Videos,Movies,root)</onclick>
			<property name="path">ActivateWindow(Videos,Movies,root)</property>
			<onclick condition="![Library.HasContent(Movies)]">ActivateWindow(videos,files,return)</onclick>
			<visible>[String.IsEqual(System.ProfileName,Master user)] + String.IsEqual(Container(9000).ListItem.Property(submenuVisibility),videos)</visible>
			<property name="isSubmenu">True</property>
		</item>
		<item id="2">
			<property name="id">$NUMBER[2]</property>
			<property name="mainmenuid">4</property>
			<label>$LOCALIZE[20343]</label>
			<label2 />
			<icon>special://skin/extras/icons/DefaultAddSource.png</icon>
			<thumb />
			<onclick condition="Library.HasContent(TVShows)">ActivateWindow(Videos,TvShows,root)</onclick>
			<property name="path">ActivateWindow(Videos,TvShows,root)</property>
			<onclick condition="![Library.HasContent(TVShows)]">ActivateWindow(videos,files,return)</onclick>
			<visible>[String.IsEqual(System.ProfileName,Master user)] + String.IsEqual(Container(9000).ListItem.Property(submenuVisibility),videos)</visible>
			<property name="isSubmenu">True</property>
		</item>
		<item id="3">
			<property name="id">$NUMBER[3]</property>
			<property name="mainmenuid">4</property>
			<label>$LOCALIZE[24001]</label>
			<label2 />
			<icon>special://skin/extras/icons/DefaultAddSource.png</icon>
			<thumb />
			<onclick>ActivateWindow(Videos,Addons,return)</onclick>
			<property name="path">ActivateWindow(Videos,Addons,return)</property>
			<visible>[String.IsEqual(System.ProfileName,Master user)] + String.IsEqual(Container(9000).ListItem.Property(submenuVisibility),videos)</visible>
			<property name="isSubmenu">True</property>
		</item>
		<item id="4">
			<property name="id">$NUMBER[4]</property>
			<property name="mainmenuid">4</property>
			<label>$LOCALIZE[744]</label>
			<label2 />
			<icon>special://skin/extras/icons/DefaultAddSource.png</icon>
			<thumb />
			<onclick>ActivateWindow(Videos,Files,return)</onclick>
			<property name="path">ActivateWindow(Videos,Files,return)</property>
			<visible>[String.IsEqual(System.ProfileName,Master user)] + String.IsEqual(Container(9000).ListItem.Property(submenuVisibility),videos)</visible>
			<property name="isSubmenu">True</property>
		</item>
		<item id="5">
			<property name="id">$NUMBER[5]</property>
			<property name="mainmenuid">4</property>
			<label>$LOCALIZE[136]</label>
			<label2 />
			<icon>special://skin/extras/icons/DefaultAddSource.png</icon>
			<thumb />
			<onclick>ActivateWindow(Videos,Playlists,return)</onclick>
			<property name="path">ActivateWindow(Videos,Playlists,return)</property>
			<visible>[String.IsEqual(System.ProfileName,Master user)] + String.IsEqual(Container(9000).ListItem.Property(submenuVisibility),videos)</visible>
			<property name="isSubmenu">True</property>
		</item>
		<item id="6">
			<property name="id">$NUMBER[6]</property>
			<property name="mainmenuid">4</property>
			<label>$LOCALIZE[14022]</label>
			<label2 />
			<icon>special://skin/extras/icons/DefaultAddSource.png</icon>
			<thumb />
			<onclick>ActivateWindow(Videos,Root)</onclick>
			<property name="path">ActivateWindow(Videos,Root)</property>
			<visible>[String.IsEqual(System.ProfileName,Master user)] + String.IsEqual(Container(9000).ListItem.Property(submenuVisibility),videos)</visible>
			<property name="isSubmenu">True</property>
		</item>
		<item id="1">
			<property name="id">$NUMBER[1]</property>
			<property name="mainmenuid">5</property>
			<label>$LOCALIZE[16101]</label>
			<label2 />
			<icon>special://skin/extras/icons/DefaultAddSource.png</icon>
			<thumb />
			<onclick>ActivateWindow(Videos,special://skin/extras/UnwatchedMovies.xsp,return)</onclick>
			<property name="path">ActivateWindow(Videos,special://skin/extras/UnwatchedMovies.xsp,return)</property>
			<visible>[String.IsEqual(System.ProfileName,Master user)] + String.IsEqual(Container(9000).ListItem.Property(submenuVisibility),movies)</visible>
			<property name="isSubmenu">True</property>
		</item>
		<item id="2">
			<property name="id">$NUMBER[2]</property>
			<property name="mainmenuid">5</property>
			<label>$LOCALIZE[575]</label>
			<label2 />
			<icon>special://skin/extras/icons/DefaultAddSource.png</icon>
			<thumb />
			<onclick>ActivateWindow(Videos,special://skin/extras/InProgressMovies.xsp,return)</onclick>
			<property name="path">ActivateWindow(Videos,special://skin/extras/InProgressMovies.xsp,return)</property>
			<visible>[String.IsEqual(System.ProfileName,Master user)] + String.IsEqual(Container(9000).ListItem.Property(submenuVisibility),movies)</visible>
			<property name="isSubmenu">True</property>
		</item>
		<item id="3">
			<property name="id">$NUMBER[3]</property>
			<property name="mainmenuid">5</property>
			<label>$LOCALIZE[31328]</label>
			<label2 />
			<icon>special://skin/extras/icons/DefaultAddSource.png</icon>
			<thumb />
			<onclick>ActivateWindow(Videos,videodb://recentlyaddedmovies/,return)</onclick>
			<property name="path">ActivateWindow(Videos,videodb://recentlyaddedmovies/,return)</property>
			<visible>[String.IsEqual(System.ProfileName,Master user)] + String.IsEqual(Container(9000).ListItem.Property(submenuVisibility),movies)</visible>
			<property name="isSubmenu">True</property>
		</item>
		<item id="4">
			<property name="id">$NUMBER[4]</property>
			<property name="mainmenuid">5</property>
			<label>$LOCALIZE[20434]</label>
			<label2 />
			<icon>special://skin/extras/icons/DefaultAddSource.png</icon>
			<thumb />
			<visible>[Library.HasContent(MovieSets)] + String.IsEqual(Container(9000).ListItem.Property(submenuVisibility),movies)</visible>
			<onclick>ActivateWindow(Videos,videodb://movies/sets/,return)</onclick>
			<property name="path">ActivateWindow(Videos,videodb://movies/sets/,return)</property>
			<visible>String.IsEqual(System.ProfileName,Master user)</visible>
			<property name="isSubmenu">True</property>
		</item>
		<item id="5">
			<property name="id">$NUMBER[5]</property>
			<property name="mainmenuid">5</property>
			<label>$LOCALIZE[135]</label>
			<label2 />
			<icon>special://skin/extras/icons/DefaultAddSource.png</icon>
			<thumb />
			<onclick condition="Library.HasContent(Movies)">ActivateWindow(Videos,videodb://movies/genres/,return)</onclick>
			<property name="path">ActivateWindow(Videos,videodb://movies/genres/,return)</property>
			<onclick condition="![Library.HasContent(Movies)]">ActivateWindow(videos,files,return)</onclick>
			<visible>[String.IsEqual(System.ProfileName,Master user)] + String.IsEqual(Container(9000).ListItem.Property(submenuVisibility),movies)</visible>
			<property name="isSubmenu">True</property>
		</item>
		<item id="6">
			<property name="id">$NUMBER[6]</property>
			<property name="mainmenuid">5</property>
			<label>$LOCALIZE[652]</label>
			<label2 />
			<icon>special://skin/extras/icons/DefaultAddSource.png</icon>
			<thumb />
			<onclick condition="Library.HasContent(Movies)">ActivateWindow(Videos,videodb://movies/years/,return)</onclick>
			<property name="path">ActivateWindow(Videos,videodb://movies/years/,return)</property>
			<onclick condition="![Library.HasContent(Movies)]">ActivateWindow(videos,files,return)</onclick>
			<visible>[String.IsEqual(System.ProfileName,Master user)] + String.IsEqual(Container(9000).ListItem.Property(submenuVisibility),movies)</visible>
			<property name="isSubmenu">True</property>
		</item>
		<item id="7">
			<property name="id">$NUMBER[7]</property>
			<property name="mainmenuid">5</property>
			<label>$LOCALIZE[344]</label>
			<label2 />
			<icon>special://skin/extras/icons/DefaultAddSource.png</icon>
			<thumb />
			<onclick condition="Library.HasContent(Movies)">ActivateWindow(Videos,videodb://movies/actors/,return)</onclick>
			<property name="path">ActivateWindow(Videos,videodb://movies/actors/,return)</property>
			<onclick condition="![Library.HasContent(Movies)]">ActivateWindow(videos,files,return)</onclick>
			<visible>[String.IsEqual(System.ProfileName,Master user)] + String.IsEqual(Container(9000).ListItem.Property(submenuVisibility),movies)</visible>
			<property name="isSubmenu">True</property>
		</item>
		<item id="8">
			<property name="id">$NUMBER[8]</property>
			<property name="mainmenuid">5</property>
			<label>$LOCALIZE[20459]</label>
			<label2 />
			<icon>special://skin/extras/icons/DefaultAddSource.png</icon>
			<thumb />
			<onclick condition="Library.HasContent(Movies)">ActivateWindow(Videos,videodb://movies/tags/,return)</onclick>
			<property name="path">ActivateWindow(Videos,videodb://movies/tags/,return)</property>
			<onclick condition="![Library.HasContent(Movies)]">ActivateWindow(videos,files,return)</onclick>
			<visible>[String.IsEqual(System.ProfileName,Master user)] + String.IsEqual(Container(9000).ListItem.Property(submenuVisibility),movies)</visible>
			<property name="isSubmenu">True</property>
		</item>
		<item id="1">
			<property name="id">$NUMBER[1]</property>
			<property name="mainmenuid">7</property>
			<label>$LOCALIZE[4]</label>
			<label2 />
			<icon>special://skin/extras/icons/DefaultAddSource.png</icon>
			<thumb />
			<visible>[System.HasAddon(script.tv.show.next.aired)] + String.IsEqual(Container(9000).ListItem.Property(submenuVisibility),tv-shows)</visible>
			<onclick>RunAddon(script.tv.show.next.aired,return)</onclick>
			<property name="path">RunAddon(script.tv.show.next.aired,return)</property>
			<visible>String.IsEqual(System.ProfileName,Master user)</visible>
			<property name="isSubmenu">True</property>
		</item>
		<item id="2">
			<property name="id">$NUMBER[2]</property>
			<property name="mainmenuid">7</property>
			<label>$LOCALIZE[575]</label>
			<label2 />
			<icon>special://skin/extras/icons/DefaultAddSource.png</icon>
			<thumb />
			<onclick>ActivateWindow(Videos,videodb://inprogresstvshows/,return)</onclick>
			<property name="path">ActivateWindow(Videos,videodb://inprogresstvshows/,return)</property>
			<visible>[String.IsEqual(System.ProfileName,Master user)] + String.IsEqual(Container(9000).ListItem.Property(submenuVisibility),tv-shows)</visible>
			<property name="isSubmenu">True</property>
		</item>
		<item id="3">
			<property name="id">$NUMBER[3]</property>
			<property name="mainmenuid">7</property>
			<label>$LOCALIZE[31328]</label>
			<label2 />
			<icon>special://skin/extras/icons/DefaultAddSource.png</icon>
			<thumb />
			<onclick>ActivateWindow(Videos,videodb://recentlyaddedepisodes/,return)</onclick>
			<property name="path">ActivateWindow(Videos,videodb://recentlyaddedepisodes/,return)</property>
			<visible>[String.IsEqual(System.ProfileName,Master user)] + String.IsEqual(Container(9000).ListItem.Property(submenuVisibility),tv-shows)</visible>
			<property name="isSubmenu">True</property>
		</item>
		<item id="4">
			<property name="id">$NUMBER[4]</property>
			<property name="mainmenuid">7</property>
			<label>$LOCALIZE[135]</label>
			<label2 />
			<icon>special://skin/extras/icons/DefaultAddSource.png</icon>
			<thumb />
			<onclick condition="Library.HasContent(TVShows)">ActivateWindow(Videos,videodb://tvshows/genres/,return)</onclick>
			<property name="path">ActivateWindow(Videos,videodb://tvshows/genres/,return)</property>
			<onclick condition="![Library.HasContent(TVShows)]">ActivateWindow(videos,files,return)</onclick>
			<visible>[String.IsEqual(System.ProfileName,Master user)] + String.IsEqual(Container(9000).ListItem.Property(submenuVisibility),tv-shows)</visible>
			<property name="isSubmenu">True</property>
		</item>
		<item id="5">
			<property name="id">$NUMBER[5]</property>
			<property name="mainmenuid">7</property>
			<label>$LOCALIZE[652]</label>
			<label2 />
			<icon>special://skin/extras/icons/DefaultAddSource.png</icon>
			<thumb />
			<onclick condition="Library.HasContent(TVShows)">ActivateWindow(Videos,videodb://tvshows/years/,return)</onclick>
			<property name="path">ActivateWindow(Videos,videodb://tvshows/years/,return)</property>
			<onclick condition="![Library.HasContent(TVShows)]">ActivateWindow(videos,files,return)</onclick>
			<visible>[String.IsEqual(System.ProfileName,Master user)] + String.IsEqual(Container(9000).ListItem.Property(submenuVisibility),tv-shows)</visible>
			<property name="isSubmenu">True</property>
		</item>
		<item id="6">
			<property name="id">$NUMBER[6]</property>
			<property name="mainmenuid">7</property>
			<label>$LOCALIZE[344]</label>
			<label2 />
			<icon>special://skin/extras/icons/DefaultAddSource.png</icon>
			<thumb />
			<onclick condition="Library.HasContent(TVShows)">ActivateWindow(Videos,videodb://tvshows/actors/,return)</onclick>
			<property name="path">ActivateWindow(Videos,videodb://tvshows/actors/,return)</property>
			<onclick condition="![Library.HasContent(TVShows)]">ActivateWindow(videos,files,return)</onclick>
			<visible>[String.IsEqual(System.ProfileName,Master user)] + String.IsEqual(Container(9000).ListItem.Property(submenuVisibility),tv-shows)</visible>
			<property name="isSubmenu">True</property>
		</item>
		<item id="1">
			<property name="id">$NUMBER[1]</property>
			<property name="mainmenuid">8</property>
			<label>$LOCALIZE[133]</label>
			<label2 />
			<icon>special://skin/extras/icons/DefaultAddSource.png</icon>
			<thumb />
			<onclick condition="Library.HasContent(Music)">ActivateWindow(Music,musicdb://artists/,return)</onclick>
			<property name="path">ActivateWindow(Music,musicdb://artists/,return)</property>
			<onclick condition="![Library.HasContent(Music)]">ActivateWindow(music,files)</onclick>
			<visible>[String.IsEqual(System.ProfileName,Master user)] + String.IsEqual(Container(9000).ListItem.Property(submenuVisibility),music)</visible>
			<property name="isSubmenu">True</property>
		</item>
		<item id="2">
			<property name="id">$NUMBER[2]</property>
			<property name="mainmenuid">8</property>
			<label>$LOCALIZE[132]</label>
			<label2 />
			<icon>special://skin/extras/icons/DefaultAddSource.png</icon>
			<thumb />
			<onclick condition="Library.HasContent(Music)">ActivateWindow(Music,musicdb://albums/,return)</onclick>
			<property name="path">ActivateWindow(Music,musicdb://albums/,return)</property>
			<onclick condition="![Library.HasContent(Music)]">ActivateWindow(music,files)</onclick>
			<visible>[String.IsEqual(System.ProfileName,Master user)] + String.IsEqual(Container(9000).ListItem.Property(submenuVisibility),music)</visible>
			<property name="isSubmenu">True</property>
		</item>
		<item id="3">
			<property name="id">$NUMBER[3]</property>
			<property name="mainmenuid">8</property>
			<label>$LOCALIZE[134]</label>
			<label2 />
			<icon>special://skin/extras/icons/DefaultAddSource.png</icon>
			<thumb />
			<onclick condition="Library.HasContent(Music)">ActivateWindow(Music,musicdb://songs/,return)</onclick>
			<property name="path">ActivateWindow(Music,musicdb://songs/,return)</property>
			<onclick condition="![Library.HasContent(Music)]">ActivateWindow(music,files)</onclick>
			<visible>[String.IsEqual(System.ProfileName,Master user)] + String.IsEqual(Container(9000).ListItem.Property(submenuVisibility),music)</visible>
			<property name="isSubmenu">True</property>
		</item>
		<item id="4">
			<property name="id">$NUMBER[4]</property>
			<property name="mainmenuid">8</property>
			<label>$LOCALIZE[744]</label>
			<label2 />
			<icon>special://skin/extras/icons/DefaultAddSource.png</icon>
			<thumb />
			<onclick>ActivateWindow(Music,sources://music/,return)</onclick>
			<property name="path">ActivateWindow(Music,sources://music/,return)</property>
			<visible>[String.IsEqual(System.ProfileName,Master user)] + String.IsEqual(Container(9000).ListItem.Property(submenuVisibility),music)</visible>
			<property name="isSubmenu">True</property>
		</item>
		<item id="5">
			<property name="id">$NUMBER[5]</property>
			<property name="mainmenuid">8</property>
			<label>$LOCALIZE[24001]</label>
			<label2 />
			<icon>special://skin/extras/icons/DefaultAddSource.png</icon>
			<thumb />
			<onclick>ActivateWindow(Music,addons://sources/audio/,return)</onclick>
			<property name="path">ActivateWindow(Music,addons://sources/audio/,return)</property>
			<visible>[String.IsEqual(System.ProfileName,Master user)] + String.IsEqual(Container(9000).ListItem.Property(submenuVisibility),music)</visible>
			<property name="isSubmenu">True</property>
		</item>
		<item id="6">
			<property name="id">$NUMBER[6]</property>
			<property name="mainmenuid">8</property>
			<label>$LOCALIZE[14022]</label>
			<label2 />
			<icon>special://skin/extras/icons/DefaultAddSource.png</icon>
			<thumb />
			<onclick>ActivateWindow(Music,musicdb://)</onclick>
			<property name="path">ActivateWindow(Music,musicdb://)</property>
			<visible>[String.IsEqual(System.ProfileName,Master user)] + String.IsEqual(Container(9000).ListItem.Property(submenuVisibility),music)</visible>
			<property name="isSubmenu">True</property>
		</item>
		<item id="1">
			<property name="id">$NUMBER[1]</property>
			<property name="mainmenuid">9</property>
			<label>$LOCALIZE[1038]</label>
			<label2 />
			<icon>special://skin/extras/icons/DefaultAddSource.png</icon>
			<thumb />
			<onclick>ActivateWindow(Music,Addons,return)</onclick>
			<property name="path">ActivateWindow(Music,Addons,return)</property>
			<visible>[String.IsEqual(System.ProfileName,Master user)] + String.IsEqual(Container(9000).ListItem.Property(submenuVisibility),programs)</visible>
			<property name="isSubmenu">True</property>
		</item>
		<item id="2">
			<property name="id">$NUMBER[2]</property>
			<property name="mainmenuid">9</property>
			<label>$LOCALIZE[1037]</label>
			<label2 />
			<icon>special://skin/extras/icons/DefaultAddSource.png</icon>
			<thumb />
			<onclick>ActivateWindow(Videos,Addons,return)</onclick>
			<property name="path">ActivateWindow(Videos,Addons,return)</property>
			<visible>[String.IsEqual(System.ProfileName,Master user)] + String.IsEqual(Container(9000).ListItem.Property(submenuVisibility),programs)</visible>
			<property name="isSubmenu">True</property>
		</item>
		<item id="3">
			<property name="id">$NUMBER[3]</property>
			<property name="mainmenuid">9</property>
			<label>$LOCALIZE[10040]</label>
			<label2 />
			<icon>special://skin/extras/icons/DefaultAddSource.png</icon>
			<thumb />
			<onclick>ActivateWindow(Addonbrowser)</onclick>
			<property name="path">ActivateWindow(Addonbrowser)</property>
			<visible>[String.IsEqual(System.ProfileName,Master user)] + String.IsEqual(Container(9000).ListItem.Property(submenuVisibility),programs)</visible>
			<property name="isSubmenu">True</property>
		</item>
		<item id="4">
			<property name="id">$NUMBER[4]</property>
			<property name="mainmenuid">9</property>
			<label>$LOCALIZE[1043]</label>
			<label2 />
			<icon>special://skin/extras/icons/DefaultAddSource.png</icon>
			<thumb />
			<onclick>ActivateWindow(Programs,Addons,return)</onclick>
			<property name="path">ActivateWindow(Programs,Addons,return)</property>
			<visible>[String.IsEqual(System.ProfileName,Master user)] + String.IsEqual(Container(9000).ListItem.Property(submenuVisibility),programs)</visible>
			<property name="isSubmenu">True</property>
		</item>
		<item id="5">
			<property name="id">$NUMBER[5]</property>
			<property name="mainmenuid">9</property>
			<label>$LOCALIZE[1039]</label>
			<label2 />
			<icon>special://skin/extras/icons/DefaultAddSource.png</icon>
			<thumb />
			<onclick>ActivateWindow(Pictures,Addons,return)</onclick>
			<property name="path">ActivateWindow(Pictures,Addons,return)</property>
			<visible>[String.IsEqual(System.ProfileName,Master user)] + String.IsEqual(Container(9000).ListItem.Property(submenuVisibility),programs)</visible>
			<property name="isSubmenu">True</property>
		</item>
		<item id="1">
			<property name="id">$NUMBER[1]</property>
			<property name="mainmenuid">10</property>
			<label>$ADDON[script.skinshortcuts 32033]</label>
			<label2>$ADDON[script.skinshortcuts 32034]</label2>
			<icon>DefaultDVDFull.png</icon>
			<thumb />
			<onclick>EjectTray()</onclick>
			<property name="path">EjectTray()</property>
			<visible>[String.IsEqual(System.ProfileName,Master user)] + String.IsEqual(Container(9000).ListItem.Property(submenuVisibility),dvd)</visible>
			<property name="isSubmenu">True</property>
		</item>
		<item id="1">
			<property name="id">$NUMBER[1]</property>
			<property name="mainmenuid">12</property>
			<label>$LOCALIZE[130]</label>
			<label2 />
			<icon>special://skin/extras/icons/DefaultAddSource.png</icon>
			<thumb />
			<onclick>ActivateWindow(SystemInfo)</onclick>
			<property name="path">ActivateWindow(SystemInfo)</property>
			<visible>[String.IsEqual(System.ProfileName,Master user)] + String.IsEqual(Container(9000).ListItem.Property(submenuVisibility),settings)</visible>
			<property name="isSubmenu">True</property>
		</item>
		<item id="2">
			<property name="id">$NUMBER[2]</property>
			<property name="mainmenuid">12</property>
			<label>$LOCALIZE[33060]</label>
			<label2 />
			<icon>special://skin/extras/icons/DefaultAddSource.png</icon>
			<thumb />
			<onclick>ActivateWindow(shutdownmenu)</onclick>
			<property name="path">ActivateWindow(shutdownmenu)</property>
			<visible>[String.IsEqual(System.ProfileName,Master user)] + String.IsEqual(Container(9000).ListItem.Property(submenuVisibility),settings)</visible>
			<property name="isSubmenu">True</property>
		</item>
		<item id="3">
			<property name="id">$NUMBER[3]</property>
			<property name="mainmenuid">12</property>
			<label>$LOCALIZE[20077]</label>
			<label2 />
			<icon>special://skin/extras/icons/DefaultAddSource.png</icon>
			<thumb />
			<onclick>ActivateWindow(SkinSettings)</onclick>
			<property name="path">ActivateWindow(SkinSettings)</property>
			<visible>[String.IsEqual(System.ProfileName,Master user)] + String.IsEqual(Container(9000).ListItem.Property(submenuVisibility),settings)</visible>
			<property name="isSubmenu">True</property>
		</item>
		<item id="4">
			<property name="id">$NUMBER[4]</property>
			<property name="mainmenuid">12</property>
			<label>$LOCALIZE[7]</label>
			<label2 />
			<icon>special://skin/extras/icons/DefaultAddSource.png</icon>
			<thumb />
			<onclick>ActivateWindow(FileManager)</onclick>
			<property name="path">ActivateWindow(FileManager)</property>
			<visible>[String.IsEqual(System.ProfileName,Master user)] + String.IsEqual(Container(9000).ListItem.Property(submenuVisibility),settings)</visible>
			<property name="isSubmenu">True</property>
		</item>
		<item id="5">
			<property name="id">$NUMBER[5]</property>
			<property name="mainmenuid">12</property>
			<label>$LOCALIZE[13200]</label>
			<label2 />
			<icon>special://skin/extras/icons/DefaultAddSource.png</icon>
			<thumb />
			<onclick>ActivateWindow(Profiles)</onclick>
			<property name="path">ActivateWindow(Profiles)</property>
			<visible>[String.IsEqual(System.ProfileName,Master user)] + String.IsEqual(Container(9000).ListItem.Property(submenuVisibility),settings)</visible>
			<property name="isSubmenu">True</property>
		</item>
		<item id="6">
			<property name="id">$NUMBER[6]</property>
			<property name="mainmenuid">12</property>
			<label>$LOCALIZE[31159]</label>
			<label2 />
			<icon>special://skin/extras/icons/DefaultAddSource.png</icon>
			<thumb />
			<visible>[system.getbool(eventlog.enabled)] + String.IsEqual(Container(9000).ListItem.Property(submenuVisibility),settings)</visible>
			<onclick>ActivateWindow(Eventlog)</onclick>
			<property name="path">ActivateWindow(Eventlog)</property>
			<visible>String.IsEqual(System.ProfileName,Master user)</visible>
			<property name="isSubmenu">True</property>
		</item>
	</include>
	<include />
	<include name="skinshortcuts-submenu-1" />
	<include />
	<include name="skinshortcuts-submenu-2" />
</includes>
