<?xml version="1.0" encoding="UTF-8"?>
<includes>
	<include name="SmallIcons">
		<control type="group">
			<animation effect="rotatey" start="0" end="-15" time="1000" loop="false" center="100,300" condition="true">Conditional</animation>	<!--TK-->
			<visible>Control.IsVisible(499) + !Window.IsActive(addoninformation)</visible>
			<include>ViewAnimation</include>
			<top>-100</top>
			<control type="image">
				<left>74</left>
				<top>110</top>
				<width>2100</width>
				<height>910</height>
				<texture>listpanel_back.png</texture>
			</control>
			<control type="panel" id="499">
				<left>127</left>
				<top>140</top>
				<width>2100</width>
				<height>870</height>
				<onright condition="Control.IsVisible(49960)">49960</onright>
				<onright condition="!Control.IsVisible(49960)">SetProperty(MediaMenu,True,Home)</onright>
				<onright condition="!Control.IsVisible(49960)">SetFocus(9050)</onright>
				<onleft>SetProperty(MediaMenu,True,Home)</onleft>
				<onleft>SetFocus(9050)</onleft>
				<onup>499</onup>
				<ondown>499</ondown>
				<pagecontrol>49960</pagecontrol>
				<preloaditems>2</preloaditems>
				<viewtype label="$LOCALIZE[1438] $LOCALIZE[536]">icon</viewtype>
				<scrolltime tween="quadratic" easing="out">300</scrolltime>
				<visible>Container.Content(tvshows) | Container.Content(movies) | Container.Content(seasons) | Container.Content(sets)</visible>
				<itemlayout width="200" height="290">
					<control type="image">
						<width>180</width>
						<height>270</height>
						<aspectratio>stretch</aspectratio>
						<texture background="true">$VAR[PosterThumb]</texture>
						<bordertexture border="2">thumbs/panel_border3.png</bordertexture>
						<bordersize>2</bordersize>
						<!--	colordiffuse>BAffffff</colordiffuse>	<!--TK-->
					</control>
				
					<control type="image">
						<width>180</width>
						<height>270</height>
						<aspectratio>stretch</aspectratio>
						<texture>homewidgets\cases\glass\portrait.png</texture>
					</control>
				
					<control type="image">
						<left>127</left>
						<top>1</top>
						<width>65</width>
						<height>65</height>
						<texture>$VAR[OverlayVar]</texture>
						<aspectratio align="center" aligny="top">keep</aspectratio>
						<bordersize>1</bordersize>
						<visible>[!String.IsEmpty(Skin.String(499.Movies.DisableOverlay)) + Container.Content(movies)] | [!String.IsEmpty(Skin.String(499.TV.DisableOverlay)) + Container.Content(tvshows)]</visible>
					</control>
					<control type="group">
						<left>8</left>
						<top>8</top>
						<include condition="Skin.HasSetting(Disable.UnwatchedIcon)">UnwatchedIcon</include>
					</control>
				</itemlayout>
				<focusedlayout width="200" height="290">
					<control type="image">
						<animation type="Focus" reversible="false">
							<effect type="rotatey" end="30" time="400" loop="false" center="100,0" />	<--TK-->
							<effect type="zoom" start="95" end="120" time="400" tween="sine" easing="inout" center="auto" />
							<effect type="fade" start="80" end="100" time="400" tween="sine" easing="in" />
						</animation>
						<width>180</width>
						<height>270</height>
						<aspectratio>stretch</aspectratio>
						<texture background="true">$VAR[PosterThumb]</texture>
						<bordertexture colordiffuse="$VAR[ThemeLabelColor]" border="8">thumbs/thumbnail_focused.png</bordertexture>
						<bordersize>1</bordersize>
					</control>
				
					<control type="image">
						<animation type="Focus" reversible="false">
							<effect type="rotatey" end="30" time="400" loop="false" center="100,0" />	<--TK-->
							<effect type="zoom" start="95" end="120" time="400" tween="sine" easing="inout" center="auto" />
							<effect type="fade" start="80" end="100" time="400" tween="sine" easing="in" />
						</animation>
						<width>180</width>
						<height>270</height>
						<aspectratio>stretch</aspectratio>
						<texture>homewidgets\cases\glass\portrait.png</texture>
					</control>
				
					<control type="image">
						<animation type="Focus" reversible="false">
							<effect type="rotatey" end="30" time="400" loop="false" center="100,0" />	<--TK-->
							<effect type="zoom" start="95" end="120" time="400" tween="sine" easing="inout" center="auto" />
							<effect type="fade" start="80" end="100" time="400" tween="sine" easing="in" />
						</animation>
						<left>124</left>
						<top>4</top>
						<width>65</width>
						<height>65</height>
						<texture>$VAR[OverlayVar]</texture>
						<aspectratio align="center" aligny="top">keep</aspectratio>
						<bordersize>2</bordersize>
						<visible>[!String.IsEmpty(Skin.String(499.Movies.DisableOverlay)) + Container.Content(movies)] | [!String.IsEmpty(Skin.String(499.TV.DisableOverlay)) + Container.Content(tvshows)]</visible>
					</control>
					<control type="group">
						<animation type="Focus" reversible="false">
							<effect type="rotatey" end="30" time="400" loop="false" center="100,0" />	<--TK-->
							<effect type="zoom" start="95" end="120" time="400" tween="sine" easing="inout" center="auto" />
							<effect type="fade" start="80" end="100" time="400" tween="sine" easing="in" />
						</animation>
						<left>8</left>
						<top>8</top>
						<include condition="Skin.HasSetting(Disable.UnwatchedIcon)">UnwatchedIcon</include>
					</control>
				</focusedlayout>
			</control>
			<control type="scrollbar" id="49960">
				<left>2116</left>
				<top>170</top>
				<width>12</width>
				<height>810</height>
				<onleft>50</onleft>
				<onright>SetProperty(MediaMenu,True,Home)</onright>
				<onright>SetFocus(9050)</onright>
				<ondown>49960</ondown>
				<onup>49960</onup>
				<showonepage>false</showonepage>
				<texturesliderbackground colordiffuse="1AFFFFFF">colors/white50.png</texturesliderbackground>
				<texturesliderbar colordiffuse="1AFFFFFF">colors/white.png</texturesliderbar>
				<texturesliderbarfocus colordiffuse="$VAR[ThemeLabelColor]">colors/white.png</texturesliderbarfocus>
			</control>
			<control type="group">
				<visible>![Container.Content(movies) | Container.Content(sets) | Container.Content(tvshows) | Container.Content(seasons) | Container.Content(episodes) | Container.Content(addons)]</visible>
				<animation effect="slide" tween="cubic" time="720" start="0,806" end="0,0">VisibleChange</animation>
				<control type="button">
					<top>1000</top>
					<left>90</left>
					<width>1700</width>
					<height>90</height>
					<font>font16_title_bold</font>
					<textcolor>white</textcolor>
					<label>$INFO[ListItem.Label]</label>
					<label2>$INFO[ListItem.Label2]</label2>
					<textoffsetx>30</textoffsetx>
					<texturenofocus />
					<enable>no</enable>
					<disabledcolor>white</disabledcolor>
				</control>
			</control>
			<control type="group">
				<include content="InfoPopup">
					<param name="StudioLabelID">499</param>
				</include>
				<visible>Skin.HasSetting(Enable.SmallIconsInfoPopup) + Control.HasFocus(499) + !ListItem.IsParentFolder</visible>
			</control>
		</control>
	</include>
</includes>