<?xml version="1.0" encoding="UTF-8"?>
<overrides>
	<groupoverride group="mainmenu" condition="String.IsEqual(ListItem.Property(path),ActivateWindow(1129))">SetProperty(CustomSelectSearch,True,Home)</groupoverride>
	<visibleoverride condition="Library.HasContent(music)">ActivateWindow(music)</visibleoverride>
	<visibleoverride condition="Library.HasContent(movies)">ActivateWindow(videos,files,return)</visibleoverride>
	<visibleoverride condition="Library.HasContent(tvshows)">ActivateWindow(videos,files,return)</visibleoverride>
	<visibleoverride condition="Library.HasContent(musicvideos)">ActivateWindow(videos,files,return)</visibleoverride>
	<visibleoverride condition="System.HasPVRAddon">ActivateWindow(addonbrowser,addons://repository.xbmc.org/xbmc.pvrclient,return)</visibleoverride>
	<visibleoverride condition="!String.IsEmpty(Weather.Plugin)">ActivateWindow(servicesettings,weather)</visibleoverride>
	<warn heading="19098" message="31377">ActivateWindow(Settings)</warn>
	<warn heading="19098" message="31377">ActivateWindow(SkinSettings)</warn>
	<alwaysRestore>True</alwaysRestore>
	<defaultwidgetsGetMore>False</defaultwidgetsGetMore>
	<thumbnailBrowseDefault>special://skin/extras/icons/</thumbnailBrowseDefault>
	<!-- Backgrounds -->
	<backgroundBrowse>True</backgroundBrowse>
	<!-- <background label="Kodi random movie fanart">Kodi.Movie.Fanart</background> -->
	<!-- <background label="Kodi random TV show fanart">Kodi.TV.Fanart</background> -->
	<!-- <background label="Kodi random music fanart">Kodi.Music.Fanart</background> -->
	<background label="31062" condition="System.HasAddon(script.grab.fanart)">Movie.Fanart</background>
	<background label="31063" condition="System.HasAddon(script.grab.fanart)">TV.Fanart</background>
	<background label="31064" condition="System.HasAddon(script.grab.fanart)">Video.Fanart</background>
	<background label="31065" condition="System.HasAddon(script.grab.fanart)">Music.Fanart</background>
	<background label="31066" condition="System.HasAddon(script.grab.fanart)">Global.Fanart</background>
	<background label="31084" condition="!String.IsEmpty(Skin.String(weatherfanart.path))">Weather.Fanart</background>
	<background label="Live Background: Recent movies" condition="String.IsEmpty(Window(Home).Property(No.Cases))">s:live|i:recent movies</background>
	<background label="Live Background: Recent episodes" condition="String.IsEmpty(Window(Home).Property(No.Cases))">s:live|i:recent episodes</background>
	<background label="Live Background: ::PLAYLIST::" condition="String.IsEmpty(Window(Home).Property(No.Cases))">s:live|i:playlist</background>
	<background label="Live Background: Random songs" condition="String.IsEmpty(Window(Home).Property(No.Cases)) + System.HasAddon(service.library.data.provider)">s:live|i:songs</background>
	<background label="Live Background: Random albums" condition="String.IsEmpty(Window(Home).Property(No.Cases)) + System.HasAddon(service.library.data.provider)">s:live|i:albums</background>
	<background label="::PLAYLIST::" condition="String.IsEmpty(Window(Home).Property(No.Cases))">s:playlist|i:playlist</background>
	<!-- Infolines -->
	<property property="InfoLine">31052</property>
	<property property="InfoLine">31053</property>
	<property property="InfoLine">31054</property>
	<property property="InfoLine">31085</property>
	<property property="InfoLine">31058</property>
	<property property="InfoLine">20088</property>
	<property property="InfoLine">130</property>
	<property property="InfoLine" condition="System.HasAddon(script.skin.helper.service)">31061</property>
	<property property="InfoLine" condition="System.HasAddon(script.skin.helper.service)">31800</property>
	<property property="InfoLine" condition="System.HasAddon(script.skin.helper.service)">31801</property>
	<property property="InfoLine" condition="System.HasAddon(script.skin.helper.service)">31802</property>
	<property property="InfoLine" condition="System.HasAddon(script.skin.helper.service)">31803</property>
	<property property="InfoLine" condition="System.HasAddon(script.skin.helper.service)">31804</property>
	<property property="InfoLine">31097</property>
	<property property="InfoLine">31098</property>
	<property property="InfoLine">31099</property>
	<!-- Main Menu Shortcuts -->
	<groupings>
		<!-- Common -->
		<node label="31530">
			<shortcut label="3" type="3" icon="DefaultVideo.png">ActivateWindow(Videos,library://video/,return)</shortcut>
			<shortcut label="342" type="20342" icon="DefaultMovies.png">ActivateWindow(Videos,videodb://movies/titles/,return)</shortcut>
			<shortcut label="20343" type="20343" icon="DefaultTVShows.png">ActivateWindow(Videos,videodb://tvshows/titles/,return)</shortcut>
			<shortcut label="2" type="2" icon="DefaultAddonMusic.png">ActivateWindow(Music,musicdb://,return)</shortcut>
			<shortcut label="31517" type="2" icon="DefaultMusicArtists.png">ActivateWindow(Music,musicdb://artists/,return)</shortcut>
			<shortcut label="31518" type="2" icon="DefaultMusicAlbums.png">ActivateWindow(Music,musicdb://albums/,return)</shortcut>
			<shortcut label="20389" type="20389" icon="DefaultMusicVideos.png">ActivateWindow(Videos,videodb://musicvideos/titles/,return)</shortcut>
			<shortcut label="20244" type="10001" icon="DefaultAddonProgram.png" condition="System.Platform.Android">ActivateWindow(Programs,androidapp://sources/apps,return)</shortcut>
			<shortcut label="10001" type="10001" icon="DefaultAddonProgram.png">ActivateWindow(Programs,Addons,return)</shortcut>
			<shortcut label="1037" type="1037" icon="DefaultAddonVideo.png">ActivateWindow(Videos,Addons,return)</shortcut>
			<shortcut label="1038" type="1038" icon="DefaultAddonMusic.png">ActivateWindow(MusicLibrary,Addons,return)</shortcut>
			<shortcut label="1039" type="1039" icon="DefaultAddonPicture.png">ActivateWindow(Pictures,Addons,return)</shortcut>
			<shortcut label="10821" type="10821" icon="DefaultGameAddons.png">ActivateWindow(Games)</shortcut>
			<shortcut label="33060" type="33060" icon="DefaultAddonNone.png">ActivateWindow(shutdownmenu)</shortcut>
			<shortcut label="589" type="589" icon="DefaultPartyMode.png">PlayerControl(PartyMode)</shortcut>
			<shortcut label="31519" type="589" icon="DefaultPartyMode.png">PlayerControl(PartyMode(Video))</shortcut>
			<shortcut label="4" type="4" icon="DefaultAddonTvInfo.png">ActivateWindow(TVGuide)</shortcut>
			<shortcut label="19023" type="19023" icon="DefaultAddonTvInfo.png">ActivateWindow(TVChannels)</shortcut>
			<shortcut label="1" type="1" icon="DefaultPicture.png">ActivateWindow(Pictures)</shortcut>
			<shortcut label="12600" type="12600" icon="DefaultAddonWeather.png">ActivateWindow(Weather)</shortcut>
			<shortcut label="341" type="341" icon="DefaultVCD.png">PlayDisc</shortcut>
			<shortcut label="31485" type="31485" icon="DefaultVCD.png">EjectTray()</shortcut>
		</node>
		<!-- Video Library -->
		<node label="14236">
			<shortcut label="1214" type="3" icon="DefaultVideo.png">ActivateWindow(Videos,library://video/,return)</shortcut>
			<!-- Movies -->
			<node label="20342">
				<shortcut label="342" type="20342" icon="DefaultMovies.png">ActivateWindow(Videos,videodb://movies/,return)</shortcut>
				<shortcut label="10024" type="20342" icon="DefaultMovieTitle.png">ActivateWindow(Videos,videodb://movies/titles/,return)</shortcut>
				<shortcut label="20382" type="20342" icon="DefaultRecentlyAddedMovies.png">ActivateWindow(Videos,videodb://recentlyaddedmovies,return)</shortcut>
				<shortcut label="135" type="20342" icon="DefaultGenre.png">ActivateWindow(Videos,videodb://movies/genres/,return)</shortcut>
				<shortcut label="652" type="20342" icon="DefaultYear.png">ActivateWindow(Videos,videodb://movies/years/,return)</shortcut>
				<shortcut label="344" type="20342" icon="DefaultActor.png">ActivateWindow(Videos,videodb://movies/actors/,return)</shortcut>
				<shortcut label="20348" type="20342" icon="DefaultDirector.png">ActivateWindow(Videos,videodb://movies/directors/,return)</shortcut>
				<shortcut label="20388" type="20342" icon="DefaultStudios.png">ActivateWindow(Videos,videodb://movies/studios/,return)</shortcut>
				<shortcut label="20434" type="20342" icon="DefaultSets.png">ActivateWindow(Videos,videodb://movies/sets/,return)</shortcut>
				<shortcut label="20451" type="20342" icon="DefaultCountry.png">ActivateWindow(Videos,videodb://movies/countries/,return)</shortcut>
				<shortcut label="20459" type="20342" icon="DefaultTags.png">ActivateWindow(Videos,videodb://movies/tags/,return)</shortcut>
			</node>
			<!-- TV Shows -->
			<node label="20343">
				<shortcut label="20343" type="20343" icon="DefaultTVShows.png">ActivateWindow(Videos,videodb://tvshows/,return)</shortcut>
				<shortcut label="10024" type="20343" icon="DefaultTVShowTitle.png">ActivateWindow(Videos,videodb://tvshows/titles/,return)</shortcut>
				<shortcut label="20382" type="20343" icon="DefaultRecentlyAddedEpisodes.png">ActivateWindow(Videos,videodb://recentlyaddedepisodes,return)</shortcut>
				<shortcut label="626" type="20343" icon="DefaultInProgressShows.png">ActivateWindow(Videos,videodb://inprogresstvshows,return)</shortcut>
				<shortcut label="135" type="20343" icon="DefaultGenre.png">ActivateWindow(Videos,videodb://tvshows/genres/,return)</shortcut>
				<shortcut label="652" type="20343" icon="DefaultYear.png">ActivateWindow(Videos,videodb://tvshows/years/,return)</shortcut>
				<shortcut label="344" type="20343" icon="DefaultActor.png">ActivateWindow(Videos,videodb://tvshows/actors/,return)</shortcut>
				<shortcut label="20388" type="20343" icon="DefaultStudios.png">ActivateWindow(Videos,videodb://tvshows/studios/,return)</shortcut>
			</node>
			<!-- Music Videos -->
			<node label="20389">
				<shortcut label="20389" type="20389" icon="DefaultMusicVideos.png">ActivateWindow(Videos,videodb://musicvideos/,return)</shortcut>
				<shortcut label="10024" type="20389" icon="DefaultMusicVideoTitle.png">ActivateWindow(Videos,videodb://musicvideos/titles/,return)</shortcut>
				<shortcut label="20382" type="20389" icon="DefaultRecentlyAddedMusicVideos.png">ActivateWindow(Videos,videodb://recentlyaddedmusicvideos,return)</shortcut>
				<shortcut label="135" type="20389" icon="DefaultMusicGenres.png">ActivateWindow(Videos,videodb://musicvideos/genres/,return)</shortcut>
				<shortcut label="652" type="20389" icon="DefaultMusicYears.png">ActivateWindow(Videos,videodb://musicvideos/years/,return)</shortcut>
				<shortcut label="133" type="20389" icon="DefaultMusicArtists.png">ActivateWindow(Videos,videodb://musicvideos/artists/,return)</shortcut>
				<shortcut label="344" type="20389" icon="DefaultMusicAlbums.png">ActivateWindow(Videos,videodb://musicvideos/albums/,return)</shortcut>
				<shortcut label="20348" type="20389" icon="DefaultDirector.png">ActivateWindow(Videos,videodb://musicvideos/directors/,return)</shortcut>
				<shortcut label="20388" type="20389" icon="DefaultStudios.png">ActivateWindow(Videos,videodb://musicvideos/studios/,return)</shortcut>
			</node>
			<!-- Playlists -->
			<node label="136">
				<shortcut label="136" type="136" icon="DefaultVideoPlaylists.png">ActivateWindow(Videos,special://videoplaylists/,return)</shortcut>
				<content>playlist-video</content>
			</node>
		</node>
		<!-- Music Library -->
		<node label="14237">
			<shortcut label="1214" type="2" icon="DefaultAddonMusic.png">ActivateWindow(Music,library://music/,return)</shortcut>
			<!-- Music -->
			<node label="2">
				<shortcut label="133" type="2" icon="DefaultArtist.png">ActivateWindow(Music,musicdb://artists/,return)</shortcut>
				<shortcut label="132" type="2" icon="DefaultMusicAlbums.png">ActivateWindow(Music,musicdb://albums/,return)</shortcut>
				<shortcut label="134" type="2" icon="DefaultMusicSongs.png">ActivateWindow(Music,musicdb://songs/,return)</shortcut>
				<shortcut label="135" type="2" icon="DefaultMusicGenres.png">ActivateWindow(Music,musicdb://genres/,return)</shortcut>
				<shortcut label="652" type="2" icon="DefaultMusicYears.png">ActivateWindow(Music,musicdb://years/,return)</shortcut>
				<shortcut label="271" type="2" icon="DefaultMusicTop100.png">ActivateWindow(Music,musicdb://top100/,return)</shortcut>
				<shortcut label="10504" type="2" icon="DefaultMusicTop100Songs.png">ActivateWindow(Music,musicdb://top100/songs/,return)</shortcut>
				<shortcut label="10505" type="2" icon="DefaultMusicTop100Albums.png">ActivateWindow(Music,musicdb://top100/albums/,return)</shortcut>
				<shortcut label="359" type="2" icon="DefaultMusicTop100Albums.png">ActivateWindow(Music,musicdb://recentlyaddedalbums/,return)</shortcut>
				<shortcut label="517" type="2" icon="DefaultMusicTop100Albums.png">ActivateWindow(Music,musicdb://recentlyplayedalbums/,return)</shortcut>
			</node>
			<!-- Playlists -->
			<node label="136">
				<shortcut label="136" type="136" icon="DefaultMusicPlaylists.png">ActivateWindow(Music,special://videoplaylists/,return)</shortcut>
				<content>playlist-audio</content>
			</node>
		</node>
		<!-- Sources -->
		<node label="39031">
			<node label="3">
				<shortcut label="744" type="39031" icon="DefaultFile.png">ActivateWindow(Videos,sources://video/,return)</shortcut>
				<content>videosources</content>
				<content>upnp-video</content>
			</node>
			<node label="2">
				<shortcut label="744" type="39031" icon="DefaultFile.png">ActivateWindow(Music,sources://music/,return)</shortcut>
				<content>musicsources</content>
				<content>upnp-music</content>
			</node>
			<node label="1">
				<shortcut label="744" type="39031" icon="DefaultFile.png">ActivateWindow(Pictures,return)</shortcut>
			</node>
		</node>
		<!-- Add-ons -->
		<node label="24001">
			<node label="1043">
				<shortcut label="20244" type="1043" icon="DefaultAddonProgram.png" condition="System.Platform.Android">ActivateWindow(Programs,androidapp://sources/apps,return)</shortcut>
				<shortcut label="1043" type="1043" icon="DefaultAddonProgram.png">ActivateWindow(Programs,Addons,return)</shortcut>
				<content>addon-program</content>
			</node>
			<node label="1037">
				<shortcut label="1037" type="1037" icon="DefaultAddonVideo.png">ActivateWindow(Videos,Addons,return)</shortcut>
				<content>addon-video</content>
			</node>
			<node label="1038">
				<shortcut label="1038" type="1038" icon="DefaultAddonMusic.png">ActivateWindow(MusicLibrary,Addons,return)</shortcut>
				<content>addon-audio</content>
			</node>
			<node label="1039">
				<shortcut label="1039" type="1039" icon="DefaultAddonPicture.png">ActivateWindow(Pictures,Addons,return)</shortcut>
				<content>addon-image</content>
			</node>
		</node>
		<!-- PVR/Live TV -->
		<node label="14204" condition="PVR.HasTVChannels | PVR.HasRadioChannels">
			<content>pvr</content>
			<node label="19023" condition="PVR.HasTVChannels">
				<content>pvr-tv</content>
			</node>
			<node label="19024" condition="PVR.HasRadioChannels">
				<content>pvr-radio</content>
			</node>
		</node>
		<!-- Games -->
		<node label="10821">
			<shortcut label="10821" type="32021" icon="DefaultGameAddons.png">ActivateWindow(Games)</shortcut>
		</node>
		<!-- Pictures -->
		<node label="1">
			<shortcut label="1" type="1" icon="DefaultPicture.png">ActivateWindow(Pictures)</shortcut>
			<shortcut label="1039" type="1" icon="DefaultAddonPicture.png">ActivateWindow(Pictures,Addons,return)</shortcut>
			<content>picturesources</content>
		</node>
		<!-- Favourites -->
		<node label="1036">
			<shortcut label="1036" type="1036" icon="DefaultAddonsInstalled.png">ActivateWindow(Favourites)</shortcut>
			<content>favourite</content>
		</node>
		<!-- System/Settings -->
		<node label="13000">
			<node label="31531">
				<content>commands</content>
				<shortcut label="20183" type="32054">ReloadSkin()</shortcut>
			</node>
			<shortcut label="7" type="13000" icon="DefaultRemovableDisk.png">ActivateWindow(FileManager)</shortcut>
			<shortcut label="13200" type="13000" icon="DefaultAddonService.png">ActivateWindow(Profiles)</shortcut>
			<shortcut label="130" type="13000" icon="DefaultAddonService.png">ActivateWindow(SystemInfo)</shortcut>
			<shortcut label="10050" type="13000" icon="DefaultAddonService.png">ActivateWindow(Eventlog)</shortcut>
			<content>settings</content>
		</node>
	</groupings>
	<!-- Widgets -->
	<widget-groupings>
		<!-- Video Library -->
		<node label="14236">
			<!-- Movies -->
			<node label="20342">
				<shortcut label="20386" icon="logos/kodi-pl.png" widget="library" widgetType="movies" widgetTarget="video">special://skin/extras/playlists/randommovies.xsp</shortcut>
				<shortcut label="20386" icon="logos/kodi-pl.png" widget="library" widgetType="movies" widgetTarget="video">special://skin/extras/playlists/recentmovies.xsp</shortcut>
				<shortcut label="31732" icon="logos/kodi-pl.png" condition="Library.HasContent(Movies)" widget="library" widgetType="movies" widgetTarget="video">special://skin/extras/playlists/inprogressmovies.xsp</shortcut>
				<shortcut label="31533" icon="logos/kodi-pl.png" condition="Library.HasContent(Movies)" widget="library" widgetType="movies" widgetTarget="video">special://skin/extras/playlists/unwatchedmovies.xsp</shortcut>
				<shortcut label="13409" icon="logos/kodi-pl.png" condition="Library.HasContent(Movies)" widget="library" widgetType="movies" widgetTarget="video">special://skin/extras/playlists/top250.xsp</shortcut>
				<shortcut label="31534" icon="logos/kodi-pl.png" condition="Library.HasContent(Movies)" widget="library" widgetType="movies" widgetTarget="video">special://skin/extras/playlists/bestpicture.xsp</shortcut>
				<shortcut label="20434" icon="logos/kodi-sets.png" condition="Library.HasContent(MovieSets)" widget="library" widgetType="sets" widgetTarget="video">library://video/movies/sets.xml/</shortcut>
				<shortcut label="$ADDON[service.library.data.provider 32004]" condition="System.HasAddon(service.library.data.provider)" icon="logos/ldp-logo.png" widget="library" widgetType="movies" widgetTarget="video">plugin://service.library.data.provider?type=randommovies&amp;reload=$INFO[Window.Property(randommovies)]</shortcut>
				<shortcut label="$ADDON[service.library.data.provider 32005]" condition="System.HasAddon(service.library.data.provider)" icon="logos/ldp-logo.png" widget="library" widgetType="movies" widgetTarget="video">plugin://service.library.data.provider?type=recentmovies&amp;reload=$INFO[Window.Property(recentmovies)]</shortcut>
				<shortcut label="$ADDON[service.library.data.provider 32006]" condition="System.HasAddon(service.library.data.provider)" icon="logos/ldp-logo.png" widget="library" widgetType="movies" widgetTarget="video">plugin://service.library.data.provider?type=recommendedmovies&amp;reload=$INFO[Window.Property(recommendedmovies)]</shortcut>
				<shortcut label="$ADDON[script.skin.helper.widgets 32048]" condition="System.HasAddon(script.skin.helper.widgets)" icon="logos/shs-logo.png" widget="library" widgetType="movies" widgetTarget="video">plugin://script.skin.helper.widgets/?action=random&amp;mediatype=movies&amp;reload=$INFO[Window(Home).Property(widgetreload-movies)]</shortcut>
				<shortcut label="$ADDON[script.skin.helper.widgets 32038]" condition="System.HasAddon(script.skin.helper.widgets)" icon="logos/shs-logo.png" widget="library" widgetType="movies" widgetTarget="video">plugin://script.skin.helper.widgets/?action=recent&amp;mediatype=movies&amp;reload=$INFO[Window(Home).Property(widgetreload-movies)]</shortcut>
				<shortcut label="$ADDON[script.skin.helper.widgets 32046]" condition="System.HasAddon(script.skin.helper.widgets)" icon="logos/shs-logo.png" widget="library" widgetType="movies" widgetTarget="video">plugin://script.skin.helper.widgets/?action=recommended&amp;mediatype=movies&amp;reload=$INFO[Window(Home).Property(widgetreload-movies)]</shortcut>
				<shortcut label="$ADDON[script.skin.helper.widgets 32066]" condition="System.HasAddon(script.skin.helper.widgets)" icon="logos/shs-logo.png" widget="library" widgetType="movies" widgetTarget="video">plugin://script.skin.helper.widgets/?action=unwatched&amp;mediatype=movies&amp;reload=$INFO[Window(Home).Property(widgetreload-movies)]</shortcut>
				<shortcut label="$ADDON[script.skin.helper.widgets 32003]" condition="System.HasAddon(script.skin.helper.widgets)" icon="logos/shs-logo.png" widget="library" widgetType="movies" widgetTarget="video">plugin://script.skin.helper.widgets/?action=top250&amp;mediatype=movies&amp;reload=$INFO[Window(Home).Property(widgetreload-movies)]</shortcut>
				<shortcut label="$ADDON[script.skin.helper.widgets 32028]" condition="System.HasAddon(script.skin.helper.widgets)" icon="logos/shs-logo.png" widget="library" widgetType="movies" widgetTarget="video">plugin://script.skin.helper.widgets/?action=inprogress&amp;mediatype=movies&amp;reload=$INFO[Window(Home).Property(widgetreload-movies)]</shortcut>
				<shortcut label="$ADDON[script.skin.helper.widgets 32029]" condition="System.HasAddon(script.skin.helper.widgets)" icon="logos/shs-logo.png" widget="library" widgetType="movies" widgetTarget="video">plugin://script.skin.helper.widgets/?action=inprogressandrecommended&amp;mediatype=movies&amp;reload=$INFO[Window(Home).Property(widgetreload-movies)]</shortcut>
				<shortcut label="$ADDON[script.skin.helper.widgets 32006]" condition="System.HasAddon(script.skin.helper.widgets)" icon="logos/shs-logo.png" widget="library" widgetType="movies" widgetTarget="video">plugin://script.skin.helper.widgets/?action=similar&amp;mediatype=movies&amp;reload=$INFO[Window(Home).Property(widgetreload-movies)]</shortcut>
				<shortcut label="31734" condition="System.HasAddon(script.skin.helper.widgets)" icon="logos/shs-logo.png" widget="library" widgetType="movies" widgetTarget="video">plugin://script.skin.helper.widgets/?action=forgenre&amp;mediatype=movies&amp;reload=$INFO[Window(Home).Property(widgetreload2)]</shortcut>
				<shortcut label="10134" condition="System.HasAddon(script.skin.helper.widgets)" icon="logos/shs-logo.png" widget="library" widgetType="movies" widgetTarget="video">plugin://script.skin.helper.widgets/?action=favourites&amp;mediatype=movies&amp;reload=$INFO[Window(Home).Property(widgetreload-movies)]</shortcut>
				<shortcut label="$ADDON[script.extendedinfo 32047]" condition="System.HasAddon(script.extendedinfo)" icon="logos/trakt-logo.png" widget="trakt" widgetType="movies" widgetTarget="video">plugin://script.extendedinfo?info=trendingmovies</shortcut>
				<shortcut label="$ADDON[script.extendedinfo 32042]" condition="System.HasAddon(script.extendedinfo)" icon="logos/tmdb-logo.png" widget="tmdb" widgetType="movies" widgetTarget="video">plugin://script.extendedinfo?info=incinemamovies</shortcut>
				<shortcut label="$ADDON[script.extendedinfo 32043]" condition="System.HasAddon(script.extendedinfo)" icon="logos/tmdb-logo.png" widget="tmdb" widgetType="movies" widgetTarget="video">plugin://script.extendedinfo?info=upcomingmovies</shortcut>
				<shortcut label="$ADDON[script.extendedinfo 32044]" condition="System.HasAddon(script.extendedinfo)" icon="logos/tmdb-logo.png" widget="tmdb" widgetType="movies" widgetTarget="video">plugin://script.extendedinfo?info=popularmovies</shortcut>
				<shortcut label="$ADDON[script.extendedinfo 32046]" condition="System.HasAddon(script.extendedinfo)" icon="logos/tmdb-logo.png" widget="tmdb" widgetType="movies" widgetTarget="video">plugin://script.extendedinfo?info=topratedmovies</shortcut>
			</node>
			<!-- TV Shows -->
			<node label="20343">
				<shortcut label="31539" icon="logos/kodi-pl.png" condition="Library.HasContent(TVShows)" widget="library" widgetType="tvshows" widgetTarget="video">special://skin/extras/playlists/randomtvshows.xsp</shortcut>
				<shortcut label="31532" icon="logos/kodi-pl.png" condition="Library.HasContent(TVShows)" widget="library" widgetType="tvshows" widgetTarget="video">special://skin/extras/playlists/recenttvshows.xsp</shortcut>
				<shortcut label="626" icon="logos/kodi-pl.png" condition="Library.HasContent(TVShows)" widget="library" widgetType="tvshows" widgetTarget="video">special://skin/extras/playlists/inprogresstvshows.xsp</shortcut>
				<shortcut label="626" icon="logos/kodi.png" condition="Library.HasContent(TVShows)" widget="library" widgetType="tvshows" widgetTarget="video">library://video/tvshows/inprogressshows.xml</shortcut>
				<shortcut label="31535" icon="logos/kodi-pl.png" condition="Library.HasContent(TVShows)" widget="library" widgetType="tvshows" widgetTarget="video">special://skin/extras/playlists/unwatchedtvshows.xsp</shortcut>
				<shortcut label="$ADDON[script.skin.helper.widgets 32041]" condition="System.HasAddon(script.skin.helper.widgets)" icon="logos/shs-logo.png" widget="library" widgetType="tvshows" widgetTarget="video">plugin://script.skin.helper.widgets/?action=random&amp;mediatype=tvshows&amp;reload=$INFO[Window(Home).Property(widgetreload-tvshows)]</shortcut>
				<shortcut label="$ADDON[script.skin.helper.widgets 32045]" condition="System.HasAddon(script.skin.helper.widgets)" icon="logos/shs-logo.png" widget="library" widgetType="tvshows" widgetTarget="video">plugin://script.skin.helper.widgets/?action=recent&amp;mediatype=tvshows&amp;reload=$INFO[Window(Home).Property(widgetreload-tvshows)]</shortcut>
				<shortcut label="$ADDON[script.skin.helper.widgets 32037]" condition="System.HasAddon(script.skin.helper.widgets)" icon="logos/shs-logo.png" widget="library" widgetType="tvshows" widgetTarget="video">plugin://script.skin.helper.widgets/?action=recommended&amp;mediatype=tvshows&amp;reload=$INFO[Window(Home).Property(widgetreload-tvshows)]</shortcut>
				<shortcut label="$ADDON[script.skin.helper.widgets 32047]" condition="System.HasAddon(script.skin.helper.widgets)" icon="logos/shs-logo.png" widget="library" widgetType="tvshows" widgetTarget="video">plugin://script.skin.helper.widgets/?action=top250&amp;mediatype=tvshows&amp;reload=$INFO[Window(Home).Property(widgetreload-tvshows)]</shortcut>
				<shortcut label="$ADDON[script.skin.helper.widgets 32044]" condition="System.HasAddon(script.skin.helper.widgets)" icon="logos/shs-logo.png" widget="library" widgetType="tvshows" widgetTarget="video">plugin://script.skin.helper.widgets/?action=inprogress&amp;mediatype=tvshows&amp;reload=$INFO[Window(Home).Property(widgetreload-tvshows)]</shortcut>
				<shortcut label="$ADDON[script.skin.helper.widgets 32014]" condition="System.HasAddon(script.skin.helper.widgets)" icon="logos/shs-logo.png" widget="library" widgetType="tvshows" widgetTarget="video">plugin://script.skin.helper.widgets/?action=similar&amp;mediatype=tvshows&amp;reload=$INFO[Window(Home).Property(widgetreload-tvshows)]</shortcut>
				<shortcut label="31734" condition="System.HasAddon(script.skin.helper.widgets)" icon="logos/shs-logo.png" widget="library" widgetType="tvshows" widgetTarget="video">plugin://script.skin.helper.widgets/?action=forgenre&amp;mediatype=tvshows&amp;reload=$INFO[Window(Home).Property(widgetreload2)]</shortcut>
				<shortcut label="$ADDON[script.tv.show.next.aired 32101]" condition="System.HasAddon(script.skin.helper.widgets) + System.HasAddon(script.tv.show.next.aired)" icon="logos/tsna-logo.png" widget="library" widgetType="tvshows" widgetTarget="video">plugin://script.skin.helper.widgets/?action=nextairedtvshows&amp;reload=$INFO[Window(Home).Property(widgetreload2)]</shortcut>
				<shortcut label="$ADDON[script.extendedinfo 32032]" condition="System.HasAddon(script.extendedinfo)" icon="logos/trakt-logo.png" widget="trakt" widgetType="tvshows" widgetTarget="video">plugin://script.extendedinfo?info=trendingshows</shortcut>
				<shortcut label="$ADDON[script.extendedinfo 32041]" condition="System.HasAddon(script.extendedinfo)" icon="logos/tmdb-logo.png" widget="tmdb" widgetType="tvshows" widgetTarget="video">plugin://script.extendedinfo?info=populartvshows</shortcut>
				<shortcut label="$ADDON[script.extendedinfo 32040]" condition="System.HasAddon(script.extendedinfo)" icon="logos/tmdb-logo.png" widget="tmdb" widgetType="tvshows" widgetTarget="video">plugin://script.extendedinfo?info=topratedtvshows</shortcut>
				<shortcut label="$ADDON[script.extendedinfo 32039]" condition="System.HasAddon(script.extendedinfo)" icon="logos/tmdb-logo.png" widget="tmdb" widgetType="tvshows" widgetTarget="video">plugin://script.extendedinfo?info=onairtvshows</shortcut>
				<shortcut label="$ADDON[script.extendedinfo 32038]" condition="System.HasAddon(script.extendedinfo)" icon="logos/tmdb-logo.png" widget="tmdb" widgetType="tvshows" widgetTarget="video">plugin://script.extendedinfo?info=airingtodaytvshows</shortcut>
			</node>
			<!-- Episodes -->
			<node label="20360">
				<shortcut label="31033" icon="logos/kodi-pl.png" condition="Library.HasContent(TVShows)" widget="library" widgetType="tvshows" widgetTarget="video">special://skin/extras/playlists/randomepisodes.xsp</shortcut>
				<shortcut label="31030" icon="logos/kodi-pl.png" condition="Library.HasContent(TVShows)" widget="library" widgetType="tvshows" widgetTarget="video">special://skin/extras/playlists/recentepisodes.xsp</shortcut>
				<shortcut label="20387" icon="logos/kodi.png" condition="Library.HasContent(TVShows)" widget="library" widgetType="episodes" widgetTarget="video">videodb://recentlyaddedepisodes/</shortcut>
				<shortcut label="31733" icon="logos/kodi-pl.png" condition="Library.HasContent(TVShows)" widget="library" widgetType="episodes" widgetTarget="video">special://skin/extras/playlists/inprogressepisodes.xsp</shortcut>
				<shortcut label="$ADDON[service.library.data.provider 32007]" condition="System.HasAddon(service.library.data.provider)" icon="logos/ldp-logo.png" widget="library" widgetType="episodes" widgetTarget="video">plugin://service.library.data.provider?type=randomepisodes&amp;reload=$INFO[Window.Property(randomepisodes)]</shortcut>
				<shortcut label="$ADDON[service.library.data.provider 32008]" condition="System.HasAddon(service.library.data.provider)" icon="logos/ldp-logo.png" widget="library" widgetType="episodes" widgetTarget="video">plugin://service.library.data.provider?type=recentepisodes&amp;reload=$INFO[Window.Property(recentepisodes)]</shortcut>
				<shortcut label="$ADDON[service.library.data.provider 32010]" condition="System.HasAddon(service.library.data.provider)" icon="logos/ldp-logo.png" widget="library" widgetType="episodes" widgetTarget="video">plugin://service.library.data.provider?type=recommendedepisodes&amp;reload=$INFO[Window.Property(recommendedepisodes)]</shortcut>
				<shortcut label="$ADDON[script.skin.helper.widgets 32008]" condition="System.HasAddon(script.skin.helper.widgets)" icon="logos/shs-logo.png" widget="library" widgetType="episodes" widgetTarget="video">plugin://script.skin.helper.widgets/?action=random&amp;mediatype=episodes&amp;reload=$INFO[Window(Home).Property(widgetreload-episodes)]</shortcut>
				<shortcut label="$ADDON[script.skin.helper.widgets 32039]" condition="System.HasAddon(script.skin.helper.widgets)" icon="logos/shs-logo.png" widget="library" widgetType="episodes" widgetTarget="video">plugin://script.skin.helper.widgets/?action=recent&amp;mediatype=episodes&amp;reload=$INFO[Window(Home).Property(widgetreload-episodes)]</shortcut>
				<shortcut label="$ADDON[script.skin.helper.widgets 32009]" condition="System.HasAddon(script.skin.helper.widgets)" icon="logos/shs-logo.png" widget="library" widgetType="episodes" widgetTarget="video">plugin://script.skin.helper.widgets/?action=recommended&amp;mediatype=episodes&amp;reload=$INFO[Window(Home).Property(widgetreload-episodes)]</shortcut>
				<shortcut label="$ADDON[script.skin.helper.widgets 32027]" condition="System.HasAddon(script.skin.helper.widgets)" icon="logos/shs-logo.png" widget="library" widgetType="episodes" widgetTarget="video">plugin://script.skin.helper.widgets/?action=inprogress&amp;mediatype=episodes&amp;reload=$INFO[Window(Home).Property(widgetreload-episodes)]</shortcut>
				<shortcut label="$ADDON[script.skin.helper.widgets 32010]" condition="System.HasAddon(script.skin.helper.widgets)" icon="logos/shs-logo.png" widget="library" widgetType="episodes" widgetTarget="video">plugin://script.skin.helper.widgets/?action=inprogressandrecommended&amp;mediatype=episodes&amp;reload=$INFO[Window(Home).Property(widgetreload-episodes)]</shortcut>
				<shortcut label="$ADDON[script.skin.helper.widgets 32049]" condition="System.HasAddon(script.skin.helper.widgets)" icon="logos/shs-logo.png" widget="library" widgetType="episodes" widgetTarget="video">plugin://script.skin.helper.widgets/?action=inprogressandrandom&amp;mediatype=episodes&amp;reload=$INFO[Window(Home).Property(widgetreload-episodes)]</shortcut>
				<shortcut label="$ADDON[script.skin.helper.widgets 32002]" condition="System.HasAddon(script.skin.helper.widgets)" icon="logos/shs-logo.png" widget="library" widgetType="episodes" widgetTarget="video">plugin://script.skin.helper.widgets/?action=next&amp;mediatype=episodes&amp;reload=$INFO[Window(Home).Property(widgetreload-episodes)]</shortcut>
				<shortcut label="$ADDON[script.skin.helper.widgets 32043]" condition="System.HasAddon(script.skin.helper.widgets)" icon="logos/shs-logo.png" widget="library" widgetType="episodes" widgetTarget="video">plugin://script.skin.helper.widgets/?action=nextaired&amp;mediatype=episodes&amp;reload=$INFO[Window(Home).Property(widgetreload-episodes)]</shortcut>
				<shortcut label="$ADDON[script.skin.helper.widgets 32042]" condition="System.HasAddon(script.skin.helper.widgets)" icon="logos/shs-logo.png" widget="library" widgetType="episodes" widgetTarget="video">plugin://script.skin.helper.widgets/?action=unaired&amp;mediatype=episodes&amp;reload=$INFO[Window(Home).Property(widgetreload-episodes)]</shortcut>
				<shortcut label="$ADDON[script.skin.helper.widgets 32068]" condition="System.HasAddon(script.skin.helper.widgets)" icon="logos/shs-logo.png" widget="library" widgetType="episodes" widgetTarget="video">plugin://script.skin.helper.widgets/?action=airingtoday&amp;mediatype=episodes&amp;reload=$INFO[Window(Home).Property(widgetreload-episodes)]</shortcut>
				<shortcut label="$LOCALIZE[10134]" condition="System.HasAddon(script.skin.helper.widgets)" icon="logos/shs-logo.png" widget="library" widgetType="episodes" widgetTarget="video">plugin://script.skin.helper.widgets/?action=favourites&amp;mediatype=episodes&amp;reload=$INFO[Window(Home).Property(widgetreload-episodes)]</shortcut>
				<shortcut label="$ADDON[script.extendedinfo 32028]" condition="System.HasAddon(script.extendedinfo)" icon="logos/trakt-logo.png" widget="trakt" widgetType="tvshows" widgetTarget="video">plugin://script.extendedinfo?info=airingepisodes</shortcut>
				<shortcut label="$ADDON[script.extendedinfo 32029]" condition="System.HasAddon(script.extendedinfo)" icon="logos/trakt-logo.png" widget="trakt" widgetType="tvshows" widgetTarget="video">plugin://script.extendedinfo?info=premiereepisodes</shortcut>
			</node>
			<!-- Music Videos -->
			<node label="20389">
				<shortcut label="$ADDON[service.library.data.provider 32022]" condition="System.HasAddon(service.library.data.provider)" icon="logos/ldp-logo.png" widget="library" widgetType="musicvideos" widgetTarget="video">plugin://service.library.data.provider?type=randommusicvideos&amp;reload=$INFO[Window.Property(randommusicvideos)]</shortcut>
				<shortcut label="$ADDON[service.library.data.provider 32023]" condition="System.HasAddon(service.library.data.provider)" icon="logos/ldp-logo.png" widget="library" widgetType="musicvideos" widgetTarget="video">plugin://service.library.data.provider?type=recentmusicvideos&amp;reload=$INFO[Window.Property(recentmusicvideos)]</shortcut>
				<shortcut label="20390" icon="logos/kodi.png" widget="library" widgetType="musicvideos" widgetTarget="video">videodb://recentlyaddedmusicvideos/</shortcut>
			</node>
			<!-- Sources -->
			<node label="39031">
				<content>videosources</content>
			</node>
			<!-- Playlists -->
			<node label="136">
				<content>playlist-video</content>
			</node>
		</node>
		<!-- Music Library -->
		<node label="14237">
			<!-- Music -->
			<node label="2">
				<shortcut label="$ADDON[service.library.data.provider 32017]" condition="System.HasAddon(service.library.data.provider)" icon="logos/ldp-logo.png" widget="library" widgetType="albums" widgetTarget="music">plugin://service.library.data.provider?type=recentalbums&amp;reload=$INFO[Window.Property(recentalbums)]</shortcut>
				<shortcut label="$ADDON[service.library.data.provider 32016]" condition="System.HasAddon(service.library.data.provider)" icon="logos/ldp-logo.png" widget="library" widgetType="albums" widgetTarget="music">plugin://service.library.data.provider?type=randomalbums&amp;reload=$INFO[Window.Property(randomalbums)]</shortcut>
				<shortcut label="$ADDON[service.library.data.provider 32018]" condition="System.HasAddon(service.library.data.provider)" icon="logos/ldp-logo.png" widget="library" widgetType="albums" widgetTarget="music">plugin://service.library.data.provider?type=recommendedalbums&amp;reload=$INFO[Window.Property(recommendedalbums)]</shortcut>
				<shortcut label="$ADDON[service.library.data.provider 32015]" condition="System.HasAddon(service.library.data.provider)" icon="logos/ldp-logo.png" widget="library" widgetType="songs" widgetTarget="music">plugin://service.library.data.provider?type=randomsongs&amp;reload=$INFO[Window.Property(randomsongs)]</shortcut>
				<shortcut label="359" icon="logos/kodi.png" condition="Library.HasContent(Music)" widget="library" widgetType="albums" widgetTarget="music">musicdb://recentlyaddedalbums/</shortcut>
				<shortcut label="517" icon="logos/kodi.png" condition="Library.HasContent(Music)" widget="library" widgetType="albums" widgetTarget="music">musicdb://recentlyplayedalbums/</shortcut>
				<shortcut label="521" icon="logos/kodi.png" condition="Library.HasContent(Music)" widget="library" widgetType="albums" widgetTarget="music">musicdb://compilations/</shortcut>
				<shortcut label="10505" icon="logos/kodi.png" condition="Library.HasContent(Music)" widget="library" widgetType="albums" widgetTarget="music"> musicdb://top100/albums/</shortcut>
				<shortcut label="10504" icon="logos/kodi.png" condition="Library.HasContent(Music)" widget="library" widgetType="songs" widgetTarget="music">musicdb://top100/songs/</shortcut>
				<shortcut label="359" condition="System.HasAddon(script.skin.helper.widgets)" icon="logos/shs-logo.png" widget="library" widgetType="albums" widgetTarget="music">plugin://script.skin.helper.widgets/?action=recentalbums&amp;reload=$INFO[Window(Home).Property(widgetreload-music)]</shortcut>
				<shortcut label="517" condition="System.HasAddon(script.skin.helper.widgets)" icon="logos/shs-logo.png" widget="library" widgetType="albums" widgetTarget="music">plugin://script.skin.helper.widgets/?action=recentplayedalbums&amp;reload=$INFO[Window(Home).Property(widgetreload-music)]</shortcut>
				<shortcut label="$ADDON[script.skin.helper.widgets 32015]" condition="System.HasAddon(script.skin.helper.widgets)" icon="logos/shs-logo.png" widget="library" widgetType="albums" widgetTarget="music">plugin://script.skin.helper.widgets/?action=recommendedalbums&amp;reload=$INFO[Window(Home).Property(widgetreload-music)]</shortcut>
				<shortcut label="$ADDON[script.skin.helper.widgets 32012]" condition="System.HasAddon(script.skin.helper.widgets)" icon="logos/shs-logo.png" widget="library" widgetType="songs" widgetTarget="music">plugin://script.skin.helper.widgets/?action=recentsongs&amp;reload=$INFO[Window(Home).Property(widgetreload-music)]</shortcut>
				<shortcut label="$ADDON[script.skin.helper.widgets 32013]" condition="System.HasAddon(script.skin.helper.widgets)" icon="logos/shs-logo.png" widget="library" widgetType="songs" widgetTarget="music">plugin://script.skin.helper.widgets/?action=recentplayedsongs&amp;reload=$INFO[Window(Home).Property(widgetreload-music)]</shortcut>
				<shortcut label="$ADDON[script.skin.helper.widgets 32016]" condition="System.HasAddon(script.skin.helper.widgets)" icon="logos/shs-logo.png" widget="library" widgetType="songs" widgetTarget="music">plugin://script.skin.helper.widgets/?action=recommendedsongs&amp;reload=$INFO[Window(Home).Property(widgetreload-music)]</shortcut>
			</node>
			<!-- Sources -->
			<node label="39031">
				<content>musicsources</content>
			</node>
			<!-- Playlists -->
			<node label="136">
				<content>playlist-audio</content>
			</node>
		</node>
		<!-- PVR/Live TV -->
		<node label="14204" condition="PVR.HasTVChannels | PVR.HasRadioChannels">
			<!-- TV -->
			<node label="19023" condition="PVR.HasTVChannels">
				<shortcut label="19287" icon="logos/kodi.png" widget="pvr" widgetType="pvr" widgetTarget="pvr">pvr://channels/tv/*</shortcut>
				<shortcut label="31440" icon="logos/kodi.png" widget="pvr" widgetType="pvr" widgetTarget="pvr">pvr://channels/tv/*?view=lastplayed</shortcut>
				<shortcut label="31536" icon="logos/kodi.png" widget="pvr" widgetType="pvr" widgetTarget="pvr">pvr://recordings/tv/active?view=flat</shortcut>
				<shortcut label="19173" icon="logos/kodi.png" widget="pvr" widgetType="pvr" widgetTarget="pvr">pvr://channels/tv</shortcut>
				<shortcut label="$ADDON[script.skin.helper.widgets 32020]" condition="System.HasAddon(script.skin.helper.widgets)" icon="logos/shs-logo.png" widget="pvr" widgetType="pvr" widgetTarget="pvr">plugin://script.skin.helper.widgets/?action=channels&amp;mediatype=pvr&amp;reload=$INFO[Window(Home).Property(widgetreload2)]</shortcut>
				<shortcut label="$ADDON[script.skin.helper.widgets 32069]" condition="System.HasAddon(script.skin.helper.widgets)" icon="logos/shs-logo.png" widget="pvr" widgetType="pvr" widgetTarget="pvr">plugin://script.skin.helper.widgets/?action=lastchannels&amp;mediatype=pvr&amp;reload=$INFO[Window(Home).Property(widgetreload2)]</shortcut>
				<shortcut label="$ADDON[script.skin.helper.widgets 32018]" condition="System.HasAddon(script.skin.helper.widgets)" icon="logos/shs-logo.png" widget="pvr" widgetType="pvr" widgetTarget="pvr">plugin://script.skin.helper.widgets/?action=recordings&amp;mediatype=pvr&amp;reload=$INFO[Window(Home).Property(widgetreload2)]</shortcut>
				<shortcut label="$ADDON[script.skin.helper.widgets 32019]" condition="System.HasAddon(script.skin.helper.widgets)" icon="logos/shs-logo.png" widget="pvr" widgetType="pvr" widgetTarget="pvr">plugin://script.skin.helper.widgets/?action=nextrecordings&amp;mediatype=pvr&amp;reload=$INFO[Window(Home).Property(widgetreload2)]</shortcut>
				<shortcut label="$ADDON[script.skin.helper.widgets 32031]" condition="System.HasAddon(script.skin.helper.widgets)" icon="logos/shs-logo.png" widget="pvr" widgetType="pvr" widgetTarget="pvr">plugin://script.skin.helper.widgets/?action=nextrecordings&amp;mediatype=pvr&amp;reversed=true&amp;reload=$INFO[Window(Home).Property(widgetreload2)]</shortcut>
				<shortcut label="$ADDON[script.skin.helper.widgets 32021]" condition="System.HasAddon(script.skin.helper.widgets)" icon="logos/shs-logo.png" widget="pvr" widgetType="pvr" widgetTarget="pvr">plugin://script.skin.helper.widgets/?action=timers&amp;mediatype=pvr&amp;reload=$INFO[Window(Home).Property(widgetreload2)]</shortcut>
			</node>
			<!-- Radio -->
			<node label="19024" condition="PVR.HasRadioChannels">
				<shortcut label="19287" icon="logos/kodi.png" widget="pvr" widgetType="pvr" widgetTarget="pvr">pvr://channels/radio/*</shortcut>
				<shortcut label="31440" icon="logos/kodi.png" widget="pvr" widgetType="pvr" widgetTarget="pvr">pvr://channels/radio/*?view=lastplayed</shortcut>
				<shortcut label="31536" icon="logos/kodi.png" widget="pvr" widgetType="pvr" widgetTarget="pvr">pvr://recordings/radio/active?view=flat</shortcut>
				<shortcut label="19174" icon="logos/kodi.png" widget="pvr" widgetType="pvr" widgetTarget="pvr">pvr://channels/radio</shortcut>
			</node>
		</node>
		<!-- Pictures -->
		<node label="1">
			<content>picturesources</content>
		</node>
		<!-- Mixed -->
		<node label="31538">
			<shortcut label="$ADDON[script.skin.helper.widgets 32005]" condition="System.HasAddon(script.skin.helper.widgets)" icon="logos/shs-logo.png" widget="library" widgetType="mixed" widgetTarget="video">plugin://script.skin.helper.widgets/?action=recentmedia&amp;reload=$INFO[Window(Home).Property(widgetreload)]</shortcut>
			<shortcut label="$ADDON[script.skin.helper.widgets 32004]" condition="System.HasAddon(script.skin.helper.widgets)" icon="logos/shs-logo.png" widget="library" widgetType="mixed" widgetTarget="video">plugin://script.skin.helper.widgets/?action=recommended&amp;mediatype=media&amp;reload=$INFO[Window(Home).Property(widgetreload2)]</shortcut>
			<shortcut label="$ADDON[script.skin.helper.widgets 32011]" condition="System.HasAddon(script.skin.helper.widgets)" icon="logos/shs-logo.png" widget="library" widgetType="mixed" widgetTarget="video">plugin://script.skin.helper.widgets/?action=inprogressmedia&amp;reload=$INFO[Window(Home).Property(widgetreload)]</shortcut>
			<shortcut label="$ADDON[script.skin.helper.widgets 32007]" condition="System.HasAddon(script.skin.helper.widgets)" icon="logos/shs-logo.png" widget="library" widgetType="mixed" widgetTarget="video">plugin://script.skin.helper.widgets/?action=inprogressandrecommendedmedia&amp;reload=$INFO[Window(Home).Property(widgetreload)]</shortcut>
			<shortcut label="$ADDON[service.library.data.provider 32019]" condition="System.HasAddon(service.library.data.provider)" icon="logos/ldp-logo.png" widget="library" widgetType="mixed" widgetTarget="video">plugin://service.library.data.provider?type=recentvideos&amp;reload=$INFO[Window.Property(recentvideos)]</shortcut>
		</node>
		<!-- System/Weather -->
		<node label="31537">
			<!-- System -->
			<node label="130">
				<shortcut label="130" icon="homewidgets/systeminfo/square/system.png" widget="addon" widgetType="system">$INCLUDE[skinshortcuts-template-SystemContent]</shortcut>
				<shortcut label="12390" icon="homewidgets/systeminfo/square/uptime.png" widget="addon" widgetType="system">$INCLUDE[skinshortcuts-template-SystemUptime]</shortcut>
				<shortcut label="12395" icon="homewidgets/systeminfo/square/battery_100.png" widget="addon" widgetType="system">$INCLUDE[skinshortcuts-template-SystemBattery]</shortcut>
				<shortcut label="705" icon="homewidgets/systeminfo/square/connected.png" widget="addon" widgetType="system">$INCLUDE[skinshortcuts-template-SystemNetwork]</shortcut>
				<shortcut label="13280" icon="homewidgets/systeminfo/square/video.png" widget="addon" widgetType="system">$INCLUDE[skinshortcuts-template-SystemVideo]</shortcut>
				<shortcut label="CPU" icon="homewidgets/systeminfo/square/cpu.png" widget="addon" widgetType="system">$INCLUDE[skinshortcuts-template-SystemCPU]</shortcut>
				<shortcut label="158" icon="homewidgets/systeminfo/square/memory.png" widget="addon" widgetType="system">$INCLUDE[skinshortcuts-template-SystemMemory]</shortcut>
				<shortcut label="154" icon="homewidgets/systeminfo/square/storage.png" widget="addon" widgetType="system">$INCLUDE[skinshortcuts-template-SystemStorage]</shortcut>
				<shortcut label="19020" icon="homewidgets/systeminfo/square/pvr.png" widget="addon" widgetType="system">$INCLUDE[skinshortcuts-template-SystemPVR]</shortcut>
				<shortcut label="19114" icon="homewidgets/systeminfo/square/system.png" widget="addon" widgetType="system">$INCLUDE[skinshortcuts-template-SystemVersion]</shortcut>
			</node>
			<!-- Weather -->
			<node label="12600">
				<shortcut label="10508" icon="$VAR[WeatherIconsPathVar]$INFO[Weather.FanartCode]$VAR[WeatherIconsExtVar]" condition="!String.IsEmpty(Weather.Plugin)" widget="addon" widgetType="weather">$INCLUDE[skinshortcuts-template-WeatherForecastContent]</shortcut>
				<shortcut label="33006" icon="$VAR[WeatherIconsPathVar]$INFO[Weather.FanartCode]$VAR[WeatherIconsExtVar]" condition="!String.IsEmpty(Weather.Plugin)" widget="addon" widgetType="weather">$INCLUDE[skinshortcuts-template-WeatherTodayContent]</shortcut>
				<shortcut label="33007" icon="$VAR[WeatherIconsPathVar]$INFO[Weather.FanartCode]$VAR[WeatherIconsExtVar]" condition="!String.IsEmpty(Weather.Plugin)" widget="addon" widgetType="weather">$INCLUDE[skinshortcuts-template-WeatherTomorrowContent]</shortcut>
			</node>
		</node>
		<!-- Favourites -->
		<node label="1036">
			<content>favourite</content>
			<shortcut label="1036" type="32010" condition="System.HasAddon(script.skin.helper.widgets)" icon="logos/shs-logo.png">||BROWSE||script.skin.helper.widgets/?action=widgets&amp;path=favourites</shortcut>
			<shortcut label="$ADDON[script.skin.helper.widgets 32001]" condition="System.HasAddon(script.skin.helper.widgets)" icon="logos/shs-logo.png" widget="addon" widgetType="favourite">plugin://script.skin.helper.widgets/?action=favouritemedia&amp;reload=$INFO[Window(Home).Property(widgetreload2)]</shortcut>
			<shortcut label="1036" condition="System.HasAddon(script.skin.helper.widgets)" icon="logos/shs-logo.png" widget="addon" widgetType="favourite">plugin://script.skin.helper.widgets/?action=favourites&amp;reload=$INFO[Window(Home).Property(widgetreload2)]</shortcut>
		</node>
		<!-- Add-ons -->
		<node label="24001">
			<node label="1037">
				<content>addon-video</content>
			</node>
			<node label="1038">
				<content>addon-audio</content>
			</node>
			<node label="1039">
				<content>addon-image</content>
			</node>
			<node label="1043">
				<content>addon-program</content>
			</node>
			<node label="35049">
				<shortcut label="$INFO[System.AddonTitle(plugin.program.advanced.emulator.launcher)]" type="32021" icon="DefaultAddonGame.png" widget="addon" widgetType="addon" widgetTarget="programs" condition="System.HasAddon(plugin.program.advanced.emulator.launcher)">||BROWSE||plugin.program.advanced.emulator.launcher</shortcut>
				<shortcut label="$INFO[System.AddonTitle(plugin.program.iagl)]" type="32021" icon="DefaultAddonGame.png" widget="addon" widgetType="addon" widgetTarget="programs" condition="System.HasAddon(plugin.program.iagl)">||BROWSE||plugin.program.iagl</shortcut>
				<shortcut label="$INFO[System.AddonTitle(script.games.rom.collection.browser)]" type="32021" icon="DefaultAddonGame.png" widget="addon" widgetType="addon" widgetTarget="programs" condition="System.HasAddon(script.games.rom.collection.browser)">||BROWSE||script.games.rom.collection.browser</shortcut>
			</node>
			<shortcut label="0" type="32021" icon="DefaultAddonProgram.png" widget="addon" widgetType="addon" widgetTarget="programs">addons://sources/executable</shortcut>
			<shortcut label="20244" type="32021" icon="DefaultAddonProgram.png" widget="addon" widgetType="addon" widgetTarget="programs" condition="System.Platform.Android">androidapp://sources/apps</shortcut>
			<shortcut label="1037" type="32014" icon="DefaultAddonVideo.png" widget="addon" widgetType="addon" widgetTarget="video">addons://sources/video</shortcut>
			<shortcut label="1038" type="32019" icon="DefaultAddonMusic.png" widget="addon" widgetType="addon" widgetTarget="music">addons://sources/audio</shortcut>
			<shortcut label="10821" type="32021" icon="DefaultAddonGame.png" widget="addon" widgetType="addon" widgetTarget="programs">addons://sources/game</shortcut>
			<shortcut label="1039" type="32020" icon="DefaultAddonPicture.png" widget="addon" widgetType="addon" widgetTarget="pictures">addons://sources/image</shortcut>
		</node>
		<!-- Custom -->
		<shortcut label="31397" condition="String.IsEqual(Window(Home).Property(skinshortcuts-management-widget),1)" name="Custom list" widget="custom" widgetType="custom">$INCLUDE[skinshortcuts-submenu-1]</shortcut>
		<shortcut label="31397" condition="String.IsEqual(Window(Home).Property(skinshortcuts-management-widget),2)" name="Custom list" widget="custom" widgetType="custom">$INCLUDE[skinshortcuts-submenu-2]</shortcut>
	</widget-groupings>
	<!-- Widget Default Values If Empty  -->
	<propertyfallback property="widgetArt" attribute="widgetType" value="musicvideos">Square Poster</propertyfallback>
	<propertyfallback property="widgetArt" attribute="widgetType" value="songs">Square Poster</propertyfallback>
	<propertyfallback property="widgetArt" attribute="widgetType" value="albums">Square Poster</propertyfallback>
	<propertyfallback property="widgetArt" attribute="widgetType" value="artists">Square Poster</propertyfallback>
	<propertyfallback property="widgetArt" attribute="widgetType" value="singles">Square Poster</propertyfallback>
	<propertyfallback property="widgetArt" attribute="widgetType" value="favourite">Square Poster</propertyfallback>
	<propertyfallback property="widgetArt" attribute="widgetType" value="addon">Square Poster</propertyfallback>
	<propertyfallback property="widgetArt" attribute="widgetType" value="weather">Square Poster</propertyfallback>
	<propertyfallback property="widgetArt" attribute="widgetType" value="system">Square Poster</propertyfallback>
	<propertyfallback property="widgetArt" attribute="widgetType" value="custom">Square Poster</propertyfallback>
	<propertyfallback property="widgetArt" attribute="widgetType" value="pvr">Square Poster</propertyfallback>
	<propertyfallback property="widgetArt">Poster</propertyfallback>
	<propertyfallback property="widgetArt.2" attribute="widgetType.2" value="musicvideos">Square Poster</propertyfallback>
	<propertyfallback property="widgetArt.2" attribute="widgetType.2" value="songs">Square Poster</propertyfallback>
	<propertyfallback property="widgetArt.2" attribute="widgetType.2" value="albums">Square Poster</propertyfallback>
	<propertyfallback property="widgetArt.2" attribute="widgetType.2" value="artists">Square Poster</propertyfallback>
	<propertyfallback property="widgetArt.2" attribute="widgetType.2" value="singles">Square Poster</propertyfallback>
	<propertyfallback property="widgetArt.2" attribute="widgetType.2" value="favourite">Square Poster</propertyfallback>
	<propertyfallback property="widgetArt.2" attribute="widgetType.2" value="addon">Square Poster</propertyfallback>
	<propertyfallback property="widgetArt.2" attribute="widgetType.2" value="weather">Square Poster</propertyfallback>
	<propertyfallback property="widgetArt.2" attribute="widgetType.2" value="system">Square Poster</propertyfallback>
	<propertyfallback property="widgetArt.2" attribute="widgetType.2" value="custom">Square Poster</propertyfallback>
	<propertyfallback property="widgetArt.2" attribute="widgetType.2" value="pvr">Square Poster</propertyfallback>
	<propertyfallback property="widgetArt.2">Poster</propertyfallback>
	<!-- Widget Style 1 -->
	<propertySettings property="widgetStyle" buttonID="1001" title="$LOCALIZE[31701]" requires="widgetPath" showNone="False" />
	<property property="widgetStyle" label="535">List</property>
	<property property="widgetStyle" label="31711">Extended List</property>
	<property property="widgetStyle" label="31712">Panel</property>
	<property property="widgetStyle" label="31713">Extended Panel</property>
	<property property="widgetStyle" label="31714">Compact Panel</property>
	<property property="widgetStyle" label="31715">Extended Compact Panel</property>
	<!-- Widget Style 2 -->
	<propertySettings property="widgetStyle.2" buttonID="2001" title="$LOCALIZE[31701]" requires="widgetPath.2" showNone="False" />
	<property property="widgetStyle.2" label="535">List</property>
	<property property="widgetStyle.2" label="31711">Extended List</property>
	<property property="widgetStyle.2" label="31712">Panel</property>
	<property property="widgetStyle.2" label="31713">Extended Panel</property>
	<property property="widgetStyle.2" label="31714">Compact Panel</property>
	<property property="widgetStyle.2" label="31715">Extended Compact Panel</property>
	<!-- Widget Back 1 -->
	<propertySettings property="widgetBack" buttonID="1002" requires="widgetStyle" templateonly="True" showNone="False" title="$LOCALIZE[31702]" />
	<property property="widgetBack" label="571">Default</property>
	<property property="widgetBack" label="31723">Flat</property>
	<property property="widgetBack" label="386">Clear</property>
	<property property="widgetBack" label="31724">Clear White</property>
	<property property="widgetBack" label="31725">Colored Default</property>
	<property property="widgetBack" label="31726">Colored Flat</property>
	<property property="widgetBack" label="31727">Colored Clear</property>
	<property property="widgetBack" label="31728">Colored Clear White</property>
	<property property="widgetBack" label="231">None</property>
	<!-- Widget Back 2 -->
	<propertySettings property="widgetBack.2" buttonID="2002" requires="widgetStyle.2" templateonly="True" showNone="False" title="$LOCALIZE[31702]" />
	<property property="widgetBack.2" label="571">Default</property>
	<property property="widgetBack.2" label="31723">Flat</property>
	<property property="widgetBack.2" label="386">Clear</property>
	<property property="widgetBack.2" label="31724">Clear White</property>
	<property property="widgetBack.2" label="31725">Colored Default</property>
	<property property="widgetBack.2" label="31726">Colored Flat</property>
	<property property="widgetBack.2" label="31727">Colored Clear</property>
	<property property="widgetBack.2" label="31728">Colored Clear White</property>
	<property property="widgetBack.2" label="231">None</property>
	<!-- Widget Title 1 -->
	<propertySettings property="widgetTitle" buttonID="1003" requires="widgetStyle" templateonly="True" title="$LOCALIZE[31703]" />
	<property property="widgetTitle" label="31729">Panel</property>
	<property property="widgetTitle" label="31730">On Focus</property>
	<property property="widgetTitle" label="31731">Title</property>
	<!-- Widget Title 2 -->
	<propertySettings property="widgetTitle.2" buttonID="2003" requires="widgetStyle.2" templateonly="True" title="$LOCALIZE[31703]" />
	<property property="widgetTitle.2" label="31729">Panel</property>
	<property property="widgetTitle.2" label="31730">On Focus</property>
	<property property="widgetTitle.2" label="31731">Title</property>
	<!-- Widget Art 1 -->
	<propertySettings property="widgetArt" buttonID="1004" requires="widgetStyle" templateonly="True" showNone="False" title="$LOCALIZE[31706]" />
	<property property="widgetArt" label="31016" condition="![String.IsEqual(Container(211).ListItem.Property(widgetType),weather) | String.IsEqual(Container(211).ListItem.Property(widgetType),system) | String.IsEqual(Container(211).ListItem.Property(widgetType),artists) | String.IsEqual(Container(211).ListItem.Property(widgetType),albums) | String.IsEqual(Container(211).ListItem.Property(widgetType),songs)]">Poster</property>
	<property property="widgetArt" label="31718">Square Poster</property>
	<property property="widgetArt" label="20445" condition="!String.IsEqual(Container(211).ListItem.Property(widgetType),weather)">FanArt</property>
	<property property="widgetArt" label="31076" condition="[String.IsEqual(Container(211).ListItem.Property(widget),library) | String.IsEqual(Container(211).ListItem.Property(widget),playlist)] + [String.IsEqual(Container(211).ListItem.Property(widgetType),movies) | String.IsEqual(Container(211).ListItem.Property(widgetType),episodes) | String.IsEqual(Container(211).ListItem.Property(widgetType),tvshows) | String.IsEqual(Container(211).ListItem.Property(widgetType),mixed)]">Landscape</property>
	<property property="widgetArt" label="21371" condition="[String.IsEqual(Container(211).ListItem.Property(widget),library) | String.IsEqual(Container(211).ListItem.Property(widget),playlist)] + String.IsEqual(Container(211).ListItem.Property(widgetType),episodes)">Thumb</property>
	<property property="widgetArt" label="31156" condition="[String.IsEqual(Container(211).ListItem.Property(widget),library) | String.IsEqual(Container(211).ListItem.Property(widget),playlist)] + [String.IsEqual(Container(211).ListItem.Property(widgetType),movies) | String.IsEqual(Container(211).ListItem.Property(widgetType),episodes) | String.IsEqual(Container(211).ListItem.Property(widgetType),tvshows) | String.IsEqual(Container(211).ListItem.Property(widgetType),mixed)]">ClearArt</property>
	<property property="widgetArt" label="31719" condition="[String.IsEqual(Container(211).ListItem.Property(widget),library) | String.IsEqual(Container(211).ListItem.Property(widget),playlist)] + [String.IsEqual(Container(211).ListItem.Property(widgetType),movies) | String.IsEqual(Container(211).ListItem.Property(widgetType),episodes) | String.IsEqual(Container(211).ListItem.Property(widgetType),tvshows) | String.Contains(Container(211).ListItem.Property(widgetPath),skin.helper) | String.IsEqual(Container(211).ListItem.Property(widgetType),mixed)]">ClearLogo</property>
	<property property="widgetArt" label="31609" condition="[String.IsEqual(Container(211).ListItem.Property(widget),library) | String.IsEqual(Container(211).ListItem.Property(widget),playlist)] + [String.IsEqual(Container(211).ListItem.Property(widgetType),movies) | String.Contains(Container(211).ListItem.Property(widgetPath),skin.helper)] + !String.IsEqual(Container(211).ListItem.Property(widgetType),episodes) + !String.IsEqual(Container(211).ListItem.Property(widgetType),tvshows)">DiscArt</property>
	<property property="widgetArt" label="31720" condition="String.IsEqual(Container(211).ListItem.Property(widgetType),episodes) + [String.IsEqual(Container(211).ListItem.Property(widget),library) | String.IsEqual(Container(211).ListItem.Property(widget),playlist)] + [String.IsEqual(Container(211).ListItem.Property(widgetType),episodes) | String.IsEqual(Container(211).ListItem.Property(widgetType),tvshows)]">CharacterArt</property>
	<property property="widgetArt" label="31087" condition="[String.IsEqual(Container(211).ListItem.Property(widget),library) | String.IsEqual(Container(211).ListItem.Property(widget),playlist) | String.IsEqual(Container(211).ListItem.Property(widget),trakt)] + [String.IsEqual(Container(211).ListItem.Property(widgetType),movies) | String.IsEqual(Container(211).ListItem.Property(widgetType),episodes) | String.IsEqual(Container(211).ListItem.Property(widgetType),tvshows) | String.Contains(Container(211).ListItem.Property(widgetPath),skin.helper) | String.IsEqual(Container(211).ListItem.Property(widgetType),mixed)]">Banner</property>
	<!-- Widget Art 2 -->
	<propertySettings property="widgetArt.2" buttonID="2004" requires="widgetStyle.2" templateonly="True" showNone="False" title="$LOCALIZE[31706]" />
	<property property="widgetArt.2" label="31016" condition="![String.IsEqual(Container(211).ListItem.Property(widgetType.2),weather) | String.IsEqual(Container(211).ListItem.Property(widgetType.2),system) | String.IsEqual(Container(211).ListItem.Property(widgetType.2),artists) | String.IsEqual(Container(211).ListItem.Property(widgetType.2),albums) | String.IsEqual(Container(211).ListItem.Property(widgetType.2),songs)]">Poster</property>
	<property property="widgetArt.2" label="31718">Square Poster</property>
	<property property="widgetArt.2" label="20445" condition="!String.IsEqual(Container(211).ListItem.Property(widgetType.2),weather)">FanArt</property>
	<property property="widgetArt.2" label="31076" condition="[String.IsEqual(Container(211).ListItem.Property(widget.2),library) | String.IsEqual(Container(211).ListItem.Property(widget.2),playlist)] + [String.IsEqual(Container(211).ListItem.Property(widgetType.2),movies) | String.IsEqual(Container(211).ListItem.Property(widgetType.2),episodes) | String.IsEqual(Container(211).ListItem.Property(widgetType.2),tvshows) | String.IsEqual(Container(211).ListItem.Property(widgetType.2),mixed)]">Landscape</property>
	<property property="widgetArt.2" label="21371" condition="[String.IsEqual(Container(211).ListItem.Property(widget.2),library) | String.IsEqual(Container(211).ListItem.Property(widget.2),playlist)] + String.IsEqual(Container(211).ListItem.Property(widgetType.2),episodes)">Thumb</property>
	<property property="widgetArt.2" label="31156" condition="[String.IsEqual(Container(211).ListItem.Property(widget.2),library) | String.IsEqual(Container(211).ListItem.Property(widget.2),playlist)] + [String.IsEqual(Container(211).ListItem.Property(widgetType.2),movies) | String.IsEqual(Container(211).ListItem.Property(widgetType.2),episodes) | String.IsEqual(Container(211).ListItem.Property(widgetType.2),tvshows) | String.IsEqual(Container(211).ListItem.Property(widgetType.2),mixed)]">ClearArt</property>
	<property property="widgetArt.2" label="31719" condition="[String.IsEqual(Container(211).ListItem.Property(widget.2),library) | String.IsEqual(Container(211).ListItem.Property(widget.2),playlist)] + [String.IsEqual(Container(211).ListItem.Property(widgetType.2),movies) | String.IsEqual(Container(211).ListItem.Property(widgetType.2),episodes) | String.IsEqual(Container(211).ListItem.Property(widgetType.2),tvshows) | String.Contains(Container(211).ListItem.Property(widgetPath.2),skin.helper) | String.IsEqual(Container(211).ListItem.Property(widgetType.2),mixed)]">ClearLogo</property>
	<property property="widgetArt.2" label="31609" condition="[String.IsEqual(Container(211).ListItem.Property(widget.2),library) | String.IsEqual(Container(211).ListItem.Property(widget.2),playlist)] + [String.IsEqual(Container(211).ListItem.Property(widgetType.2),movies) | String.Contains(Container(211).ListItem.Property(widgetPath.2),skin.helper)] + !String.IsEqual(Container(211).ListItem.Property(widgetType.2),tvshows) + !String.IsEqual(Container(211).ListItem.Property(widgetType.2),episodes)">DiscArt</property>
	<property property="widgetArt.2" label="31720" condition="String.IsEqual(Container(211).ListItem.Property(widgetType.2),episodes) + [String.IsEqual(Container(211).ListItem.Property(widget.2),library) | String.IsEqual(Container(211).ListItem.Property(widget.2),playlist)] + [String.IsEqual(Container(211).ListItem.Property(widgetType.2),episodes) | String.IsEqual(Container(211).ListItem.Property(widgetType.2),tvshows)]">CharacterArt</property>
	<property property="widgetArt.2" label="31087" condition="[String.IsEqual(Container(211).ListItem.Property(widget.2),library) | String.IsEqual(Container(211).ListItem.Property(widget.2),playlist) | String.IsEqual(Container(211).ListItem.Property(widget.2),trakt)] + [String.IsEqual(Container(211).ListItem.Property(widgetType.2),movies) | String.IsEqual(Container(211).ListItem.Property(widgetType.2),episodes) | String.IsEqual(Container(211).ListItem.Property(widgetType.2),tvshows) | String.Contains(Container(211).ListItem.Property(widgetPath.2),skin.helper) | String.IsEqual(Container(211).ListItem.Property(widgetType.2),mixed)]">Banner</property>
	<!-- Widget Case 1 -->
	<propertySettings property="widgetCase" buttonID="1008" requires="widgetStyle" title="$LOCALIZE[31707]" />
	<property property="widgetCase" icon="homewidgets/cases/glass/portrait.png" condition="String.IsEqual(Container(211).ListItem.Property(widgetArt),Poster)" label="31721">Glass</property>
	<property property="widgetCase" icon="homewidgets/cases/glass/square.png" condition="String.IsEqual(Container(211).ListItem.Property(widgetArt),Square Poster)" label="31721">Glass</property>
	<property property="widgetCase" icon="homewidgets/cases/glass/landscape.png" condition="String.IsEqual(Container(211).ListItem.Property(widgetArt),FanArt)" label="31721">Glass</property>
	<property property="widgetCase" icon="homewidgets/cases/glass/landscape.png" condition="String.IsEqual(Container(211).ListItem.Property(widgetArt),Landscape)" label="31721">Glass</property>
	<property property="widgetCase" icon="homewidgets/cases/glass/landscape.png" condition="String.IsEqual(Container(211).ListItem.Property(widgetArt),Thumb)" label="31721">Glass</property>
	<property property="widgetCase" icon="homewidgets/cases/glass/landscape.png" condition="String.IsEqual(Container(211).ListItem.Property(widgetArt),ClearArt)" label="31721">Glass</property>
	<property property="widgetCase" icon="homewidgets/cases/glass/square.png" condition="String.IsEqual(Container(211).ListItem.Property(widgetArt),ClearLogo)" label="31721">Glass</property>
	<property property="widgetCase" icon="homewidgets/cases/glass/square.png" condition="String.IsEqual(Container(211).ListItem.Property(widgetArt),DiscArt)" label="31721">Glass</property>
	<property property="widgetCase" icon="homewidgets/cases/glass/square.png" condition="String.IsEqual(Container(211).ListItem.Property(widgetArt),Character Art)" label="31721">Glass</property>
	<property property="widgetCase" icon="homewidgets/cases/glass/banner.png" condition="String.IsEqual(Container(211).ListItem.Property(widgetArt),Banner)" label="31721">Glass</property>
	<property property="widgetCase" icon="homewidgets/cases/default/poster/1080p.png" condition="String.IsEqual(Container(211).ListItem.Property(widgetArt),Poster)" label="31707">Case</property>
	<property property="widgetCase" icon="homewidgets/cases/default/square/cd.png" condition="String.IsEqual(Container(211).ListItem.Property(widgetArt),Square Poster)" label="31707">Case</property>
	<property property="widgetCase" icon="homewidgets/cases/default/landscape/1080p.png" condition="String.IsEqual(Container(211).ListItem.Property(widgetArt),Landscape)" label="31707">Case</property>
	<property property="widgetCase" icon="homewidgets/cases/default/landscape/1080p.png" condition="String.IsEqual(Container(211).ListItem.Property(widgetArt),FanArt)" label="31707">Case</property>
	<property property="widgetCase" icon="homewidgets/cases/default/landscape/1080p.png" condition="String.IsEqual(Container(211).ListItem.Property(widgetArt),Thumb)" label="31707">Case</property>
	<property property="widgetCase" icon="homewidgets/cases/default/landscape/1080p.png" condition="String.IsEqual(Container(211).ListItem.Property(widgetArt),ClearArt)" label="31707">Case</property>
	<property property="widgetCase" icon="homewidgets/cases/default/landscape/1080p.png" condition="String.IsEqual(Container(211).ListItem.Property(widgetArt),ClearLogo)" label="31707">Case</property>
	<property property="widgetCase" icon="homewidgets/cases/default/square/cd.png" condition="String.IsEqual(Container(211).ListItem.Property(widgetArt),DiscArt)" label="31707">Case</property>
	<property property="widgetCase" icon="homewidgets/cases/default/square/cd.png" condition="String.IsEqual(Container(211).ListItem.Property(widgetArt),Character Art)" label="31707">Case</property>
	<property property="widgetCase" icon="homewidgets/cases/default/banner/1080p.png" condition="String.IsEqual(Container(211).ListItem.Property(widgetArt),Banner)" label="31707">Case</property>
	<property property="widgetCase" icon="homewidgets/cases/clearcase/poster/1080p.png" condition="String.IsEqual(Container(211).ListItem.Property(widgetArt),Poster)" label="31722">Clear Case</property>
	<property property="widgetCase" icon="homewidgets/cases/clearcase/square/cd.png" condition="String.IsEqual(Container(211).ListItem.Property(widgetArt),Square Poster)" label="31722">Clear Case</property>
	<property property="widgetCase" icon="homewidgets/cases/clearcase/landscape/1080p.png" condition="String.IsEqual(Container(211).ListItem.Property(widgetArt),Landscape)" label="31722">Clear Case</property>
	<property property="widgetCase" icon="homewidgets/cases/clearcase/landscape/1080p.png" condition="String.IsEqual(Container(211).ListItem.Property(widgetArt),FanArt)" label="31722">Clear Case</property>
	<property property="widgetCase" icon="homewidgets/cases/clearcase/landscape/1080p.png" condition="String.IsEqual(Container(211).ListItem.Property(widgetArt),Thumb)" label="31722">Clear Case</property>
	<property property="widgetCase" icon="homewidgets/cases/clearcase/landscape/1080p.png" condition="String.IsEqual(Container(211).ListItem.Property(widgetArt),ClearArt)" label="31722">Clear Case</property>
	<property property="widgetCase" icon="homewidgets/cases/clearcase/landscape/1080p.png" condition="String.IsEqual(Container(211).ListItem.Property(widgetArt),ClearLogo)" label="31722">Clear Case</property>
	<property property="widgetCase" icon="homewidgets/cases/clearcase/square/cd.png" condition="String.IsEqual(Container(211).ListItem.Property(widgetArt),DiscArt)" label="31722">Clear Case</property>
	<property property="widgetCase" icon="homewidgets/cases/clearcase/square/cd.png" condition="String.IsEqual(Container(211).ListItem.Property(widgetArt),Character Art)" label="31722">Clear Case</property>
	<property property="widgetCase" icon="homewidgets/cases/clearcase/banner/1080p.png" condition="String.IsEqual(Container(211).ListItem.Property(widgetArt),Banner)" label="31722">Clear Case</property>
	<!-- Widget Case 2 -->
	<propertySettings property="widgetCase.2" buttonID="2008" requires="widgetStyle.2" title="$LOCALIZE[31707]" />
	<property property="widgetCase.2" icon="homewidgets/cases/glass/portrait.png" condition="String.IsEqual(Container(211).ListItem.Property(widgetArt.2),Poster)" label="31721">Glass</property>
	<property property="widgetCase.2" icon="homewidgets/cases/glass/square.png" condition="String.IsEqual(Container(211).ListItem.Property(widgetArt.2),Square Poster)" label="31721">Glass</property>
	<property property="widgetCase.2" icon="homewidgets/cases/glass/landscape.png" condition="String.IsEqual(Container(211).ListItem.Property(widgetArt.2),FanArt)" label="31721">Glass</property>
	<property property="widgetCase.2" icon="homewidgets/cases/glass/landscape.png" condition="String.IsEqual(Container(211).ListItem.Property(widgetArt.2),Landscape)" label="31721">Glass</property>
	<property property="widgetCase.2" icon="homewidgets/cases/glass/landscape.png" condition="String.IsEqual(Container(211).ListItem.Property(widgetArt.2),Thumb)" label="31721">Glass</property>
	<property property="widgetCase.2" icon="homewidgets/cases/glass/landscape.png" condition="String.IsEqual(Container(211).ListItem.Property(widgetArt.2),ClearArt)" label="31721">Glass</property>
	<property property="widgetCase.2" icon="homewidgets/cases/glass/square.png" condition="String.IsEqual(Container(211).ListItem.Property(widgetArt.2),ClearLogo)" label="31721">Glass</property>
	<property property="widgetCase.2" icon="homewidgets/cases/glass/square.png" condition="String.IsEqual(Container(211).ListItem.Property(widgetArt.2),DiscArt)" label="31721">Glass</property>
	<property property="widgetCase.2" icon="homewidgets/cases/glass/square.png" condition="String.IsEqual(Container(211).ListItem.Property(widgetArt.2),Character Art)" label="31721">Glass</property>
	<property property="widgetCase.2" icon="homewidgets/cases/glass/banner.png" condition="String.IsEqual(Container(211).ListItem.Property(widgetArt.2),Banner)" label="31721">Glass</property>
	<property property="widgetCase.2" icon="homewidgets/cases/default/poster/1080p.png" condition="String.IsEqual(Container(211).ListItem.Property(widgetArt.2),Poster)" label="31707">Case</property>
	<property property="widgetCase.2" icon="homewidgets/cases/default/square/cd.png" condition="String.IsEqual(Container(211).ListItem.Property(widgetArt.2),Square Poster)" label="31707">Case</property>
	<property property="widgetCase.2" icon="homewidgets/cases/default/landscape/1080p.png" condition="String.IsEqual(Container(211).ListItem.Property(widgetArt.2),Landscape)" label="31707">Case</property>
	<property property="widgetCase.2" icon="homewidgets/cases/default/landscape/1080p.png" condition="String.IsEqual(Container(211).ListItem.Property(widgetArt.2),FanArt)" label="31707">Case</property>
	<property property="widgetCase.2" icon="homewidgets/cases/default/landscape/1080p.png" condition="String.IsEqual(Container(211).ListItem.Property(widgetArt.2),Thumb)" label="31707">Case</property>
	<property property="widgetCase.2" icon="homewidgets/cases/default/landscape/1080p.png" condition="String.IsEqual(Container(211).ListItem.Property(widgetArt.2),ClearArt)" label="31707">Case</property>
	<property property="widgetCase.2" icon="homewidgets/cases/default/landscape/1080p.png" condition="String.IsEqual(Container(211).ListItem.Property(widgetArt.2),ClearLogo)" label="31707">Case</property>
	<property property="widgetCase.2" icon="homewidgets/cases/default/square/cd.png" condition="String.IsEqual(Container(211).ListItem.Property(widgetArt.2),DiscArt)" label="31707">Case</property>
	<property property="widgetCase.2" icon="homewidgets/cases/default/square/cd.png" condition="String.IsEqual(Container(211).ListItem.Property(widgetArt.2),Character Art)" label="31707">Case</property>
	<property property="widgetCase.2" icon="homewidgets/cases/default/banner/1080p.png" condition="String.IsEqual(Container(211).ListItem.Property(widgetArt.2),Banner)" label="31707">Case</property>
	<property property="widgetCase.2" icon="homewidgets/cases/clearcase/poster/1080p.png" condition="String.IsEqual(Container(211).ListItem.Property(widgetArt.2),Poster)" label="31722">Clear Case</property>
	<property property="widgetCase.2" icon="homewidgets/cases/clearcase/square/cd.png" condition="String.IsEqual(Container(211).ListItem.Property(widgetArt.2),Square Poster)" label="31722">Clear Case</property>
	<property property="widgetCase.2" icon="homewidgets/cases/clearcase/landscape/1080p.png" condition="String.IsEqual(Container(211).ListItem.Property(widgetArt.2),Landscape)" label="31722">Clear Case</property>
	<property property="widgetCase.2" icon="homewidgets/cases/clearcase/landscape/1080p.png" condition="String.IsEqual(Container(211).ListItem.Property(widgetArt.2),FanArt)" label="31722">Clear Case</property>
	<property property="widgetCase.2" icon="homewidgets/cases/clearcase/landscape/1080p.png" condition="String.IsEqual(Container(211).ListItem.Property(widgetArt.2),Thumb)" label="31722">Clear Case</property>
	<property property="widgetCase.2" icon="homewidgets/cases/clearcase/landscape/1080p.png" condition="String.IsEqual(Container(211).ListItem.Property(widgetArt.2),ClearArt)" label="31722">Clear Case</property>
	<property property="widgetCase.2" icon="homewidgets/cases/clearcase/landscape/1080p.png" condition="String.IsEqual(Container(211).ListItem.Property(widgetArt.2),ClearLogo)" label="31722">Clear Case</property>
	<property property="widgetCase.2" icon="homewidgets/cases/clearcase/square/cd.png" condition="String.IsEqual(Container(211).ListItem.Property(widgetArt.2),DiscArt)" label="31722">Clear Case</property>
	<property property="widgetCase.2" icon="homewidgets/cases/clearcase/square/cd.png" condition="String.IsEqual(Container(211).ListItem.Property(widgetArt.2),Character Art)" label="31722">Clear Case</property>
	<property property="widgetCase.2" icon="homewidgets/cases/clearcase/banner/1080p.png" condition="String.IsEqual(Container(211).ListItem.Property(widgetArt.2),Banner)" label="31722">Clear Case</property>
	<!-- Widget Sort By 1 -->
	<propertySettings property="widgetSortby" buttonID="1012" requires="widgetStyle" templateonly="True" title="$LOCALIZE[31708]" />
	<property property="widgetSortby" label="568">lastplayed</property>
	<property property="widgetSortby" label="369">title</property>
	<property property="widgetSortby" label="36902" condition="String.IsEqual(Container(211).ListItem.Property(widgetType),episodes)">tvshowtitle</property>
	<property property="widgetSortby" label="552" condition="String.IsEqual(Container(211).ListItem.Property(widgetType),episodes)">date</property>
	<property property="widgetSortby" label="557" condition="String.IsEqual(Container(211).ListItem.Property(widgetType),musicvideos) | String.IsEqual(Container(211).ListItem.Property(widgetType),artists) | String.IsEqual(Container(211).ListItem.Property(widgetType),albums) | String.IsEqual(Container(211).ListItem.Property(widgetType),songs)">artist</property>
	<property property="widgetSortby" label="558" condition="String.IsEqual(Container(211).ListItem.Property(widgetType),musicvideos) | String.IsEqual(Container(211).ListItem.Property(widgetType),albums) | String.IsEqual(Container(211).ListItem.Property(widgetType),songs)">album</property>
	<property property="widgetSortby" label="554" condition="String.IsEqual(Container(211).ListItem.Property(widgetType),songs)">tracknumber</property>
	<property property="widgetSortby" label="19029" condition="String.IsEqual(Container(211).ListItem.Property(widgetType),pvr)">channelnumber</property>
	<property property="widgetSortby" label="345" condition="String.IsEqual(Container(211).ListItem.Property(widgetType),movies) | String.IsEqual(Container(211).ListItem.Property(widgetType),tvshows) | String.IsEqual(Container(211).ListItem.Property(widgetType),musicvideos) | String.IsEqual(Container(211).ListItem.Property(widgetType),albums)">year</property>
	<property property="widgetSortby" label="570" condition="!String.IsEqual(Container(211).ListItem.Property(widgetType),pvr)">dateAdded</property>
	<property property="widgetSortby" label="590">random</property>
	<!-- Widget Sort Order 1 -->
	<propertySettings property="widgetSort" buttonID="1016" requires="widgetStyle" templateonly="True" title="$LOCALIZE[31709]" />
	<property property="widgetSort" label="584">ascending</property>
	<property property="widgetSort" label="585">descending</property>
	<!-- Widget Sort By 2 -->
	<propertySettings property="widgetSortby.2" buttonID="2012" requires="widgetStyle.2" templateonly="True" title="$LOCALIZE[31708]" />
	<property property="widgetSortby.2" label="568">lastplayed</property>
	<property property="widgetSortby.2" label="369">title</property>
	<property property="widgetSortby.2" label="36902" condition="String.IsEqual(Container(211).ListItem.Property(widgetType.2),episodes)">tvshowtitle</property>
	<property property="widgetSortby.2" label="552" condition="String.IsEqual(Container(211).ListItem.Property(widgetType.2),episodes)">date</property>
	<property property="widgetSortby.2" label="557" condition="String.IsEqual(Container(211).ListItem.Property(widgetType.2),musicvideos) | String.IsEqual(Container(211).ListItem.Property(widgetType.2),artists) | String.IsEqual(Container(211).ListItem.Property(widgetType.2),albums) | String.IsEqual(Container(211).ListItem.Property(widgetType.2),songs)">artist</property>
	<property property="widgetSortby.2" label="558" condition="String.IsEqual(Container(211).ListItem.Property(widgetType.2),musicvideos) | String.IsEqual(Container(211).ListItem.Property(widgetType.2),albums) | String.IsEqual(Container(211).ListItem.Property(widgetType.2),songs)">album</property>
	<property property="widgetSortby.2" label="554" condition="String.IsEqual(Container(211).ListItem.Property(widgetType.2),songs)">tracknumber</property>
	<property property="widgetSortby.2" label="19029" condition="String.IsEqual(Container(211).ListItem.Property(widgetType.2),pvr)">channelnumber</property>
	<property property="widgetSortby.2" label="345" condition="String.IsEqual(Container(211).ListItem.Property(widgetType.2),movies) | String.IsEqual(Container(211).ListItem.Property(widgetType.2),tvshows) | String.IsEqual(Container(211).ListItem.Property(widgetType.2),musicvideos) | String.IsEqual(Container(211).ListItem.Property(widgetType.2),albums)">year</property>
	<property property="widgetSortby.2" label="570" condition="!String.IsEqual(Container(211).ListItem.Property(widgetType.2),pvr)">dateAdded</property>
	<property property="widgetSortby.2" label="590">random</property>
	<!-- Widget Sort Order 2 -->
	<propertySettings property="widgetSort.2" buttonID="2016" requires="widgetStyle.2" templateonly="True" title="$LOCALIZE[31709]" />
	<property property="widgetSort.2" label="584">ascending</property>
	<property property="widgetSort.2" label="585">descending</property>
	<!-- Widget List 1 - Text/Banner -->
	<propertySettings property="widgetList" buttonID="1020" showNone="False" requires="widgetStyle" templateonly="True" title="$LOCALIZE[31704]" />
	<property property="widgetList" label="21899">Label</property>
	<property property="widgetList" label="31087">Banner Art</property>
	<!-- Widget List 2 - Text/Banner -->
	<propertySettings property="widgetList.2" buttonID="2020" showNone="False" requires="widgetStyle.2" templateonly="True" title="$LOCALIZE[31704]" />
	<property property="widgetList.2" label="21899">Label</property>
	<property property="widgetList.2" label="31087">Banner Art</property>
	<!-- Widget Panel Info 1 -->
	<propertySettings property="widgetPanelInfo" buttonID="1021" requires="widgetStyle" title="$LOCALIZE[31705]" />
	<property property="widgetPanelInfo" label="305">Enabled</property>
	<!-- Widget Panel Info 2 -->
	<propertySettings property="widgetPanelInfo.2" buttonID="2021" requires="widgetStyle.2" title="$LOCALIZE[31705]" />
	<property property="widgetPanelInfo.2" label="305">Enabled</property>
	<!-- Management Dialog Navigation -->
	<!-- WIDGET 1 -->
	<onback to="800">6001</onback>
	<onback to="800">1001</onback>
	<onback to="800">1002</onback>
	<onback to="800">1003</onback>
	<onback to="800">1020</onback>
	<onback to="800">1021</onback>
	<onback to="800">1022</onback>
	<onback to="800">1023</onback>
	<onback to="800">312</onback>
	<onback to="800">1004</onback>
	<onback to="800">1008</onback>
	<onback to="800">1012</onback>
	<onback to="800">1016</onback>
	<!-- WIDGET 2 -->
	<onback to="801">7001</onback>
	<onback to="801">2001</onback>
	<onback to="801">2002</onback>
	<onback to="801">2003</onback>
	<onback to="801">2020</onback>
	<onback to="801">2021</onback>
	<onback to="801">2022</onback>
	<onback to="801">2023</onback>
	<onback to="801">2051</onback>
	<onback to="801">2004</onback>
	<onback to="801">2008</onback>
	<onback to="801">2012</onback>
	<onback to="801">2016</onback>
	<!-- Remove any default menu item properties that we don't need -->
	<propertySettings property="widget" templateonly="True" />
	<propertySettings property="widgetTarget" templateonly="True" />
	<propertySettings property="widgetPath" templateonly="True" />
	<propertySettings property="widget.2" templateonly="True" />
	<propertySettings property="widgetTarget.2" templateonly="True" />
	<propertySettings property="widgetPath.2" templateonly="True" />
	<propertySettings property="labelID" templateonly="True" />
	<propertySettings property="defaultID" templateonly="True" />
	<propertySettings property="list" templateonly="True" />
	<propertySettings property="group" templateonly="True" />
	<propertySettings property="hasSubmenu" templateonly="True" />
	<!-- Icon Overrides -->
	<icon image="DefaultShortcut.png">special://skin/extras/icons/DefaultAddSource.png</icon>
	<icon image="DefaultActor.png">special://skin/extras/icons/DefaultActor.png</icon>
	<icon image="DefaultAddon.png">special://skin/extras/icons/DefaultAddon.png</icon>
	<icon image="DefaultAddonLibrary.png">special://skin/extras/icons/DefaultAddonLibrary.png</icon>
	<icon image="DefaultAddonMusic.png">special://skin/extras/icons/DefaultAddonMusic.png</icon>
	<icon image="DefaultAddonNone.png">special://skin/extras/icons/DefaultAddonNone.png</icon>
	<icon image="DefaultAddonPicture.png">special://skin/extras/icons/DefaultAddonPicture.png</icon>
	<icon image="DefaultAddonProgram.png">special://skin/extras/icons/DefaultAddonProgram.png</icon>
	<icon image="DefaultAddonPVRClient.png">special://skin/extras/icons/DefaultAddonPVRClient.png</icon>
	<icon image="DefaultAddonVideo.png">special://skin/extras/icons/DefaultAddonVideo.png</icon>
	<icon image="DefaultAddonWeather.png">special://skin/extras/icons/DefaultAddonWeather.png</icon>
	<icon image="DefaultAlbumCover.png">special://skin/extras/icons/DefaultAlbumCover.png</icon>
	<icon image="DefaultArtist.png">special://skin/extras/icons/DefaultArtist.png</icon>
	<icon image="DefaultAudio.png">special://skin/extras/icons/DefaultAudio.png</icon>
	<icon image="DefaultCountry.png">special://skin/extras/icons/DefaultCountry.png</icon>
	<icon image="DefaultDirector.png">special://skin/extras/icons/DefaultDirector.png</icon>
	<icon image="DefaultFile.png">special://skin/extras/icons/DefaultFile.png</icon>
	<icon image="DefaultFolder.png">special://skin/extras/icons/DefaultFolder.png</icon>
	<icon image="DefaultGames.png">special://skin/extras/icons/DefaultGames.png</icon>
	<icon image="DefaultGenre.png">special://skin/extras/icons/DefaultGenre.png</icon>
	<icon image="DefaultInProgressShows.png">special://skin/extras/icons/DefaultInProgressShows.png</icon>
	<icon image="DefaultMovies.png">special://skin/extras/icons/DefaultMovies.png</icon>
	<icon image="DefaultMovieTitle.png">special://skin/extras/icons/DefaultMovieTitle.png</icon>
	<icon image="DefaultMusicAlbums.png">special://skin/extras/icons/DefaultMusicAlbums.png</icon>
	<icon image="DefaultMusicArtists.png">special://skin/extras/icons/DefaultMusicArtists.png</icon>
	<icon image="DefaultMusicGenres.png">special://skin/extras/icons/DefaultMusicGenres.png</icon>
	<icon image="DefaultMusicPlaylists.png">special://skin/extras/icons/DefaultMusicPlaylists.png</icon>
	<icon image="DefaultMusicRecentlyAdded.png">special://skin/extras/icons/DefaultMusicRecentlyAdded.png</icon>
	<icon image="DefaultMusicRecentlyPlayed.png">special://skin/extras/icons/DefaultMusicRecentlyPlayed.png</icon>
	<icon image="DefaultMusicSongs.png">special://skin/extras/icons/DefaultMusicSongs.png</icon>
	<icon image="DefaultMusicTop100.png">special://skin/extras/icons/DefaultMusicTop100.png</icon>
	<icon image="DefaultMusicTop100Albums.png">special://skin/extras/icons/DefaultMusicTop100Albums.png</icon>
	<icon image="DefaultMusicTop100Songs.png">special://skin/extras/icons/DefaultMusicTop100Songs.png</icon>
	<icon image="DefaultMusicVideos.png">special://skin/extras/icons/DefaultMusicVideos.png</icon>
	<icon image="DefaultMusicVideoTitle.png">special://skin/extras/icons/DefaultMusicVideoTitle.png</icon>
	<icon image="DefaultMusicYears.png">special://skin/extras/icons/DefaultMusicYears.png</icon>
	<icon image="DefaultPicture.png">special://skin/extras/icons/DefaultPicture.png</icon>
	<icon image="DefaultPlaylist.png">special://skin/extras/icons/DefaultPlaylist.png</icon>
	<icon image="DefaultProgram.png">special://skin/extras/icons/DefaultProgram.png</icon>
	<icon image="DefaultRecentlyAddedEpisodes.png">special://skin/extras/icons/DefaultRecentlyAddedEpisodes.png</icon>
	<icon image="DefaultRecentlyAddedMovies.png">special://skin/extras/icons/DefaultRecentlyAddedMovies.png</icon>
	<icon image="DefaultRecentlyAddedMusicVideos.png">special://skin/extras/icons/DefaultRecentlyAddedMusicVideos.png</icon>
	<icon image="DefaultSets.png">special://skin/extras/icons/DefaultSets.png</icon>
	<icon image="DefaultStudios.png">special://skin/extras/icons/DefaultStudios.png</icon>
	<icon image="DefaultTags.png">special://skin/extras/icons/DefaultTags.png</icon>
	<icon image="DefaultTVShows.png">special://skin/extras/icons/DefaultTVShows.png</icon>
	<icon image="DefaultTVShowTitle.png">special://skin/extras/icons/DefaultTVShowTitle.png</icon>
	<icon image="DefaultVideo.png">special://skin/extras/icons/DefaultVideo.png</icon>
	<icon image="DefaultVideoPlaylists.png">special://skin/extras/icons/DefaultVideoPlaylists.png</icon>
	<icon image="DefaultYear.png">special://skin/extras/icons/DefaultYear.png</icon>
</overrides>