<?xml version="1.0" encoding="UTF-8"?>
<addon id="skin.lilo.stich.18" version="7.0.7" name="[COLOR orange]Lilo und Stich[/COLOR]" provider-name="SILVO,ELGRECO,SKINBASE">
	<requires>
		<import addon="xbmc.gui" version="5.14.0" />
		<import addon="script.skinshortcuts" version="1.0.10" />
		<import addon="service.library.data.provider" version="0.0.7" />
		<import addon="script.grab.fanart" version="0.12.8" />
		<import addon="resource.images.studios.white" version="0.0.1" />
		<import addon="resource.images.recordlabels.white" version="0.0.1" />
	</requires>
	<extension point="xbmc.gui.skin" debugging="false">
		<res width="1920" height="1080" aspect="16:9" default="true" folder="16x9" />
	</extension>
	<extension point="xbmc.addon.metadata">
		<summary lang="de_DE">Skins und Skin Themen by Guidos Skinbase.</summary>
		<summary lang="en_GB">Skins and Skin Themen by Guidos Skinbase.</summary>
		<description lang="de_DE">Guidos Skinbase Repo. Die größte Skinbase der Welt mit unzähligen Skin Mods und Skin Themen aus der ganzen Welt. Ständig erweitert und verbessert, so sollte für jeden was dabei sein viel Spaß. </description>
		<description lang="en_GB">Guido's Skinbase Repo. The largest skinbase in the world with countless skin mods and skin themes from around the world. Constantly expanding and improving, there should be something for everyone.</description>
		<platform>all</platform>
		<license>CC BY-NC-SA 4.0</license>
		<forum></forum>
		<website></website>
		<source></source>
		<assets>
			<icon>resources/icon.png</icon>
			<fanart>resources/fanart.jpg</fanart>
			<screenshot>resources/screenshot-01.jpg</screenshot>
			<screenshot>resources/screenshot-02.jpg</screenshot>
			<screenshot>resources/screenshot-03.jpg</screenshot>
			<screenshot>resources/screenshot-04.jpg</screenshot>
		</assets>
		<size>56081011</size>
	</extension>

</addon>
