<?xml version="1.0" encoding="utf-8"?>
<window type="dialog">
    <defaultcontrol always="true">9001</defaultcontrol>
    <controls>
        <include>DimBG</include>
        <control type="group">
            <include>DialogOpenClose</include>
            <control type="image">
                <posx>460</posx>
                <posy>330</posy>
                <width>1000</width>
                <height>1080</height>
                <!--<include>DialogTransparency</include>-->
                <colordiffuse>$VAR[Picked.Theme.Color]</colordiffuse>
                <texture border="50">common/background_menu.png</texture>
            </control>
            <include content="WindowClosingButton">
                <param name="id" value="9010"/>
                <param name="x" value="1410"/>
                <param name="y" value="330"/>
                <param name="onleft" value="6060"/>
            </include>
            <control type="label" id="1">
                <posx>560</posx>
                <posy>430</posy>
                <width>800</width>
                <height>50</height>
                <font>InfoTitleFont</font>
                <include>TextColor_MainColor</include>
                <scroll>true</scroll>
            </control>
            <control type="textbox" id="9">
                <posx>560</posx>
                <posy>530</posy>
                <width>800</width>
                <height>200</height>
                <label></label>
                <font>InfoDetailsFont</font>
                <textcolor>AlternateColor</textcolor>
                <pagecontrol>6060</pagecontrol>
            </control>
            <control type="scrollbar" id="6060">
                <visible>Skin.HasSetting(ManualScroll)</visible>
                <posx>1410</posx>
                <posy>530</posy>
                <height>200</height>
                <include>VerticalScroller</include>
                <onleft>9001</onleft>
                <onright>9001</onright>
            </control>
            <include content="ProgressBar">
                <param name="id" value="20"/>
                <param name="visible" value="true"/>
                <param name="x" value="510"/>
                <param name="y" value="780"/>
                <param name="width" value="900"/>
                <param name="height" value="50"/>
                <param name="texturebg" value="common/osd_progress_background.png"/>
                <param name="gfx" value="OSD/osd_progress_50.png"/>
                <param name="border" value="1,1,1,1"/>
                <param name="info" value="System.Progressbar"/>
            </include>
            <control type="grouplist" id="9001">
                <posx>510</posx>
                <posy>880</posy>
                <width>1000</width>
                <height>150</height>
                <itemgap>0</itemgap>
                <aligny>bottom</aligny>
                <align>center</align>
                <orientation>vertical</orientation>
                <onup>6060</onup>
                <ondown>6060</ondown>
                <onleft>6060</onleft>
                <onright>6060</onright>
                <control type="button" id="11">
                    <include>ButtonFocusAnimation</include>
                    <width>900</width>
                    <include>LeftMenuButton</include>
                </control>
                <control type="button" id="10">
                    <include>ButtonFocusAnimation</include>
                    <width>900</width>
                    <include>LeftMenuButton</include>
                </control>
                <control type="button" id="12">
                    <include>ButtonFocusAnimation</include>
                    <width>900</width>
                    <include>LeftMenuButton</include>
                </control>
            </control>
        </control>
    </controls>
</window>
