<?xml version="1.0" encoding="utf-8"?>
<window>
    <defaultcontrol always="true">3</defaultcontrol>
    <controls>
        <include>DimBG</include>
        <control type="group">
            <include>DialogOpenClose</include>
            <control type="image">
                <posx>0</posx>
                <posy>140</posy>
                <width>1920</width>
                <height>1080</height>
                <!--<include>DialogTransparency</include>-->
                <colordiffuse>$VAR[Picked.Theme.Color]</colordiffuse>
                <texture border="50">common/background_menu.png</texture>
            </control>
            <include content="WindowClosingButton">
                <param name="id" value="9010"/>
                <param name="x" value="1870"/>
                <param name="y" value="140"/>
                <param name="onleft" value="6060"/>
            </include>
            <control type="image">
                <posx>530</posx>
                <posy>190</posy>
                <width>480</width>
                <height>900</height>
                <texture border="1">common/background_strip_horizontal_right.png</texture>
            </control>
            <!-- SIDE MENU -->
            <control type="group">
                <posy>240</posy>
                <control type="grouplist" id="3">
                    <posy>0</posy>
                    <height>600</height>
                    <onright>9060</onright>
                    <ondown>9001</ondown>
                    <include>DialogMenuButtonGroup</include>
                </control>
                <control type="button" id="10">
                    <include>DialogMenuButton</include>
                </control>
                <include content="DialogMenuScroller">
                    <param name="y" value="0"/>
                    <param name="height" value="600"/>
                    <param name="onright" value="5"/>
                    <param name="onleft" value="3"/>
                </include>
                <control type="grouplist" id="9001">
                    <posx>TextMargin</posx>
                    <posy>650</posy>
                    <width>480</width>
                    <height>150</height>
                    <itemgap>0</itemgap>
                    <aligny>bottom</aligny>
                    <orientation>vertical</orientation>
                    <onup>3</onup>
                    <onright>5</onright>
                    <control type="button" id="28">
                        <include>ButtonFocusAnimation</include>
                        <label>$LOCALIZE[186]</label>
                        <include>DialogMenuButton</include>
                    </control>
                    <control type="button" id="29">
                        <include>ButtonFocusAnimation</include>
                        <label>$LOCALIZE[222]</label>
                        <include>DialogMenuButton</include>
                    </control>
                    <control type="button" id="30">
                        <include>ButtonFocusAnimation</include>
                        <label>$LOCALIZE[409]</label>
                        <include>DialogMenuButton</include>
                    </control>
                </control>
            </control>
            <control type="group">
                <posx>530</posx>
                <posy>240</posy>
                <control type="label" id="2">
                    <posx>TextMargin</posx>
                    <posy>0</posy>
                    <width>1240</width>
                    <height>50</height>
                    <font>InfoTitleFont</font>
                    <scroll>true</scroll>
                    <include>TextColor_MainColor</include>
                </control>
                <control type="grouplist" id="5">
                    <posx>0</posx>
                    <posy>100</posy>
                    <width>1340</width>
                    <height>700</height>
                    <itemgap>0</itemgap>
                    <pagecontrol>60</pagecontrol>
                    <onup>5</onup>
                    <ondown>5</ondown>
                    <onleft>3</onleft>
                    <onright>60</onright>
                </control>
                <control type="button" id="7">
                    <width>1340</width>
                    <include>LeftMenuButton</include>
                </control>
                <control type="radiobutton" id="8">
                    <width>1340</width>
                    <radioposx>1250</radioposx>
                    <textwidth>1200</textwidth>
                    <include>LeftMenuButton</include>
                </control>
                <control type="spincontrolex" id="9">
                    <textwidth>535</textwidth>
                    <width>1340</width>
                    <include>LeftMenuButton</include>
                </control>
                <control type="image" id="11">
                    <description>separator image</description>
                    <width>1340</width>
                    <height>50</height>
                    <texture border="51,0,51,0">common/bg_facade_separator.png</texture>
                </control>
                <control type="edit" id="12">
                    <description>Default Edit</description>
                    <width>1340</width>
                    <include>LeftMenuButton</include>
                </control>
                <control type="sliderex" id="13">
                    <width>1340</width>
                    <include>LeftMenuButton</include>
                </control>
                <control type="label" id="14">
                    <description>separator label headline</description>
                    <textoffsetx>TextMargin</textoffsetx>
                    <textoffsety>65</textoffsety>
                    <aligny>top</aligny>
                    <width>1240</width>
                    <height>100</height>
                    <font>LeftMenuTitleFont</font>
                    <include>TextColor_MidColor</include>
                    <include>LeftMenuButton</include>
                </control>
                <control type="scrollbar" id="60">
                    <posx>1290</posx>
                    <posy>100</posy>
                    <height>700</height>
                    <onleft>5</onleft>
                    <onright>60</onright>
                    <include>VerticalScroller</include>
                </control>
            </control>
        </control>
    </controls>
</window>
