<?xml version="1.0" encoding="utf-8"?>
<window>
    <defaultcontrol always="true">11</defaultcontrol>
    <controls>
        <include>DimBG</include>
        <control type="group">
            <include>DialogOpenClose</include>
            <control type="image">
                <posx>460</posx>
                <posy>680</posy>
                <width>1000</width>
                <height>1080</height>
                <!--<include>DialogTransparency</include>-->
                <colordiffuse>$VAR[Picked.Theme.Color]</colordiffuse>
                <texture border="50">common/background_menu.png</texture>
            </control>
            <include content="WindowClosingButton">
                <param name="id" value="9010"/>
                <param name="x" value="1410"/>
                <param name="y" value="680"/>
                <param name="onleft" value="6060"/>
            </include>
            <control type="label" id="10">
                <posx>560</posx>
                <posy>780</posy>
                <width>800</width>
                <height>50</height>
                <font>InfoTitleFont</font>
                <scroll>true</scroll>
                <include>TextColor_MainColor</include>
            </control>
            <control type="slider" id="11">
                <posx>560</posx>
                <posy>880</posy>
                <width>800</width>
                <onup>noop</onup>
                <ondown>noop</ondown>
                <onleft>11</onleft>
                <onright>11</onright>
            </control>
            <control type="label" id="12">
                <posx>560</posx>
                <posy>980</posy>
                <width>800</width>
                <height>50</height>
                <align>left</align>
                <font>InfoDetailsFont</font>
                <textcolor>AlternateColor</textcolor>
                <wrapmultiline>false</wrapmultiline>
            </control>
        </control>
    </controls>
</window>
