<?xml version="1.0" encoding="utf-8"?>
<window>
    <defaultcontrol always="true">996</defaultcontrol>
    <controls>
        <include>DimBG</include>
        <control type="group">
            <include>DialogOpenClose</include>
            <control type="image" id="999">
                <posx>0</posx>
                <posy>0</posy>
                <width>800</width>
                <height>1080</height>
                <!--<include>DialogTransparency</include>-->
                <colordiffuse>$VAR[Picked.Theme.Color]</colordiffuse>
                <texture border="50">common/background_menu.png</texture>
            </control>
            <control type="grouplist" id="996">
                <posx>TextMargin</posx>
                <posy>100</posy>
                <width>700</width>
                <height>880</height>
                <itemgap>0</itemgap>
                <pagecontrol>60</pagecontrol>
                <onright>60</onright>
                <control type="button" id="1000">
                    <posx>0</posx>
                    <posy>0</posy>
                    <width>700</width>
                    <textoffsetx>TextMargin</textoffsetx>
                    <height>50</height>
                    <include>LeftMenuButton</include>
                </control>
                <control type="button" id="2001">
                    <posx>0</posx>
                    <posy>0</posy>
                    <width>700</width>
                    <textoffsetx>TextMargin</textoffsetx>
                    <height>50</height>
                    <include>LeftMenuButton</include>
                    <label>Extended Info</label>
                    <visible>System.HasAddon(script.extendedinfo)</visible>
                    <visible>Container.Content(movies)|Container.Content(tvshows)|Container.Content(Actors)|Container.Content(Directors)|Container.Content(Artists)</visible>
                    <onclick condition="Container.Content(Actors) | Container.Content(Directors) | Container.Content(Artists)">RunScript(script.extendedinfo,info=extendedactorinfo,name=$INFO[ListItem.Label])</onclick>
                    <onclick condition="Container.Content(Movies)">RunScript(script.extendedinfo,info=extendedinfo,dbid=$INFO[ListItem.DBID],name=$INFO[ListItem.Title])</onclick>
                    <onclick condition="Container.Content(tvshows)">RunScript(script.extendedinfo,info=extendedtvinfo,name=$INFO[ListItem.Title],dbid=$INFO[ListItem.DBID])</onclick>
                    <!--<onclick condition="Container.Content(Seasons) + !String.IsEmpty(ListItem.Season)">RunScript(script.extendedinfo,info=seasoninfo,tvshow=$INFO[ListItem.TVShowTitle],season=$INFO[ListItem.Season])</onclick>-->
                </control>
            </control>
            <control type="scrollbar" id="60">
                <posx>700</posx>
                <posy>100</posy>
                <height>880</height>
                <showonepage>false</showonepage>
                <include>VerticalScroller</include>
                <onleft>996</onleft>
                <onright>998</onright>
            </control>
            <include content="WindowClosingButton">
                <param name="id" value="998"/>
                <param name="x" value="750"/>
                <param name="y" value="0"/>
                <param name="onleft" value="60"/>
            </include>
        </control>
    </controls>
</window>
