<?xml version="1.0" encoding="utf-8"?>
<window>
    <defaultcontrol always="true">450</defaultcontrol>
    <onload condition="Skin.HasSetting(StopPlaybackOnMenu)">PlayerControl(stop)</onload>
    <controls>
        <include>DimBG</include>
        <control type="group">
            <include>DialogOpenClose</include>
            <control type="image">
                <posx>0</posx>
                <posy>140</posy>
                <width>1920</width>
                <height>1080</height>
                <!--<include>DialogTransparency</include>-->
                <colordiffuse>$VAR[Picked.Theme.Color]</colordiffuse>
                <texture border="50">common/background_menu.png</texture>
            </control>
            <include content="WindowClosingButton">
                <param name="id" value="99010"/>
                <param name="x" value="1870"/>
                <param name="y" value="140"/>
                <param name="onleft" value="6060"/>
            </include>
            <control type="image">
                <posx>530</posx>
                <posy>190</posy>
                <width>480</width>
                <height>900</height>
                <texture border="1">common/background_strip_horizontal_right.png</texture>
            </control>
            <control type="image">
                <posx>530r</posx>
                <posy>190</posy>
                <width>480</width>
                <height>900</height>
                <texture border="1">common/background_strip_horizontal_right.png</texture>
            </control>
            <!-- SIDE MENU -->
            <control type="group">
                <posy>240</posy>
                <control type="label" id="7965">
                    <posx>-660</posx>
                    <posy>183</posy>
                    <include>LeftMenuTitleLabel</include>
                    <label>$LOCALIZE[33061]</label>
                </control>
                <control type="grouplist" id="9001">
                    <posy>0</posy>
                    <height>800</height>
                    <include>DialogMenuButtonGroup</include>
                    <onright>9060</onright>
                    <control type="button" id="415">
                        <label>$LOCALIZE[119]</label>
                        <include>DialogMenuButton</include>
                    </control>
                    <control type="radiobutton" id="416">
                        <label>$LOCALIZE[749]</label>
                        <include>DialogMenuButton</include>
                    </control>
                    <control type="label" id="7895">
                        <height>600</height>
                        <width>480</width>
                        <label></label>
                    </control>
                    <control type="button" id="413">
                        <include>ButtonFocusAnimation</include>
                        <label>$LOCALIZE[186]</label>
                        <width>480</width>
                        <include>DialogMenuButton</include>
                    </control>
                    <control type="button" id="414">
                        <include>ButtonFocusAnimation</include>
                        <label>$LOCALIZE[222]</label>
                        <width>480</width>
                        <include>DialogMenuButton</include>
                    </control>
                </control>
                <include content="DialogMenuScroller">
                    <param name="y" value="0"/>
                    <param name="height" value="800"/>
                    <param name="onright" value="450"/>
                    <param name="onleft" value="9001"/>
                </include>
            </control>
            <control type="group">
                <posx>530</posx>
                <posy>240</posy>
                <control type="label" id="411">
                    <posx>TextMargin</posx>
                    <posy>0</posy>
                    <width>760</width>
                    <height>50</height>
                    <font>InfoTitleFont</font>
                    <scroll>true</scroll>
                    <include>TextColor_MainColor</include>
                </control>
                <control type="label" id="412">
                    <posx>TextMargin</posx>
                    <posy>50</posy>
                    <width>760</width>
                    <height>35</height>
                    <font>InfoTitleSubFont</font>
                    <include>TextColor_MidColor</include>
                </control>
                <control type="panel" id="450">
                    <posx>0</posx>
                    <posy>100</posy>
                    <width>860</width>
                    <height>700</height>
                    <pagecontrol>60</pagecontrol>
                    <onleft>9001</onleft>
                    <onright>60</onright>
                    <onup>450</onup>
                    <ondown>450</ondown>
                    <itemlayout height="50" width="860">
                        <control type="group">
                            <include>NoFocusedIcon</include>
                            <include content="ThumbsImages">
                                <param name="visible" value="true"/>
                                <param name="x" value="TextMargin"/>
                                <param name="y" value="0"/>
                                <param name="width" value="50"/>
                                <param name="height" value="50"/>
                                <param name="aspectratio" value="keep"/>
                                <param name="align" value="center"/>
                                <param name="aligny" value="center"/>
                                <param name="flipy" value="false"/>
                            </include>
                        </control>
                        <control type="label">
                            <posx>125</posx>
                            <height>50</height>
                            <width>685</width>
                            <font>FacadeListMainFont</font>
                            <textcolor>NoFocusedColor</textcolor>
                            <label>$INFO[ListItem.Label]</label>
                        </control>
                    </itemlayout>
                    <focusedlayout height="50" width="860">
                        <control type="group">
                            <include>ButtonWideFocusAnimation</include>
                            <control type="image">
                                <posx>0</posx>
                                <posy>0</posy>
                                <height>50</height>
                                <width>910</width>
                                <colordiffuse>$VAR[Picked.Theme.Color]</colordiffuse>
                                <texture border="1">list/bg_facade_focus.png</texture>
                            </control>
                            <include content="ThumbsImages">
                                <param name="visible" value="true"/>
                                <param name="x" value="TextMargin"/>
                                <param name="y" value="0"/>
                                <param name="width" value="50"/>
                                <param name="height" value="50"/>
                                <param name="aspectratio" value="keep"/>
                                <param name="align" value="center"/>
                                <param name="aligny" value="center"/>
                                <param name="flipy" value="false"/>
                            </include>
                            <control type="label">
                                <posx>125</posx>
                                <height>50</height>
                                <width>685</width>
                                <font>FacadeListMainFont</font>
                                <include>TextColor_MainColor</include>
                                <scroll>true</scroll>
                                <label>$INFO[ListItem.Label]</label>
                            </control>
                        </control>
                    </focusedlayout>
                </control>
                <control type="panel" id="451">
                    <posx>0</posx>
                    <posy>100</posy>
                    <width>860</width>
                    <height>700</height>
                    <pagecontrol>60</pagecontrol>
                    <onleft>9001</onleft>
                    <onright>60</onright>
                    <onup>451</onup>
                    <ondown>9002</ondown>
                    <itemlayout height="50" width="860">
                        <control type="group">
                            <include>NoFocusedIcon</include>
                            <include content="ThumbsImages">
                                <param name="visible" value="true"/>
                                <param name="x" value="TextMargin"/>
                                <param name="y" value="0"/>
                                <param name="width" value="50"/>
                                <param name="height" value="50"/>
                                <param name="aspectratio" value="keep"/>
                                <param name="align" value="center"/>
                                <param name="aligny" value="center"/>
                                <param name="flipy" value="false"/>
                            </include>
                        </control>
                        <control type="label">
                            <posx>125</posx>
                            <height>50</height>
                            <width>685</width>
                            <font>FacadeListMainFont</font>
                            <textcolor>NoFocusedColor</textcolor>
                            <label>$INFO[ListItem.Label]</label>
                        </control>
                    </itemlayout>
                    <focusedlayout height="50" width="860">
                        <control type="group">
                            <include>ButtonWideFocusAnimation</include>
                            <control type="image">
                                <posx>0</posx>
                                <posy>0</posy>
                                <height>50</height>
                                <width>910</width>
                                <colordiffuse>$VAR[Picked.Theme.Color]</colordiffuse>
                                <texture border="1">list/bg_facade_focus.png</texture>
                            </control>
                            <include content="ThumbsImages">
                                <param name="visible" value="true"/>
                                <param name="x" value="TextMargin"/>
                                <param name="y" value="0"/>
                                <param name="width" value="50"/>
                                <param name="height" value="50"/>
                                <param name="aspectratio" value="keep"/>
                                <param name="align" value="center"/>
                                <param name="aligny" value="center"/>
                                <param name="flipy" value="false"/>
                            </include>
                            <control type="label">
                                <posx>125</posx>
                                <height>50</height>
                                <width>685</width>
                                <font>FacadeListMainFont</font>
                                <include>TextColor_MainColor</include>
                                <scroll>true</scroll>
                                <label>$INFO[ListItem.Label]</label>
                            </control>
                        </control>
                    </focusedlayout>
                </control>
                <control type="scrollbar" id="60">
                    <posx>810</posx>
                    <posy>100</posy>
                    <height>700</height>
                    <include>VerticalScroller</include>
                    <onleft>450</onleft>
                    <onright>450</onright>
                </control>
                <control type="group">
                    <posx>910</posx>
                    <posy>0</posy>
                    <include content="ThumbsImages">
                        <param name="visible" value="!String.Contains(Control.GetLabel(416),*)"/>
                        <param name="x" value="0"/>
                        <param name="y" value="0"/>
                        <param name="width" value="380"/>
                        <param name="height" value="570"/>
                        <param name="aspectratio" value="keep"/>
                        <param name="align" value="center"/>
                        <param name="aligny" value="top"/>
                        <param name="flipy" value="false"/>
                    </include>
                    <include content="ThumbsImages">
                        <param name="visible" value="String.Contains(Control.GetLabel(416),*)"/>
                        <param name="x" value="0"/>
                        <param name="y" value="0"/>
                        <param name="width" value="380"/>
                        <param name="height" value="570"/>
                        <param name="aspectratio" value="keep"/>
                        <param name="align" value="center"/>
                        <param name="aligny" value="top"/>
                        <param name="flipx" value="true"/>
                    </include>
                </control>
            </control>
        </control>
    </controls>
</window>
