<?xml version="1.0" encoding="utf-8"?>
<window>
    <controls>
        <control type="group" id="13">
            <visible>SlideShow.IsVideo + [![Player.Playing + Player.HasVideo] | SlideShow.IsPaused]</visible>
            <include>VisibleFadeEffect</include>
            <include>DimBG</include>
            <posy>0</posy>
            <control type="image">
                <posx>0</posx>
                <posy>890</posy>
                <width>1920</width>
                <height>190</height>
                <texture border="52">common/background_strip_horizontal_mini.png</texture>
            </control>
            <control type="label">
                <posy>890</posy>
                <width>1920</width>
                <height>190</height>
                <label>$LOCALIZE[112]</label>
                <align>center</align>
                <include>TextColor_MainColor</include>
                <font>NotificationFont</font>
            </control>
        </control>
    </controls>
</window>
