<?xml version="1.0" encoding="UTF-8"?>
	<addon id="skin.aeonmq7.topics.18" version="1.4.8" name="[COLOR orange]Aeon MQ 7[/COLOR] [COLOR red]Ultimate Topics 2.0[/COLOR]" provider-name="SKINBASE,MarcosQui">
	<requires>
	<import addon="xbmc.gui" version="5.14.0"/>
	<import addon="service.skin.widgets" version="0.0.30"/>
	<import addon="service.library.data.provider" version="0.0.9"/>
	<import addon="service.nextup.notification" version="1.0.8"/>
	<import addon="script.favourites" version="6.0.2"/>
	<import addon="script.artwork.downloader" version="12.0.29"/>
	<import addon="script.randomandlastitems" version="2.2.2"/>
	<import addon="script.games.rom.collection.browser" version="2.1.2"/>
	<import addon="script.artistslideshow" version="1.8.6"/>
	<import addon="script.tv.show.next.aired" version="6.0.14"/>
	<import addon="script.cu.lrclyrics" version="3.2.0"/>
	<import addon="script.globalsearch" version="5.0.0"/>
	<import addon="script.extendedinfo" version="3.1.1" />
	<import addon="script.skin.helper.service" version="1.0.138" />
	<import addon="script.skin.helper.colorpicker" version="1.0.9" />
	<import addon="script.skin.helper.skinbackup" version="1.0.10"/> 	
	<import addon="script.image.resource.select" version="0.0.7"/>
	<import addon="resource.uisounds.aeonmq6" version="1.0.0"/>
	<import addon="resource.images.moviegenreicons.xzener-flat" version="0.0.1"/>
	<import addon="resource.images.musicgenreicons.text" version="0.0.5"/>
	<import addon="resource.images.weathericons.animated" version="0.0.4"/>
	</requires>
	<extension point="xbmc.gui.skin" effectslowdown="0.75" debugging="false">
	<res width="1920" height="1080" aspect="16:9" default="true" folder="1080i"/>
	</extension>
	<extension point="xbmc.addon.metadata">
		<summary lang="de_DE">Skins und Skin Themen by Guidos Skinbase.</summary>
		<summary lang="en_GB">Skins and Skin Themen by Guidos Skinbase.</summary>
		<description lang="de_DE">Guidos Skinbase Repo. Die Gröste Skinbase der Welt mit unzähligen Skin Mods  und Skin Themen aus der ganzen Welt. Ständig Erweitert und Verbessert, so sollte für jeden was dabei sein Viel Spass. </description>
		<description lang="en_GB">Guido's Skinbase Repo. The world's largest skinbase with countless skin mods and skin themes from around the world. Constantly extended and improved, so there should be something for everyone Have fun.</description>
		<platform>all</platform>
		<news lang="en_GB">Equipped with the Skin Topics Loader. A skin with endless possibilities and themes. You can find the settings in the Skin Settings!</news>
		<news lang="de_DE">Ausgestattet mit dem Skin Topics Loader. Ein Skin mit unendlichen Möglichkeiten und Themen. Die Einstellungen findet ihr in den Skin Settings !</news>
		<assets>
			<icon>resources/icon.png</icon>
			<fanart>resources/fanart.jpg</fanart>
			<screenshot>resources/screenshot000.jpg</screenshot>
			<screenshot>resources/screenshot001.jpg</screenshot>
			<screenshot>resources/screenshot002.jpg</screenshot>
			<screenshot>resources/screenshot003.jpg</screenshot>
		</assets>
		<size>67704255</size>
	</extension>
</addon>