<?xml version="1.0" encoding="UTF-8"?>
<window id="1121" type="dialog">
	<defaultcontrol always="true">90000</defaultcontrol>
	<controls>
		<control type="group">
			<top>128</top>
			<left>SettingsLeft</left>
			<control type="list" id="90000">
				<left>82</left>
				<top>32</top>
				<width>356</width>
				<height>750</height>
				<onleft>61</onleft>
				<onright>90001</onright>
				<onup>90000</onup>
				<ondown>90000</ondown>
				<pagecontrol>61</pagecontrol>
				<scrolltime tween="quadratic" easing="out">200</scrolltime>
				<itemlayout height="90" width="356">
					<control type="image">
						<top>30</top>
						<width>356</width>
						<height>60</height>
						<texture border="1">separator2.png</texture>
					</control>
					<control type="label">
						<width>356</width>
						<height>90</height>
						<font>font15</font>
						<textoffsetx>20</textoffsetx>
						<textcolor>themecolor</textcolor>
						<selectedcolor>selected</selectedcolor>
						<align>right</align>
						<label>[UPPERCASE]$INFO[ListItem.Label][/UPPERCASE]</label>
					</control>
				</itemlayout>
				<focusedlayout height="90" width="356">
					<control type="image">
						<top>30</top>
						<width>356</width>
						<height>60</height>
						<texture border="1">separator2.png</texture>
					</control>
					<control type="image">
						<width>356</width>
						<height>90</height>
						<texture border="4">blue.png</texture>
						<animation effect="fade" start="100" end="40" time="300" tween="sine" easing="inout" condition="!Control.HasFocus(90000)">Conditional</animation>
					</control>
					<control type="label">
						<width>356</width>
						<height>90</height>
						<font>font15</font>
						<textoffsetx>20</textoffsetx>
						<textcolor>white</textcolor>
						<selectedcolor>selected</selectedcolor>
						<align>right</align>
						<label>[B][UPPERCASE]$INFO[ListItem.Label][/UPPERCASE][/B]</label>
						<animation effect="fade" start="100" end="70" time="300" tween="sine" easing="inout" condition="!Control.HasFocus(90000)">Conditional</animation>
					</control>
				</focusedlayout>
				<content>
					<include>PicturesMainMenu</include>
					<include>MusicMainMenu</include>
					<include>MoviesMainMenu</include>
					<include>TVShowsMainMenu</include>
					<include>TVMainMenu</include>
					<include>CustomMainMenuItem1</include>
					<include>CustomMainMenuItem2</include>
					<include>CustomMainMenuItem3</include>
					<include>CustomMainMenuItem4</include>
					<include>CustomMainMenuItem5</include>
					<include>CustomMainMenuItem6</include>
					<include>VideosMainMenu</include>
					<include condition="System.GetBool(gamesgeneral.enable)">GamesMainMenu</include>
					<include>ProgramsMainMenu</include>
					<include>SettingsMainMenu</include>
					<include>ShutdownMainMenu</include>
					<include>FavoritesMainMenu</include>
					<include>WeatherMainMenu</include>
					<include>MusicVideosMainMenu</include>
				</content>
			</control>
			<control type="scrollbar" id="61">
				<left>65</left>
				<top>32</top>
				<width>14</width>
				<height>720</height>
				<onleft>90001</onleft>
				<onright>90000</onright>
				<ondown>61</ondown>
				<onup>61</onup>
				<showonepage>false</showonepage>
				<texturesliderbackground />
				<texturesliderbar colordiffuse="55ffffff" border="1">scrollbar/texturesliderbar2.png</texturesliderbar>
				<texturesliderbarfocus border="1">scrollbar/texturesliderbar2.png</texturesliderbarfocus>
			</control>
			<control type="textbox">
				<description>description area</description>
				<left>552</left>
				<top>754</top>
				<width>1256</width>
				<height>115</height>
				<font>font15_textbox</font>
				<textcolor>grey2</textcolor>
				<label>$VAR[SkinSettingsDescriptionVar]</label>
				<autoscroll time="3000" delay="4000" repeat="5000">true</autoscroll>
				<animation effect="fade" start="0" end="100" time="300" tween="sine" easing="inout">Visible</animation>
				<animation effect="fade" start="100" end="0" time="0" tween="sine" easing="inout">Hidden</animation>
			</control>
			<control type="grouplist" id="90001">
				<description>control area</description>
				<left>522</left>
				<top>32</top>
				<width>1316</width>
				<height>720</height>
				<pagecontrol>60</pagecontrol>
				<onleft>90000</onleft>
				<onright>90000</onright>
				<onup>90001</onup>
				<ondown>90001</ondown>
				<control type="radiobutton" id="90010">
					<description>Enable/Disable Button</description>
					<width>1316</width>
					<height>90</height>
					<textoffsetx>30</textoffsetx>
					<font>font15</font>
					<label>$LOCALIZE[305]</label>
					<texturenofocus border="1">separator5.png</texturenofocus>
					<onfocus condition="String.IsEmpty(Container(90000).ListItem.Property(Disable))">ClearProperty(Nox.Disable,Home)</onfocus>
					<onfocus condition="!String.IsEmpty(Container(90000).ListItem.Property(Disable))">SetProperty(Nox.Disable,True,home)</onfocus>
					<onclick condition="String.IsEmpty(Container(90000).ListItem.Property(Disable))">SetProperty(Nox.Disable,True,home)</onclick>
					<onclick condition="String.IsEmpty(Container(90000).ListItem.Property(Disable))">Skin.SetString($INFO[Container(90000).ListItem.Property(Item),,HomeItem.Disable],True)</onclick>
					<onclick condition="!String.IsEmpty(Container(90000).ListItem.Property(Disable))">ClearProperty(Nox.Disable,Home)</onclick>
					<onclick condition="!String.IsEmpty(Container(90000).ListItem.Property(Disable))">Skin.Reset($INFO[Container(90000).ListItem.Property(Item),,HomeItem.Disable])</onclick>
					<selected>[Control.HasFocus(90010) + String.IsEmpty(Window(home).Property(Nox.Disable))] | [!Control.HasFocus(90010) + String.IsEmpty(Container(90000).ListItem.Property(Disable))]</selected>
					<enable>!String.IsEmpty(Container(90000).ListItem.Property(Path))</enable>
				</control>
				<control type="button" id="90011">
					<description>Edit Label Button</description>
					<width>1316</width>
					<height>90</height>
					<textoffsetx>30</textoffsetx>
					<font>font15</font>
					<label>$LOCALIZE[13334]</label>
					<label2>$INFO[Container(90000).ListItem.Label,[COLOR labelheader],[/COLOR]]</label2>
					<texturenofocus border="1">separator5.png</texturenofocus>
					<onclick>Skin.SetString($INFO[Container(90000).ListItem.Property(Item),,HomeItem.Label])</onclick>
				</control>
				<control type="button" id="90012">
					<description>Background Button</description>
					<width>1316</width>
					<height>90</height>
					<textoffsetx>30</textoffsetx>
					<font>font15</font>
					<label>$LOCALIZE[31027]</label>
					<label2>$VAR[BackgroundLabel2Var,[COLOR labelheader],[/COLOR]]</label2>
					<texturenofocus border="1">separator5.png</texturenofocus>
					<onfocus>Skin.Reset(ItemToEdit.MultiFanart)</onfocus>
					<onfocus>Skin.Reset(ItemToEdit.BGType)</onfocus>
					<onclick>SetProperty(Nox.Temp,$INFO[Container(90000).ListItem.Property(Item),,HomeItem.MultiFanart],home)</onclick>
					<onclick>SetProperty(Nox.BGType,$INFO[Container(90000).ListItem.Property(Item),,HomeItem.BGType],home)</onclick>
					<onclick>ActivateWindow(1122)</onclick>
				</control>
				<control type="button" id="90013">
					<description>Default select action Button</description>
					<width>1316</width>
					<height>90</height>
					<textoffsetx>30</textoffsetx>
					<font>font15</font>
					<label>$LOCALIZE[22079]</label>
					<label2>$INFO[Container(90000).ListItem.Property(Path),[COLOR labelheader],[/COLOR]]</label2>
					<texturenofocus border="1">separator5.png</texturenofocus>
					<onfocus>Skin.Reset(ItemToEdit.Path)</onfocus>
					<onfocus>Skin.Reset(ItemToEdit.Label)</onfocus>
					<onclick>SetProperty(Nox.Path,$INFO[Container(90000).ListItem.Property(Item),,HomeItem.Path],home)</onclick>
					<onclick>SetProperty(Nox.Label,$INFO[Container(90000).ListItem.Property(Item),,HomeItem.Label],home)</onclick>
					<onclick>ActivateWindow(1123)</onclick>
					<visible>!System.HasAddon(script.skinshortcuts)</visible>
				</control>
				<control type="button" id="90021">
					<description>Default select action Button</description>
					<width>1316</width>
					<height>90</height>
					<textoffsetx>30</textoffsetx>
					<font>font15</font>
					<label>$LOCALIZE[22079]</label>
					<label2>$INFO[Container(90000).ListItem.Property(Path),[COLOR labelheader],[/COLOR]]</label2>
					<texturenofocus border="1">separator5.png</texturenofocus>
					<onclick>RunScript(script.skinshortcuts,type=shortcuts&amp;custom=True&amp;showNone=True&amp;skinLabel=$INFO[Container(90000).ListItem.Property(Item),,HomeItem.Label]&amp;skinAction=$INFO[Container(90000).ListItem.Property(Item),,HomeItem.Path])</onclick>
					<visible>System.HasAddon(script.skinshortcuts)</visible>
				</control>
				<control type="button" id="90014">
					<description>Widget Button</description>
					<width>1316</width>
					<height>90</height>
					<textoffsetx>30</textoffsetx>
					<font>font15</font>
					<label>$LOCALIZE[31041]</label>
					<label2>$INFO[Container(90000).ListItem.Property(WidgetLabel),[COLOR labelheader],[/COLOR]]</label2>
					<texturenofocus border="1">separator5.png</texturenofocus>
					<onfocus>Skin.Reset(ItemToEdit.Widget)</onfocus>
					<onfocus>Skin.Reset(ItemToEdit.WidgetLabel)</onfocus>
					<onfocus>Skin.Reset(ItemToEdit.WidgetType)</onfocus>
					<onclick>SetProperty(Nox.Widget,$INFO[Container(90000).ListItem.Property(Item),,HomeItem.Widget],home)</onclick>
					<onclick>SetProperty(Nox.WidgetLabel,$INFO[Container(90000).ListItem.Property(Item),,HomeItem.WidgetLabel],home)</onclick>
					<onclick>SetProperty(Nox.WidgetType,$INFO[Container(90000).ListItem.Property(Item),,HomeItem.WidgetType],home)</onclick>
					<onclick>ActivateWindow(1124)</onclick>
				</control>
				<control type="button" id="90015">
					<description>Icon Button</description>
					<width>1316</width>
					<height>90</height>
					<textoffsetx>30</textoffsetx>
					<font>font15</font>
					<label>$LOCALIZE[31047]</label>
					<label2 />
					<texturenofocus border="1">separator5.png</texturenofocus>
					<onclick>Skin.SetFile($INFO[Container(90000).ListItem.Property(Item),,HomeItem.Icon],.png|.jpg|.bmp,special://skin/extras/icons/)</onclick>
					<visible>Skin.HasSetting(mainmenuicons)</visible>
				</control>
				<control type="button" id="90016">
					<description>Infoline Button</description>
					<width>1316</width>
					<height>90</height>
					<textoffsetx>30</textoffsetx>
					<font>font15</font>
					<label>$LOCALIZE[31049]</label>
					<label2>$VAR[InfoLineLabelVar,[COLOR labelheader],[/COLOR]]</label2>
					<texturenofocus border="1">separator5.png</texturenofocus>
					<onfocus>Skin.Reset(ItemToEdit.InfoLine)</onfocus>
					<onclick>SetProperty(Nox.InfoLine,$INFO[Container(90000).ListItem.Property(Item),,HomeItem.InfoLine],home)</onclick>
					<onclick>ActivateWindow(1125)</onclick>
				</control>
				<control type="button" id="90017">
					<description>Move Item Button</description>
					<width>1316</width>
					<height>90</height>
					<textoffsetx>30</textoffsetx>
					<font>font15</font>
					<label>$LOCALIZE[31073]</label>
					<texturenofocus border="1">separator5.png</texturenofocus>
					<onclick>SetProperty(ItemToEdit.Label,$INFO[Container(90000).ListItem.Label],home)</onclick>
					<onclick>SetProperty(ItemToEdit.Path,$INFO[Container(90000).ListItem.Property(Path)],home)</onclick>
					<onclick>SetProperty(ItemToEdit.MultiFanart,$INFO[Container(90000).ListItem.Thumb],home)</onclick>
					<onclick>SetProperty(ItemToEdit.Icon,$INFO[Container(90000).ListItem.ActualIcon],home)</onclick>
					<onclick>SetProperty(ItemToEdit.InfoLine,$INFO[Container(90000).ListItem.Property(InfoLine)],home)</onclick>
					<onclick>SetProperty(ItemToEdit.SubMenu,$INFO[Container(90000).ListItem.Property(submenuVisibility)],home)</onclick>
					<onclick>SetProperty(ItemToEdit.Widget,$INFO[Container(90000).ListItem.Property(Widget)],home)</onclick>
					<onclick>SetProperty(ItemToEdit.WidgetLabel,$INFO[Container(90000).ListItem.Property(WidgetLabel)],home)</onclick>
					<onclick>SetProperty(ItemToEdit.WidgetType,$INFO[Container(90000).ListItem.Property(WidgetType)],home)</onclick>
					<onclick>SetProperty(ItemToEdit.BGType,$INFO[Container(90000).ListItem.Property(BGType)],home)</onclick>
					<onclick>SetProperty(Nox.Label,$INFO[Container(90000).ListItem.Property(Item),,HomeItem.Label],home)</onclick>
					<onclick>SetProperty(Nox.Path,$INFO[Container(90000).ListItem.Property(Item),,HomeItem.Path],home)</onclick>
					<onclick>SetProperty(Nox.MultiFanart,$INFO[Container(90000).ListItem.Property(Item),,HomeItem.MultiFanart],home)</onclick>
					<onclick>SetProperty(Nox.Icon,$INFO[Container(90000).ListItem.Property(Item),,HomeItem.Icon],home)</onclick>
					<onclick>SetProperty(Nox.InfoLine,$INFO[Container(90000).ListItem.Property(Item),,HomeItem.InfoLine],home)</onclick>
					<onclick>SetProperty(Nox.SubMenu,$INFO[Container(90000).ListItem.Property(Item),,HomeItem.SubMenu],home)</onclick>
					<onclick>SetProperty(Nox.Widget,$INFO[Container(90000).ListItem.Property(Item),,HomeItem.Widget],home)</onclick>
					<onclick>SetProperty(Nox.WidgetLabel,$INFO[Container(90000).ListItem.Property(Item),,HomeItem.WidgetLabel],home)</onclick>
					<onclick>SetProperty(Nox.WidgetType,$INFO[Container(90000).ListItem.Property(Item),,HomeItem.WidgetType],home)</onclick>
					<onclick>SetProperty(Nox.BGType,$INFO[Container(90000).ListItem.Property(Item),,HomeItem.BGType],home)</onclick>
					<onclick>ActivateWindow(1126)</onclick>
				</control>
				<control type="button" id="90018">
					<description>Manage SubMenu Button</description>
					<width>1316</width>
					<height>90</height>
					<textoffsetx>30</textoffsetx>
					<font>font15</font>
					<label>$LOCALIZE[31080]</label>
					<texturenofocus border="1">separator5.png</texturenofocus>
					<onclick>RunScript(script.skinshortcuts,type=manage&amp;group=$INFO[Container(90000).ListItem.Property(submenuVisibility)])</onclick>
					<visible>System.HasAddon(script.skinshortcuts)</visible>
				</control>
				<control type="button" id="90020">
					<description>Reset Button</description>
					<width>1316</width>
					<height>90</height>
					<textoffsetx>30</textoffsetx>
					<font>font15</font>
					<label>$LOCALIZE[10035]</label>
					<texturenofocus border="1">separator5.png</texturenofocus>
					<onclick>Skin.Reset($INFO[Container(90000).ListItem.Property(Item),,HomeItem.Label])</onclick>
					<onclick>Skin.Reset($INFO[Container(90000).ListItem.Property(Item),,HomeItem.Path])</onclick>
					<onclick>Skin.Reset($INFO[Container(90000).ListItem.Property(Item),,HomeItem.MultiFanart])</onclick>
					<onclick>Skin.Reset($INFO[Container(90000).ListItem.Property(Item),,HomeItem.Icon])</onclick>
					<onclick>Skin.Reset($INFO[Container(90000).ListItem.Property(Item),,HomeItem.InfoLine])</onclick>
					<onclick>Skin.Reset($INFO[Container(90000).ListItem.Property(Item),,HomeItem.SubMenu])</onclick>
					<onclick>Skin.Reset($INFO[Container(90000).ListItem.Property(Item),,HomeItem.Widget])</onclick>
					<onclick>Skin.Reset($INFO[Container(90000).ListItem.Property(Item),,HomeItem.WidgetLabel])</onclick>
					<onclick>Skin.Reset($INFO[Container(90000).ListItem.Property(Item),,HomeItem.WidgetType])</onclick>
					<onclick>Skin.Reset($INFO[Container(90000).ListItem.Property(Item),,HomeItem.BGType])</onclick>
				</control>
			</control>
			<control type="image">
				<left>1729</left>
				<top>482</top>
				<width>90</width>
				<height>90</height>
				<texture background="true">$INFO[Container(90000).ListItem.ActualIcon]</texture>
				<visible>Skin.HasSetting(mainmenuicons)</visible>
				<animation effect="fade" start="100" end="70" time="100" tween="sine" easing="inout" condition="!Control.HasFocus(90015)">Conditional</animation>
			</control>
			<control type="scrollbar" id="60">
				<left>1838</left>
				<top>32</top>
				<width>14</width>
				<height>720</height>
				<onleft>90001</onleft>
				<onright>90000</onright>
				<ondown>60</ondown>
				<onup>60</onup>
				<showonepage>false</showonepage>
				<texturesliderbackground />
				<texturesliderbar colordiffuse="55ffffff" border="1">scrollbar/texturesliderbar2.png</texturesliderbar>
				<texturesliderbarfocus border="1">scrollbar/texturesliderbar2.png</texturesliderbarfocus>
			</control>
		</control>
	</controls>
</window>