<?xml version="1.0" encoding="UTF-8"?>
<includes>
	<include name="View_504_FanArtInfo">
		<control type="group">
			<visible>Control.IsVisible(504)</visible>
			<include>ViewAnimation</include>
			
			<control type="group">
				<left>0</left>
				<top>0</top>
				<control type="group" id="5802">
					<visible>Container(504).OnPrevious</visible>
				</control>
				
					<control type="group">
						<left>0</left>
						<top>0</top>
						<width>1920</width>
						<height>1080</height>
						
							<control type="image">
								<left>0</left>
								<top>-20</top>
								<width>120%</width>
								<height>120%</height>
								<texture>$VAR[ImageFanart]</texture>
								<aspectratio>keep</aspectratio>
								<fadetime>200</fadetime>
							</control>
							<control type="image">
								<left>0</left>
								<top>41</top>
								<width>100%</width>
								<height>100%</height>
								<texture border="15">darky.png</texture>
								<fadetime>50</fadetime>
							</control>
							
							
					</control>
				
			
						
						<control type="group">
							<top>25</top>
							<left>10</left>
							<visible>!String.IsEmpty(Container.ListItemNoWrap(0).FolderPath) | !Skin.HasSetting(HorizontalListNav)</visible>
							
							<control type="label">
								<animation effect="fade" time="5300">Visible</animation>
								<animation effect="fade" time="300">Hidden</animation>
								<top>-785</top>
								<align>center</align>
								<font>Menu2</font>
								<textcolor>white</textcolor>
								<textshadow>white</textshadow>
								<scroll>true</scroll>
								<label>$INFO[ListItem.Title]</label>
								<fadetime>3500</fadetime>
							</control>
							
							<control type="image">
								<left>77</left>
								<top>180</top>
								<width>1752</width>
								<height>720</height>
								<texture border="15,15,15,15">darky_flow.png</texture>
							</control>
							
							<control type="image">
								<left>1270</left>
								<top>214</top>
								<width>525</width>
								<height>650</height>
								<texture border="1">listselect_fo.png</texture>
							</control>
							
							<control type="image">
								<left>114</left>
								<top>216</top>
								<width>1152</width>
								<height>648</height>
								<aspectratio>scale</aspectratio>
								<texture fallback="DefaultVideo.png">$INFO[ListItem.Art(fanart)]</texture>
								<fadetime>500</fadetime>
							</control>
						</control>
						
			</control>
			
			<control type="group">
				<left>1270</left>
				<top>216</top>
				<include>VisibleFadeAnimation</include>
				<control type="textbox">
					<visible>[Container.Content(movies)]</visible>
					<left>15</left>
					<top>115</top>
					<width>520</width>
					<height>480</height>
					<font>font15</font>
					<textcolor>white</textcolor>
					<autoscroll time="3000" delay="4000" repeat="5000">true</autoscroll>
					<label>[B][CR]$VAR[InfoPlotVar][CR][/B]</label> 
				</control>
				<control type="textbox">
					<visible>[Container.Content(tvshows) | Container.Content(seasons)]</visible>
					<left>15</left>
					<top>115</top>
					<width>520</width>
					<height>480</height>
					<font>font15</font>
					<textcolor>white</textcolor>
					<autoscroll time="3000" delay="4000" repeat="5000">true</autoscroll>
					<label>[B][CR]$VAR[BigListPlotVar][CR][/B]</label>
				</control>
			</control>
			
			<control type="group">
				<left>1285</left>
				<top>226</top>
				<height>104</height>
				<width>520</width>
				<control type="label">
					<top>80</top>
					<align>center</align>
					<font>font12</font>
					<textcolor>white</textcolor>
					<label>[B]$INFO[ListItem.Genre][/B]</label>
				</control>
				<control type="label">
					<top>0</top>
					<height>104</height>
					<align>center</align>
					<font>font15_bold</font>
					<textcolor>white</textcolor>
					<scroll>true</scroll>
					<label>[B]$INFO[ListItem.Tagline][/B]</label>
				</control>
			</control>
			
			<control type="group">
				<top>810</top>
				<left>1285</left>
				<width>520</width>
					<control type="label">
						<width>auto</width>
						<height>48</height>
						<align>center</align>
						<font>font16_title_bold</font>
						<scroll>true</scroll>
						<color>white</color>
						<label>$INFO[ListItem.Year]</label>
					</control>
			</control>
			
			
			<control type="image">
				<top>1100</top>
				<width>1920</width>
				<heigth>70</heigth>
				<texture colordiffuse="66FFFFFF">darky.png</texture>
			</control>
			<control type="group">
					<top>980</top>
					<left>500</left>
					<width>100%</width>
					<align>center</align>
					<visible>[Container.Content(movies) | Container.Content(tvshows) | Container.Content(seasons) | Container.Content(episodes)]</visible>
					<control type="image">
						<left>120</left>
						<colordiffuse>white</colordiffuse>
						<include>MediaFlagVars</include>
						<texture>$VAR[StudioFlagPathVar]$INFO[ListItem.Studio,,.png]</texture>
					</control>
					<control type="image">
						<left>240</left>
						<colordiffuse>white</colordiffuse>
						<include>MediaFlagVars</include>
						<texture>$INFO[ListItem.AudioCodec,flags/audio/,.png]</texture>
					</control>
					<control type="image">
						<left>360</left>
						<colordiffuse>white</colordiffuse>
						<include>MediaFlagVars</include>
						<texture>$INFO[ListItem.AudioChannels,flags/channels/,.png]</texture>
					</control>
					<control type="image">
						<left>480</left>
						<colordiffuse>white</colordiffuse>
						<include>MediaFlagVars</include>
						<texture>$INFO[ListItem.VideoAspect,flags/aspectratio2/,.png]</texture>
					</control>
					<control type="image">
						<left>600</left>
						<colordiffuse>white</colordiffuse>
						<include>MediaFlagVars</include>
						<texture>$INFO[ListItem.VideoResolution,flags/resolution/,.png]</texture>
					</control>
					<control type="image">
						<left>720</left>
						<colordiffuse>white</colordiffuse>
						<include>MediaFlagVars</include>
						<texture>$VAR[RatingFlagVar]</texture>
					</control>
				</control>
			
			<control type="fixedlist" id="504">
				<top>460</top>
				<width>1890</width>
				<height>560</height>
				<onleft condition="Skin.HasSetting(HorizontalListNav)">8403</onleft>
				<onright condition="Skin.HasSetting(HorizontalListNav)">8404</onright>
				<onup>SetProperty(MediaMenu,True,home)</onup>
				<onup>SetFocus(9050)</onup>
				<ondown>61</ondown>
				<orientation>horizontal</orientation>
				<viewtype label="FanArt Info">wrap</viewtype>
				<pagecontrol>61</pagecontrol>
				<focusposition>1</focusposition>
				<preloaditems>2</preloaditems>
				<visible>Container.Content(genres) | Container.Content(tvshows) | Container.Content(movies) | Container.Content(sets) | Container.Content(seasons) | Container.Content(musicvideos)</visible>
				<itemlayout width="210" height="750" />
				<focusedlayout width="210" height="750" />
			</control>
			
			<!-- Invisible buttons for list end animation -->
			<control type="button" id="8403">
				<include>HiddenObject</include>
				<onfocus>SetFocus(504)</onfocus>
				<visible allowhiddenfocus="true">Control.HasFocus(8403)</visible>
				<animation effect="fade" time="160">Hidden</animation>
			</control>
			
			<control type="button" id="8404">
				<include>HiddenObject</include>
				<onfocus>SetFocus(504)</onfocus>
				<visible allowhiddenfocus="true">Control.HasFocus(8404)</visible>
				<animation effect="fade" time="160">Hidden</animation>
			</control>
			 
		</control>
	</include>
</includes>