<?xml version="1.0" encoding="UTF-8"?>
<includes>

<!-- Deck Background -->
<variable name="Deck_Background_ControlGroup">
	<value condition="!String.isEmpty(Container.ListItem.Art(fanart))">$INFO[Container.ListItem.Art(fanart)]</value>
	<value condition="!String.isEmpty(Container.ListItem.Property(fanart))">$INFO[Container.ListItem.Property(fanart)]</value>
</variable>

<include name="Deck_Animation">
	<include>AspectRatio_Deck_Animation</include>
</include>

<!-- Home Deck -->
<include name="Home_Deck">

	<control type="group" id="5000">
		<visible>!Skin.HasSetting(Deck_Disable)</visible>
		<include condition="!Skin.hasSetting(Home_Horizontal)">Deck_Position</include>
		<include condition="!Skin.hasSetting(Home_Horizontal)">Deck_Animation</include>

		<!-- Horizontal Home -->
		<animation effect="slide" end="0,-80" time="600" tween="cubic" easing="inout" condition="Skin.hasSetting(Home_Horizontal) + !ControlGroup(5000).hasFocus">Conditional</animation>

		<!-- KODI Decks -->
		<include>Deck_Kodi</include>
	</control>

	<!-- Dashboard -->
	<control type="group">
		<include>Animation_CommonFade_300</include>
		<visible>Container(300).hasFocus(30)</visible>

		<!-- Horizontal Home -->
		<animation effect="slide" end="0,-80" time="600" tween="cubic" easing="inout" condition="Skin.hasSetting(Home_Horizontal) + !ControlGroup(5000).hasFocus">Conditional</animation>

		<!-- Dashboard -->
		<include>Deck_Dashboard</include>
	</control>

</include>

<!-- Home Deck (Grouplist) -->
<include name="Home_Deck_Grouplist">
	<top>-30</top>
	<height>780</height>
	<include>AspectRatio_Width</include>
	<include>AspectRatio_Height</include>
	<align>center</align>
	<orientation>vertical</orientation>
	<itemgap>0</itemgap>
	<ondown>300</ondown>
	<onup>300</onup>
	<onback>300</onback>
</include>

<!-- Home Deck (Deckname) -->
<include name="Home_Deck_Name">

	<control type="group">
		<left>$PARAM[left]</left>
		<control type="image">
			<width>$PARAM[width]</width>
			<height>30</height>
			<texture flipx="true">bg_section.png</texture>
			<colordiffuse>20FFFFFF</colordiffuse>
		</control>
                                
		<control type="label">
			<left>-10</left>
			<label>[UPPERCASE]$PARAM[name][/UPPERCASE]</label>
			<width>$PARAM[width]</width>
			<font>Font_Deck_Name</font>
			<textcolor>$VAR[Var_Color_WidgetName_Hex]</textcolor>
			<align>right</align>
			<aligny>center</aligny>
			<height>30</height>
		</control>

	</control>

</include>

<!-- DECK INFORMATION -->
<include name="Deck_Information">
	<control type="label">
		<width>1000</width>
		<height>70</height>
		<label>$VAR[Deck_Label_Title_1]</label>
		<font>Lato_Thin_60</font>
		<scroll>false</scroll>
		<textcolor>$VAR[Var_Color_Header_Hex]</textcolor>
		<wrapmultiline>false</wrapmultiline>
		<aligny>center</aligny>
	</control>
	<control type="label">
		<top>70</top>
		<width>1000</width>
		<height>50</height>
		<label>$VAR[Deck_Label_Title_2]</label>
		<font>Lato_Thin_40</font>
		<scroll>true</scroll>
		<textcolor>$VAR[Var_Color_Subheader_Hex]</textcolor>
		<wrapmultiline>false</wrapmultiline>
		<width>1000</width>
		<aligny>center</aligny>
	</control>
</include>

<!-- DECK INFORMATION (MORE) -->
<include name="Deck_Information_More">

		<!-- Content Rating -->
		<control type="image">
			<top>11</top>
			<width>70</width>
			<height>70</height>
			<colordiffuse>FFCCCCCC</colordiffuse>
			<texture>icon_contentrating2.png</texture>
			<aspectratio>keep</aspectratio>
			<visible>!String.isEmpty(Container.ListItem.Plot) | !String.isEmpty(Container.ListItem.Property(Plot)) | !String.isEmpty(Container.ListItem.AddonDescription)</visible>
		</control>
		<control type="label">
			<top>11</top>
			<width>70</width>
			<height>70</height>
			<align>center</align>
			<aligny>center</aligny>
			<font>Lato_Black_30</font>
			<textcolor>$VAR[Var_Color_ContentRating_Hex]</textcolor>
			<label>$VAR[Deck_Label_ContentRating]</label>
			<wrapmultiline>true</wrapmultiline>
			<visible>!String.isEmpty(Container.ListItem.Plot) | !String.isEmpty(Container.ListItem.Property(Plot)) | !String.isEmpty(Container.ListItem.AddonDescription)</visible>
		</control>

		<!-- Rating (User/Star) -->
		<control type="image">
			<top>85</top>
			<width>70</width>
			<height>30</height>
			<texture>$VAR[Var_Rating_Image]</texture>
			<aspectratio>keep</aspectratio>
			<colordiffuse>$VAR[Var_Color_StarRating_Hex]</colordiffuse>
		</control>

		<!-- Plot -->
		<control type="textbox">
                        <left>90</left>
                        <top>0</top>
                        <width>700</width>
                        <height>90</height>
                        <align>justify</align>
                        <label>$VAR[Deck_Label_Plot]</label>
                        <font>Deck_Plot</font>
                        <textcolor>$VAR[Var_Color_Plot_Hex]</textcolor>
                        <autoscroll time="3000" delay="5000" repeat="5000">Skin.HasSetting(autoscroll)</autoscroll>
                </control>

		<!-- Studio Logo -->
		<control type="image">
			<top>10</top>
			<left>800</left>
			<width>200</width>
			<height>110</height>
			<colordiffuse>DDFFFFFF</colordiffuse>
			<texture>$VAR[Deck_Label_Studio]</texture>
			<aspectratio>scale</aspectratio>
			<visible>Skin.HasSetting(StudioLogoImages)</visible>
		</control>

		<!-- Mediaflags -->
		<control type="grouplist">
			<top>90</top>
			<left>90</left>
			<width>480</width><!-- 456 -->
			<height>30</height>
			<itemgap>0</itemgap>
			<orientation>horizontal</orientation>
			<include content="Viewmode_Mediaflags_80"><param name="align">left</param></include>
			<include>Viewmode_Mediaflags_General</include>
		</control>

</include>

<!-- Plot -->
<variable name="Deck_Label_Plot">
	<value condition="!String.isEmpty(Container.ListItem.Plot) + Skin.HasSetting(Spoiler_Plot) + [ Container.ListItem.Type(movie) | Container.ListItem.Type(episode) ] + !String.isEqual(Container.ListItem.Overlay,OverlayWatched.png)">[CR]$LOCALIZE[19022][CR]</value>
	<value condition="!String.isEmpty(Container.ListItem.Plot)">$INFO[Container.ListItem.Plot]</value>
	<value condition="!String.isEmpty(Container.ListItem.Property(Plot))">$INFO[Container.ListItem.Property(Plot)]</value>
	<value condition="!String.isEmpty(Container.ListItem.AddonDescription)">$INFO[Container.ListItem.AddonDescription]</value>
</variable>

<!-- Content Rating -->
<variable name="Deck_Label_ContentRating">
	<value condition="String.Contains(Container.Listitem.Mpaa,MA) | String.Contains(Container.Listitem.Property(Mpaa),MA)">MA</value>
	<value condition="String.Contains(Container.Listitem.Mpaa,PG) | String.Contains(Container.Listitem.Property(Mpaa),PG)">PG</value>
	<value condition="String.Contains(Container.Listitem.Mpaa,Y7) | String.Contains(Container.Listitem.Property(Mpaa),Y7)">Y7</value>
	<value condition="String.Contains(Container.Listitem.Mpaa,14) | String.Contains(Container.Listitem.Property(Mpaa),14)">14+</value>
	<value condition="String.Contains(Container.Listitem.Mpaa,16) | String.Contains(Container.Listitem.Property(Mpaa),16)">16+</value>
	<value condition="String.Contains(Container.Listitem.Mpaa,17) | String.Contains(Container.Listitem.Property(Mpaa),17)">17+</value>
	<value condition="String.Contains(Container.Listitem.Mpaa,18) | String.Contains(Container.Listitem.Property(Mpaa),18)">18+</value>
	<value condition="String.isEqual(Container.Listitem.Mpaa,R) | String.Contains(Container.Listitem.Property(Mpaa),R)">R</value>
	<value condition="String.endsWith(Container.Listitem.Mpaa,G) | String.Contains(Container.Listitem.Property(Mpaa),G)">G</value>
	<value>?</value>
</variable>

<!-- Studio -->
<variable name="Deck_Label_Studio">
	<value></value>
</variable>

<!-- Deck Placeholder -->
<include name="Deck_Placeholder">
	<include condition="!String.isEqual(Skin.AspectRatio,18:9) + !String.isEqual(Skin.AspectRatio,21:9)" content="Deck_Placeholder_16x9">
		<param name="id">$PARAM[id]</param>
	</include>

	<include condition="String.isEqual(Skin.AspectRatio,18:9)" content="Deck_Placeholder_18x9">
		<param name="id">$PARAM[id]</param>
	</include>

	<include condition="String.isEqual(Skin.AspectRatio,21:9)" content="Deck_Placeholder_21x9">
		<param name="id">$PARAM[id]</param>
	</include>
</include>

<!-- Deck Content -->
<include name="Deck_Content">
	<!-- Vertical Navigation -->
	<onleft condition="!Skin.HasSetting(Home_Horizontal)">300</onleft>

	<!-- Horizontal Navigation -->
	<ondown condition="Skin.HasSetting(Home_Horizontal)">300</ondown>

	<include>AspectRatio_Width_1280</include>
	<include condition="Skin.HasSetting(Deck_Images_Small)">Deck_Height_Small</include>
	<include condition="Skin.HasSetting(Deck_Images_xLarge)">Deck_Height_xLarge</include>
	<height>240</height><!-- 216 -->
	<orientation>horizontal</orientation>
	<preloaditems>4</preloaditems>
	<include>Viewmode_Deck_Itemlayout</include>
</include>
<include name="Deck_Content_KODI">
	<!-- Vertical Navigation -->
	<onleft condition="!Skin.HasSetting(Home_Horizontal)">300</onleft>

	<!-- Horizontal Navigation -->
	<ondown condition="Skin.HasSetting(Home_Horizontal)">300</ondown>

	<include>AspectRatio_Width_1280</include>
	<include condition="Skin.HasSetting(Deck_Images_Small)">Deck_Height_Small</include>
	<include condition="Skin.HasSetting(Deck_Images_xLarge)">Deck_Height_xLarge</include>
	<height>240</height>
	<orientation>horizontal</orientation>
	<preloaditems>4</preloaditems>
	<!--<include>Viewmode_Deck_Itemlayout</include>-->
</include>

<include name="Deck_Height_Small">
	<height>144</height>
</include>
<include name="Deck_Height_xLarge">
	<height>432</height>
</include>

<!-- Deck Refresh Workaround -->
<include name="Refresh_Workaround">
	<include condition="Skin.HasSetting(Deck_Images_Overlay)">Refresh_Workaround_Foobar</include>
	<include condition="Skin.HasSetting(Deck_Images_Rating)">Refresh_Workaround_Foobar</include>
	<include condition="Skin.HasSetting(Deck_Images_Small)">Refresh_Workaround_Foobar</include>
	<include condition="Skin.HasSetting(Deck_Images_xLarge)">Refresh_Workaround_Foobar</include>
	<include condition="!Skin.HasSetting(Deck_Images_Small) + !Skin.HasSetting(Deck_Images_xLarge)">Refresh_Workaround_Foobar</include>
</include>

<include name="Refresh_Workaround_Foobar">
	<description>Force Refresh Workaround</description>
</include>

<include name="XBMC_Deck_Kodi_Items">
	<item>
		<label>3</label> <!-- Videos -->
		<onclick condition="String.isEqual(Window.Property(VideosDirectLink),True)">ActivateWindow(Videos)</onclick>
		<onclick condition="!String.isEqual(Window.Property(VideosDirectLink),True)">ActivateWindow(Videos,root)</onclick>
		<icon></icon>
		<thumb></thumb>
		<visible>!Skin.HasSetting(XBMC_Home_NoVideos)</visible>
	</item>
	<item>
		<label>31009</label> <!-- Movies -->
		<onclick>ActivateWindow(Videos,MovieTitles,return)</onclick>
		<icon></icon>
		<thumb></thumb>
		<property name="Type">movie</property>
		<visible>Library.HasContent(Movies) + !Skin.HasSetting(XBMC_Home_NoMovies)</visible>
	</item>
	<item>
		<label>31010</label> <!-- TV Shows -->
		<onclick>ActivateWindow(Videos,TVShowTitles,return)</onclick>
		<icon></icon>
		<thumb></thumb>
		<property name="Type">tvshow</property>
		<visible>Library.HasContent(TVShows) + !Skin.HasSetting(XBMC_Home_NoTvShows)</visible>
	</item>
	<item>
		<label>2</label> <!-- Music -->
		<onclick>ActivateWindow(Music)</onclick>
		<icon></icon>
		<thumb></thumb>
		<visible>Library.HasContent(Music) + !Skin.HasSetting(XBMC_Home_NoMusic)</visible>
	</item>
	<item>
		<label>1</label> <!-- Pictures -->
		<onclick>ActivateWindow(Pictures)</onclick>
		<icon></icon>
		<thumb></thumb>
		<visible>!Skin.HasSetting(XBMC_Home_NoPictures)</visible>
	</item>
</include>

<!-- KODI Dashboard -->
<include name="Deck_Dashboard_Itemlayout">

	<definition>

		<control type="image">
			<top>10</top>
			<left>10</left>
			<width>360</width>
			<height>120</height>
			<texture>bg_black.png</texture>
			<colordiffuse>99000000</colordiffuse>
		</control>


		<!-- Header -->
                <control type="image">
			<top>10</top>
			<left>10</left>
                        <width>360</width>
                        <height>30</height>
                        <texture flipx="true">bg_section.png</texture>
                        <colordiffuse>40FFFFFF</colordiffuse>
                </control>
                <control type="label">
			<top>10</top>
			<left>10</left>
                        <label>$PARAM[header]</label>
                        <width>350</width>
                        <font>Font_Deck_Name</font>
                        <textcolor>FFCCCCCC</textcolor>
                        <aligny>center</aligny>
                        <align>right</align>
                        <height>30</height>
                </control>

		<!-- List -->
		<control type="list" id="$PARAM[widgetid]">
			<top>40</top>
			<left>100</left>
			<height>90</height>
			<width>265</width>
		
			<itemlayout width="265" height="30">
				<control type="label">
					<label>$VAR[Var_Deck_Dashboard]</label>
					<font>Lato_Light_20</font>
					<width>265</width>
					<height>30</height>
					<aligny>center</aligny>
					<textcolor>FFCCCCCC</textcolor>
				</control>

			</itemlayout>
			<focusedlayout width="265" height="30">
				<control type="label">
					<label>$VAR[Var_Deck_Dashboard]</label>
					<font>Lato_Light_20</font>
					<width>265</width>
					<height>30</height>
					<aligny>center</aligny>
					<textcolor>FFCCCCCC</textcolor>
				</control>

			</focusedlayout>

			<include>Deck_$PARAM[deckid]_$PARAM[homeid]_Data</include>
		</control>

		<!-- Image (TV Show) -->
		<control type="image">
			<left>15</left>
			<top>45</top>
			<height>80</height>
			<width>75</width>
			<texture>$INFO[Container($PARAM[widgetid]).ListItemAbsolute(0).Art(tvshow.poster)]</texture>
			<aspectratio>keep</aspectratio>
			<visible>String.isEqual(Container($PARAM[widgetid]).ListItemAbsolute(0).DBType,episode)</visible>
		</control>

		<!-- Image (Other) -->
		<control type="image">
			<left>15</left>
			<top>45</top>
			<height>80</height>
			<width>75</width>
			<texture>$INFO[Container($PARAM[widgetid]).ListItemAbsolute(0).Icon]</texture>
			<aspectratio>keep</aspectratio>
			<visible>!String.isEqual(Container($PARAM[widgetid]).ListItemAbsolute(0).DBType,episode)</visible>
		</control>

		<!-- No Data -->
                <control type="label">
			<left>100</left>
			<top>40</top>
                        <label>No Data</label>
                        <width>270</width>
                        <font>Lato_Light_20</font>
                        <textcolor>FFCCCCCC</textcolor>
                        <aligny>center</aligny>
                        <height>30</height>
			<visible>String.isEmpty(Container($PARAM[widgetid]).ListItemAbsolute(0).Label)</visible>
                </control>
		<control type="image">
			<left>10</left>
			<top>45</top>
			<height>80</height>
			<width>80</width>
			<texture>DefaultVideo.png</texture>
			<aspectratio>keep</aspectratio>
			<visible>String.isEmpty(Container($PARAM[widgetid]).ListItemAbsolute(0).Label)</visible>
		</control>

	</definition>
</include>

<include name="Deck_Dashboard_Itemlayout_Container">
        <control type="panel" id="$PARAM[widgetid]">
                <left>160</left>
                <top>240</top>
                <width>960</width>
                <height>240</height>
                <orientation>horizontal</orientation>
                <preloaditems>2</preloaditems>

                <onback>SetFocus(5001)</onback>
                <ondown>SetFocus(5001)</ondown>
                <onup>SetFocus(5001)</onup>

                <visible allowhiddenfocus="true">Control.hasFocus($PARAM[widgetid])</visible>
                <include>Animation_CommonFade_300</include>

                <include>Viewmode_Deck_Itemlayout_Medium</include>

		<include>Deck_$PARAM[deckid]_$PARAM[homeid]_Data</include>

	</control>

</include>

<include name="Deck_Dashboard">

	<!-- 380 x 140 -->
	<control type="group" id="5001">
		<top>80</top>
		<left>760r</left>
		<include>AspectRatio_Deck_Dashboard_Animation</include>

		<!-- Widget 1 -->
		<control type="group">
			<control type="button" id="5011">
				<include>Deck_Dashboard_Button</include>
				<include>Deck_Dashboard_OnClick_1</include>
				<onleft>300</onleft>
				<onright>5012</onright>
				<ondown>5014</ondown>
				<onup>5020</onup>
			</control>
			<include condition="!String.isEqual(Skin.String(Dashboard_Widget1),hide)">Deck_Dashboard_Widget1</include>
		</control>

		<!-- Widget 2 -->
		<control type="group">
			<left>380</left>

			<control type="button" id="5012">
				<include>Deck_Dashboard_Button</include>
				<include>Deck_Dashboard_OnClick_2</include>
				<onleft>5011</onleft>
				<onright>5013</onright>
				<ondown>5015</ondown>
				<onup>5021</onup>
			</control>
			<include condition="!String.isEqual(Skin.String(Dashboard_Widget2),hide)">Deck_Dashboard_Widget2</include>
		</control>

		<!-- Widget 3 -->
		<control type="group">
			<left>760</left>

			<control type="button" id="5013">
				<include>Deck_Dashboard_Button</include>
				<include>Deck_Dashboard_OnClick_3</include>
				<onleft>5012</onleft>
				<onright>5011</onright>
				<ondown>5016</ondown>
				<onup>5022</onup>
			</control>
			<include condition="!String.isEqual(Skin.String(Dashboard_Widget3),hide)">Deck_Dashboard_Widget3</include>
		</control>

		<!-- Widget 4 -->
		<control type="group">
			<top>140</top>

			<control type="button" id="5014">
				<include>Deck_Dashboard_Button</include>
				<include>Deck_Dashboard_OnClick_4</include>
				<onleft>300</onleft>
				<onright>5015</onright>
				<ondown>5017</ondown>
				<onup>5011</onup>
			</control>
			<include condition="!String.isEqual(Skin.String(Dashboard_Widget4),hide)">Deck_Dashboard_Widget4</include>
		</control>

		<!-- Widget 5 -->
		<control type="group">
			<top>140</top>
			<left>380</left>
			<control type="button" id="5015">
				<include>Deck_Dashboard_Button</include>
				<include>Deck_Dashboard_OnClick_5</include>
				<onleft>5014</onleft>
				<onright>5016</onright>
				<ondown>5018</ondown>
				<onup>5012</onup>
			</control>
			<include condition="!String.isEqual(Skin.String(Dashboard_Widget5),hide)">Deck_Dashboard_Widget5</include>
		</control>

		<!-- Widget 6 -->
		<control type="group">
			<top>140</top>
			<left>760</left>
			<control type="button" id="5016">
				<include>Deck_Dashboard_Button</include>
				<include>Deck_Dashboard_OnClick_6</include>
				<onleft>5015</onleft>
				<onright>5014</onright>
				<ondown>5019</ondown>
				<onup>5013</onup>
			</control>
			<include condition="!String.isEqual(Skin.String(Dashboard_Widget6),hide)">Deck_Dashboard_Widget6</include>
		</control>

		<!-- Widget 7 -->
		<control type="group">
			<top>280</top>
			<control type="button" id="5017">
				<include>Deck_Dashboard_Button</include>
				<include>Deck_Dashboard_OnClick_7</include>
				<onleft>300</onleft>
				<onright>5018</onright>
				<ondown>5020</ondown>
				<onup>5014</onup>
			</control>
			<include condition="!String.isEqual(Skin.String(Dashboard_Widget7),hide)">Deck_Dashboard_Widget7</include>
		</control>

		<!-- Widget 8 -->
		<control type="group">
			<top>280</top>
			<left>380</left>
			<control type="button" id="5018">
				<include>Deck_Dashboard_Button</include>
				<include>Deck_Dashboard_OnClick_8</include>
				<onleft>5017</onleft>
				<onright>5019</onright>
				<ondown>5021</ondown>
				<onup>5015</onup>
			</control>
			<include condition="!String.isEqual(Skin.String(Dashboard_Widget8),hide)">Deck_Dashboard_Widget8</include>
		</control>

		<!-- Widget 9 -->
		<control type="group">
			<top>280</top>
			<left>760</left>
			<control type="button" id="5019">
				<include>Deck_Dashboard_Button</include>
				<include>Deck_Dashboard_OnClick_9</include>
				<onleft>5018</onleft>
				<onright>5017</onright>
				<ondown>5022</ondown>
				<onup>5016</onup>
			</control>
			<include condition="!String.isEqual(Skin.String(Dashboard_Widget9),hide)">Deck_Dashboard_Widget9</include>
		</control>

		<!-- Widget 10 -->
		<control type="group">
			<top>420</top>
			<control type="button" id="5020">
				<include>Deck_Dashboard_Button</include>
				<include>Deck_Dashboard_OnClick_10</include>
				<onleft>300</onleft>
				<onright>5021</onright>
				<ondown>5011</ondown>
				<onup>5017</onup>
			</control>
			<include condition="!String.isEqual(Skin.String(Dashboard_Widget10),hide)">Deck_Dashboard_Widget10</include>
		</control>

		<!-- Widget 11 -->
		<control type="group">
			<top>420</top>
			<left>380</left>
			<control type="button" id="5021">
				<include>Deck_Dashboard_Button</include>
				<include>Deck_Dashboard_OnClick_11</include>
				<onleft>5020</onleft>
				<onright>5022</onright>
				<ondown>5012</ondown>
				<onup>5018</onup>
			</control>
			<include condition="!String.isEqual(Skin.String(Dashboard_Widget11),hide)">Deck_Dashboard_Widget11</include>
		</control>

		<!-- Widget 12 -->
		<control type="group">
			<top>420</top>
			<left>760</left>
			<control type="button" id="5022">
				<include>Deck_Dashboard_Button</include>
				<include>Deck_Dashboard_OnClick_12</include>
				<onleft>5021</onleft>
				<onright>5020</onright>
				<ondown>5013</ondown>
				<onup>5019</onup>
			</control>
			<include condition="!String.isEqual(Skin.String(Dashboard_Widget12),hide)">Deck_Dashboard_Widget12</include>
		</control>


	</control>


	<control type="group" id="5002">
	
		<visible>ControlGroup(5002).hasFocus</visible>
		<include>Animation_CommonFade_300</include>

		<!-- Background -->
		<control type="image">
			<include>background_default</include>
			<texture background="true">bg_black.png</texture>
		</control>
		<include>Background_Image_Deck</include>

		<!-- Info -->
		<control type="group">
			<top>480</top>
			<left>170</left>
			<include>Deck_Information</include>
		</control>

		<control type="group">
			<top>110</top>
			<left>180</left>
			<include>Deck_Information_More</include>
		</control>

		<!-- Container -->
		<include>Deck_Dashboard_Widget1_Container</include>
		<include>Deck_Dashboard_Widget2_Container</include>
		<include>Deck_Dashboard_Widget3_Container</include>
		<include>Deck_Dashboard_Widget4_Container</include>
		<include>Deck_Dashboard_Widget5_Container</include>
		<include>Deck_Dashboard_Widget6_Container</include>
		<include>Deck_Dashboard_Widget7_Container</include>
		<include>Deck_Dashboard_Widget8_Container</include>
		<include>Deck_Dashboard_Widget9_Container</include>
		<include>Deck_Dashboard_Widget10_Container</include>
		<include>Deck_Dashboard_Widget11_Container</include>
		<include>Deck_Dashboard_Widget12_Container</include>


	</control>

</include>

<include name="Deck_Dashboard_Button">
	<width>380</width>
	<height>140</height>
	<colordiffuse>FFFFFFFF</colordiffuse>
	<texturefocus colordiffuse="$VAR[Var_Color_Icon_Hex]">Dashboard_Widget_Border.png</texturefocus>
	<onback>300</onback>
</include>

<include name="Deck_Dashboard_Button_Settings">
	<font>Lato_Regular_20</font>
	<align>center</align>
	<aligny>center</aligny>
	<texturenofocus colordiffuse="66FFFFFF">Dashboard_Widget_Border.png</texturenofocus>
	<wrapmultiline>true</wrapmultiline>
	<textcolor>FFCCCCCC</textcolor>
	<focusedcolor>$VAR[Var_Color_Text_Hex]</focusedcolor>
</include>

<!-- Deck Dashboard Settings -->
<include name="Dashboard_Widget_Settings">

	<!-- 380 x 140 -->
	<control type="group">

		<!-- Widget 1 -->
		<control type="group">

			<control type="button" id="5011">
				<label>$VAR[Var_Dashboard_Settings_Label_1]</label>
				<include>Deck_Dashboard_Button_Settings</include>
				<include>Deck_Dashboard_Button</include>

				<onclick>Skin.SetString(selectorname,Dashboard Widget 1)</onclick>
				<onclick>Skin.SetString(selector1,Dashboard_Settings)</onclick>
				<onclick>Skin.SetString(selector2,Widget1)</onclick>
				<onclick>ActivateWindow(1120)</onclick>

				<onleft>5013</onleft>
				<onright>5012</onright>
				<ondown>5014</ondown>
				<onup>9000</onup>
			</control>
		</control>

		<!-- Widget 2 -->
		<control type="group">
			<left>380</left>

			<control type="button" id="5012">
				<label>$VAR[Var_Dashboard_Settings_Label_2]</label>
				<include>Deck_Dashboard_Button_Settings</include>
				<include>Deck_Dashboard_Button</include>

				<onclick>Skin.SetString(selectorname,Dashboard Widget 2)</onclick>
				<onclick>Skin.SetString(selector1,Dashboard_Settings)</onclick>
				<onclick>Skin.SetString(selector2,Widget2)</onclick>
				<onclick>ActivateWindow(1120)</onclick>

				<onleft>5011</onleft>
				<onright>5013</onright>
				<ondown>5015</ondown>
				<onup>9000</onup>
			</control>
		</control>

		<!-- Widget 3 -->
		<control type="group">
			<left>760</left>

			<control type="button" id="5013">
				<label>$VAR[Var_Dashboard_Settings_Label_3]</label>
				<include>Deck_Dashboard_Button_Settings</include>
				<include>Deck_Dashboard_Button</include>

				<onclick>Skin.SetString(selectorname,Dashboard Widget 3)</onclick>
				<onclick>Skin.SetString(selector1,Dashboard_Settings)</onclick>
				<onclick>Skin.SetString(selector2,Widget3)</onclick>
				<onclick>ActivateWindow(1120)</onclick>

				<onleft>5012</onleft>
				<onright>5011</onright>
				<ondown>5016</ondown>
				<onup>9000</onup>
			</control>
		</control>

		<!-- Widget 4 -->
		<control type="group">
			<top>140</top>

			<control type="button" id="5014">
				<label>$VAR[Var_Dashboard_Settings_Label_4]</label>
				<include>Deck_Dashboard_Button_Settings</include>
				<include>Deck_Dashboard_Button</include>

				<onclick>Skin.SetString(selectorname,Dashboard Widget 4)</onclick>
				<onclick>Skin.SetString(selector1,Dashboard_Settings)</onclick>
				<onclick>Skin.SetString(selector2,Widget4)</onclick>
				<onclick>ActivateWindow(1120)</onclick>

				<onleft>5016</onleft>
				<onright>5015</onright>
				<ondown>5017</ondown>
				<onup>5011</onup>
			</control>
		</control>

		<!-- Widget 5 -->
		<control type="group">
			<top>140</top>
			<left>380</left>

			<control type="button" id="5015">
				<label>$VAR[Var_Dashboard_Settings_Label_5]</label>
				<include>Deck_Dashboard_Button_Settings</include>
				<include>Deck_Dashboard_Button</include>

				<onclick>Skin.SetString(selectorname,Dashboard Widget 5)</onclick>
				<onclick>Skin.SetString(selector1,Dashboard_Settings)</onclick>
				<onclick>Skin.SetString(selector2,Widget5)</onclick>
				<onclick>ActivateWindow(1120)</onclick>

				<onleft>5014</onleft>
				<onright>5016</onright>
				<ondown>5018</ondown>
				<onup>5012</onup>
			</control>
		</control>

		<!-- Widget 6 -->
		<control type="group">
			<top>140</top>
			<left>760</left>

			<control type="button" id="5016">
				<label>$VAR[Var_Dashboard_Settings_Label_6]</label>
				<include>Deck_Dashboard_Button_Settings</include>
				<include>Deck_Dashboard_Button</include>

				<onclick>Skin.SetString(selectorname,Dashboard Widget 6)</onclick>
				<onclick>Skin.SetString(selector1,Dashboard_Settings)</onclick>
				<onclick>Skin.SetString(selector2,Widget6)</onclick>
				<onclick>ActivateWindow(1120)</onclick>

				<onleft>5015</onleft>
				<onright>5014</onright>
				<ondown>5019</ondown>
				<onup>5013</onup>
			</control>
		</control>

		<!-- Widget 7 -->
		<control type="group">
			<top>280</top>

			<control type="button" id="5017">
				<label>$VAR[Var_Dashboard_Settings_Label_7]</label>
				<include>Deck_Dashboard_Button_Settings</include>
				<include>Deck_Dashboard_Button</include>

				<onclick>Skin.SetString(selectorname,Dashboard Widget 7)</onclick>
				<onclick>Skin.SetString(selector1,Dashboard_Settings)</onclick>
				<onclick>Skin.SetString(selector2,Widget7)</onclick>
				<onclick>ActivateWindow(1120)</onclick>

				<onleft>5019</onleft>
				<onright>5018</onright>
				<ondown>5020</ondown>
				<onup>5014</onup>
			</control>
		</control>

		<!-- Widget 8 -->
		<control type="group">
			<top>280</top>
			<left>380</left>

			<control type="button" id="5018">
				<label>$VAR[Var_Dashboard_Settings_Label_8]</label>
				<include>Deck_Dashboard_Button_Settings</include>
				<include>Deck_Dashboard_Button</include>

				<onclick>Skin.SetString(selectorname,Dashboard Widget 8)</onclick>
				<onclick>Skin.SetString(selector1,Dashboard_Settings)</onclick>
				<onclick>Skin.SetString(selector2,Widget8)</onclick>
				<onclick>ActivateWindow(1120)</onclick>

				<onleft>5017</onleft>
				<onright>5019</onright>
				<ondown>5021</ondown>
				<onup>5015</onup>
			</control>
		</control>

		<!-- Widget 9 -->
		<control type="group">
			<top>280</top>
			<left>760</left>

			<control type="button" id="5019">
				<label>$VAR[Var_Dashboard_Settings_Label_9]</label>
				<include>Deck_Dashboard_Button_Settings</include>
				<include>Deck_Dashboard_Button</include>

				<onclick>Skin.SetString(selectorname,Dashboard Widget 9)</onclick>
				<onclick>Skin.SetString(selector1,Dashboard_Settings)</onclick>
				<onclick>Skin.SetString(selector2,Widget9)</onclick>
				<onclick>ActivateWindow(1120)</onclick>

				<onleft>5018</onleft>
				<onright>5017</onright>
				<ondown>5022</ondown>
				<onup>5016</onup>
			</control>
		</control>

		<!-- Widget 10 -->
		<control type="group">
			<top>420</top>

			<control type="button" id="5020">
				<label>$VAR[Var_Dashboard_Settings_Label_10]</label>
				<include>Deck_Dashboard_Button_Settings</include>
				<include>Deck_Dashboard_Button</include>

				<onclick>Skin.SetString(selectorname,Dashboard Widget 10)</onclick>
				<onclick>Skin.SetString(selector1,Dashboard_Settings)</onclick>
				<onclick>Skin.SetString(selector2,Widget10)</onclick>
				<onclick>ActivateWindow(1120)</onclick>

				<onleft>5022</onleft>
				<onright>5021</onright>
				<ondown>5011</ondown>
				<onup>5017</onup>
			</control>
		</control>

		<!-- Widget 11 -->
		<control type="group">
			<top>420</top>
			<left>380</left>

			<control type="button" id="5021">
				<label>$VAR[Var_Dashboard_Settings_Label_11]</label>
				<include>Deck_Dashboard_Button_Settings</include>
				<include>Deck_Dashboard_Button</include>

				<onclick>Skin.SetString(selectorname,Dashboard Widget 11)</onclick>
				<onclick>Skin.SetString(selector1,Dashboard_Settings)</onclick>
				<onclick>Skin.SetString(selector2,Widget11)</onclick>
				<onclick>ActivateWindow(1120)</onclick>

				<onleft>5020</onleft>
				<onright>5022</onright>
				<ondown>5012</ondown>
				<onup>5018</onup>
			</control>
		</control>

		<!-- Widget 12 -->
		<control type="group">
			<top>420</top>
			<left>760</left>

			<control type="button" id="5022">
				<label>$VAR[Var_Dashboard_Settings_Label_12]</label>
				<include>Deck_Dashboard_Button_Settings</include>
				<include>Deck_Dashboard_Button</include>

				<onclick>Skin.SetString(selectorname,Dashboard Widget 12)</onclick>
				<onclick>Skin.SetString(selector1,Dashboard_Settings)</onclick>
				<onclick>Skin.SetString(selector2,Widget12)</onclick>
				<onclick>ActivateWindow(1120)</onclick>

				<onleft>5021</onleft>
				<onright>5020</onright>
				<ondown>5013</ondown>
				<onup>5019</onup>
			</control>
		</control>


	</control>
</include>

<include name="Deck_0_0_Data">
	<content></content>
</include>

</includes>

