<?xml version="1.0" encoding="UTF-8"?>
<window id="29">
	<defaultcontrol always="true">52</defaultcontrol>
	<allowoverlay>no</allowoverlay>
	<coordinates>
		<system>1</system>
		<left>0</left>
		<top>0</top>
	</coordinates>
	<controls>
		<control type="largeimage">
			<include>Dimensions_Fullscreen</include>
			<width>1280</width>
			<height>720</height>
			<texture>backdrops/curtains_diffuse.png</texture>
			<aspectratio>scale</aspectratio>
			<include>VisibleFadeEffect</include>
		</control>
		<control type="group">
			<include>Window_OpenClose_Animation</include>		
			<control type="image">
				<description>LOGO</description>
				<left>250r</left>
				<top>80r</top>
				<width>220</width>
				<height>80</height>
				<aspectratio>keep</aspectratio>
				<texture>confluence/bartowski2.png</texture>
			</control>
			<control type="image">
				<description>LOGO</description>
				<left>50</left>
				<top>60r</top>
				<width>140</width>
				<height>40</height>
				<texture>XBMC_Logo.png</texture>
			</control>
			<control type="label">
				<left>295</left>
				<top>40</top>
				<width>690</width>
				<height>100</height>
				<font>Font_Bartowski_MainMenu_Context</font>
				<textcolor>grey2</textcolor>
				<align>center</align>
				<aligny>center</aligny>
				<label>$LOCALIZE[31421]</label>
			</control>
			<control type="list" id="52">
				<left>295</left>
				<top>170</top>
				<width>690</width>
				<height>401</height>
				<onleft>20</onleft>
				<onright>20</onright>
				<onup>52</onup>
				<ondown>52</ondown>
				<viewtype label="535">list</viewtype>
				<pagecontrol>60</pagecontrol>
				<scrolltime>200</scrolltime>
				<itemlayout height="100" width="690">
					<control type="image">
						<left>0</left>
						<top>0</top>
						<width>690</width>
						<height>101</height>
						<texture border="0,5,0,5">confluence/MenuItemNF.png</texture>
					</control>
					<control type="image">
						<left>10</left>
						<top>10</top>
						<width>80</width>
						<height>80</height>
						<texture fallback="DefaultActor.png">$INFO[ListItem.Icon]</texture>
					</control>
					<control type="label">
						<left>110</left>
						<top>10</top>
						<width>580</width>
						<height>40</height>
						<font>Font_KeyboardKeys</font>
						<textcolor>grey2</textcolor>
						<selectedcolor>selected</selectedcolor>
						<align>left</align>
						<aligny>center</aligny>
						<label>$INFO[ListItem.Label]</label>
					</control>
					<control type="label">
						<left>110</left>
						<top>50</top>
						<width>580</width>
						<height>40</height>
						<font>font13</font>
						<textcolor>grey2</textcolor>
						<selectedcolor>selected</selectedcolor>
						<align>left</align>
						<aligny>center</aligny>
						<label>$INFO[ListItem.Label2]</label>
					</control>
				</itemlayout>
				<focusedlayout height="100" width="580">
					<control type="image">
						<left>0</left>
						<top>0</top>
						<width>690</width>
						<height>101</height>
						<texture border="0,5,0,5">MenuItemNF.png</texture>
						<visible>!Control.HasFocus(52)</visible>
						<include>VisibleFadeEffect</include>
					</control>
					<control type="image">
						<left>0</left>
						<top>0</top>
						<width>690</width>
						<height>101</height>
						<texture border="0,5,0,5">confluence/MenuItemFO.png</texture>
						<visible>Control.HasFocus(52)</visible>
						<include>VisibleFadeEffect</include>
					</control>
					<control type="image">
						<left>10</left>
						<top>10</top>
						<width>80</width>
						<height>80</height>
						<texture fallback="DefaultActor.png">$INFO[ListItem.Icon]</texture>
					</control>
					<control type="label">
						<left>110</left>
						<top>10</top>
						<width>580</width>
						<height>40</height>
						<font>Font_Bartowski_Title_Pause</font>
						<textcolor>white</textcolor>
						<selectedcolor>selected</selectedcolor>
						<align>left</align>
						<aligny>center</aligny>
						<label>$INFO[ListItem.Label]</label>
					</control>
					<control type="label">
						<left>110</left>
						<top>50</top>
						<width>580</width>
						<height>40</height>
						<font>font13</font>
						<textcolor>white</textcolor>
						<selectedcolor>selected</selectedcolor>
						<align>left</align>
						<aligny>center</aligny>
						<label>$INFO[ListItem.Label2]</label>
					</control>
				</focusedlayout>
			</control>
			<control type="group">
				<left>940</left>
				<top>600</top>
				<control type="label">
					<left>0</left>
					<top>0</top>
					<width>580</width>
					<height>35</height>
					<font>font12caps</font>
					<textcolor>mainblue</textcolor>
					<align>right</align>
					<aligny>center</aligny>
					<label>$LOCALIZE[31218]</label>
				</control>
				<control type="button" id="20">
					<description>Power push button</description>
					<left>10</left>
					<top>0</top>
					<width>40</width>
					<height>40</height>
					<label></label>
					<font></font>
					<aligny></aligny>
					<onclick>ActivateWindow(ShutdownMenu)</onclick>
					<texturefocus>home-power-FO.png</texturefocus>
					<texturenofocus>home-power.png</texturenofocus>
					<onleft>52</onleft>
					<onright>52</onright>
					<onup>52</onup>
					<ondown>52</ondown>
					<colordiffuse>CCFFFFFF</colordiffuse>
				</control>
				<control type="image">
					<left>13</left>
					<top>3</top>
					<width>30</width>
					<height>29</height>
					<texture>home-power-focus.gif</texture>
					<visible>Control.HasFocus(20)</visible>
				</control>
			</control>
		</control>
		
		<include>Global_Time</include>
	</controls>
</window>
