<?xml version='1.0' encoding='UTF-8'?>
<shortcuts>

 <!-- Movies -->
 <shortcut>
  <label>$LOCALIZE[342]</label>
  <label2>32034</label2>
  <defaultID>movies</defaultID>
  <icon>DefaultMovies.png</icon>
  <thumb />
  <action>ActivateWindow(Videos,videodb://movies/titles/,return)</action>
  <visible>Library.HasContent(movies)</visible>
 </shortcut>

 <!-- TVShows -->
 <shortcut>
  <label>$LOCALIZE[31002]</label>
  <label2>32034</label2>
  <defaultID>tvshows</defaultID>
  <icon>DefaultTVShows.png</icon>
  <thumb />
  <action>ActivateWindow(Videos,videodb://tvshows/titles/,return)</action>
  <visible>Library.HasContent(tvshows)</visible>
 </shortcut>

 <!-- Music -->
 <shortcut>
  <label>$LOCALIZE[2]</label>
  <label2>32034</label2>
  <defaultID>music</defaultID>
  <icon>DefaultAudio.png</icon>
  <thumb />
  <action>ActivateWindow(Music,root,return)</action>
 </shortcut>

 <!-- Videos -->
 <shortcut>
  <label>$LOCALIZE[3]</label>
  <label2>32034</label2>
  <defaultID>videos</defaultID>
  <icon>DefaultVideo.png</icon>
  <thumb />
  <action>ActivateWindow(videos,sources://video/,return)</action>
 </shortcut>

 <!-- Add-ons -->
 <shortcut>
  <label>$LOCALIZE[24001]</label>
  <label2>32034</label2>
  <defaultID>addons</defaultID>
  <icon>DefaultAddon.png</icon>
  <thumb />
  <action>ActivateWindow(AddonBrowser,return)</action>
 </shortcut>

 <!-- Pictures -->
 <shortcut>
  <label>$LOCALIZE[10002]</label>
  <label2>32034</label2>
  <defaultID>pictures</defaultID>
  <icon>DefaultPicture.png</icon>
  <thumb />
  <action>ActivateWindow(Pictures)</action>
 </shortcut>

 <!-- Programs -->
 <shortcut>
  <label>$LOCALIZE[10001]</label>
  <label2>32034</label2>
  <defaultID>programs</defaultID>
  <icon>DefaultProgram.png</icon>
  <thumb />
  <action condition="!System.Platform.Android">ActivateWindow(Programs,Addons,return)</action>
  <action condition="System.Platform.Android">ActivateWindow(Programs)</action>
 </shortcut>

 <!-- Live TV -->
 <shortcut>
  <label>$LOCALIZE[31000]</label>
  <label2>32034</label2>
  <defaultID>livetv</defaultID>
  <icon>DefaultLiveTV.png</icon>
  <thumb />
  <action>ActivateWindow(TVChannels)</action>
  <visible>PVR.HasTVChannels</visible>
 </shortcut>

 <!-- Trailers -->
 <shortcut>
  <label>$LOCALIZE[31018]</label>
  <label2>32034</label2>
  <defaultID>trailers</defaultID>
  <icon>icons/big/Trailers.png</icon>
  <thumb />
  <action>ActivateWindow(1120)</action>
  <visible>System.HasAddon(script.extendedinfo)</visible>
 </shortcut>

 <!-- Weather -->
 <shortcut>
  <label>$LOCALIZE[12600]</label>
  <label2>32034</label2>
  <defaultID>weather</defaultID>
  <icon>icons/big/Weather.png</icon>
  <thumb />
  <action>ActivateWindow(Weather)</action>
 </shortcut>

 <!-- Settings -->
 <shortcut>
  <label>$LOCALIZE[10004]</label>
  <label2>32034</label2>
  <defaultID>settings</defaultID>
  <icon>icons/big/Settings.png</icon>
  <thumb />
  <action>ActivateWindow(Settings)</action>
 </shortcut>

</shortcuts>