<?xml version="1.0" encoding="UTF-8"?>
<includes>
	<include name="liveTVChannels">
		<control type="group">
			<control type="panel" id="50">
				<posx>col-1-begin</posx>
				<posy>row-5-begin</posy>
				<width>24-col</width>
				<height>23-row</height>
				<onleft>9000</onleft>
				<onright>60</onright>
				<onback>9000</onback>
				<ondown>50</ondown>
				<onup>50</onup>
				<pagecontrol>60</pagecontrol>
				<scrolltime tween="cubic" easing="out">400</scrolltime>
				<itemlayout height="2-row" width="24-col">
					<control type="image">
						<posx>1-col</posx>
						<posy>0</posy>
						<width>23-col</width>
						<height>69</height>
						<aspectratio>stretch</aspectratio>
						<texture border="0">colors/black.png</texture>
						<colordiffuse>overlay</colordiffuse>
					</control>
					<control type="image">
						<posx>0</posx>
						<posy>3</posy>
						<width>66</width>
						<height>66</height>
						<aspectratio scalediffuse="false">keep</aspectratio>
						<texture fallback="colors/black.png" diffuse="masks/circle.png" border="0">$INFO[Listitem.thumb]</texture>
					</control>
					<control type="label">
						<posx>1-col-indent</posx>
						<posy>0</posy>
						<width>288</width>
						<height>2-row</height>
						<aligny>center</aligny>
						<font>itemTitle</font>
						<textcolor>textActive</textcolor>
						<label>$INFO[ListItem.Label]</label>
					</control>
					<control type="label">
						<posx>5-col-gutter</posx>
						<posy>0</posy>
						<width>160</width>
						<height>2-row</height>
						<aligny>center</aligny>
						<align>right</align>
						<font>itemTitle</font>
						<textcolor>textActive</textcolor>
						<shadowcolor></shadowcolor>
						<label>[B]$INFO[ListItem.starttime][/B]</label>
					</control>
					<control type="label">
						<posx>520</posx>
						<posy>0</posy>
						<width>7-col-gutter</width>
						<height>2-row</height>
						<aligny>center</aligny>
						<font>itemTitle</font>
						<textcolor>textActive</textcolor>
						<shadowcolor></shadowcolor>
						<label>$INFO[ListItem.Title]</label>
					</control>
					<control type="label">
						<posx>14-col-gutter</posx>
						<posy>0</posy>
						<width>160</width>
						<height>2-row</height>
						<aligny>center</aligny>
						<align>right</align>
						<font>itemTitle</font>
						<textcolor>textActive</textcolor>
						<shadowcolor></shadowcolor>
						<label>[B]$INFO[ListItem.nextstarttime][/B]</label>
					</control>
					<control type="label">
						<posx>1168</posx>
						<posy>0</posy>
						<width>7-col-gutter</width>
						<height>2-row</height>
						<aligny>center</aligny>
						<font>itemTitle</font>
						<textcolor>textActive</textcolor>
						<shadowcolor></shadowcolor>
						<label>$INFO[ListItem.nextTitle]</label>
					</control>
				</itemlayout>
				<focusedlayout height="2-row" width="20-col">
					<control type="image">
						<posx>1-col</posx>
						<posy>0</posy>
						<width>23-col</width>
						<height>2-row</height>
						<aspectratio>stretch</aspectratio>
						<texture border="0">colors/white.png</texture>
						<colordiffuse>highlight</colordiffuse>
					</control>
					<control type="image">
						<posx>0</posx>
						<posy>3</posy>
						<width>66</width>
						<height>66</height>
						<aspectratio scalediffuse="false">keep</aspectratio>
						<texture fallback="colors/black.png" diffuse="masks/circle.png" border="0">$INFO[Listitem.thumb]</texture>
						<animation type="focus" loop="false" reversible="false">
							<effect type="fade" time="500"/>
							<effect type="rotatey" end="360" center="33" tween="back" easing="out" time="1000"/>
						</animation>
					</control>
					<control type="label">
						<posx>1-col-indent</posx>
						<posy>0</posy>
						<width>288</width>
						<height>2-row</height>
						<aligny>center</aligny>
						<font>itemTitle</font>
						<textcolor>textActive</textcolor>
						<label>$INFO[ListItem.Label]</label>
					</control>
					<control type="label">
						<posx>5-col-gutter</posx>
						<posy>0</posy>
						<width>160</width>
						<height>2-row</height>
						<aligny>center</aligny>
						<align>right</align>
						<font>itemTitle</font>
						<textcolor>textActive</textcolor>
						<shadowcolor></shadowcolor>
						<label>[B]$INFO[ListItem.starttime][/B]</label>
					</control>
					<control type="label">
						<posx>520</posx>
						<posy>0</posy>
						<width>7-col-gutter</width>
						<height>2-row</height>
						<aligny>center</aligny>
						<font>itemTitle</font>
						<textcolor>textActive</textcolor>
						<shadowcolor></shadowcolor>
						<label>$INFO[ListItem.Title]</label>
					</control>
					<control type="label">
						<posx>14-col-gutter</posx>
						<posy>0</posy>
						<width>160</width>
						<height>2-row</height>
						<aligny>center</aligny>
						<align>right</align>
						<font>itemTitle</font>
						<textcolor>textActive</textcolor>
						<shadowcolor></shadowcolor>
						<label>[B]$INFO[ListItem.nextstarttime][/B]</label>
					</control>
					<control type="label">
						<posx>1168</posx>
						<posy>0</posy>
						<width>7-col-gutter</width>
						<height>2-row</height>
						<aligny>center</aligny>
						<font>itemTitle</font>
						<textcolor>textActive</textcolor>
						<shadowcolor></shadowcolor>
						<label>$INFO[ListItem.nextTitle]</label>
					</control>
				</focusedlayout>
			</control>
		</control>
	</include>
</includes>
