<?xml version="1.0" encoding="UTF-8"?>
<window type="dialog" id="1105">
    <defaultcontrol always="true">9000</defaultcontrol>
    <include>dialogpopup_openclose</include>
    <controls>
        <control type="group">
            <centertop>50%</centertop>
            <centerleft>50%</centerleft>
            <width>700</width>
            <height>360</height>
            <include>background_dialog</include>
            <include>dialog_globalsearch_decoration</include>
            <control type="label">
                <include>headerlabel_dialog</include>
                <label>$LOCALIZE[137]</label>
            </control>
            <control type="panel" id="9000">
                <left>2</left>
                <top>79</top>
                <width>696</width>
                <height>280</height>
                <onleft>9000</onleft>
                <onright>9000</onright>
                <onup>9000</onup>
                <ondown>9000</ondown>
                <orientation>vertical</orientation>
                <itemlayout height="70" width="700">
                    <include content="dialog_globalsearch_listitem" />
                </itemlayout>
                <focusedlayout height="70" width="700">
                    <include content="dialog_globalsearch_listitem">
                        <param name="active">true</param>
                    </include>
                </focusedlayout>
                <content>
                    <item>
                        <label>$LOCALIZE[31084]</label>
                        <onclick>Dialog.Close(all)</onclick>
                        <onclick condition="System.hasAddon(script.globalsearch)">RunScript(script.globalsearch)</onclick>
                        <onclick condition="!System.hasAddon(script.globalsearch)">InstallAddon(script.globalsearch)</onclick>
                    </item>
                    <item>
                        <label>$LOCALIZE[31085]</label>
                        <onclick>Dialog.Close(all)</onclick>
                        <onclick>ActivateWindow(addonbrowser,addons://search/,return)</onclick>
                    </item>
                    <item>
                        <label>$LOCALIZE[31086]</label>
                        <onclick>Dialog.Close(all)</onclick>
                        <onclick condition="System.hasAddon(plugin.video.youtube)">ActivateWindow(videos,"plugin://plugin.video.youtube/kodion/search/list/",return)</onclick>
                        <onclick condition="!System.hasAddon(plugin.video.youtube)">InstallAddon(plugin.video.youtube)</onclick>
                    </item>
                    <item>
                        <label>$LOCALIZE[31087]</label>
                        <onclick>Dialog.Close(all)</onclick>
                        <onclick condition="System.hasAddon(script.extendedinfo)">RunScript(script.extendedinfo,info=moviedbbrowser,search=True)</onclick>
                        <onclick condition="!System.hasAddon(script.extendedinfo)">InstallAddon(script.extendedinfo)</onclick>
                    </item>
                </content>
            </control>
        </control>
    </controls>
</window>
