<?xml version="1.0" encoding="UTF-8"?>
<window>
    <defaultcontrol always="true">50</defaultcontrol>
    <backgroundcolor>black</backgroundcolor>
    <views>50,51,52,53,54,55,56</views>
    <menucontrol>9000</menucontrol>
    <controls>
        <include>background</include>
        <control type="label" id="1">
            <visible>false</visible>
            <label>$VAR[BreadcrumbsVideo]</label>
        </control>
        <include content="info_header">
            <param name="title" value="$INFO[Control.GetLabel(1)]" />
            <param name="showicon" value="true" />
            <param name="icon" value="icons/mainmenu/movies.png" />
        </include>
        <include>view_50_list</include>
        <include>view_51_fanart</include>
        <include>view_52_widelist</include>
        <include>view_53_wall</include>
        <include>view_54_infowall</include>
        <include>view_55_fanart_horizontal</include>
        <include>view_56_clearlogo</include>
        <include>media_menu</include>
    </controls>
</window>