﻿<?xml version="1.0" encoding="UTF-8"?>
<window id="136">
  <coordinates>
    <system>1</system>
    <left>0</left>
    <top>0</top>
  </coordinates>
  <controls>
    <control type="group">
      <left>0</left>
      <top>400</top>
      <!--<control type="image">
        <description>Busy animation</description>
        <left>870</left>
        <top>30</top>
        <width>193</width>
        <height>193</height>
		<aspectratio>keep</aspectratio>
        <texture>busy/busy.png</texture>
        <animation effect="rotate" start="0" end="-360" center="auto" time="1200" loop="true" condition="true">conditional</animation>
      </control>-->
	  <control type="multiimage">
		<left>870</left>
        <top>30</top>
		<width>150</width>
		<height>150</height>
		<imagepath>busy/Alternate Spin/</imagepath>
		<timeperimage>1000</timeperimage>
		<randomize>false</randomize>
		<fadetime>1</fadetime>
	  </control>
      <control type="label">
        <description>Busy label</description>
        <left>870</left>
        <top>200</top>
        <width>150</width>
        <height>48</height>
        <align>center</align>
        <aligny>center</aligny>
        <label>$LOCALIZE[49965]</label>
        <font>primal_28_Bold</font>
      </control>
	  <control type="progress" id="10">
		<description>Progressbar</description>
		<left>30</left>
		<top>75</top>
		<width>160</width>
		<height>10</height>
		<!-- <info>System.Progressbar</info> -->
	  </control>
    </control>
  </controls>
</window>