﻿<?xml version="1.0" encoding="UTF-8"?>
<window id="610">
  <defaultcontrol always="true">11</defaultcontrol>
  <coordinates>
    <system>1</system>
    <left>10</left>
    <top>0</top>
  </coordinates>
  <controls>
    <control type="group">
	  <visible>!Window.IsActive(DialogPVRGuideInfo.xml)</visible>
      <control type="image">
        <description>background image</description>
        <left>-30</left>
        <top>-30</top>
        <width>880</width>
        <height>1120</height>
        <texture background="true">skin/button_klein_tranz90.png</texture>
		<bordertexture border="10">ThumbShadow.png</bordertexture>
		<bordersize>7</bordersize>
	    <colordiffuse>$VAR[ColorButtonDialogeBack]</colordiffuse>
      </control>
	  <control type="image">
		<left>-10</left>
		<top>1</top>
		<width>854</width>
		<height>89</height>
		<texture background="true">skin/button_klein_tranz70.png</texture>
		<colordiffuse>$VAR[BackColorButton]</colordiffuse>
	  </control>
      <control type="button">
        <description>Close Window button</description>
        <left>765</left>
        <top>20</top>
        <width>48</width>
        <height>48</height>
        <onclick>PreviousMenu</onclick>
		<texturefocus>default/close.png</texturefocus>
        <texturenofocus>default/close.png</texturenofocus>
        <onleft>2</onleft>
        <onright>2</onright>
        <onup>2</onup>
        <ondown>2</ondown>
        <visible>!Skin.HasSetting(tablet_modus)</visible>
      </control>
      <control type="label">
        <description>header label</description>
        <left>25</left>
        <top>20</top>
        <width>790</width>
        <height>45</height>
        <font>primal_20</font>
        <label>$LOCALIZE[19029] - $INFO[VideoPlayer.ChannelName] - ($INFO[Container(11).NumItems]) $LOCALIZE[49971] - $LOCALIZE[49970] ($INFO[Container(11).CurrentPage]/$INFO[Container(11).NumPages])</label>
        <align>left</align>
        <aligny>center</aligny>
		<scroll>true</scroll>
        <textcolor>$VAR[ColorFontSelected]</textcolor>
	    <shadowcolor>$VAR[ColorFontShadow]</shadowcolor>
      </control>
      <control type="list" id="11">
        <left>-10</left>
		<top>90</top>
		<width>853</width>
		<height>1000</height>
		<onleft>PreviousChannelGroup</onleft>
		<onright>NextChannelGroup</onright>
		<onup>11</onup>
		<ondown>11</ondown>
		<viewtype label="535">list</viewtype>
		<pagecontrol>60</pagecontrol>
		<scrolltime>200</scrolltime>
		<itemlayout height="75" width="610">
		  <control type="image">
			<left>-10</left>
			<top>0</top>
			<width>873</width>
			<height>1</height>
			<texture background="true">default/separator.png</texture>
	        <colordiffuse>$VAR[ColorButtonDialogeBack]</colordiffuse>
		  </control>
		  <control type="label">
			<left>135</left>
			<top>22</top>
			<width>600</width>
			<height>25</height>
			<font>primal_20</font>
			<textcolor>$VAR[ColorFontNormal]</textcolor>
	        <shadowcolor>$VAR[ColorFontShadow]</shadowcolor>
            <selectedcolor>$VAR[ColorFontSelected]</selectedcolor>
			<align>left</align>
			<aligny>center</aligny>
			<label>$INFO[ListItem.ChannelNumberLabel]$INFO[ListItem.Label,. ]</label>
		  </control>
		  <control type="label">
            <left>225</left>
            <top>12</top>
            <width>600</width>
            <height>45</height>
            <font>primal_20</font>
            <textcolor>$VAR[ColorFontNormal]</textcolor>
	        <shadowcolor>$VAR[ColorFontShadow]</shadowcolor>
            <selectedcolor>$VAR[ColorFontSelected]</selectedcolor>
            <align>right</align>
            <aligny>center</aligny>
            <label>$INFO[ListItem.EndTime]</label>
          </control>
		  <control type="image">
            <left>30</left>
            <top>20</top>
            <width>45</width>
            <height>30</height>
            <texture>PVR-IsRecording.png</texture>
            <visible>ListItem.IsRecording</visible>
          </control>
		  <control type="image">
            <left>30</left>
            <top>5</top>
            <width>60</width>
            <height>60</height>
            <texture>$INFO[ListItem.Icon]</texture>
			<aspectratio>keep</aspectratio>
          </control>
        </itemlayout>
        <focusedlayout height="75" width="610">
		  <control type="image">
			<left>20</left>
			<top>0</top>
			<width>840</width>
			<height>1</height>
			<texture background="true">default/separator.png</texture>
	        <colordiffuse>$VAR[ColorButtonDialogeBack]</colordiffuse>
		  </control>
          <control type="image">
			<left>-10</left>
			<top>1</top>
			<width>865</width>
			<height>74</height>
			<texture background="true">skin/button_klein_tranz70.png</texture>
	        <colordiffuse>$VAR[BackColorButton]</colordiffuse>
		  </control>
          <control type="label">
			<left>135</left>
			<top>22</top>
			<width>600</width>
			<height>25</height>
			<font>primal_20</font>
			<textcolor>$VAR[ColorFontNormal]</textcolor>
	        <shadowcolor>$VAR[ColorFontShadow]</shadowcolor>
            <selectedcolor>$VAR[ColorFontSelected]</selectedcolor>
			<align>left</align>
			<aligny>center</aligny>
			<label>$INFO[ListItem.ChannelNumberLabel]$INFO[ListItem.Label,. ]</label>
		  </control>
		  <control type="label">
            <left>225</left>
            <top>12</top>
            <width>600</width>
            <height>45</height>
            <font>primal_20</font>
            <textcolor>$VAR[ColorFontNormal]</textcolor>
	        <shadowcolor>$VAR[ColorFontShadow]</shadowcolor>
            <selectedcolor>$VAR[ColorFontSelected]</selectedcolor>
            <align>right</align>
            <aligny>center</aligny>
            <label>$INFO[ListItem.EndTime]</label>
          </control>
		  <control type="image">
            <left>30</left>
            <top>20</top>
            <width>45</width>
            <height>30</height>
            <texture>PVR-IsRecording.png</texture>
            <visible>ListItem.IsRecording</visible>
          </control>
		  <control type="image">
            <left>30</left>
            <top>5</top>
            <width>60</width>
            <height>60</height>
            <texture>$INFO[ListItem.Icon]</texture>
			<aspectratio>keep</aspectratio>
          </control>
        </focusedlayout>
      </control>
      <!--<control type="label">
        <description>Page Count Label</description>
        <left>500</left>
        <top>100</top>
        <width>600</width>
        <height>30</height>
        <font>font12</font>
        <textcolor>$VAR[ColorFontNormal]</textcolor>
	    <shadowcolor>$VAR[ColorFontShadow]</shadowcolor>
        <scroll>false</scroll>
        <align>left</align>
        <aligny>center</aligny>
        <label>($INFO[Container(11).NumItems]) $LOCALIZE[19019] - $LOCALIZE[31024] ($INFO[Container(11).CurrentPage]/$INFO[Container(11).NumPages])</label>
      </control>-->
    </control>
  </controls>
</window>