﻿<?xml version="1.0" encoding="UTF-8"?>
<window id="0">
  <defaultcontrol always="true">9000</defaultcontrol>
  <controls>
    <control type="image">
		<description>Weather image fake</description>
		<left>0</left>
		<top>0</top>
		<width>1</width>
		<height>1</height>
		<texture>$INFO[Weather.Conditions]</texture>
	</control>
      
	  <include>CommonHomeBack</include>	
	  <include>HomeWidgetsVisible</include> 
	  <include>HomeWidgetsNotVisible</include> 
	  <include>HomeMainMenuHorizontal</include>	
	  	
	  <include>HomeMyChannel</include> 
	  <include>HomeWidgetsSubmenu</include>
	  <include>HomePlaying</include>	 		  	
	  <include>CommonHomeButton</include> 			
	  <include>BigInfosTime</include>
	  <include>HomeSubmenu</include>
	  <include>HomeSubmenuAddons</include>
	 

  </controls>
</window>