﻿<?xml version="1.0" encoding="UTF-8"?>
<includes>

  <!--========================================================================================-->
  <!--===============================  VIDEO CODEC FLAGS =====================================-->
  <!--========================================================================================-->
  <include name="VideoCodecFlaggingConditions">
    <control type="image">
	  <description>Video Type Image</description>
	  <width>90</width>
	  <height>72</height>
	  <aspectratio>keep</aspectratio>
	  <texture>$VAR[typehackflagging,flagging/video/,.png]</texture>
	  <colordiffuse>$VAR[ColorFlaggingIcons]</colordiffuse>
	  <visible>!ListItem.IsStereoscopic + !substring(ListItem.FilenameAndPath,3D)</visible>
	</control>
	<control type="image">
      <description>Video Stereoscopics Image</description>
      <width>90</width>
      <height>72</height>
      <aspectratio>keep</aspectratio>
      <texture>flagging/video/3d.png</texture>
	  <colordiffuse>$VAR[ColorFlaggingIcons]</colordiffuse>
      <visible>ListItem.IsStereoscopic | substring(ListItem.FilenameAndPath,3D)</visible>
    </control>
    <control type="image">
      <description>Video rez Image</description>
      <width>90</width>
      <height>72</height>
      <aspectratio>keep</aspectratio>
      <texture>$INFO[ListItem.VideoResolution,flagging/video/,.png]</texture>
	  <colordiffuse>$VAR[ColorFlaggingIcons]</colordiffuse>
    </control>
    <control type="image">
      <description>VideoCodecFlagging</description>
      <width>90</width>
      <height>72</height>
      <aspectratio>keep</aspectratio>
      <texture>$INFO[ListItem.VideoCodec,flagging/video/,.png]</texture>
	  <colordiffuse>$VAR[ColorFlaggingIcons]</colordiffuse>
    </control>
  </include>

  <!--========================================================================================-->
  <!--===================================  AUDIO FLAGS =======================================-->
  <!--========================================================================================-->
  <include name="AudioCodecFlaggingConditions">
    <control type="image">
      <description>AudioCodecFlagging</description>
      <width>90</width>
	  <height>72</height>
      <aspectratio>keep</aspectratio>
      <texture>$INFO[ListItem.AudioCodec,flagging/audio/,.png]</texture>
	  <colordiffuse>$VAR[ColorFlaggingIcons]</colordiffuse>
    </control>
	<control type="image">
      <description>Audio Codex Plus</description>
      <width>90</width>
	  <height>72</height>
      <aspectratio>keep</aspectratio>
      <texture>$VAR[ListItemAudioCodecPlusFilenameFlags,flagging/audio/,.png]</texture>
	  <colordiffuse>$VAR[ColorFlaggingIcons]</colordiffuse>
    </control>
    <control type="image">
      <description>Audio Channels Image</description>
      <width>90</width>
	  <height>72</height>
      <aspectratio>keep</aspectratio>
      <texture>$INFO[ListItem.AudioChannels,flagging/audio/,.png]</texture>
	  <colordiffuse>$VAR[ColorFlaggingIcons]</colordiffuse>
    </control>	
  </include>

  <!--========================================================================================-->
  <!--=============================  ASPECTRATIO FLAGS =======================================-->
  <!--========================================================================================-->
  <include name="AspectCodecFlaggingConditions">
    <control type="image">
      <description>Aspectratio Image</description>
      <width>90</width>
	  <height>72</height>
      <aspectratio>keep</aspectratio>
      <texture>$INFO[ListItem.VideoAspect,flagging/aspectratio/,.png]</texture>
	  <colordiffuse>$VAR[ColorFlaggingIcons]</colordiffuse>
    </control>
  </include>
  
  <!--========================================================================================-->
  <!--==================================  LIVE TV FLAGS ======================================-->
  <!--========================================================================================-->
  <include name="LiveTvFlaggingConditions">
    <control type="image">
      <description>Video rez Image</description>
      <width>112</width>
      <height>72</height>
      <aspectratio>keep</aspectratio>
      <texture>$INFO[ListItem.VideoResolution,flagging/video/,.png]</texture>
	  <colordiffuse>$VAR[ColorFlaggingIcons]</colordiffuse>
    </control>
	<control type="image">
      <description>AudioCodecFlagging</description>
      <width>112</width>
      <height>72</height>
      <aspectratio>keep</aspectratio>
      <texture>$INFO[ListItem.AudioCodec,flagging/audio/,.png]</texture>
	  <colordiffuse>$VAR[ColorFlaggingIcons]</colordiffuse>
    </control>
    <control type="image">
      <description>Audio Channels Image</description>
      <width>112</width>
      <height>72</height>
      <aspectratio>keep</aspectratio>
      <texture>$INFO[ListItem.AudioChannels,flagging/audio/,.png]</texture>
	  <colordiffuse>$VAR[ColorFlaggingIcons]</colordiffuse>
    </control>
   </include>

  <!--========================================================================================-->
  <!--=============================  MPAA RATINGS FLAGS ======================================-->
  <!--========================================================================================-->
  <include name="VideoMPAAFlaggingConditions">
    <control type="image">
	  <description>MPAA</description>
	  <width>80</width>
      <height>72</height>
	  <aspectratio>keep</aspectratio>
	  <texture>$VAR[mpaa]</texture>
	</control>
  </include>

  <!--========================================================================================-->
  <!--==================================  FSK FLAGS ==========================================-->
  <!--========================================================================================-->
  <include name="VideoMPAAFlaggingConditions">
    <control type="image">
	  <description>MPAA</description>
	  <width>112</width>
	  <height>72</height>
	  <aspectratio>keep</aspectratio>
	  <texture>$VAR[LangFlagging]</texture>
	</control>
  </include>
  
  <!--========================================================================================-->
  <!--=============================  AUDIO LANGUAGE FLAGS ====================================-->
  <!--========================================================================================-->
  <include name="AudioLanguageFlaggingConditions">
    <control type="image">
      <width>45</width>
	  <height>40</height>
      <aspectratio>keep</aspectratio>
      <texture>$INFO[ListItem.Property(AudioLanguage.1),flagging/language/,.png]</texture>
    </control>
	<control type="image">
      <width>45</width>
	  <height>40</height>
      <aspectratio>keep</aspectratio>
      <texture>$INFO[ListItem.Property(AudioLanguage.2),flagging/language/,.png]</texture>
    </control>
	<control type="image">
      <width>45</width>
	  <height>40</height>
      <aspectratio>keep</aspectratio>
      <texture>$INFO[ListItem.Property(AudioLanguage.3),flagging/language/,.png]</texture>
    </control>
	<control type="image">
      <width>45</width>
	  <height>40</height>
      <aspectratio>keep</aspectratio>
      <texture>$INFO[ListItem.Property(AudioLanguage.4),flagging/language/,.png]</texture>
    </control>
  </include>
  
  <!--========================================================================================-->
  <!--===================================  FLAGS LITTLE ======================================-->
  <!--========================================================================================-->
  
  <include name="FlaggingConditionsLittle">
    <control type="image">
	  <description>Video Type Image</description>
	  <left>0</left>
	  <top>0</top>
	  <width>50</width>
	  <height>50</height>
	  <aspectratio>keep</aspectratio>
	  <texture>$VAR[typehackflagging,flagging/video/,.png]</texture>
	  <colordiffuse>$VAR[ColorFlaggingIcons]</colordiffuse>
	  <visible>!ListItem.IsStereoscopic + !substring(ListItem.FilenameAndPath,3D)</visible>
	</control>
	<control type="image">
      <description>Video Stereoscopics Image</description>
      <left>0</left>
	  <top>0</top>
	  <width>50</width>
	  <height>50</height>
      <aspectratio>keep</aspectratio>
      <texture>flagging/video/3d.png</texture>
	  <colordiffuse>$VAR[ColorFlaggingIcons]</colordiffuse>
      <visible>ListItem.IsStereoscopic | substring(ListItem.FilenameAndPath,3D)</visible>
    </control>
    <control type="image">
      <description>Video rez Image</description>
	  <left>60</left>
	  <top>0</top>
      <width>50</width>
	  <height>50</height>
      <aspectratio>keep</aspectratio>
      <texture>$INFO[ListItem.VideoResolution,flagging/video/,.png]</texture>
	  <colordiffuse>$VAR[ColorFlaggingIcons]</colordiffuse>
    </control>
    <control type="image">
      <description>VideoCodecFlagging</description>
	  <left>120</left>
	  <top>0</top>
      <width>50</width>
	  <height>50</height>
      <aspectratio>keep</aspectratio>
      <texture>$INFO[ListItem.VideoCodec,flagging/video/,.png]</texture>
	  <colordiffuse>$VAR[ColorFlaggingIcons]</colordiffuse>
    </control>
	<control type="image">
      <description>AudioCodecFlagging</description>
	  <left>180</left>
	  <top>0</top>
      <width>50</width>
      <height>50</height>
      <aspectratio>keep</aspectratio>
      <texture>$INFO[ListItem.AudioCodec,flagging/audio/,.png]</texture>
	  <colordiffuse>$VAR[ColorFlaggingIcons]</colordiffuse>
    </control>
    <control type="image">
      <description>Audio Channels Image</description>
	  <left>240</left>
	  <top>0</top>
      <width>50</width>
      <height>50</height>
      <aspectratio>keep</aspectratio>
      <texture>$INFO[ListItem.AudioChannels,flagging/audio/,.png]</texture>
	  <colordiffuse>$VAR[ColorFlaggingIcons]</colordiffuse>
    </control>
	<control type="image">
	  <description>MPAA</description>
	  <left>300</left>
	  <top>0</top>
      <width>50</width>
      <height>50</height>
	  <aspectratio>keep</aspectratio>
	  <texture>$VAR[mpaa]</texture>
	  <visible>!Control.IsVisible(598) + !Control.IsVisible(604)</visible>
	</control>
  </include>
  
  <include name="FlaggingMediaPlayer">
    <control type="image">
      <description>Video rez Image</description>
	  <left>0</left>
	  <top>0</top>
      <width>80</width>
	  <height>80</height>
      <aspectratio>keep</aspectratio>
      <texture>$INFO[VideoPlayer.VideoResolution,flagging/video/,.png]</texture>
	  <colordiffuse>$VAR[ColorFlaggingIcons]</colordiffuse>
    </control>
    <control type="image">
      <description>VideoCodecFlagging</description>
	  <left>80</left>
	  <top>0</top>
      <width>80</width>
	  <height>80</height>
      <aspectratio>keep</aspectratio>
      <texture>$INFO[VideoPlayer.VideoCodec,flagging/video/,.png]</texture>
	  <colordiffuse>$VAR[ColorFlaggingIcons]</colordiffuse>
    </control>
	<control type="image">
      <description>AudioCodecFlagging</description>
	  <left>0</left>
	  <top>0</top>
      <width>80</width>
      <height>80</height>
      <aspectratio>keep</aspectratio>
      <texture>$INFO[MusicPlayer.AudioCodec,flagging/audio/,.png]</texture>
	  <colordiffuse>$VAR[ColorFlaggingIcons]</colordiffuse>
    </control>
    <control type="image">
      <description>Audio Channels Image</description>
	  <left>220</left>
	  <top>80</top>
      <width>80</width>
      <height>80</height>
      <aspectratio>keep</aspectratio>
      <texture>$INFO[MusicPlayer.AudioChannels,flagging/audio/,.png]</texture>
	  <colordiffuse>$VAR[ColorFlaggingIcons]</colordiffuse>
    </control>
  </include>
  
  <include name="VideoCodecFlaggingConditionsText">
  <control type="label">
	  <width max="200">auto</width>
	  <height>70</height>
	  <font>primal_20_Bold</font>
	  <textcolor>$VAR[ColorFontNormal]</textcolor>
	  <shadowcolor>$VAR[ColorFontShadow]</shadowcolor>
	  <scroll>false</scroll>
	  <align>left</align>
	  <aligny>center</aligny>
	  <label>$INFO[ListItem.Duration] min</label>
	  <scrollout>false</scrollout>
	  <pauseatend>2000</pauseatend>
	</control>
	<control type="label">
	  <width max="200">auto</width>
	  <height>70</height>
	  <font>primal_20_Bold</font>
	  <textcolor>$VAR[ColorFontNormal]</textcolor>
	  <shadowcolor>$VAR[ColorFontShadow]</shadowcolor>
	  <scroll>false</scroll>
	  <align>left</align>
	  <aligny>center</aligny>
	  <label>[UPPERCASE]$INFO[ListItem.VideoResolution, • ][/UPPERCASE]</label>
	  <scrollout>false</scrollout>
	  <pauseatend>2000</pauseatend>
	</control>
	<control type="label">
	  <width max="200">auto</width>
	  <height>70</height>
	  <font>primal_20_Bold</font>
	  <textcolor>$VAR[ColorFontNormal]</textcolor>
	  <shadowcolor>$VAR[ColorFontShadow]</shadowcolor>
	  <scroll>false</scroll>
	  <align>left</align>
	  <aligny>center</aligny>
	  <label>[UPPERCASE]$INFO[ListItem.AudioCodec, • ][/UPPERCASE]</label>
	  <scrollout>false</scrollout>
	  <pauseatend>2000</pauseatend>
	</control>
	<control type="label">
	  <width max="200">auto</width>
	  <height>70</height>
	  <font>primal_20_Bold</font>
	  <textcolor>$VAR[ColorFontNormal]</textcolor>
	  <shadowcolor>$VAR[ColorFontShadow]</shadowcolor>
	  <scroll>false</scroll>
	  <align>left</align>
	  <aligny>center</aligny>
	  <label>[UPPERCASE]$INFO[ListItem.AudioChannels, • ][/UPPERCASE]</label>
	  <scrollout>false</scrollout>
	  <pauseatend>2000</pauseatend>
	</control>
	<control type="label">
	  <width max="200">auto</width>
	  <height>70</height>
	  <font>primal_20_Bold</font>
	  <textcolor>$VAR[ColorFontNormal]</textcolor>
	  <shadowcolor>$VAR[ColorFontShadow]</shadowcolor>
	  <scroll>false</scroll>
	  <align>left</align>
	  <aligny>center</aligny>
	  <label>[UPPERCASE]$INFO[ListItem.AudioLanguage, • ][/UPPERCASE]</label>
	  <scrollout>false</scrollout>
	  <pauseatend>2000</pauseatend>
	</control>
	<control type="label">
	  <width max="200">auto</width>
	  <height>70</height>
	  <font>primal_20_Bold</font>
	  <textcolor>$VAR[ColorFontNormal]</textcolor>
	  <shadowcolor>$VAR[ColorFontShadow]</shadowcolor>
	  <scroll>false</scroll>
	  <align>left</align>
	  <aligny>center</aligny>
	  <label>[UPPERCASE]$VAR[mpaatext, • ][/UPPERCASE]</label>
	  <scrollout>false</scrollout>
	  <pauseatend>2000</pauseatend>
	</control>
  </include>

</includes>