<?xml version="1.0" encoding="UTF-8"?>
<window>
	<!-- Aeon MQ 6 -->
	<defaultcontrol always="true">102</defaultcontrol>	
	<controls>
		<control type="group">
			<control type="image">
				<aspectratio>scale</aspectratio>
				<depth>-0.80</depth>
				<left>0</left>
				<top>0</top>
				<width>1920</width>
				<height>1080</height>
				<texture colordiffuse="FF006699">primary.jpg</texture>
			</control>
			<control type="image">
				<depth>-0.80</depth>
				<left>0</left>
				<top>0</top>
				<width>1920</width>
				<height>1080</height>
				<aspectratio>scale</aspectratio>
				<texture colordiffuse="80A6111F">secondary1.png</texture>
			</control>
			<control type="image">
				<left>0</left>
				<top>0</top>
				<width>1920</width>
				<height>1080</height>
				<fadetime>400</fadetime>
				<animation effect="fade" time="400">VisibleChange</animation>
				<texture background="true" colordiffuse="37FFFFFF">$INFO[Window.Property(background)]</texture>
			</control>
		</control>
		<control type="group" id="200">
			<control type="button" id="201">
				<include>InvisibleButton</include>
			</control>
			<control type="radiobutton" id="202">
				<include>InvisibleButton</include>
			</control>
		</control>
		<control type="label">
			<left>1540</left>
			<top>55</top>
			<width>300</width>
			<height>65</height>
			<font>Font_18A</font>
			<align>right</align>
			<aligny>center</aligny>
			<textcolor>FFFFFFFF</textcolor>
			<label>$INFO[System.Date(DDD),, ]$INFO[System.Time]</label>
			<shadowcolor>22000000</shadowcolor>
		</control>
		<control type="image">
			<left>100r</left>
			<top>5</top>
			<width>70</width>
			<height>70</height>
			<texture>special://home/addons/service.nextup.notification/resources/skins/default/media/nextup.png</texture>
		</control>
		<control type="image">
			<left>0</left>
			<top>120</top>
			<width>1920</width>
			<height>579</height>
			<texture>darkgrey.png</texture>
			<colordiffuse>$VAR[value_texturecolor]</colordiffuse>
			<include>Animation_DefaultGlass</include>
		</control>
		<control type="image">
			<!-- Banner -->
			<left>0</left>
			<top>0</top>
			<width>650</width>
			<height>225</height>
			<texture>$INFO[Window.Property(banner)]</texture>
			<aspectratio align="left" aligny="top">keep</aspectratio>
		</control>
		<control type="label">
			<!-- Title -->
			<left>30</left>
			<top>18</top>
			<width>500</width>
			<height>40</height>
			<font>Font_40</font>
			<label>$INFO[Window.Property(next.tvshowtitle)]</label>
			<textcolor>FFFFFAF0</textcolor>
			<visible>IsEmpty(Window.Property(banner))</visible>
		</control>
		<control type="label">
			<!-- Privius -->
			<left>60</left>
			<top>124</top>
			<height>60</height>
			<width>365</width>
			<align>left</align>
			<aligny>center</aligny>
			<font>Font_18A</font>
			<label>[UPPERCASE]$ADDON[service.nextup.notification 30020][/UPPERCASE]      [COLOR=$VAR[value_texturecolor]]$INFO[Window.Property(previous.duration),, min][/COLOR]</label>
			<textcolor>FFFFFAF0</textcolor>
		</control>
		<control type="label">
			<!-- Next -->
			<left>590</left>
			<top>124</top>
			<height>60</height>
			<width>365</width>
			<align>left</align>
			<aligny>center</aligny>
			<font>Font_18A</font>
			<label>[UPPERCASE]$ADDON[service.nextup.notification 30021][/UPPERCASE]      [COLOR=$VAR[value_texturecolor]]$INFO[Window.Property(next.duration),, min][/COLOR]</label>
			<textcolor>FFFFFAF0</textcolor>
			<scroll>true</scroll>
			<scrollout>false</scrollout>
		</control>
		<control type="image">
			<left>550</left>
			<top>120</top>
			<height>345</height>
			<width>3</width>
			<texture>separator_v.png</texture>
		</control>
		<control type="image">
			<animation effect="slide" start="0,0" end="0,-15" time="100" reversible="true" condition="Control.HasFocus(101)|Control.HasFocus(102)">Conditional</animation>
			<left>0</left>
			<top>200</top>
			<height>3</height>
			<width>1050</width>
			<texture>separator.png</texture>
		</control>
		<control type="image">
			<left>0</left>
			<top>465</top>
			<height>3</height>
			<width>1480</width>
			<texture>separator.png</texture>
		</control>    
		<control type="group" id="100">
			<defaultcontrol>102</defaultcontrol>
			<control type="group">
				<left>0</left>
				<top>0</top>
				<width>1920</width>
				<height>465</height>
				<control type="group">
					<left>60</left>
					<top>205</top>
					<control type="group">
						<animation effect="zoom" start="100" end="106" time="100" center="231,129.5" reversible="true" condition="Control.HasFocus(101)">Conditional</animation>
						<left>0</left>
						<top>0</top>
						<control type="image">
							<visible>Control.HasFocus(101)</visible>
							<left>-45</left>
							<top>-45</top>
							<width>552</width>
							<height>349</height>
							<texture border="42">drop-shadow.png</texture>
						</control>
						<control type="group">
							<left>0</left>
							<top>0</top>
							<control type="image">
								<left>0</left>
								<top>0</top>
								<width>462</width>
								<height>259</height>
								<texture background="true">$INFO[Window.Property(previous.thumb)]</texture>
								<aspectratio>stretch</aspectratio>
							</control>
							<control type="image">
								<left>0</left>
								<top>0</top>
								<width>462</width>
								<height>259</height>
								<texture background="true">$INFO[Window.Property(previous.landscape)]</texture>
								<aspectratio>stretch</aspectratio>
								<visible>IsEmpty(Window.Property(previous.thumb))</visible>
							</control>
							<control type="image">
								<left>0</left>
								<top>0</top>
								<width>462</width>
								<height>259</height>
								<texture background="true">$INFO[Window.Property(background)]</texture>
								<aspectratio>stretch</aspectratio>
								<visible>IsEmpty(Window.Property(previous.thumb)) + IsEmpty(Window.Property(previous.landscape))</visible>
							</control>
							<control type="group">
								<left>193</left>
								<top>91.5</top>
								<control type="image">
									<left>0</left>
									<top>0</top>
									<width>76</width>
									<height>76</height>
									<texture colordiffuse="99000000">special://home/addons/service.nextup.notification/resources/skins/default/media/indicators/circle-152.png</texture>
								</control>
								<control type="image">
									<left>15</left>
									<top>15</top>
									<width>46</width>
									<height>46</height>
									<texture>special://home/addons/service.nextup.notification/resources/skins/default/media/indicators/replay.png</texture>
									<visible>!Control.HasFocus(101)</visible>
								</control>
								<control type="image">
									<left>15</left>
									<top>15</top>
									<width>46</width>
									<height>46</height>
									<texture colordiffuse="FF387ef5">special://home/addons/service.nextup.notification/resources/skins/default/media/indicators/replay.png</texture>
									<visible>Control.HasFocus(101)</visible>
								</control>
							</control>
						</control>
						<control type="button" id="101">
							<left>-40</left>
							<top>-35</top>
							<width>548</width>
							<height>328</height>
							<onup>350</onup>
							<ondown>149</ondown>
							<onright>102</onright>
							<texturefocus colordiffuse="FF387ef5" border="10">thumb_episode_frame.png</texturefocus>
							<texturenofocus>-</texturenofocus>
						</control>
					</control>
				</control>
				<control type="group">
					<visible>!IsEmpty(Window.Property(has.next))</visible>
					<control type="group">
						<left>582</left>
						<top>205</top>
						<control type="group">
							<animation effect="zoom" start="100" end="106" time="100" center="231,129.5" reversible="true" condition="Control.HasFocus(102)">Conditional</animation>
							<left>0</left>
							<top>0</top>
							<control type="image">
								<visible>Control.HasFocus(102)</visible>
								<left>-45</left>
								<top>-45</top>
								<width>552</width>
								<height>349</height>
								<texture border="42">drop-shadow.png</texture>
							</control>
							<control type="group">
								<left>0</left>
								<top>0</top>
								<control type="image">
									<left>0</left>
									<top>0</top>
									<width>462</width>
									<height>259</height>
									<texture background="true">$INFO[Window.Property(next.thumb)]</texture>
									<aspectratio>stretch</aspectratio>
								</control>
								<control type="image">
									<left>0</left>
									<top>0</top>
									<width>462</width>
									<height>259</height>
									<texture background="true">$INFO[Window.Property(next.landscape)]</texture>
									<aspectratio>stretch</aspectratio>
									<visible>IsEmpty(Window.Property(next.thumb))</visible>
								</control>
								<control type="image">
									<left>0</left>
									<top>0</top>
									<width>462</width>
									<height>259</height>
									<texture background="true">$INFO[Window.Property(background)]</texture>
									<aspectratio>stretch</aspectratio>
									<visible>IsEmpty(Window.Property(next.thumb)) + IsEmpty(Window.Property(next.landscape))</visible>
								</control>
								<control type="group">
									<visible>!IsEmpty(Window.Property(countdown)) + Integer.IsGreater(Window.Property(countdown),-1)</visible>
									<left>158</left>
									<top>51</top>
									<control type="image">
										<left>0</left>
										<top>0</top>
										<width>152</width>
										<height>152</height>
										<texture colordiffuse="99000000">special://home/addons/service.nextup.notification/resources/skins/default/media/indicators/circle-152.png</texture>
									</control>
									<control type="image">
										<left>8</left>
										<top>8</top>
										<width>136</width>
										<height>136</height>
										<texture colordiffuse="FF387ef5">special://home/addons/service.nextup.notification/resources/skins/default/media/postplayicons/$INFO[Window.Property(countdown)].png</texture>
									</control>
								</control>
							</control>
							<control type="button" id="102">
								<left>-40</left>
								<top>-35</top>
								<width>548</width>
								<height>328</height>
								<onup>350</onup>
								<ondown>149</ondown>
								<onleft>101</onleft>
								<texturefocus colordiffuse="FF387ef5" border="10">thumb_episode_frame.png</texturefocus>
								<texturenofocus>-</texturenofocus>
							</control>
						</control>
					</control>
				</control>
			</control>
			<control type="group">
				<visible>Control.HasFocus(101) | Control.HasFocus(102)</visible>
				<control type="textbox">
					<left>40</left>
					<top>475</top>
					<width>1430</width>
					<height>250</height>
					<font>Font_18B</font>
					<align>left</align>
					<textcolor>FFFFFFFF</textcolor>
					<label>$INFO[Window.Property(next.plot)]</label>
					<visible>Control.HasFocus(102)</visible>
				</control>
				<control type="textbox">
					<left>40</left>
					<top>475</top>
					<width>1430</width>
					<height>250</height>
					<font>Font_18B</font>
					<align>left</align>
					<textcolor>FFFFFFFF</textcolor>
					<label>$INFO[Window.Property(previous.plot)]</label>
					<visible>Control.HasFocus(101)</visible>
				</control>
			</control>
		</control>
		<control type="image">
			<!-- Logo -->
			<left>1132</left>
			<top>105</top>
			<height>218</height>
			<width>285</width>
			<aspectratio>keep</aspectratio>
			<texture background="true">$INFO[Window.Property(clearlogo)]</texture>
		</control>
		<control type="image">
			<!-- ClearArt -->
			<left>1132</left>
			<top>261</top>
			<height>248</height>
			<width>285</width>
			<aspectratio align="center">keep</aspectratio>
			<texture background="true">$INFO[Window.Property(next.clearart)]</texture>
		</control>
		<control type="image">
			<!-- Thumb -->
			<left>1480</left>
			<top>123</top>
			<width>784</width>
			<height>573</height>
			<aspectratio align="left">keep</aspectratio>
			<texture background="true">$INFO[Window.Property(next.poster)]</texture>
			<bordertexture border="-2">black.png</bordertexture>
		</control>
		<control type="image">
			<left>0</left>
			<top>120</top>
			<height>3</height>
			<width>1920</width>
			<texture>separator.png</texture>
		</control>
		<control type="image">
			<!-- Fundo do rodape -->
			<left>0</left>
			<top>975</top>
			<width>1920</width>
			<height>105</height>
			<texture>shadow_mask.png</texture>
			<colordiffuse>$VAR[value_floorcolor]</colordiffuse>
			<include>Animation_FloorGlass</include>
		</control>
		<control type="image">
			<left>0</left>
			<top>741</top>
			<height>279</height>
			<width>1920</width>
			<texture>darkgrey.png</texture>
			<colordiffuse>$VAR[value_texturecolor]</colordiffuse>
			<include>Animation_DefaultGlass</include>
		</control>
		<control type="group">
			<visible>Control.HasFocus(101)|Control.HasFocus(102)|Control.HasFocus(350)|Control.HasFocus(400)</visible>
			<animation effect="slide" start="0,0" end="0,-60" time="600" delay="1000" tween="cubic" easing="inout" condition="Control.HasFocus(101)|Control.HasFocus(102)|Control.HasFocus(350)|Control.HasFocus(400)">Conditional</animation>
			<control type="image">
				<left>0</left>
				<top>1080</top>
				<height>60</height>
				<width>1920</width>
				<texture>darkgrey.png</texture>
				<colordiffuse>$VAR[value_texturecolor]</colordiffuse>
				<include>Animation_DefaultGlass2</include>
			</control>
			<control type="label">
				<left>0</left>
				<top>1080</top>
				<height>60</height>
				<width>1920</width>
				<align>center</align>
				<aligny>center</aligny>
				<label>[B]$INFO[Window.Property(next.title)][/B] $INFO[Window.Property(next.season)]$INFO[Window.Property(next.episode),[COLOR =FF387ef5]x[/COLOR],]</label>
				<font>Font_24</font>
				<textcolor>FFFFFAF0</textcolor>
				<visible>Control.HasFocus(102)</visible>
				<scroll>true</scroll>
			</control>
			<control type="label">
				<left>0</left>
				<top>1080</top>
				<height>60</height>
				<width>1920</width>
				<align>center</align>
				<aligny>center</aligny>
				<label>[B]$INFO[Window.Property(previous.title)][/B] $INFO[Window.Property(previous.season)]$INFO[Window.Property(previous.episode),[COLOR =FF387ef5]x[/COLOR],]</label>
				<font>Font_24</font>
				<textcolor>FFFFFAF0</textcolor>
				<visible>Control.HasFocus(101)</visible>
				<scroll>true</scroll>
			</control>
			<control type="label">
				<left>0</left>
				<top>1080</top>
				<height>60</height>
				<width>1920</width>
				<align>center</align>
				<aligny>center</aligny>
				<label>[B]$INFO[Container(350).ListItem.Label][/B] [B]$INFO[Container(350).ListItem.Label2,[COLOR =FF387ef5]As : [/COLOR]][/B]</label>
				<font>Font_24</font>
				<textcolor>FFFFFAF0</textcolor>
				<visible>Control.HasFocus(350)</visible>
				<scroll>true</scroll>
			</control>
			<control type="label">
				<left>0</left>
				<top>1080</top>
				<height>60</height>
				<width>1920</width>
				<align>center</align>
				<aligny>center</aligny>
				<label>[UPPERCASE]$ADDON[service.nextup.notification 30008] : $INFO[Container(400).ListItem.Label][/UPPERCASE] $INFO[Container(400).ListItem.Season]$INFO[Container(400).ListItem.Episode,[COLOR =FF387ef5]x[/COLOR],]</label>
				<font>Font_24</font>
				<textcolor>FFFFFAF0</textcolor>
				<visible>Control.HasFocus(400)</visible>
				<scroll>true</scroll>
			</control>
			<control type="image">
				<left>0</left>
				<top>1920</top>
				<height>60</height>
				<width>1280</width>
				<texture>gradient_small.png</texture>
			</control>
		</control>
		<control type="group" id="340">
			<control type="list" id="350">
				<viewtype label="List">List Info</viewtype>
				<left>45</left>
				<top>738</top>
				<width>1830</width>
				<height>330</height>
				<onup>149</onup>
				<content>plugin://script.skin.helper.service/?action=getcast&amp;tvshow=$INFO[Window.Property(next.tvshowtitle)]&amp;downloadthumbs=true&amp;castaction=extendedinfo</content>
				<ondown>SetFocus(102)</ondown>
				<orientation>horizontal</orientation>
				<scrolltime>400</scrolltime>
				<focusposition>3</focusposition>
				<visible>Control.HasFocus(101)|Control.HasFocus(102)|Control.HasFocus(350)</visible>
				<itemlayout height="255" width="272">
					<control type="image">
						<left>0</left>
						<top>8</top>
						<width>195</width>
						<height>270</height>
						<aligny>center</aligny>
						<align>center</align>
						<aspectratio>keep</aspectratio>
						<texture fallback="DefaultVideoPoster.png" background="true">$INFO[ListItem.Icon]</texture>
						<bordertexture border="-2">black.png</bordertexture>
						<colordiffuse>FF909090</colordiffuse>
					</control>
				</itemlayout>
				<focusedlayout height="255" width="272">
					<control type="image">
						<left>0</left>
						<top>8</top>
						<width>195</width>
						<height>270</height>
						<aligny>center</aligny>
						<align>center</align>
						<aspectratio>keep</aspectratio>
						<texture fallback="DefaultVideoPoster.png" background="true">$INFO[ListItem.Icon]</texture>
						<bordertexture border="-2">black.png</bordertexture>
						<colordiffuse>FF909090</colordiffuse>
						<include>Animation_Fade</include>
						<visible>!Control.HasFocus(350)</visible>
					</control>
					<control type="image">
						<left>0</left>
						<top>8</top>
						<width>195</width>
						<height>270</height>
						<aligny>center</aligny>
						<align>center</align>
						<aspectratio>keep</aspectratio>
						<texture fallback="DefaultVideoPoster.png" background="true">$INFO[ListItem.Icon]</texture>
						<bordertexture border="-2">grey.png</bordertexture>
						<include>Animation_Fade</include>
						<visible>Control.HasFocus(350)</visible>
					</control>
				</focusedlayout>
			</control>
		</control>
		<control type="group" id="390">
			<control type="list" id="400">
				<viewtype label="List">List Info</viewtype>
				<left>45</left>
				<top>738</top>
				<width>1830</width>
				<height>330</height>
				<onup>149</onup>
				<ondown>SetFocus(102)</ondown>
				<orientation>horizontal</orientation>
				<scrolltime>400</scrolltime>
				<focusposition>3</focusposition>
				<visible>![Control.HasFocus(101)|Control.HasFocus(102)|Control.HasFocus(350)]</visible>
				<itemlayout height="255" width="272">
					<control type="image">
						<left>0</left>
						<top>8</top>
						<width>195</width>
						<height>270</height>
						<aligny>center</aligny>
						<align>center</align>
						<aspectratio>keep</aspectratio>
						<texture fallback="DefaultVideoPoster.png" background="true">$INFO[ListItem.Art(tvshow.poster)]</texture>
						<bordertexture border="-2">black.png</bordertexture>
						<colordiffuse>FF909090</colordiffuse>
					</control>
				</itemlayout>
				<focusedlayout height="255" width="272">
					<control type="image">
						<left>0</left>
						<top>8</top>
						<width>195</width>
						<height>270</height>
						<aligny>center</aligny>
						<align>center</align>
						<aspectratio>keep</aspectratio>
						<texture fallback="DefaultVideoPoster.png" background="true">$INFO[ListItem.Art(tvshow.poster)]</texture>
						<bordertexture border="-2">black.png</bordertexture>
						<colordiffuse>FF909090</colordiffuse>
						<include>Animation_Fade</include>
						<visible>!Control.HasFocus(400)</visible>
					</control>
					<control type="image">
						<left>0</left>
						<top>8</top>
						<width>195</width>
						<height>270</height>
						<aligny>center</aligny>
						<align>center</align>
						<aspectratio>keep</aspectratio>
						<texture fallback="DefaultVideoPoster.png" background="true">$INFO[ListItem.Art(tvshow.poster)]</texture>
						<bordertexture border="-2">grey.png</bordertexture>
						<include>Animation_Fade</include>
						<visible>Control.HasFocus(400)</visible>
					</control>
				</focusedlayout>
			</control>
		</control>
		<control type="group">
			<!-- Menu bar -->
			<left>0</left>
			<top>698</top>
			<control type="image">
				<left>0</left>
				<top>-45</top>
				<width>1928</width>
				<height>45</height>
				<texture>shadow_h.png</texture>
				<colordiffuse>C3FFFFFF</colordiffuse>
			</control>
			<control type="image">
				<left>0</left>
				<top>44</top>
				<width>1928</width>
				<height>45</height>
				<texture flipy="true">shadow_h.png</texture>
				<colordiffuse>C3FFFFFF</colordiffuse>
			</control>
			<control type="image">
				<left>0</left>
				<top>0</top>
				<width>1920</width>
				<height>45</height>
				<texture>darkgrey.png</texture>
				<colordiffuse>$VAR[value_texturecolor]</colordiffuse>
				<include>Animation_DefaultGlass2</include>
			</control>
			<control type="list" id="149">
				<left>0</left>
				<top>4</top>
				<width>1920</width>
				<height>38</height>
				<onup>SetFocus(102)</onup>
				<ondown>SetFocus(400)</ondown>
				<orientation>horizontal</orientation>
				<pagecontrol>-</pagecontrol>
				<scrolltime>300</scrolltime>
				<focusposition>3</focusposition>
				<itemlayout height="38" width="304">
					<control type="image">
						<left>0</left>
						<top>0</top>
						<width>1</width>
						<height>38</height>
						<texture>separator_v.png</texture>
					</control>
					<control type="label">
						<left>15</left>
						<top>1</top>
						<height>38</height>
						<width>273</width>
						<align>center</align>
						<aligny>center</aligny>
						<font>Font_18</font>
						<label>[UPPERCASE]$INFO[ListItem.Label][/UPPERCASE]</label>
						<textcolor>80FFFAF0</textcolor>
					</control>
				</itemlayout>
				<focusedlayout height="38" width="304">
					<control type="image">
						<left>0</left>
						<top>-2</top>
						<width>303</width>
						<height>40</height>
						<texture>settings_button_focus.png</texture>
						<visible>Control.Hasfocus(149)</visible>
					</control>
					<control type="image">
						<left>0</left>
						<top>0</top>
						<width>1</width>
						<height>38</height>
						<texture>separator_v.png</texture>
					</control>
					<control type="label">
						<left>15</left>
						<top>1</top>
						<height>38</height>
						<width>273</width>
						<align>center</align>
						<aligny>center</aligny>
						<font>Font_18</font>
						<label>[UPPERCASE]$INFO[ListItem.Label][/UPPERCASE]</label>
						<textcolor>FF101010</textcolor>
						<visible>Control.Hasfocus(149)</visible>
					</control>
					<control type="label">
						<left>15</left>
						<top>1</top>
						<height>38</height>
						<width>273</width>
						<align>center</align>
						<aligny>center</aligny>
						<font>Font_18</font>
						<label>[UPPERCASE]$INFO[ListItem.Label][/UPPERCASE]</label>
						<textcolor>80FFFAF0</textcolor>
						<visible>!Control.Hasfocus(149)</visible>
					</control>
				</focusedlayout>
				<content>
					<item id="1">
						<!-- Play Next -->
						<label>Play Next</label>
						<onclick>SendClick(102)</onclick>
					</item>
					<item id="2">
						<!-- Play Again -->
						<label>Play Again</label>
						<onclick>SendClick(101)</onclick>
					</item>
					<item id="3">
						<!-- Continue -->
						<label>TVShow-Continue watching</label>
						<onclick>SetFocus(390)</onclick>
						<visible>Integer.IsGreater(Container(400).NumItems,0)</visible>
					</item>
					<item id="4">
						<!-- Home -->
						<label>Home</label>
						<onclick>SendClick(201)</onclick>
					</item>
				</content>
			</control>
			<control type="image">
				<left>0</left>
				<top>0</top>
				<width>1920</width>
				<height>45</height>
				<texture>gradient_small.png</texture>
			</control>
		</control>
	</controls>
</window>