<?xml version="1.0" encoding="UTF-8"?>
<window id="12001">
	<defaultcontrol always="true">1000</defaultcontrol>
	<allowoverlay>no</allowoverlay>
	<include>Animation_Window_Fade</include>

	<controls>

	<!-- KODI Background -->
	<control type="image">
		<include>background_default</include>
		<texture background="true">bg_black.png</texture>
	</control>

	<!-- Background -->
	<include>Background_Image_Mediainfo</include>
	<include>Dialog_Background</include>

	<!-- Preplay Screen -->
	<control type="group">
		<include>AspectRatio_Both</include>

		<!-- Frame -->
		<control type="image">
			<left>90</left>
			<top>90</top>
			<width>3660</width>
			<height>1980</height>
			<aspectratio>scale</aspectratio>
			<colordiffuse>$VAR[Var_Color_Dialog_Hex]</colordiffuse>
			<texture background="true">bg_preplay_frame.png</texture>
		</control>

		<!-- Header -->
		<include>dialog_header_preplay</include>

		<!-- Content -->
		<control type="group">
			<left>300</left><!-- 110 -->
			<top>390</top>

			<!-- Poster (Left) -->
			<control type="group">
				<include>Animation_Preplay_Left</include>

				<!-- Image -->
				<control type="image">
					<width>825</width>
					<height>1320</height>
					<texture background="false">$VAR[Var_Preplay_Poster]</texture>
					<bordertexture>confluence/button-nofocus.png</bordertexture>
					<bordersize>3</bordersize>
	                                <aspectratio>keep</aspectratio>
					<fadetime>Image_Fadetime</fadetime>
				</control>

			</control>

			<!-- Content (Center) -->
			<control type="group">
				<animation effect="fade" start="100" end="0" time="300" condition="Control.HasFocus(30) | Control.HasFocus(20)">Conditional</animation>
				<left>900</left>

				<!-- Title -->
				<control type="group">
					<include>Animation_Preplay_Up</include>

					<control type="grouplist">
						<width>2340</width>
						<height>120</height>
						<align>left</align>
						<usecontrolcoords>true</usecontrolcoords>
						<orientation>horizontal</orientation>
						<itemgap>30</itemgap>
						<!-- First -->
						<control type="label">
							<width min="0" max="480">auto</width>
							<label>$VAR[Var_Preplay_Title_Pre]</label>
							<font>Font_Bartowski_Main_Preplay</font>
							<textcolor>FFCCCCCC</textcolor>
							<scroll>false</scroll>
							<visible>Container.Content(episodes)</visible>
						</control>
						<!-- Title -->
						<control type="label">
							<width min="0" max="1680">auto</width>
							<label>$VAR[Var_Preplay_Title]</label>
							<font>Font_Bartowski_Main_Preplay</font>
							<textcolor>FFCCCCCC</textcolor>
							<scroll>true</scroll>
						</control>
						<!-- Overlay -->
						<control type="group">
							<include>Viewmode_Overlay_Watched_Medium</include>
						</control>
	                                </control>

				</control>

				<!-- Grid -->
				<control type="group">
					<left>0</left>
					<top>150</top>
					<include>Animation_Preplay_Up</include>

					<!-- Mpaa / Duration / Year / Rating -->
					<include>Viewmode_Sidebar_Duration_Big</include>

					<control type="group">
						<top>-12</top>

						<animation effect="fade" start="100" end="0" time="200" condition="Window.isVisible(10200)">true</animation><!-- Dialog StarRating -->


					<!-- Line 1 -->
					<control type="label">
						<left>0</left>
						<top>180</top>
						<width>330</width>
						<label>$VAR[Var_Text_Sidebar_Line_1]</label>
						<font>Font_Bartowski_Movies_Plot</font>
						<textcolor>FFAAAAAA</textcolor>
					</control>
					<control type="label">
						<left>390</left>
						<top>180</top>
						<width>1050</width>
						<label fallback="31060">$VAR[Var_Info_Sidebar_Line_1]</label>
						<font>Font_Bartowski_Movies_Plot</font>
						<textcolor>FFCCCCCC</textcolor>
					</control>

					<!-- Line 2 -->
					<control type="label">
						<left>0</left>
						<top>270</top>
						<width>330</width>
						<label>$VAR[Var_Text_Sidebar_Line_2]</label>
						<font>Font_Bartowski_Movies_Plot</font>
						<textcolor>FFAAAAAA</textcolor>
					</control>
					<control type="label">
						<left>390</left>
						<top>270</top>
						<width>1050</width>
						<label fallback="31060">$VAR[Var_Info_Sidebar_Line_2]</label>
						<font>Font_Bartowski_Movies_Plot</font>
						<textcolor>FFCCCCCC</textcolor>
					</control>

					<!-- Line 3 -->
					<control type="label">
						<top>360</top>
						<label>$VAR[Var_Text_Preplay_Line_3]</label>
						<width>330</width>
						<font>Font_Bartowski_Movies_Plot</font>
						<textcolor>FFAAAAAA</textcolor>
					</control>
					<control type="label">
						<left>390</left>
						<top>360</top>
						<width>1050</width>
						<height>90</height>
						<label fallback="31060">$VAR[Var_Info_Preplay_Line_3]</label>
						<font>Font_Bartowski_Movies_Plot</font>
						<textcolor>FFCCCCCC</textcolor>
					</control>

					<!-- Line 4 -->
					<control type="label">
						<top>450</top>
						<label>$VAR[Var_Text_Preplay_Line_4]</label>
						<width>330</width>
						<font>Font_Bartowski_Movies_Plot</font>
						<textcolor>FFAAAAAA</textcolor>
					</control>
					<control type="label">
						<left>390</left>
						<top>450</top>
						<width>1050</width>
						<height>90</height>
						<label fallback="31060">$VAR[Var_Info_Preplay_Line_4]</label>
						<font>Font_Bartowski_Movies_Plot</font>
						<textcolor>FFCCCCCC</textcolor>
					</control>

					</control>

				</control>


				<!-- Mediaflags / Plot -->
				<control type="group">
					<top>690</top>
					<include>Animation_Preplay_Down</include>

					<control type="image">
						<top>0</top>
						<left>0</left>
						<width>2340</width>
						<colordiffuse>$VAR[Var_Color_Default2_Hex]</colordiffuse>
						<include>Viewmode_Sidebar_Separator</include>
						<include>SeparatorH</include>
					</control>
					<control type="image">
						<left>0</left>
						<top>90</top><!-- 25 -->
						<width>2340</width>
						<colordiffuse>$VAR[Var_Color_Default2_Hex]</colordiffuse>
						<include>Viewmode_Sidebar_Separator</include>
						<include>SeparatorH</include>
					</control>

					<!-- Mediaflags -->
					<control type="grouplist">
						<left>0</left>
						<top>12</top>
						<width>1440</width><!-- 456 -->
						<align>center</align>
						<itemgap>0</itemgap>
						<orientation>horizontal</orientation>
						<include content="Viewmode_Mediaflags_80"><param name="align">center</param></include>
						<include>Viewmode_Mediaflags_General</include>
					</control>

					<!-- Thumb Label / Studio -->
					<control type="label">
						<left>1470</left>
						<width>870</width>
						<height>90</height>
						<align>center</align>
						<aligny>center</aligny>
						<label>$VAR[Var_Preplay_Thumb_Label]</label>
						<textcolor>FFFFFFFF</textcolor>
					        <font>Font_Mediaflag_Small</font>
					</control>

					<!-- Plot -->
					<control type="textbox">
						<top>105</top>
						<width>2340</width>
						<width>1440</width>
						<height>525</height>
						<align>justify</align>
						<label fallback="31060">$VAR[Var_Info_Plot]</label>
						<font>Font_Preplay_Plot</font>
						<textcolor>$VAR[Var_Color_Plot_Hex]</textcolor>
						<autoscroll time="3000" delay="5000" repeat="5000">Skin.HasSetting(autoscroll)</autoscroll>
						<visible>String.isEmpty(ListItem.CastAndRole)</visible>
					</control>
					<control type="textbox">
						<top>105</top>
						<width>1440</width>
						<height>525</height>
						<align>justify</align>
						<label fallback="31060">$VAR[Var_Info_Plot]</label>
						<font>Font_Preplay_Plot</font>
						<textcolor>$VAR[Var_Color_Plot_Hex]</textcolor>
						<autoscroll time="3000" delay="5000" repeat="5000">Skin.HasSetting(autoscroll)</autoscroll>
						<visible>!String.isEmpty(ListItem.CastAndRole)</visible>
					</control>

					<!-- Cast & Role-->
					<control type="textbox">
						<left>1500</left>
						<top>114</top>
   						<width>840</width>
						<height>510</height>
						<label>$INFO[ListItem.CastAndRole]</label>
						<align>left</align>
						<font>Font_PrePlay_Cast</font>
						<textcolor>FFCCCCCC</textcolor>
                                                <autoscroll time="3000" delay="5000" repeat="5000">Skin.HasSetting(autoscroll)</autoscroll>
						<visible>!String.isEmpty(ListItem.CastAndRole)</visible>
					</control>

				</control>

			</control>

			<!-- Thumb -->
			<control type="group">
				<animation effect="fade" start="100" end="0" time="300" condition="Control.HasFocus(30) | Control.HasFocus(20)">Conditional</animation>
				<left>2400</left>
				<top>150</top>
				<include>Animation_Preplay_Right</include>

				<!-- Image -->
				<control type="image">
					<top>0</top>
					<width>810</width>
					<height>510</height>
					<texture background="false">$VAR[Var_Preplay_Thumb]</texture>
					<aspectratio scalediffuse="false" aligny="top">scale</aspectratio>
					<!--<bordertexture>confluence/button-nofocus.png</bordertexture>
					<bordersize>3</bordersize>-->
					<fadetime>Image_Fadetime</fadetime>
				</control>

			</control>
		</control>

		<!-- Navigation -->
		<include>DialogInfo_Music_KODI</include>

		<!-- Extras -->
		<control type="group">
                        <left>1170</left>
                        <top>435</top>
			<visible>Control.HasFocus(30) | Control.HasFocus(20)</visible>

			<!-- Mouse -->
			<control type="button" id="20">
				<left>-240</left>
				<top>-210</top>
				<width>3840</width>
				<height>1800</height>
				<include>Mouse_Trigger</include>
			</control>

			<!-- Animations -->
			<include>Animation_CommonFade</include>

			<!-- Extras Panel -->
			<control type="panel" id="30">
				<width>2430</width>
				<height>1260</height>
				<scrolltime>200</scrolltime>
				<onleft>1000</onleft>
				<onright>1000</onright>
				<onback>1000</onback>
				<include>Preplay_Extras_Thumb_Small</include>
			</control>
		</control>

	</control>

	<!-- Clock -->
	<control type="group">
		<include>Clock_Right_Pos</include>
		<include>Clock_Right</include>
	</control>

</controls>
</window>
