<?xml version="1.0" encoding="UTF-8"?>
<includes>
	<!-- Dialog (Header) -->
	<include name="Dialog_General_Header">
		<param name="bg_image">category</param>
		<param name="bg_height">1680</param>
		<param name="separator">true</param>
		<param name="separator2">false</param>
		<definition>

		<control type="image">
			<include>Dialog_Background_Content</include>
			<include>AspectRatio_Both_Reverse</include>
		</control>

		<control type="group">
			<left>390</left>	
			<top>240</top>		
			<!-- width 1020 -->
			<!-- height 560 -->
			<control type="image">
				<width>3060</width>
				<height>$PARAM[bg_height]</height><!-- 560 -->
				<texture background="true">bg_dialog_$PARAM[bg_image]_shadow.png</texture>
				<colordiffuse>$VAR[Var_Color_DialogShadow_Hex]</colordiffuse>
				<aspectratio>keep</aspectratio>
			</control>
			<control type="image">
				<width>3060</width>
				<height>$PARAM[bg_height]</height>
				<texture background="true">bg_dialog_$PARAM[bg_image].png</texture>
				<colordiffuse>$VAR[Var_Color_Dialog_Hex]</colordiffuse>
				<aspectratio>keep</aspectratio>
			</control>
		</control>

		<!-- Separator (Content) -->
		<control type="image">
			<top>540</top>
			<left>570</left>
			<width>2700</width>
			<include>SeparatorH</include>
		</control>
		<control type="image">
			<top>1620</top>
			<left>570</left>
			<width>2700</width>
			<include>SeparatorH</include>
			<visible>$PARAM[separator]</visible>
		</control>
		<control type="image">
			<top>600</top>
			<left>1260</left>
			<height>960</height>
			<colordiffuse>11FFFFFF</colordiffuse>
			<include>SeparatorV</include>
			<visible>$PARAM[separator]</visible>
		</control>

		<!-- Separator (Confirm) -->
		<control type="image">
			<top>1140</top>
			<left>570</left>
			<width>2700</width>
			<include>SeparatorH</include>
			<visible>$PARAM[separator2]</visible>
		</control>
		<control type="image">
			<top>570</top>
			<left>1140</left>
			<height>540</height>
			<colordiffuse>11FFFFFF</colordiffuse>
			<include>SeparatorV</include>
			<visible>$PARAM[separator2]</visible>
		</control>

		<!-- Header -->
		<control type="label" id="$PARAM[header_id]">
			<top>300</top>
			<left>570</left>
			<width>2700</width>
			<height>240</height>
			<font>Lato_Light_50</font>
			<label>$PARAM[header_label]</label>
			<align>center</align>
			<aligny>center</aligny>
			<textcolor>white</textcolor>
			<scroll>yes</scroll>
		</control>

		<!-- Scrollbar -->
		<control type="scrollbar" id="100">
			<left>3165</left>
			<top>600</top>
			<height>960</height>
			<onleft>$PARAM[scroll_onleft]</onleft>
			<onright>$PARAM[scroll_onright]</onright>
			<include>vscrollbar</include>
			<animation effect="fade" start="100" end="10" time="800" pulse="true" condition="Control.hasFocus(100)">Conditional</animation>
			<visible>$PARAM[separator]</visible>
		</control>

		</definition>
	</include>


	<!-- Grouplist (Content) -->
	<include name="Dialog_General_Grouplist">
		<top>600</top>
		<left>1290</left>
                <width>1860</width>
                <height>972</height>
                <itemgap>0</itemgap>
                <pagecontrol>100</pagecontrol>
                <onright condition="Control.isVisible(100)">100</onright>
	</include>
	<include name="Dialog_General_List">
		<include>Dialog_General_Grouplist</include>
		<include>Dialog_General_List_Content</include>
	</include>

	<!-- Grouplist (Category) -->
	<include name="Dialog_General_Grouplist_Category">
		<top>600</top>
		<left>630</left>
		<width>600</width>
		<height>960</height>
                <itemgap>0</itemgap>
		<orientation>vertical</orientation>
		<usecontrolcoords>true</usecontrolcoords>
	</include>

	<include name="Dialog_General_Grouplist_Category_Content">
		<param name="color">FFFFFFFF</param>
		<definition>
		<visible>Control.isVisible($PARAM[id])</visible>

		<!-- Image -->
		<control type="image">
			<left>30</left>
			<width>540</width>
			<height>540</height>
			<texture fallback="dialog/icon_settings.png">$INFO[Container($PARAM[id]).ListItem.Icon]</texture>
			<aspectratio>keep</aspectratio>
			<colordiffuse>$PARAM[color]</colordiffuse>
		</control>
                        
		<!-- Label 1 -->
		<control type="label">
			<height>30</height>
			<visible>!String.isEmpty(Container($PARAM[id]).$PARAM[label1_info])</visible>
		</control>
		<control type="label">
			<left>30</left>
			<label>$PARAM[label1_head]</label>
			<width>540</width>
			<height>60</height>
			<font>Lato_Black_15</font>
			<visible>!String.isEmpty(Container($PARAM[id]).$PARAM[label1_info])</visible>
		</control>
		<control type="label">
			<left>30</left>
			<label>$INFO[Container($PARAM[id]).$PARAM[label1_info]]</label>
			<width>540</width>
			<height>60</height>
			<font>Lato_Light_15</font>
			<visible>!String.isEmpty(Container($PARAM[id]).$PARAM[label1_info])</visible>
		</control>
                      
		<!-- Label 2 -->
		<control type="label">
			<height>30</height>
			<visible>!String.isEmpty(Container($PARAM[id]).$PARAM[label2_info])</visible>
		</control>
		<control type="label">
			<left>30</left>
			<label>$PARAM[label2_head]</label>
			<width>540</width>
			<height>60</height>
			<font>Lato_Black_15</font>
			<visible>!String.isEmpty(Container($PARAM[id]).$PARAM[label2_info])</visible>
		</control>
                        
		<control type="textbox">
			<left>30</left>
			<label>$INFO[Container($PARAM[id]).$PARAM[label2_info]]</label>
			<width>540</width>
			<height>180</height>
			<font>Lato_Light_15</font>
			<textcolor>FFCCCCCC</textcolor>
			<visible>!String.isEmpty(Container($PARAM[id]).$PARAM[label2_info])</visible>
		</control>

		</definition>
	</include>
	<include name="Dialog_General_Grouplist_Category_Image">
		<definition>
		<!-- Image -->
		<control type="image">
			<left>30</left>
			<width>540</width>
			<height>540</height>
			<texture fallback="$PARAM[fallback]">$PARAM[icon]</texture>
			<aspectratio>keep</aspectratio>
			<visible>$PARAM[visible]</visible>
			<colordiffuse>AAFFFFFF</colordiffuse>
		</control>
		</definition>
	</include>

	<!-- Buttons (Default) -->
	<include name="Dialog_General_Button_Default">
		<textoffsetx>30</textoffsetx>
		<pulseonselect>false</pulseonselect>
		<width>1860</width>
		<height>120</height>
		<font>Lato_Light_20</font>
		<aligny>center</aligny>

		<textcolor>FFCCCCCC</textcolor>

		<selectedcolor>$VAR[Var_Color_Text_Hex]</selectedcolor>
		<disabledcolor>TextDisabled</disabledcolor>
		<!-- <focusedcolor> navigation_options -->
		<!-- <texturefocus> navigation_options -->

		<texturenofocus></texturenofocus>

		<textureradiofocus>nav_radiobutton_checked.png</textureradiofocus>
		<textureradionofocus>nav_radiobutton_unchecked.png</textureradionofocus>
		<radioheight>60</radioheight>
		<radiowidth>60</radiowidth>

		<include>navigation_options</include>
	</include>

	<include name="Dialog_General_Button_Category">
		<font>Lato_Black_20</font>
		<width>600</width>
		<include>Dialog_General_Button_Default</include>                
	</include>

	<include name="Dialog_General_Button_Header">
		<font>Lato_Black_20</font>
		<include>Dialog_General_Button_Default</include>                
	</include>

	<include name="Dialog_General_Button_Separator">
		<width>2880</width>
		<colordiffuse>66FFFFFF</colordiffuse>
		<include>SeparatorH</include>
	</include>>

	<!-- Footer -->
	<include name="Dialog_General_Footer_Button">
		<definition>
		<control type="radiobutton" id="$PARAM[id]">
			<label>[UPPERCASE]$PARAM[label][/UPPERCASE]</label>
			<textureradioonfocus colordiffuse="$VAR[Var_Color_Icon_Hex]">$PARAM[icon]</textureradioonfocus>
			<textureradioonnofocus colordiffuse="FFAAAAAA">$PARAM[icon]</textureradioonnofocus>
			<textureradioofffocus colordiffuse="$VAR[Var_Color_Icon_Hex]">$PARAM[icon]</textureradioofffocus>
			<textureradiooffnofocus colordiffuse="FFAAAAAA">$PARAM[icon]</textureradiooffnofocus>
                        <textureradiooffdisabled colordiffuse="TextDisabled">$PARAM[icon]</textureradiooffdisabled>
                        <textureradioondisabled colordiffuse="TextDisabled">$PARAM[icon]</textureradioondisabled>
			<onup>$PARAM[onup]</onup>
			<onleft>$PARAM[onleft]</onleft>
			<onright>$PARAM[onright]</onright>
			<include>Dialog_General_Footer_$PARAM[position]</include>
			<include>Dialog_General_Footer_Default</include>
		</control>
		</definition>
	</include>

	<!-- CLOSE -->
	<include name="Dialog_General_Footer_Button_CLOSE">
		<definition>
		<control type="radiobutton" id="$PARAM[id]">
			<label>[UPPERCASE]$LOCALIZE[31207][/UPPERCASE]</label>
			<textureradioonfocus colordiffuse="$VAR[Var_Color_Icon_Hex]">nav_circle_cancel.png</textureradioonfocus>
			<textureradioonnofocus colordiffuse="FFAAAAAA">nav_circle_cancel.png</textureradioonnofocus>
			<textureradioofffocus colordiffuse="$VAR[Var_Color_Icon_Hex]">nav_circle_cancel.png</textureradioofffocus>
			<textureradiooffnofocus colordiffuse="FFAAAAAA">nav_circle_cancel.png</textureradiooffnofocus>
                        <textureradiooffdisabled colordiffuse="TextDisabled">nav_circle_cancel.png</textureradiooffdisabled>
                        <textureradioondisabled colordiffuse="TextDisabled">nav_circle_cancel.png</textureradioondisabled>
			<onclick>Dialog.Close($PARAM[dialog])</onclick>
			<onup>$PARAM[onup]</onup>
			<onleft>$PARAM[onleft]</onleft>
			<onright>$PARAM[onright]</onright>
			<include>Dialog_General_Footer_$PARAM[position]</include>
			<include>Dialog_General_Footer_Default</include>
		</control>
		</definition>
	</include>

	<!-- OK / CANCEL -->
	<include name="Dialog_General_Footer_Button_OKCANCEL">
		<definition>
		<control type="radiobutton" id="50">
			<label>[UPPERCASE]$LOCALIZE[186][/UPPERCASE]</label>
			<textureradioonfocus colordiffuse="$VAR[Var_Color_Icon_Hex]">nav_circle_check.png</textureradioonfocus>
			<textureradioonnofocus colordiffuse="FFAAAAAA">nav_circle_check.png</textureradioonnofocus>
			<textureradioofffocus colordiffuse="$VAR[Var_Color_Icon_Hex]">nav_circle_check.png</textureradioofffocus>
			<textureradiooffnofocus colordiffuse="FFAAAAAA">nav_circle_check.png</textureradiooffnofocus>
                        <textureradiooffdisabled colordiffuse="TextDisabled">nav_circle_check.png</textureradiooffdisabled>
                        <textureradioondisabled colordiffuse="TextDisabled">nav_circle_check.png</textureradioondisabled>
			<onclick>SetFocus($PARAM[id_right])</onclick>
			<onclick>Select</onclick>
			<onup>$PARAM[id_left]</onup>
			<onleft>52</onleft>
			<onright condition="Control.isVisible(51)">51</onright>
			<onright condition="!Control.isVisible(51)">52</onright>
			<include>Dialog_General_Footer_Left</include>
			<include>Dialog_General_Footer_Default</include>
		</control>
		<control type="radiobutton" id="52">
			<label>[UPPERCASE]$LOCALIZE[222][/UPPERCASE]</label>
			<textureradioonfocus colordiffuse="$VAR[Var_Color_Icon_Hex]">nav_circle_cancel.png</textureradioonfocus>
			<textureradioonnofocus colordiffuse="FFAAAAAA">nav_circle_cancel.png</textureradioonnofocus>
			<textureradioofffocus colordiffuse="$VAR[Var_Color_Icon_Hex]">nav_circle_cancel.png</textureradioofffocus>
			<textureradiooffnofocus colordiffuse="FFAAAAAA">nav_circle_cancel.png</textureradiooffnofocus>
                        <textureradiooffdisabled colordiffuse="TextDisabled">nav_circle_cancel.png</textureradiooffdisabled>
                        <textureradioondisabled colordiffuse="TextDisabled">nav_circle_cancel.png</textureradioondisabled>
			<onclick>Dialog.Close($PARAM[dialog])</onclick>
			<onup>$PARAM[id_right]</onup>
			<onleft condition="Control.isVisible(51)">51</onleft>
			<onleft condition="!Control.isVisible(51)">50</onleft>
			<onright>50</onright>
			<include>Dialog_General_Footer_Right</include>
			<include>Dialog_General_Footer_Default</include>
		</control>
		</definition>
	</include>

	<!-- Left -->
        <include name="Dialog_General_Footer_Left">
                <left>870</left>
                <textoffsetx>150</textoffsetx>
                <radioposx>3</radioposx>
                <radioposy>0</radioposy>
        </include>
	<!-- Center -->
        <include name="Dialog_General_Footer_Center">
                <left>1620</left>
		<width>600</width>
		<align>center</align>
                <radioposx>0</radioposx>
                <radioposy>15</radioposy>
                <radiowidth>600</radiowidth>
                <radioheight>90</radioheight>
                <font>Lato_Black_20</font>
        </include>
	<!-- Right -->
        <include name="Dialog_General_Footer_Right">
                <left>2070</left>
		<textoffsetx>150</textoffsetx>
                <radioposx>780</radioposx>
                <radioposy>0</radioposy>
		<align>right</align>
        </include>

	<!-- Default -->
	<include name="Dialog_General_Footer_Default">
		<top>1680</top>
		<height>120</height>
                <width>900</width>
                <radiowidth>120</radiowidth>
                <radioheight>120</radioheight>
                <font>Lato_Black_30</font>
                <aligny>center</aligny>
                <textcolor>FFAAAAAA</textcolor>
                <colordiffuse>FFAAAAAA</colordiffuse>
                <focusedcolor>$VAR[Var_Color_Text_Hex]</focusedcolor>
                <disabledcolor>TextDisabled</disabledcolor>
	</include>

	<!-- Dialog List (Content) -->
	<include name="Dialog_General_List_Content">
		<itemlayout height="120" width="1860">
		<control type="group">
			<visible>!String.isEmpty(ListItem.Icon)</visible>

			<!-- Label -->
			<control type="label">
				<left>30</left>
				<width>1230</width>
				<height>120</height>
				<font>Lato_Light_20</font>
				<align>left</align>
				<aligny>center</aligny>
				<label>$INFO[ListItem.Label]</label>
				<textcolor>FFCCCCCC</textcolor>
				<selectedcolor>$VAR[Var_Color_Icon_Hex]</selectedcolor>
			</control>
			<!-- Label2 -->
			<control type="label">
				<left>1290</left>
				<width>360</width>
				<height>120</height>
				<font>Lato_Black_15</font>
				<align>right</align>
				<aligny>center</aligny>
				<label>$VAR[Var_Dialog_List_Label]</label>
				<textcolor>FFCCCCCC</textcolor>
				<selectedcolor>$VAR[Var_Color_Icon_Hex]</selectedcolor>
			</control>
			<!-- Icon -->
			<control type="image">
				<left>1695</left>
				<top>9</top>
				<width>150</width>
				<height>102</height>
				<texture>$INFO[ListItem.Icon]</texture>
				<aspectratio>keep</aspectratio>
				<visible>!ListItem.isSelected + String.isEmpty(ListItem.Property(color))</visible>
			</control>
		</control>

		<control type="group">
			<visible>String.isEmpty(ListItem.Icon)</visible>

			<!-- Label -->
			<control type="label">
				<left>30</left>
				<width>1680</width>
				<height>120</height>
				<font>Lato_Light_20</font>
				<align>left</align>
				<aligny>center</aligny>
				<label>$INFO[ListItem.Label]</label>
				<textcolor>FFCCCCCC</textcolor>
				<selectedcolor>$VAR[Var_Color_Icon_Hex]</selectedcolor>
			</control>
		</control>

		<!-- Selected -->
		<control type="image">
			<left>1695</left>
			<top>30</top>
			<width>150</width>
			<height>60</height>
			<texture>nav_radiobutton_checked.png</texture>
			<aspectratio>keep</aspectratio>
			<visible>ListItem.isSelected</visible>
		</control>

		<!-- Separator -->
		<control type="image">
			<left>30</left>
			<width>1800</width>
			<colordiffuse>44FFFFFF</colordiffuse>
			<include>SeparatorH</include>
			<visible>!String.isEmpty(ListItem.Property(separator))</visible>
		</control>

		<!-- Color -->
		<control type="label">
			<left>1695</left>
			<width>150</width>
			<height>120</height>
			<font>Font_Color</font>
			<align>right</align>
			<aligny>center</aligny>
			<label>$INFO[ListItem.Property(color)]</label>
			<visible>!String.isEmpty(ListItem.Property(color))</visible>
		</control>


		</itemlayout>
		<focusedlayout height="120" width="1860">
			<!-- Navbar -->
			<control type="image">
				<top>15</top>
				<width>1860</width>
				<height>90</height>
				<aspectratio>scale</aspectratio>
				<animation type="Focus" reversible="false">
					<effect type="fade" start="30" end="90" time="300" />
				</animation>
				<include>navigation_options_image</include>
				<visible>!ControlGroup(2).hasFocus</visible>
			</control>
		<control type="group">
			<visible>!String.isEmpty(ListItem.Icon)</visible>

			<!-- Label -->
			<control type="label">
				<left>30</left>
				<width>1230</width>
				<height>120</height>
				<font>Lato_Light_20</font>
				<align>left</align>
				<aligny>center</aligny>
				<label>$INFO[ListItem.Label]</label>
				<textcolor>$VAR[Var_Color_Text_Hex]</textcolor>
				<selectedcolor>$VAR[Var_Color_Icon_Hex]</selectedcolor>
			</control>
			<!-- Label2 -->
			<control type="label">
				<left>1290</left>
				<width>360</width>
				<height>120</height>
				<font>Lato_Black_15</font>
				<align>right</align>
				<aligny>center</aligny>
				<label>$VAR[Var_Dialog_List_Label]</label>
				<textcolor>FFCCCCCC</textcolor>
				<selectedcolor>$VAR[Var_Color_Icon_Hex]</selectedcolor>
			</control>
			<!-- Icon -->
			<control type="image">
				<left>1695</left>
				<top>9</top>
				<width>150</width>
				<height>102</height>
				<texture>$INFO[ListItem.Icon]</texture>
				<aspectratio>keep</aspectratio>
				<visible>!ListItem.isSelected + String.isEmpty(ListItem.Property(color))</visible>
			</control>
		</control>

		<control type="group">
			<visible>String.isEmpty(ListItem.Icon)</visible>

			<!-- Label -->
			<control type="label">
				<left>30</left>
				<width>1680</width>
				<height>120</height>
				<font>Lato_Light_20</font>
				<align>left</align>
				<aligny>center</aligny>
				<label>$INFO[ListItem.Label]</label>
				<textcolor>$VAR[Var_Color_Text_Hex]</textcolor>
				<selectedcolor>$VAR[Var_Color_Icon_Hex]</selectedcolor>
			</control>
		</control>

		<!-- Selected -->
		<control type="image">
			<left>1695</left>
			<top>30</top>
			<width>150</width>
			<height>60</height>
			<texture>nav_radiobutton_checked.png</texture>
			<aspectratio>keep</aspectratio>
			<visible>ListItem.isSelected</visible>
		</control>

		<!-- Separator -->
		<control type="image">
			<left>30</left>
			<width>1800</width>
			<colordiffuse>44FFFFFF</colordiffuse>
			<include>SeparatorH</include>
			<visible>!String.isEmpty(ListItem.Property(separator))</visible>
		</control>

		<!-- Color -->
		<control type="label">
			<left>1695</left>
			<width>150</width>
			<height>120</height>
			<font>Font_Color</font>
			<align>right</align>
			<aligny>center</aligny>
			<label>$INFO[ListItem.Property(color)]</label>
			<visible>!String.isEmpty(ListItem.Property(color))</visible>
		</control>



		</focusedlayout>
	</include>

</includes>


