<?xml version="1.0" encoding="utf-8"?>
<window id="2115" type="dialog">
	<defaultcontrol always="true">450</defaultcontrol>
	<coordinates>
		<system>1</system>
		<left>0</left>
		<top>0</top>
	</coordinates>
	<onload>SetProperty(MenuItemType,MainMenu)</onload>
	<onunload>ClearProperty(MenuItemType)</onunload>
	<onunload>ClearProperty(UsrSelectPath,Home)</onunload>
	<onunload>ClearProperty(UsrSelectBtnClear,Home)</onunload>
	<controls>
		<include content="CustomSlideDialog">
			<param name="dlg_title" value="$LOCALIZE[89700] $LOCALIZE[89500] $LOCALIZE[89002]" />
			<param name="id_win" value="2115" />
			<param name="include_name" value="MenuItemChoices" />
		</include>
	</controls>
</window>