<?xml version="1.0" encoding="UTF-8"?>
<includes>
	 <include name="StudioFlags">
        <control type="image">
         <description>Studio Flags</description>
         <width>60</width>
         <height>40</height>
         <aspectratio>keep</aspectratio>
         <texture>$INFO[listitem.studio,extras/Studios/,.png]</texture>
       </control>
     </include>
	<include name="VideoCodecFlaggingConditions">
		<control type="image">
		<include condition="!Skin.HasSetting(NoFlaggingBorder)">FlaggingDimensionBorder</include>
			<include condition="Skin.HasSetting(NoFlaggingBorder)">FlaggingDimensionWithoutBorder</include>
			<description>Video rez Image</description>
			<width>62</width>
			<height>36</height>
			<aspectratio align="left">keep</aspectratio>
			<texture>$INFO[ListItem.VideoResolution,flagging/video/,.png]</texture>
		</control>
		<control type="image">
			<description>Codec Image</description>
			<include condition="!Skin.HasSetting(NoFlaggingBorder)">FlaggingDimensionBorder</include>
			<include condition="Skin.HasSetting(NoFlaggingBorder)">FlaggingDimensionWithoutBorder</include>
			<width>76</width>
			<height>36</height>
			<aspectratio align="left">keep</aspectratio>
			<texture>$VAR[videocodec,flagging/video/,.png]</texture>
		</control>
	</include>
	<include name="VideoStereoscopicsFlaggingConditions">
		<control type="image">
			<description>Video stereoscopics flagging image</description>
			<include condition="!Skin.HasSetting(NoFlaggingBorder)">FlaggingDimensionBorder</include>
			<include condition="Skin.HasSetting(NoFlaggingBorder)">FlaggingDimensionWithoutBorder</include>
			<width>48</width>
			<height>36</height>
			<aspectratio align="left">keep</aspectratio>
			<texture>flagging/video/3D.png</texture>
			<visible>ListItem.IsStereoscopic</visible>
		</control>
	</include>
	<include name="VideoMPAAFlaggingConditions">
		<control type="image">
			<description>Rating image</description>
			<width>60</width>
			<height>35</height>
			<aspectratio align="left">keep</aspectratio>
			<texture>$VAR[rating,flagging/ratings/,.png]</texture>
		</control>
	</include>
	<include name="AudioCodecFlaggingConditions">
		<control type="image">
			<description>Audio Codec Image</description>
			<include condition="!Skin.HasSetting(NoFlaggingBorder)">FlaggingDimensionBorder</include>
			<include condition="Skin.HasSetting(NoFlaggingBorder)">FlaggingDimensionWithoutBorder</include>
			<width>76</width>
			<height>36</height>
			<aspectratio align="left">keep</aspectratio>
			<texture>$INFO[ListItem.AudioCodec,flagging/audio/,.png]</texture>
		</control>
	</include>
	<include name="AudioChannelsFlaggingConditions">
		<control type="image">
			<description>Audio Codec Image</description>
			<include condition="!Skin.HasSetting(NoFlaggingBorder)">FlaggingDimensionBorder</include>
			<include condition="Skin.HasSetting(NoFlaggingBorder)">FlaggingDimensionWithoutBorder</include>
			<width>48</width>
			<height>36</height>
			<aspectratio align="left">keep</aspectratio>
			<texture>$INFO[ListItem.AudioChannels,flagging/audio/,.png]</texture>
		</control>
	</include>
	<include name="AspectCodecFlaggingConditions">
		<control type="image">
			<description>Aspectratio Image</description>
			<include condition="!Skin.HasSetting(NoFlaggingBorder)">FlaggingDimensionBorder</include>
			<include condition="Skin.HasSetting(NoFlaggingBorder)">FlaggingDimensionWithoutBorder</include>
			<width>44</width>
			<height>33</height>
			<aspectratio align="left">keep</aspectratio>
			<texture>$INFO[ListItem.VideoAspect,flagging/aspectratio/,.png]</texture>
		</control>
	</include>
	<include name="VideoRatingStars">
		<control type="image">
			<description>Rating stars</description>
			<width>120</width>
			<height>36</height>
			<aspectratio align="left">keep</aspectratio>
			<texture>$VAR[ratingstars,flagging/ratingstars/stars,.png]</texture>
			<visible>String.Contains(ListItem.rating,.)</visible>
		</control>
	</include>
	
	<include name="FlaggingDimensionWithoutBorderSmall">
		<width>40</width>
		<height>26</height>
		<aspectratio>keep</aspectratio>
	</include>
	<include name="FlaggingDimensionBorderSmall">
		<width>40</width>
		<height>25</height>
		<aspectratio>keep</aspectratio>
		<bordertexture border="1">episodeframe.png</bordertexture>
		<bordersize>3</bordersize>
	</include>
	<include name="FlaggingDimensionWithoutBorder">
		<width>60</width>
		<height>35</height>
		<aspectratio>keep</aspectratio>
	</include>
	<include name="FlaggingDimensionBorder">
		<width>60</width>
		<height>35</height>
		<aspectratio>keep</aspectratio>
		<bordertexture>episodeframe.png</bordertexture>
		<bordersize>2</bordersize>
	</include>
	
</includes>
