<?xml version="1.0" encoding="utf-8"?>
<!-- Aeon MQ 5 -->
<window id="6304" type="dialog">
	<!-- Vnode 4 -->
	<defaultcontrol></defaultcontrol>
	<include>SubMenuCommon</include>
	<controls>
		<control type="group">
			<include condition="Window.IsVisible(6000)">MenuCustom</include>
			<control type="group">
				<!-- default group -->
				<include>Animation_SubMenu</include>
				<include condition="Window.IsVisible(6000)">SubmenuGoTo</include>
				<include condition="Window.IsVisible(Home)">SubMenuDefault</include>
				<control type="panel" id="9000">
					<include condition="Window.IsVisible(6000)">SubmenuVList</include>
					<include condition="Window.IsVisible(Home)">SubmenuHList</include>
					<content>
						<item>
							<label fallback="31014">$VAR[value_menu30401.label]</label>
							<property name="condition">$INFO[skin.string(menu30401.visible)]</property>
							<property name="name">menu30401</property>
							<property name="id">$INFO[skin.string(menu30401.master)]</property>
							<onclick condition="Window.IsVisible(6000)">SetFocus(5000)</onclick>
							<onclick condition="Window.IsVisible(Home)">Dialog.Close(6304)</onclick>
							<onclick condition="Window.IsVisible(Home)">Skin.SetString(submenu_action,$VAR[value_menu30401.action])</onclick>
							<visible>![String.IsEmpty(skin.string(menu30401.master)) | String.Contains(skin.string(menu30401.visible),off)] | Window.IsVisible(6000)</visible>
						</item>
						<item>
							<label fallback="31014">$VAR[value_menu30402.label]</label>
							<property name="condition">$INFO[skin.string(menu30402.visible)]</property>
							<property name="name">menu30402</property>
							<property name="id">$INFO[skin.string(menu30402.master)]</property>
							<onclick condition="Window.IsVisible(6000)">SetFocus(5000)</onclick>
							<onclick condition="Window.IsVisible(Home)">Dialog.Close(6304)</onclick>
							<onclick condition="Window.IsVisible(Home)">Skin.SetString(submenu_action,$VAR[value_menu30402.action])</onclick>
							<visible>![String.IsEmpty(skin.string(menu30402.master)) | String.Contains(skin.string(menu30402.visible),off)] | Window.IsVisible(6000)</visible>
						</item>
						<item>
							<label fallback="31014">$VAR[value_menu30403.label]</label>
							<property name="condition">$INFO[skin.string(menu30403.visible)]</property>
							<property name="name">menu30403</property>
							<property name="id">$INFO[skin.string(menu30403.master)]</property>
							<onclick condition="Window.IsVisible(6000)">SetFocus(5000)</onclick>
							<onclick condition="Window.IsVisible(Home)">Dialog.Close(6304)</onclick>
							<onclick condition="Window.IsVisible(Home)">Skin.SetString(submenu_action,$VAR[value_menu30403.action])</onclick>
							<visible>![String.IsEmpty(skin.string(menu30403.master)) | String.Contains(skin.string(menu30403.visible),off)] | Window.IsVisible(6000)</visible>
						</item>
						<item>
							<label fallback="31014">$VAR[value_menu30404.label]</label>
							<property name="condition">$INFO[skin.string(menu30404.visible)]</property>
							<property name="name">menu30404</property>
							<property name="id">$INFO[skin.string(menu30404.master)]</property>
							<onclick condition="Window.IsVisible(6000)">SetFocus(5000)</onclick>
							<onclick condition="Window.IsVisible(Home)">Dialog.Close(6304)</onclick>
							<onclick condition="Window.IsVisible(Home)">Skin.SetString(submenu_action,$VAR[value_menu30404.action])</onclick>
							<visible>![String.IsEmpty(skin.string(menu30404.master)) | String.Contains(skin.string(menu30404.visible),off)] | Window.IsVisible(6000)</visible>
						</item>
						<item>
							<label fallback="31014">$VAR[value_menu30405.label]</label>
							<property name="condition">$INFO[skin.string(menu30405.visible)]</property>
							<property name="name">menu30405</property>
							<property name="id">$INFO[skin.string(menu30405.master)]</property>
							<onclick condition="Window.IsVisible(6000)">SetFocus(5000)</onclick>
							<onclick condition="Window.IsVisible(Home)">Dialog.Close(6304)</onclick>
							<onclick condition="Window.IsVisible(Home)">Skin.SetString(submenu_action,$VAR[value_menu30405.action])</onclick>
							<visible>![String.IsEmpty(skin.string(menu30405.master)) | String.Contains(skin.string(menu30405.visible),off)] | Window.IsVisible(6000)</visible>
						</item>
						<item>
							<label fallback="31014">$VAR[value_menu30406.label]</label>
							<property name="condition">$INFO[skin.string(menu30406.visible)]</property>
							<property name="name">menu30406</property>
							<property name="id">$INFO[skin.string(menu30406.master)]</property>
							<onclick condition="Window.IsVisible(6000)">SetFocus(5000)</onclick>
							<onclick condition="Window.IsVisible(Home)">Dialog.Close(6304)</onclick>
							<onclick condition="Window.IsVisible(Home)">Skin.SetString(submenu_action,$VAR[value_menu30406.action])</onclick>
							<visible>![String.IsEmpty(skin.string(menu30406.master)) | String.Contains(skin.string(menu30406.visible),off)] | Window.IsVisible(6000)</visible>
						</item>
						<item>
							<label fallback="31014">$VAR[value_menu30407.label]</label>
							<property name="condition">$INFO[skin.string(menu30407.visible)]</property>
							<property name="name">menu30407</property>
							<property name="id">$INFO[skin.string(menu30407.master)]</property>
							<onclick condition="Window.IsVisible(6000)">SetFocus(5000)</onclick>
							<onclick condition="Window.IsVisible(Home)">Dialog.Close(6304)</onclick>
							<onclick condition="Window.IsVisible(Home)">Skin.SetString(submenu_action,$VAR[value_menu30407.action])</onclick>
							<visible>![String.IsEmpty(skin.string(menu30407.master)) | String.Contains(skin.string(menu30407.visible),off)] | Window.IsVisible(6000)</visible>
						</item>
						<item>
							<label fallback="31014">$VAR[value_menu30408.label]</label>
							<property name="condition">$INFO[skin.string(menu30408.visible)]</property>
							<property name="name">menu30408</property>
							<property name="id">$INFO[skin.string(menu30408.master)]</property>
							<onclick condition="Window.IsVisible(6000)">SetFocus(5000)</onclick>
							<onclick condition="Window.IsVisible(Home)">Dialog.Close(6304)</onclick>
							<onclick condition="Window.IsVisible(Home)">Skin.SetString(submenu_action,$VAR[value_menu30408.action])</onclick>
							<visible>![String.IsEmpty(skin.string(menu30408.master)) | String.Contains(skin.string(menu30408.visible),off)] | Window.IsVisible(6000)</visible>
						</item>
						<item>
							<label fallback="31014">$VAR[value_menu30409.label]</label>
							<property name="condition">$INFO[skin.string(menu30409.visible)]</property>
							<property name="name">menu30409</property>
							<property name="id">$INFO[skin.string(menu30409.master)]</property>
							<onclick condition="Window.IsVisible(6000)">SetFocus(5000)</onclick>
							<onclick condition="Window.IsVisible(Home)">Dialog.Close(6304)</onclick>
							<onclick condition="Window.IsVisible(Home)">Skin.SetString(submenu_action,$VAR[value_menu30409.action])</onclick>
							<visible>![String.IsEmpty(skin.string(menu30409.master)) | String.Contains(skin.string(menu30409.visible),off)] | Window.IsVisible(6000)</visible>
						</item>
						<item>
							<label fallback="31014">$VAR[value_menu30410.label]</label>
							<property name="condition">$INFO[skin.string(menu30410.visible)]</property>
							<property name="name">menu30410</property>
							<property name="id">$INFO[skin.string(menu30410.master)]</property>
							<onclick condition="Window.IsVisible(6000)">SetFocus(5000)</onclick>
							<onclick condition="Window.IsVisible(Home)">Dialog.Close(6304)</onclick>
							<onclick condition="Window.IsVisible(Home)">Skin.SetString(submenu_action,$VAR[value_menu30410.action])</onclick>
							<visible>![String.IsEmpty(skin.string(menu30410.master)) | String.Contains(skin.string(menu30410.visible),off)] | Window.IsVisible(6000)</visible>
						</item>
						<item>
							<label fallback="31014">$VAR[value_menu30411.label]</label>
							<property name="condition">$INFO[skin.string(menu30411.visible)]</property>
							<property name="name">menu30411</property>
							<property name="id">$INFO[skin.string(menu30411.master)]</property>
							<onclick condition="Window.IsVisible(6000)">SetFocus(5000)</onclick>
							<onclick condition="Window.IsVisible(Home)">Dialog.Close(6304)</onclick>
							<onclick condition="Window.IsVisible(Home)">Skin.SetString(submenu_action,$VAR[value_menu30411.action])</onclick>
							<visible>![String.IsEmpty(skin.string(menu30411.master)) | String.Contains(skin.string(menu30411.visible),off)] | Window.IsVisible(6000)</visible>
						</item>
						<item>
							<label fallback="31014">$VAR[value_menu30412.label]</label>
							<property name="condition">$INFO[skin.string(menu30412.visible)]</property>
							<property name="name">menu30412</property>
							<property name="id">$INFO[skin.string(menu30412.master)]</property>
							<onclick condition="Window.IsVisible(6000)">SetFocus(5000)</onclick>
							<onclick condition="Window.IsVisible(Home)">Dialog.Close(6304)</onclick>
							<onclick condition="Window.IsVisible(Home)">Skin.SetString(submenu_action,$VAR[value_menu30412.action])</onclick>
							<visible>![String.IsEmpty(skin.string(menu30412.master)) | String.Contains(skin.string(menu30412.visible),off)] | Window.IsVisible(6000)</visible>
						</item>
						<item>
							<label fallback="31014">$VAR[value_menu30413.label]</label>
							<property name="condition">$INFO[skin.string(menu30413.visible)]</property>
							<property name="name">menu30413</property>
							<property name="id">$INFO[skin.string(menu30413.master)]</property>
							<onclick condition="Window.IsVisible(6000)">SetFocus(5000)</onclick>
							<onclick condition="Window.IsVisible(Home)">Dialog.Close(6304)</onclick>
							<onclick condition="Window.IsVisible(Home)">Skin.SetString(submenu_action,$VAR[value_menu30413.action])</onclick>
							<visible>![String.IsEmpty(skin.string(menu30413.master)) | String.Contains(skin.string(menu30413.visible),off)] | Window.IsVisible(6000)</visible>
						</item>
						<item>
							<label fallback="31014">$VAR[value_menu30414.label]</label>
							<property name="condition">$INFO[skin.string(menu30414.visible)]</property>
							<property name="name">menu30414</property>
							<property name="id">$INFO[skin.string(menu30414.master)]</property>
							<onclick condition="Window.IsVisible(6000)">SetFocus(5000)</onclick>
							<onclick condition="Window.IsVisible(Home)">Dialog.Close(6304)</onclick>
							<onclick condition="Window.IsVisible(Home)">Skin.SetString(submenu_action,$VAR[value_menu30414.action])</onclick>
							<visible>![String.IsEmpty(skin.string(menu30414.master)) | String.Contains(skin.string(menu30414.visible),off)] | Window.IsVisible(6000)</visible>
						</item>
						<item>
							<label fallback="31014">$VAR[value_menu30415.label]</label>
							<property name="condition">$INFO[skin.string(menu30415.visible)]</property>
							<property name="name">menu30415</property>
							<property name="id">$INFO[skin.string(menu30415.master)]</property>
							<onclick condition="Window.IsVisible(6000)">SetFocus(5000)</onclick>
							<onclick condition="Window.IsVisible(Home)">Dialog.Close(6304)</onclick>
							<onclick condition="Window.IsVisible(Home)">Skin.SetString(submenu_action,$VAR[value_menu30415.action])</onclick>
							<visible>![String.IsEmpty(skin.string(menu30415.master)) | String.Contains(skin.string(menu30415.visible),off)] | Window.IsVisible(6000)</visible>
						</item>
					</content>
				</control>
				<include condition="Window.IsVisible(6000)">Glass</include>
			</control>
		</control>
	</controls>
</window>
