<?xml version="1.0" encoding="utf-8"?>
<!-- Aeon MQ 5 -->
<window id="6040" type="dialog">
	<!-- Filme estudios -->
	<defaultcontrol></defaultcontrol>
	<include>SubMenuCommon</include>
	<controls>
		<control type="group">
			<include condition="Window.IsVisible(6000)">MenuCustom</include>
			<control type="group">
				<!-- default group -->
				<include>Animation_SubMenu</include>
				<include condition="Window.IsVisible(6000)">SubmenuGoTo</include>
				<include condition="Window.IsVisible(Home)">SubMenuDefault</include>
				<control type="panel" id="9000">
					<include condition="Window.IsVisible(6000)">SubmenuVList</include>
					<include condition="Window.IsVisible(Home)">SubmenuHList</include>
					<content>
						<item>
							<label fallback="31014">$VAR[value_menu4001.label]</label>
							<property name="condition">$INFO[skin.string(menu4001.visible)]</property>
							<property name="name">menu4001</property>
							<property name="id">$INFO[skin.string(menu4001.master)]</property>
							<onclick condition="Window.IsVisible(6000)">SetFocus(5000)</onclick>
							<onclick condition="Window.IsVisible(Home)">Dialog.Close(6040)</onclick>
							<onclick condition="Window.IsVisible(Home)">Skin.SetString(submenu_action,$VAR[value_menu4001.action])</onclick>
							<visible>![String.IsEmpty(skin.string(menu4001.master)) | String.Contains(skin.string(menu4001.visible),off)] | Window.IsVisible(6000)</visible>
						</item>
						<item>
							<label fallback="31014">$VAR[value_menu4002.label]</label>
							<property name="condition">$INFO[skin.string(menu4002.visible)]</property>
							<property name="name">menu4002</property>
							<property name="id">$INFO[skin.string(menu4002.master)]</property>
							<onclick condition="Window.IsVisible(6000)">SetFocus(5000)</onclick>
							<onclick condition="Window.IsVisible(Home)">Dialog.Close(6040)</onclick>
							<onclick condition="Window.IsVisible(Home)">Skin.SetString(submenu_action,$VAR[value_menu4002.action])</onclick>
							<visible>![String.IsEmpty(skin.string(menu4002.master)) | String.Contains(skin.string(menu4002.visible),off)] | Window.IsVisible(6000)</visible>
						</item>
						<item>
							<label fallback="31014">$VAR[value_menu4003.label]</label>
							<property name="condition">$INFO[skin.string(menu4003.visible)]</property>
							<property name="name">menu4003</property>
							<property name="id">$INFO[skin.string(menu4003.master)]</property>
							<onclick condition="Window.IsVisible(6000)">SetFocus(5000)</onclick>
							<onclick condition="Window.IsVisible(Home)">Dialog.Close(6040)</onclick>
							<onclick condition="Window.IsVisible(Home)">Skin.SetString(submenu_action,$VAR[value_menu4003.action])</onclick>
							<visible>![String.IsEmpty(skin.string(menu4003.master)) | String.Contains(skin.string(menu4003.visible),off)] | Window.IsVisible(6000)</visible>
						</item>
						<item>
							<label fallback="31014">$VAR[value_menu4004.label]</label>
							<property name="condition">$INFO[skin.string(menu4004.visible)]</property>
							<property name="name">menu4004</property>
							<property name="id">$INFO[skin.string(menu4004.master)]</property>
							<onclick condition="Window.IsVisible(6000)">SetFocus(5000)</onclick>
							<onclick condition="Window.IsVisible(Home)">Dialog.Close(6040)</onclick>
							<onclick condition="Window.IsVisible(Home)">Skin.SetString(submenu_action,$VAR[value_menu4004.action])</onclick>
							<visible>![String.IsEmpty(skin.string(menu4004.master)) | String.Contains(skin.string(menu4004.visible),off)] | Window.IsVisible(6000)</visible>
						</item>
						<item>
							<label fallback="31014">$VAR[value_menu4005.label]</label>
							<property name="condition">$INFO[skin.string(menu4005.visible)]</property>
							<property name="name">menu4005</property>
							<property name="id">$INFO[skin.string(menu4005.master)]</property>
							<onclick condition="Window.IsVisible(6000)">SetFocus(5000)</onclick>
							<onclick condition="Window.IsVisible(Home)">Dialog.Close(6040)</onclick>
							<onclick condition="Window.IsVisible(Home)">Skin.SetString(submenu_action,$VAR[value_menu4005.action])</onclick>
							<visible>![String.IsEmpty(skin.string(menu4005.master)) | String.Contains(skin.string(menu4005.visible),off)] | Window.IsVisible(6000)</visible>
						</item>
						<item>
							<label fallback="31014">$VAR[value_menu4006.label]</label>
							<property name="condition">$INFO[skin.string(menu4006.visible)]</property>
							<property name="name">menu4006</property>
							<property name="id">$INFO[skin.string(menu4006.master)]</property>
							<onclick condition="Window.IsVisible(6000)">SetFocus(5000)</onclick>
							<onclick condition="Window.IsVisible(Home)">Dialog.Close(6040)</onclick>
							<onclick condition="Window.IsVisible(Home)">Skin.SetString(submenu_action,$VAR[value_menu4006.action])</onclick>
							<visible>![String.IsEmpty(skin.string(menu4006.master)) | String.Contains(skin.string(menu4006.visible),off)] | Window.IsVisible(6000)</visible>
						</item>
						<item>
							<label fallback="31014">$VAR[value_menu4007.label]</label>
							<property name="condition">$INFO[skin.string(menu4007.visible)]</property>
							<property name="name">menu4007</property>
							<property name="id">$INFO[skin.string(menu4007.master)]</property>
							<onclick condition="Window.IsVisible(6000)">SetFocus(5000)</onclick>
							<onclick condition="Window.IsVisible(Home)">Dialog.Close(6040)</onclick>
							<onclick condition="Window.IsVisible(Home)">Skin.SetString(submenu_action,$VAR[value_menu4007.action])</onclick>
							<visible>![String.IsEmpty(skin.string(menu4007.master)) | String.Contains(skin.string(menu4007.visible),off)] | Window.IsVisible(6000)</visible>
						</item>
						<item>
							<label fallback="31014">$VAR[value_menu4008.label]</label>
							<property name="condition">$INFO[skin.string(menu4008.visible)]</property>
							<property name="name">menu4008</property>
							<property name="id">$INFO[skin.string(menu4008.master)]</property>
							<onclick condition="Window.IsVisible(6000)">SetFocus(5000)</onclick>
							<onclick condition="Window.IsVisible(Home)">Dialog.Close(6040)</onclick>
							<onclick condition="Window.IsVisible(Home)">Skin.SetString(submenu_action,$VAR[value_menu4008.action])</onclick>
							<visible>![String.IsEmpty(skin.string(menu4008.master)) | String.Contains(skin.string(menu4008.visible),off)] | Window.IsVisible(6000)</visible>
						</item>
						<item>
							<label fallback="31014">$VAR[value_menu4009.label]</label>
							<property name="condition">$INFO[skin.string(menu4009.visible)]</property>
							<property name="name">menu4009</property>
							<property name="id">$INFO[skin.string(menu4009.master)]</property>
							<onclick condition="Window.IsVisible(6000)">SetFocus(5000)</onclick>
							<onclick condition="Window.IsVisible(Home)">Dialog.Close(6040)</onclick>
							<onclick condition="Window.IsVisible(Home)">Skin.SetString(submenu_action,$VAR[value_menu4009.action])</onclick>
							<visible>![String.IsEmpty(skin.string(menu4009.master)) | String.Contains(skin.string(menu4009.visible),off)] | Window.IsVisible(6000)</visible>
						</item>
						<item>
							<label fallback="31014">$VAR[value_menu4010.label]</label>
							<property name="condition">$INFO[skin.string(menu4010.visible)]</property>
							<property name="name">menu4010</property>
							<property name="id">$INFO[skin.string(menu4010.master)]</property>
							<onclick condition="Window.IsVisible(6000)">SetFocus(5000)</onclick>
							<onclick condition="Window.IsVisible(Home)">Dialog.Close(6040)</onclick>
							<onclick condition="Window.IsVisible(Home)">Skin.SetString(submenu_action,$VAR[value_menu4010.action])</onclick>
							<visible>![String.IsEmpty(skin.string(menu4010.master)) | String.Contains(skin.string(menu4010.visible),off)] | Window.IsVisible(6000)</visible>
						</item>
					</content>
				</control>
				<include condition="Window.IsVisible(6000)">Glass</include>
			</control>
		</control>
	</controls>
</window>
