<?xml version="1.0" encoding="utf-8"?>
<!-- Aeon MQ 5 -->
<window id="6011" type="dialog">
	<!-- Ajustes -->
	<defaultcontrol></defaultcontrol>
	<include>SubMenuCommon</include>
	<controls>
		<control type="group">
			<include condition="Window.IsVisible(6000)">MenuCustom</include>
			<control type="group">
				<!-- default group -->
				<include>Animation_SubMenu</include>
				<include condition="Window.IsVisible(6000)">SubmenuGoTo</include>
				<include condition="Window.IsVisible(Home)">SubMenuDefault</include>
				<control type="panel" id="9000">
					<include condition="Window.IsVisible(6000)">SubmenuVList</include>
					<include condition="Window.IsVisible(Home)">SubmenuHList</include>
					<content>
						<item>
							<label fallback="31014">$VAR[value_menu1101.label]</label>
							<property name="condition">$INFO[skin.string(menu1101.visible)]</property>
							<property name="name">menu1101</property>
							<property name="id">$INFO[skin.string(menu1101.master)]</property>
							<onclick condition="Window.IsVisible(6000)">SetFocus(5000)</onclick>
							<onclick condition="Window.IsVisible(Home)">Dialog.Close(6011)</onclick>
							<onclick condition="Window.IsVisible(Home)">Skin.SetString(submenu_action,$VAR[value_menu1101.action])</onclick>
							<visible>![String.IsEmpty(skin.string(menu1101.master)) | String.Contains(skin.string(menu1101.visible),off)] | Window.IsVisible(6000)</visible>
						</item>
						<item>
							<label fallback="31014">$VAR[value_menu1102.label]</label>
							<property name="condition">$INFO[skin.string(menu1102.visible)]</property>
							<property name="name">menu1102</property>
							<property name="id">$INFO[skin.string(menu1102.master)]</property>
							<onclick condition="Window.IsVisible(6000)">SetFocus(5000)</onclick>
							<onclick condition="Window.IsVisible(Home)">Dialog.Close(6011)</onclick>
							<onclick condition="Window.IsVisible(Home)">Skin.SetString(submenu_action,$VAR[value_menu1102.action])</onclick>
							<visible>![String.IsEmpty(skin.string(menu1102.master)) | String.Contains(skin.string(menu1102.visible),off)] | Window.IsVisible(6000)</visible>
						</item>
						<item>
							<label fallback="31014">$VAR[value_menu1103.label]</label>
							<property name="condition">$INFO[skin.string(menu1103.visible)]</property>
							<property name="name">menu1103</property>
							<property name="id">$INFO[skin.string(menu1103.master)]</property>
							<onclick condition="Window.IsVisible(6000)">SetFocus(5000)</onclick>
							<onclick condition="Window.IsVisible(Home)">Dialog.Close(6011)</onclick>
							<onclick condition="Window.IsVisible(Home)">Skin.SetString(submenu_action,$VAR[value_menu1103.action])</onclick>
							<visible>![String.IsEmpty(skin.string(menu1103.master)) | String.Contains(skin.string(menu1103.visible),off)] | Window.IsVisible(6000)</visible>
						</item>
						<item>
							<label fallback="31014">$VAR[value_menu1104.label]</label>
							<property name="condition">$INFO[skin.string(menu1104.visible)]</property>
							<property name="name">menu1104</property>
							<property name="id">$INFO[skin.string(menu1104.master)]</property>
							<onclick condition="Window.IsVisible(6000)">SetFocus(5000)</onclick>
							<onclick condition="Window.IsVisible(Home)">Dialog.Close(6011)</onclick>
							<onclick condition="Window.IsVisible(Home)">Skin.SetString(submenu_action,$VAR[value_menu1104.action])</onclick>
							<visible>![String.IsEmpty(skin.string(menu1104.master)) | String.Contains(skin.string(menu1104.visible),off)] | Window.IsVisible(6000)</visible>
						</item>
						<item>
							<label fallback="31014">$VAR[value_menu1105.label]</label>
							<property name="condition">$INFO[skin.string(menu1105.visible)]</property>
							<property name="name">menu1105</property>
							<property name="id">$INFO[skin.string(menu1105.master)]</property>
							<onclick condition="Window.IsVisible(6000)">SetFocus(5000)</onclick>
							<onclick condition="Window.IsVisible(Home)">Dialog.Close(6011)</onclick>
							<onclick condition="Window.IsVisible(Home)">Skin.SetString(submenu_action,$VAR[value_menu1105.action])</onclick>
							<visible>![String.IsEmpty(skin.string(menu1105.master)) | String.Contains(skin.string(menu1105.visible),off)] | Window.IsVisible(6000)</visible>
						</item>
						<item>
							<label fallback="31014">$VAR[value_menu1106.label]</label>
							<property name="condition">$INFO[skin.string(menu1106.visible)]</property>
							<property name="name">menu1106</property>
							<property name="id">$INFO[skin.string(menu1106.master)]</property>
							<onclick condition="Window.IsVisible(6000)">SetFocus(5000)</onclick>
							<onclick condition="Window.IsVisible(Home)">Dialog.Close(6011)</onclick>
							<onclick condition="Window.IsVisible(Home)">Skin.SetString(submenu_action,$VAR[value_menu1106.action])</onclick>
							<visible>![String.IsEmpty(skin.string(menu1106.master)) | String.Contains(skin.string(menu1106.visible),off)] | Window.IsVisible(6000)</visible>
						</item>
						<item>
							<label fallback="31014">$VAR[value_menu1107.label]</label>
							<property name="condition">$INFO[skin.string(menu1107.visible)]</property>
							<property name="name">menu1107</property>
							<property name="id">$INFO[skin.string(menu1107.master)]</property>
							<onclick condition="Window.IsVisible(6000)">SetFocus(5000)</onclick>
							<onclick condition="Window.IsVisible(Home)">Dialog.Close(6011)</onclick>
							<onclick condition="Window.IsVisible(Home)">Skin.SetString(submenu_action,$VAR[value_menu1107.action])</onclick>
							<visible>![String.IsEmpty(skin.string(menu1107.master)) | String.Contains(skin.string(menu1107.visible),off)] | Window.IsVisible(6000)</visible>
						</item>
						<item>
							<label fallback="31014">$VAR[value_menu1108.label]</label>
							<property name="condition">$INFO[skin.string(menu1108.visible)]</property>
							<property name="name">menu1108</property>
							<property name="id">$INFO[skin.string(menu1108.master)]</property>
							<onclick condition="Window.IsVisible(6000)">SetFocus(5000)</onclick>
							<onclick condition="Window.IsVisible(Home)">Dialog.Close(6011)</onclick>
							<onclick condition="Window.IsVisible(Home)">Skin.SetString(submenu_action,$VAR[value_menu1108.action])</onclick>
							<visible>![String.IsEmpty(skin.string(menu1108.master)) | String.Contains(skin.string(menu1108.visible),off)] | Window.IsVisible(6000)</visible>
						</item>
						<item>
							<label fallback="31014">$VAR[value_menu1109.label]</label>
							<property name="condition">$INFO[skin.string(menu1109.visible)]</property>
							<property name="name">menu1109</property>
							<property name="id">$INFO[skin.string(menu1109.master)]</property>
							<onclick condition="Window.IsVisible(6000)">SetFocus(5000)</onclick>
							<onclick condition="Window.IsVisible(Home)">Dialog.Close(6011)</onclick>
							<onclick condition="Window.IsVisible(Home)">Skin.SetString(submenu_action,$VAR[value_menu1109.action])</onclick>
							<visible>![String.IsEmpty(skin.string(menu1109.master)) | String.Contains(skin.string(menu1109.visible),off)] | Window.IsVisible(6000)</visible>
						</item>
						<item>
							<label fallback="31014">$VAR[value_menu1110.label]</label>
							<property name="condition">$INFO[skin.string(menu1110.visible)]</property>
							<property name="name">menu1110</property>
							<property name="id">$INFO[skin.string(menu1110.master)]</property>
							<onclick condition="Window.IsVisible(6000)">SetFocus(5000)</onclick>
							<onclick condition="Window.IsVisible(Home)">Dialog.Close(6011)</onclick>
							<onclick condition="Window.IsVisible(Home)">Skin.SetString(submenu_action,$VAR[value_menu1110.action])</onclick>
							<visible>![String.IsEmpty(skin.string(menu1110.master)) | String.Contains(skin.string(menu1110.visible),off)] | Window.IsVisible(6000)</visible>
						</item>
						<item>
							<label fallback="31014">$VAR[value_menu1111.label]</label>
							<property name="condition">$INFO[skin.string(menu1111.visible)]</property>
							<property name="name">menu1111</property>
							<property name="id">$INFO[skin.string(menu1111.master)]</property>
							<onclick condition="Window.IsVisible(6000)">SetFocus(5000)</onclick>
							<onclick condition="Window.IsVisible(Home)">Dialog.Close(6011)</onclick>
							<onclick condition="Window.IsVisible(Home)">Skin.SetString(submenu_action,$VAR[value_menu1111.action])</onclick>
							<visible>![String.IsEmpty(skin.string(menu1111.master)) | String.Contains(skin.string(menu1111.visible),off)] | Window.IsVisible(6000)</visible>
						</item>
						<item>
							<label fallback="31014">$VAR[value_menu1112.label]</label>
							<property name="condition">$INFO[skin.string(menu1112.visible)]</property>
							<property name="name">menu1112</property>
							<property name="id">$INFO[skin.string(menu1112.master)]</property>
							<onclick condition="Window.IsVisible(6000)">SetFocus(5000)</onclick>
							<onclick condition="Window.IsVisible(Home)">Dialog.Close(6011)</onclick>
							<onclick condition="Window.IsVisible(Home)">Skin.SetString(submenu_action,$VAR[value_menu1112.action])</onclick>
							<visible>![String.IsEmpty(skin.string(menu1112.master)) | String.Contains(skin.string(menu1112.visible),off)] | Window.IsVisible(6000)</visible>
						</item>
						<item>
							<label fallback="31014">$VAR[value_menu1113.label]</label>
							<property name="condition">$INFO[skin.string(menu1113.visible)]</property>
							<property name="name">menu1113</property>
							<property name="id">$INFO[skin.string(menu1113.master)]</property>
							<onclick condition="Window.IsVisible(6000)">SetFocus(5000)</onclick>
							<onclick condition="Window.IsVisible(Home)">Dialog.Close(6011)</onclick>
							<onclick condition="Window.IsVisible(Home)">Skin.SetString(submenu_action,$VAR[value_menu1113.action])</onclick>
							<visible>![String.IsEmpty(skin.string(menu1113.master)) | String.Contains(skin.string(menu1113.visible),off)] | Window.IsVisible(6000)</visible>
						</item>
						<item>
							<label fallback="31014">$VAR[value_menu1114.label]</label>
							<property name="condition">$INFO[skin.string(menu1114.visible)]</property>
							<property name="name">menu1114</property>
							<property name="id">$INFO[skin.string(menu1114.master)]</property>
							<onclick condition="Window.IsVisible(6000)">SetFocus(5000)</onclick>
							<onclick condition="Window.IsVisible(Home)">Dialog.Close(6011)</onclick>
							<onclick condition="Window.IsVisible(Home)">Skin.SetString(submenu_action,$VAR[value_menu1114.action])</onclick>
							<visible>![String.IsEmpty(skin.string(menu1114.master)) | String.Contains(skin.string(menu1114.visible),off)] | Window.IsVisible(6000)</visible>
						</item>
						<item>
							<label fallback="31014">$VAR[value_menu1115.label]</label>
							<property name="condition">$INFO[skin.string(menu1115.visible)]</property>
							<property name="name">menu1115</property>
							<property name="id">$INFO[skin.string(menu1115.master)]</property>
							<onclick condition="Window.IsVisible(6000)">SetFocus(5000)</onclick>
							<onclick condition="Window.IsVisible(Home)">Dialog.Close(6011)</onclick>
							<onclick condition="Window.IsVisible(Home)">Skin.SetString(submenu_action,$VAR[value_menu1115.action])</onclick>
							<visible>![String.IsEmpty(skin.string(menu1115.master)) | String.Contains(skin.string(menu1115.visible),off)] | Window.IsVisible(6000)</visible>
						</item>
						<item>
							<label fallback="31014">$VAR[value_menu1116.label]</label>
							<property name="condition">$INFO[skin.string(menu1116.visible)]</property>
							<property name="name">menu1116</property>
							<property name="id">$INFO[skin.string(menu1116.master)]</property>
							<onclick condition="Window.IsVisible(6000)">SetFocus(5000)</onclick>
							<onclick condition="Window.IsVisible(Home)">Dialog.Close(6011)</onclick>
							<onclick condition="Window.IsVisible(Home)">Skin.SetString(submenu_action,$VAR[value_menu1116.action])</onclick>
							<visible>![String.IsEmpty(skin.string(menu1116.master)) | String.Contains(skin.string(menu1116.visible),off)] | Window.IsVisible(6000)</visible>
						</item>
						<item>
							<label fallback="31014">$VAR[value_menu1117.label]</label>
							<property name="condition">$INFO[skin.string(menu1117.visible)]</property>
							<property name="name">menu1117</property>
							<property name="id">$INFO[skin.string(menu1117.master)]</property>
							<onclick condition="Window.IsVisible(6000)">SetFocus(5000)</onclick>
							<onclick condition="Window.IsVisible(Home)">Dialog.Close(6011)</onclick>
							<onclick condition="Window.IsVisible(Home)">Skin.SetString(submenu_action,$VAR[value_menu1117.action])</onclick>
							<visible>![String.IsEmpty(skin.string(menu1117.master)) | String.Contains(skin.string(menu1117.visible),off)] | Window.IsVisible(6000)</visible>
						</item>
						<item>
							<label fallback="31014">$VAR[value_menu1118.label]</label>
							<property name="condition">$INFO[skin.string(menu1118.visible)]</property>
							<property name="name">menu1118</property>
							<property name="id">$INFO[skin.string(menu1118.master)]</property>
							<onclick condition="Window.IsVisible(6000)">SetFocus(5000)</onclick>
							<onclick condition="Window.IsVisible(Home)">Dialog.Close(6011)</onclick>
							<onclick condition="Window.IsVisible(Home)">Skin.SetString(submenu_action,$VAR[value_menu1118.action])</onclick>
							<visible>![String.IsEmpty(skin.string(menu1118.master)) | String.Contains(skin.string(menu1118.visible),off)] | Window.IsVisible(6000)</visible>
						</item>
						<item>
							<label fallback="31014">$VAR[value_menu1119.label]</label>
							<property name="condition">$INFO[skin.string(menu1119.visible)]</property>
							<property name="name">menu1119</property>
							<property name="id">$INFO[skin.string(menu1119.master)]</property>
							<onclick condition="Window.IsVisible(6000)">SetFocus(5000)</onclick>
							<onclick condition="Window.IsVisible(Home)">Dialog.Close(6011)</onclick>
							<onclick condition="Window.IsVisible(Home)">Skin.SetString(submenu_action,$VAR[value_menu1119.action])</onclick>
							<visible>![String.IsEmpty(skin.string(menu1119.master)) | String.Contains(skin.string(menu1119.visible),off)] | Window.IsVisible(6000)</visible>
						</item>
						<item>
							<label fallback="31014">$VAR[value_menu1120.label]</label>
							<property name="condition">$INFO[skin.string(menu1120.visible)]</property>
							<property name="name">menu1120</property>
							<property name="id">$INFO[skin.string(menu1120.master)]</property>
							<onclick condition="Window.IsVisible(6000)">SetFocus(5000)</onclick>
							<onclick condition="Window.IsVisible(Home)">Dialog.Close(6011)</onclick>
							<onclick condition="Window.IsVisible(Home)">Skin.SetString(submenu_action,$VAR[value_menu1120.action])</onclick>
							<visible>![String.IsEmpty(skin.string(menu1120.master)) | String.Contains(skin.string(menu1120.visible),off)] | Window.IsVisible(6000)</visible>
						</item>
					</content>
				</control>
				<include condition="Window.IsVisible(6000)">Glass</include>
			</control>
		</control>
	</controls>
</window>
