<?xml version="1.0" encoding="utf-8"?>
<!-- Aeon MQ 5 -->
<window id="6405" type="dialog">
	<!-- Favorito 5 -->
	<defaultcontrol></defaultcontrol>
	<include>SubMenuCommon</include>
	<controls>
		<control type="group">
			<include condition="Window.IsVisible(6000)">MenuCustom</include>
			<control type="group">
				<!-- default group -->
				<include>Animation_SubMenu</include>
				<include condition="Window.IsVisible(6000)">SubmenuGoTo</include>
				<include condition="Window.IsVisible(Home)">SubMenuDefault</include>
				<control type="panel" id="9000">
					<include condition="Window.IsVisible(6000)">SubmenuVList</include>
					<include condition="Window.IsVisible(Home)">SubmenuHList</include>
					<content>
						<item>
							<label fallback="31014">$VAR[value_menu40501.label]</label>
							<property name="condition">$INFO[skin.string(menu40501.visible)]</property>
							<property name="name">menu40501</property>
							<property name="id">$INFO[skin.string(menu40501.master)]</property>
							<onclick condition="Window.IsVisible(6000)">SetFocus(5000)</onclick>
							<onclick condition="Window.IsVisible(Home)">Dialog.Close(6405)</onclick>
							<onclick condition="Window.IsVisible(Home)">Skin.SetString(submenu_action,$VAR[value_menu40501.action])</onclick>
							<visible>![String.IsEmpty(skin.string(menu40501.master)) | String.Contains(skin.string(menu40501.visible),off)] | Window.IsVisible(6000)</visible>
						</item>
						<item>
							<label fallback="31014">$VAR[value_menu40502.label]</label>
							<property name="condition">$INFO[skin.string(menu40502.visible)]</property>
							<property name="name">menu40502</property>
							<property name="id">$INFO[skin.string(menu40502.master)]</property>
							<onclick condition="Window.IsVisible(6000)">SetFocus(5000)</onclick>
							<onclick condition="Window.IsVisible(Home)">Dialog.Close(6405)</onclick>
							<onclick condition="Window.IsVisible(Home)">Skin.SetString(submenu_action,$VAR[value_menu40502.action])</onclick>
							<visible>![String.IsEmpty(skin.string(menu40502.master)) | String.Contains(skin.string(menu40502.visible),off)] | Window.IsVisible(6000)</visible>
						</item>
						<item>
							<label fallback="31014">$VAR[value_menu40503.label]</label>
							<property name="condition">$INFO[skin.string(menu40503.visible)]</property>
							<property name="name">menu40503</property>
							<property name="id">$INFO[skin.string(menu40503.master)]</property>
							<onclick condition="Window.IsVisible(6000)">SetFocus(5000)</onclick>
							<onclick condition="Window.IsVisible(Home)">Dialog.Close(6405)</onclick>
							<onclick condition="Window.IsVisible(Home)">Skin.SetString(submenu_action,$VAR[value_menu40503.action])</onclick>
							<visible>![String.IsEmpty(skin.string(menu40503.master)) | String.Contains(skin.string(menu40503.visible),off)] | Window.IsVisible(6000)</visible>
						</item>
						<item>
							<label fallback="31014">$VAR[value_menu40504.label]</label>
							<property name="condition">$INFO[skin.string(menu40504.visible)]</property>
							<property name="name">menu40504</property>
							<property name="id">$INFO[skin.string(menu40504.master)]</property>
							<onclick condition="Window.IsVisible(6000)">SetFocus(5000)</onclick>
							<onclick condition="Window.IsVisible(Home)">Dialog.Close(6405)</onclick>
							<onclick condition="Window.IsVisible(Home)">Skin.SetString(submenu_action,$VAR[value_menu40504.action])</onclick>
							<visible>![String.IsEmpty(skin.string(menu40504.master)) | String.Contains(skin.string(menu40504.visible),off)] | Window.IsVisible(6000)</visible>
						</item>
						<item>
							<label fallback="31014">$VAR[value_menu40505.label]</label>
							<property name="condition">$INFO[skin.string(menu40505.visible)]</property>
							<property name="name">menu40505</property>
							<property name="id">$INFO[skin.string(menu40505.master)]</property>
							<onclick condition="Window.IsVisible(6000)">SetFocus(5000)</onclick>
							<onclick condition="Window.IsVisible(Home)">Dialog.Close(6405)</onclick>
							<onclick condition="Window.IsVisible(Home)">Skin.SetString(submenu_action,$VAR[value_menu40505.action])</onclick>
							<visible>![String.IsEmpty(skin.string(menu40505.master)) | String.Contains(skin.string(menu40505.visible),off)] | Window.IsVisible(6000)</visible>
						</item>
						<item>
							<label fallback="31014">$VAR[value_menu40506.label]</label>
							<property name="condition">$INFO[skin.string(menu40506.visible)]</property>
							<property name="name">menu40506</property>
							<property name="id">$INFO[skin.string(menu40506.master)]</property>
							<onclick condition="Window.IsVisible(6000)">SetFocus(5000)</onclick>
							<onclick condition="Window.IsVisible(Home)">Dialog.Close(6405)</onclick>
							<onclick condition="Window.IsVisible(Home)">Skin.SetString(submenu_action,$VAR[value_menu40506.action])</onclick>
							<visible>![String.IsEmpty(skin.string(menu40506.master)) | String.Contains(skin.string(menu40506.visible),off)] | Window.IsVisible(6000)</visible>
						</item>
						<item>
							<label fallback="31014">$VAR[value_menu40507.label]</label>
							<property name="condition">$INFO[skin.string(menu40507.visible)]</property>
							<property name="name">menu40507</property>
							<property name="id">$INFO[skin.string(menu40507.master)]</property>
							<onclick condition="Window.IsVisible(6000)">SetFocus(5000)</onclick>
							<onclick condition="Window.IsVisible(Home)">Dialog.Close(6405)</onclick>
							<onclick condition="Window.IsVisible(Home)">Skin.SetString(submenu_action,$VAR[value_menu40507.action])</onclick>
							<visible>![String.IsEmpty(skin.string(menu40507.master)) | String.Contains(skin.string(menu40507.visible),off)] | Window.IsVisible(6000)</visible>
						</item>
						<item>
							<label fallback="31014">$VAR[value_menu40508.label]</label>
							<property name="condition">$INFO[skin.string(menu40508.visible)]</property>
							<property name="name">menu40508</property>
							<property name="id">$INFO[skin.string(menu40508.master)]</property>
							<onclick condition="Window.IsVisible(6000)">SetFocus(5000)</onclick>
							<onclick condition="Window.IsVisible(Home)">Dialog.Close(6405)</onclick>
							<onclick condition="Window.IsVisible(Home)">Skin.SetString(submenu_action,$VAR[value_menu40508.action])</onclick>
							<visible>![String.IsEmpty(skin.string(menu40508.master)) | String.Contains(skin.string(menu40508.visible),off)] | Window.IsVisible(6000)</visible>
						</item>
						<item>
							<label fallback="31014">$VAR[value_menu40509.label]</label>
							<property name="condition">$INFO[skin.string(menu40509.visible)]</property>
							<property name="name">menu40509</property>
							<property name="id">$INFO[skin.string(menu40509.master)]</property>
							<onclick condition="Window.IsVisible(6000)">SetFocus(5000)</onclick>
							<onclick condition="Window.IsVisible(Home)">Dialog.Close(6405)</onclick>
							<onclick condition="Window.IsVisible(Home)">Skin.SetString(submenu_action,$VAR[value_menu40509.action])</onclick>
							<visible>![String.IsEmpty(skin.string(menu40509.master)) | String.Contains(skin.string(menu40509.visible),off)] | Window.IsVisible(6000)</visible>
						</item>
						<item>
							<label fallback="31014">$VAR[value_menu40510.label]</label>
							<property name="condition">$INFO[skin.string(menu40510.visible)]</property>
							<property name="name">menu40510</property>
							<property name="id">$INFO[skin.string(menu40510.master)]</property>
							<onclick condition="Window.IsVisible(6000)">SetFocus(5000)</onclick>
							<onclick condition="Window.IsVisible(Home)">Dialog.Close(6405)</onclick>
							<onclick condition="Window.IsVisible(Home)">Skin.SetString(submenu_action,$VAR[value_menu40510.action])</onclick>
							<visible>![String.IsEmpty(skin.string(menu40510.master)) | String.Contains(skin.string(menu40510.visible),off)] | Window.IsVisible(6000)</visible>
						</item>
						<item>
							<label fallback="31014">$VAR[value_menu40511.label]</label>
							<property name="condition">$INFO[skin.string(menu40511.visible)]</property>
							<property name="name">menu40511</property>
							<property name="id">$INFO[skin.string(menu40511.master)]</property>
							<onclick condition="Window.IsVisible(6000)">SetFocus(5000)</onclick>
							<onclick condition="Window.IsVisible(Home)">Dialog.Close(6405)</onclick>
							<onclick condition="Window.IsVisible(Home)">Skin.SetString(submenu_action,$VAR[value_menu40511.action])</onclick>
							<visible>![String.IsEmpty(skin.string(menu40511.master)) | String.Contains(skin.string(menu40511.visible),off)] | Window.IsVisible(6000)</visible>
						</item>
						<item>
							<label fallback="31014">$VAR[value_menu40512.label]</label>
							<property name="condition">$INFO[skin.string(menu40512.visible)]</property>
							<property name="name">menu40512</property>
							<property name="id">$INFO[skin.string(menu40512.master)]</property>
							<onclick condition="Window.IsVisible(6000)">SetFocus(5000)</onclick>
							<onclick condition="Window.IsVisible(Home)">Dialog.Close(6405)</onclick>
							<onclick condition="Window.IsVisible(Home)">Skin.SetString(submenu_action,$VAR[value_menu40512.action])</onclick>
							<visible>![String.IsEmpty(skin.string(menu40512.master)) | String.Contains(skin.string(menu40512.visible),off)] | Window.IsVisible(6000)</visible>
						</item>
						<item>
							<label fallback="31014">$VAR[value_menu40513.label]</label>
							<property name="condition">$INFO[skin.string(menu40513.visible)]</property>
							<property name="name">menu40513</property>
							<property name="id">$INFO[skin.string(menu40513.master)]</property>
							<onclick condition="Window.IsVisible(6000)">SetFocus(5000)</onclick>
							<onclick condition="Window.IsVisible(Home)">Dialog.Close(6405)</onclick>
							<onclick condition="Window.IsVisible(Home)">Skin.SetString(submenu_action,$VAR[value_menu40513.action])</onclick>
							<visible>![String.IsEmpty(skin.string(menu40513.master)) | String.Contains(skin.string(menu40513.visible),off)] | Window.IsVisible(6000)</visible>
						</item>
						<item>
							<label fallback="31014">$VAR[value_menu40514.label]</label>
							<property name="condition">$INFO[skin.string(menu40514.visible)]</property>
							<property name="name">menu40514</property>
							<property name="id">$INFO[skin.string(menu40514.master)]</property>
							<onclick condition="Window.IsVisible(6000)">SetFocus(5000)</onclick>
							<onclick condition="Window.IsVisible(Home)">Dialog.Close(6405)</onclick>
							<onclick condition="Window.IsVisible(Home)">Skin.SetString(submenu_action,$VAR[value_menu40514.action])</onclick>
							<visible>![String.IsEmpty(skin.string(menu40514.master)) | String.Contains(skin.string(menu40514.visible),off)] | Window.IsVisible(6000)</visible>
						</item>
						<item>
							<label fallback="31014">$VAR[value_menu40515.label]</label>
							<property name="condition">$INFO[skin.string(menu40515.visible)]</property>
							<property name="name">menu40515</property>
							<property name="id">$INFO[skin.string(menu40515.master)]</property>
							<onclick condition="Window.IsVisible(6000)">SetFocus(5000)</onclick>
							<onclick condition="Window.IsVisible(Home)">Dialog.Close(6405)</onclick>
							<onclick condition="Window.IsVisible(Home)">Skin.SetString(submenu_action,$VAR[value_menu40515.action])</onclick>
							<visible>![String.IsEmpty(skin.string(menu40515.master)) | String.Contains(skin.string(menu40515.visible),off)] | Window.IsVisible(6000)</visible>
						</item>
					</content>
				</control>
				<include condition="Window.IsVisible(6000)">Glass</include>
			</control>
		</control>
	</controls>
</window>
