<?xml version="1.0" encoding="utf-8"?>
<!-- Aeon MQ 5 -->
<window id="6419" type="dialog">
	<!-- Favorito 19 -->
	<defaultcontrol></defaultcontrol>
	<include>SubMenuCommon</include>
	<controls>
		<control type="group">
			<include condition="Window.IsVisible(6000)">MenuCustom</include>
			<control type="group">
				<!-- default group -->
				<include>Animation_SubMenu</include>
				<include condition="Window.IsVisible(6000)">SubmenuGoTo</include>
				<include condition="Window.IsVisible(Home)">SubMenuDefault</include>
				<control type="panel" id="9000">
					<include condition="Window.IsVisible(6000)">SubmenuVList</include>
					<include condition="Window.IsVisible(Home)">SubmenuHList</include>
					<content>
						<item>
							<label fallback="31014">$VAR[value_menu41901.label]</label>
							<property name="condition">$INFO[skin.string(menu41901.visible)]</property>
							<property name="name">menu41901</property>
							<property name="id">$INFO[skin.string(menu41901.master)]</property>
							<onclick condition="Window.IsVisible(6000)">SetFocus(5000)</onclick>
							<onclick condition="Window.IsVisible(Home)">Dialog.Close(6419)</onclick>
							<onclick condition="Window.IsVisible(Home)">Skin.SetString(submenu_action,$VAR[value_menu41901.action])</onclick>
							<visible>![String.IsEmpty(skin.string(menu41901.master)) | String.Contains(skin.string(menu41901.visible),off)] | Window.IsVisible(6000)</visible>
						</item>
						<item>
							<label fallback="31014">$VAR[value_menu41902.label]</label>
							<property name="condition">$INFO[skin.string(menu41902.visible)]</property>
							<property name="name">menu41902</property>
							<property name="id">$INFO[skin.string(menu41902.master)]</property>
							<onclick condition="Window.IsVisible(6000)">SetFocus(5000)</onclick>
							<onclick condition="Window.IsVisible(Home)">Dialog.Close(6419)</onclick>
							<onclick condition="Window.IsVisible(Home)">Skin.SetString(submenu_action,$VAR[value_menu41902.action])</onclick>
							<visible>![String.IsEmpty(skin.string(menu41902.master)) | String.Contains(skin.string(menu41902.visible),off)] | Window.IsVisible(6000)</visible>
						</item>
						<item>
							<label fallback="31014">$VAR[value_menu41903.label]</label>
							<property name="condition">$INFO[skin.string(menu41903.visible)]</property>
							<property name="name">menu41903</property>
							<property name="id">$INFO[skin.string(menu41903.master)]</property>
							<onclick condition="Window.IsVisible(6000)">SetFocus(5000)</onclick>
							<onclick condition="Window.IsVisible(Home)">Dialog.Close(6419)</onclick>
							<onclick condition="Window.IsVisible(Home)">Skin.SetString(submenu_action,$VAR[value_menu41903.action])</onclick>
							<visible>![String.IsEmpty(skin.string(menu41903.master)) | String.Contains(skin.string(menu41903.visible),off)] | Window.IsVisible(6000)</visible>
						</item>
						<item>
							<label fallback="31014">$VAR[value_menu41904.label]</label>
							<property name="condition">$INFO[skin.string(menu41904.visible)]</property>
							<property name="name">menu41904</property>
							<property name="id">$INFO[skin.string(menu41904.master)]</property>
							<onclick condition="Window.IsVisible(6000)">SetFocus(5000)</onclick>
							<onclick condition="Window.IsVisible(Home)">Dialog.Close(6419)</onclick>
							<onclick condition="Window.IsVisible(Home)">Skin.SetString(submenu_action,$VAR[value_menu41904.action])</onclick>
							<visible>![String.IsEmpty(skin.string(menu41904.master)) | String.Contains(skin.string(menu41904.visible),off)] | Window.IsVisible(6000)</visible>
						</item>
						<item>
							<label fallback="31014">$VAR[value_menu41905.label]</label>
							<property name="condition">$INFO[skin.string(menu41905.visible)]</property>
							<property name="name">menu41905</property>
							<property name="id">$INFO[skin.string(menu41905.master)]</property>
							<onclick condition="Window.IsVisible(6000)">SetFocus(5000)</onclick>
							<onclick condition="Window.IsVisible(Home)">Dialog.Close(6419)</onclick>
							<onclick condition="Window.IsVisible(Home)">Skin.SetString(submenu_action,$VAR[value_menu41905.action])</onclick>
							<visible>![String.IsEmpty(skin.string(menu41905.master)) | String.Contains(skin.string(menu41905.visible),off)] | Window.IsVisible(6000)</visible>
						</item>
						<item>
							<label fallback="31014">$VAR[value_menu41906.label]</label>
							<property name="condition">$INFO[skin.string(menu41906.visible)]</property>
							<property name="name">menu41906</property>
							<property name="id">$INFO[skin.string(menu41906.master)]</property>
							<onclick condition="Window.IsVisible(6000)">SetFocus(5000)</onclick>
							<onclick condition="Window.IsVisible(Home)">Dialog.Close(6419)</onclick>
							<onclick condition="Window.IsVisible(Home)">Skin.SetString(submenu_action,$VAR[value_menu41906.action])</onclick>
							<visible>![String.IsEmpty(skin.string(menu41906.master)) | String.Contains(skin.string(menu41906.visible),off)] | Window.IsVisible(6000)</visible>
						</item>
						<item>
							<label fallback="31014">$VAR[value_menu41907.label]</label>
							<property name="condition">$INFO[skin.string(menu41907.visible)]</property>
							<property name="name">menu41907</property>
							<property name="id">$INFO[skin.string(menu41907.master)]</property>
							<onclick condition="Window.IsVisible(6000)">SetFocus(5000)</onclick>
							<onclick condition="Window.IsVisible(Home)">Dialog.Close(6419)</onclick>
							<onclick condition="Window.IsVisible(Home)">Skin.SetString(submenu_action,$VAR[value_menu41907.action])</onclick>
							<visible>![String.IsEmpty(skin.string(menu41907.master)) | String.Contains(skin.string(menu41907.visible),off)] | Window.IsVisible(6000)</visible>
						</item>
						<item>
							<label fallback="31014">$VAR[value_menu41908.label]</label>
							<property name="condition">$INFO[skin.string(menu41908.visible)]</property>
							<property name="name">menu41908</property>
							<property name="id">$INFO[skin.string(menu41908.master)]</property>
							<onclick condition="Window.IsVisible(6000)">SetFocus(5000)</onclick>
							<onclick condition="Window.IsVisible(Home)">Dialog.Close(6419)</onclick>
							<onclick condition="Window.IsVisible(Home)">Skin.SetString(submenu_action,$VAR[value_menu41908.action])</onclick>
							<visible>![String.IsEmpty(skin.string(menu41908.master)) | String.Contains(skin.string(menu41908.visible),off)] | Window.IsVisible(6000)</visible>
						</item>
						<item>
							<label fallback="31014">$VAR[value_menu41909.label]</label>
							<property name="condition">$INFO[skin.string(menu41909.visible)]</property>
							<property name="name">menu41909</property>
							<property name="id">$INFO[skin.string(menu41909.master)]</property>
							<onclick condition="Window.IsVisible(6000)">SetFocus(5000)</onclick>
							<onclick condition="Window.IsVisible(Home)">Dialog.Close(6419)</onclick>
							<onclick condition="Window.IsVisible(Home)">Skin.SetString(submenu_action,$VAR[value_menu41909.action])</onclick>
							<visible>![String.IsEmpty(skin.string(menu41909.master)) | String.Contains(skin.string(menu41909.visible),off)] | Window.IsVisible(6000)</visible>
						</item>
						<item>
							<label fallback="31014">$VAR[value_menu41910.label]</label>
							<property name="condition">$INFO[skin.string(menu41910.visible)]</property>
							<property name="name">menu41910</property>
							<property name="id">$INFO[skin.string(menu41910.master)]</property>
							<onclick condition="Window.IsVisible(6000)">SetFocus(5000)</onclick>
							<onclick condition="Window.IsVisible(Home)">Dialog.Close(6419)</onclick>
							<onclick condition="Window.IsVisible(Home)">Skin.SetString(submenu_action,$VAR[value_menu41910.action])</onclick>
							<visible>![String.IsEmpty(skin.string(menu41910.master)) | String.Contains(skin.string(menu41910.visible),off)] | Window.IsVisible(6000)</visible>
						</item>
						<item>
							<label fallback="31014">$VAR[value_menu41911.label]</label>
							<property name="condition">$INFO[skin.string(menu41911.visible)]</property>
							<property name="name">menu41911</property>
							<property name="id">$INFO[skin.string(menu41911.master)]</property>
							<onclick condition="Window.IsVisible(6000)">SetFocus(5000)</onclick>
							<onclick condition="Window.IsVisible(Home)">Dialog.Close(6419)</onclick>
							<onclick condition="Window.IsVisible(Home)">Skin.SetString(submenu_action,$VAR[value_menu41911.action])</onclick>
							<visible>![String.IsEmpty(skin.string(menu41911.master)) | String.Contains(skin.string(menu41911.visible),off)] | Window.IsVisible(6000)</visible>
						</item>
						<item>
							<label fallback="31014">$VAR[value_menu41912.label]</label>
							<property name="condition">$INFO[skin.string(menu41912.visible)]</property>
							<property name="name">menu41912</property>
							<property name="id">$INFO[skin.string(menu41912.master)]</property>
							<onclick condition="Window.IsVisible(6000)">SetFocus(5000)</onclick>
							<onclick condition="Window.IsVisible(Home)">Dialog.Close(6419)</onclick>
							<onclick condition="Window.IsVisible(Home)">Skin.SetString(submenu_action,$VAR[value_menu41912.action])</onclick>
							<visible>![String.IsEmpty(skin.string(menu41912.master)) | String.Contains(skin.string(menu41912.visible),off)] | Window.IsVisible(6000)</visible>
						</item>
						<item>
							<label fallback="31014">$VAR[value_menu41913.label]</label>
							<property name="condition">$INFO[skin.string(menu41913.visible)]</property>
							<property name="name">menu41913</property>
							<property name="id">$INFO[skin.string(menu41913.master)]</property>
							<onclick condition="Window.IsVisible(6000)">SetFocus(5000)</onclick>
							<onclick condition="Window.IsVisible(Home)">Dialog.Close(6419)</onclick>
							<onclick condition="Window.IsVisible(Home)">Skin.SetString(submenu_action,$VAR[value_menu41913.action])</onclick>
							<visible>![String.IsEmpty(skin.string(menu41913.master)) | String.Contains(skin.string(menu41913.visible),off)] | Window.IsVisible(6000)</visible>
						</item>
						<item>
							<label fallback="31014">$VAR[value_menu41914.label]</label>
							<property name="condition">$INFO[skin.string(menu41914.visible)]</property>
							<property name="name">menu41914</property>
							<property name="id">$INFO[skin.string(menu41914.master)]</property>
							<onclick condition="Window.IsVisible(6000)">SetFocus(5000)</onclick>
							<onclick condition="Window.IsVisible(Home)">Dialog.Close(6419)</onclick>
							<onclick condition="Window.IsVisible(Home)">Skin.SetString(submenu_action,$VAR[value_menu41914.action])</onclick>
							<visible>![String.IsEmpty(skin.string(menu41914.master)) | String.Contains(skin.string(menu41914.visible),off)] | Window.IsVisible(6000)</visible>
						</item>
						<item>
							<label fallback="31014">$VAR[value_menu41915.label]</label>
							<property name="condition">$INFO[skin.string(menu41915.visible)]</property>
							<property name="name">menu41915</property>
							<property name="id">$INFO[skin.string(menu41915.master)]</property>
							<onclick condition="Window.IsVisible(6000)">SetFocus(5000)</onclick>
							<onclick condition="Window.IsVisible(Home)">Dialog.Close(6419)</onclick>
							<onclick condition="Window.IsVisible(Home)">Skin.SetString(submenu_action,$VAR[value_menu41915.action])</onclick>
							<visible>![String.IsEmpty(skin.string(menu41915.master)) | String.Contains(skin.string(menu41915.visible),off)] | Window.IsVisible(6000)</visible>
						</item>
					</content>
				</control>
				<include condition="Window.IsVisible(6000)">Glass</include>
			</control>
		</control>
	</controls>
</window>
