<?xml version="1.0" encoding="utf-8"?>
<!-- Aeon MQ 5 -->
<window id="6308" type="dialog">
	<!-- Vnode 8 -->
	<defaultcontrol></defaultcontrol>
	<include>SubMenuCommon</include>
	<controls>
		<control type="group">
			<include condition="Window.IsVisible(6000)">MenuCustom</include>
			<control type="group">
				<!-- default group -->
				<include>Animation_SubMenu</include>
				<include condition="Window.IsVisible(6000)">SubmenuGoTo</include>
				<include condition="Window.IsVisible(Home)">SubMenuDefault</include>
				<control type="panel" id="9000">
					<include condition="Window.IsVisible(6000)">SubmenuVList</include>
					<include condition="Window.IsVisible(Home)">SubmenuHList</include>
					<content>
						<item>
							<label fallback="31014">$VAR[value_menu30801.label]</label>
							<property name="condition">$INFO[skin.string(menu30801.visible)]</property>
							<property name="name">menu30801</property>
							<property name="id">$INFO[skin.string(menu30801.master)]</property>
							<onclick condition="Window.IsVisible(6000)">SetFocus(5000)</onclick>
							<onclick condition="Window.IsVisible(Home)">Dialog.Close(6308)</onclick>
							<onclick condition="Window.IsVisible(Home)">Skin.SetString(submenu_action,$VAR[value_menu30801.action])</onclick>
							<visible>![String.IsEmpty(skin.string(menu30801.master)) | String.Contains(skin.string(menu30801.visible),off)] | Window.IsVisible(6000)</visible>
						</item>
						<item>
							<label fallback="31014">$VAR[value_menu30802.label]</label>
							<property name="condition">$INFO[skin.string(menu30802.visible)]</property>
							<property name="name">menu30802</property>
							<property name="id">$INFO[skin.string(menu30802.master)]</property>
							<onclick condition="Window.IsVisible(6000)">SetFocus(5000)</onclick>
							<onclick condition="Window.IsVisible(Home)">Dialog.Close(6308)</onclick>
							<onclick condition="Window.IsVisible(Home)">Skin.SetString(submenu_action,$VAR[value_menu30802.action])</onclick>
							<visible>![String.IsEmpty(skin.string(menu30802.master)) | String.Contains(skin.string(menu30802.visible),off)] | Window.IsVisible(6000)</visible>
						</item>
						<item>
							<label fallback="31014">$VAR[value_menu30803.label]</label>
							<property name="condition">$INFO[skin.string(menu30803.visible)]</property>
							<property name="name">menu30803</property>
							<property name="id">$INFO[skin.string(menu30803.master)]</property>
							<onclick condition="Window.IsVisible(6000)">SetFocus(5000)</onclick>
							<onclick condition="Window.IsVisible(Home)">Dialog.Close(6308)</onclick>
							<onclick condition="Window.IsVisible(Home)">Skin.SetString(submenu_action,$VAR[value_menu30803.action])</onclick>
							<visible>![String.IsEmpty(skin.string(menu30803.master)) | String.Contains(skin.string(menu30803.visible),off)] | Window.IsVisible(6000)</visible>
						</item>
						<item>
							<label fallback="31014">$VAR[value_menu30804.label]</label>
							<property name="condition">$INFO[skin.string(menu30804.visible)]</property>
							<property name="name">menu30804</property>
							<property name="id">$INFO[skin.string(menu30804.master)]</property>
							<onclick condition="Window.IsVisible(6000)">SetFocus(5000)</onclick>
							<onclick condition="Window.IsVisible(Home)">Dialog.Close(6308)</onclick>
							<onclick condition="Window.IsVisible(Home)">Skin.SetString(submenu_action,$VAR[value_menu30804.action])</onclick>
							<visible>![String.IsEmpty(skin.string(menu30804.master)) | String.Contains(skin.string(menu30804.visible),off)] | Window.IsVisible(6000)</visible>
						</item>
						<item>
							<label fallback="31014">$VAR[value_menu30805.label]</label>
							<property name="condition">$INFO[skin.string(menu30805.visible)]</property>
							<property name="name">menu30805</property>
							<property name="id">$INFO[skin.string(menu30805.master)]</property>
							<onclick condition="Window.IsVisible(6000)">SetFocus(5000)</onclick>
							<onclick condition="Window.IsVisible(Home)">Dialog.Close(6308)</onclick>
							<onclick condition="Window.IsVisible(Home)">Skin.SetString(submenu_action,$VAR[value_menu30805.action])</onclick>
							<visible>![String.IsEmpty(skin.string(menu30805.master)) | String.Contains(skin.string(menu30805.visible),off)] | Window.IsVisible(6000)</visible>
						</item>
						<item>
							<label fallback="31014">$VAR[value_menu30806.label]</label>
							<property name="condition">$INFO[skin.string(menu30806.visible)]</property>
							<property name="name">menu30806</property>
							<property name="id">$INFO[skin.string(menu30806.master)]</property>
							<onclick condition="Window.IsVisible(6000)">SetFocus(5000)</onclick>
							<onclick condition="Window.IsVisible(Home)">Dialog.Close(6308)</onclick>
							<onclick condition="Window.IsVisible(Home)">Skin.SetString(submenu_action,$VAR[value_menu30806.action])</onclick>
							<visible>![String.IsEmpty(skin.string(menu30806.master)) | String.Contains(skin.string(menu30806.visible),off)] | Window.IsVisible(6000)</visible>
						</item>
						<item>
							<label fallback="31014">$VAR[value_menu30807.label]</label>
							<property name="condition">$INFO[skin.string(menu30807.visible)]</property>
							<property name="name">menu30807</property>
							<property name="id">$INFO[skin.string(menu30807.master)]</property>
							<onclick condition="Window.IsVisible(6000)">SetFocus(5000)</onclick>
							<onclick condition="Window.IsVisible(Home)">Dialog.Close(6308)</onclick>
							<onclick condition="Window.IsVisible(Home)">Skin.SetString(submenu_action,$VAR[value_menu30807.action])</onclick>
							<visible>![String.IsEmpty(skin.string(menu30807.master)) | String.Contains(skin.string(menu30807.visible),off)] | Window.IsVisible(6000)</visible>
						</item>
						<item>
							<label fallback="31014">$VAR[value_menu30808.label]</label>
							<property name="condition">$INFO[skin.string(menu30808.visible)]</property>
							<property name="name">menu30808</property>
							<property name="id">$INFO[skin.string(menu30808.master)]</property>
							<onclick condition="Window.IsVisible(6000)">SetFocus(5000)</onclick>
							<onclick condition="Window.IsVisible(Home)">Dialog.Close(6308)</onclick>
							<onclick condition="Window.IsVisible(Home)">Skin.SetString(submenu_action,$VAR[value_menu30808.action])</onclick>
							<visible>![String.IsEmpty(skin.string(menu30808.master)) | String.Contains(skin.string(menu30808.visible),off)] | Window.IsVisible(6000)</visible>
						</item>
						<item>
							<label fallback="31014">$VAR[value_menu30809.label]</label>
							<property name="condition">$INFO[skin.string(menu30809.visible)]</property>
							<property name="name">menu30809</property>
							<property name="id">$INFO[skin.string(menu30809.master)]</property>
							<onclick condition="Window.IsVisible(6000)">SetFocus(5000)</onclick>
							<onclick condition="Window.IsVisible(Home)">Dialog.Close(6308)</onclick>
							<onclick condition="Window.IsVisible(Home)">Skin.SetString(submenu_action,$VAR[value_menu30809.action])</onclick>
							<visible>![String.IsEmpty(skin.string(menu30809.master)) | String.Contains(skin.string(menu30809.visible),off)] | Window.IsVisible(6000)</visible>
						</item>
						<item>
							<label fallback="31014">$VAR[value_menu30810.label]</label>
							<property name="condition">$INFO[skin.string(menu30810.visible)]</property>
							<property name="name">menu30810</property>
							<property name="id">$INFO[skin.string(menu30810.master)]</property>
							<onclick condition="Window.IsVisible(6000)">SetFocus(5000)</onclick>
							<onclick condition="Window.IsVisible(Home)">Dialog.Close(6308)</onclick>
							<onclick condition="Window.IsVisible(Home)">Skin.SetString(submenu_action,$VAR[value_menu30810.action])</onclick>
							<visible>![String.IsEmpty(skin.string(menu30810.master)) | String.Contains(skin.string(menu30810.visible),off)] | Window.IsVisible(6000)</visible>
						</item>
						<item>
							<label fallback="31014">$VAR[value_menu30811.label]</label>
							<property name="condition">$INFO[skin.string(menu30811.visible)]</property>
							<property name="name">menu30811</property>
							<property name="id">$INFO[skin.string(menu30811.master)]</property>
							<onclick condition="Window.IsVisible(6000)">SetFocus(5000)</onclick>
							<onclick condition="Window.IsVisible(Home)">Dialog.Close(6308)</onclick>
							<onclick condition="Window.IsVisible(Home)">Skin.SetString(submenu_action,$VAR[value_menu30811.action])</onclick>
							<visible>![String.IsEmpty(skin.string(menu30811.master)) | String.Contains(skin.string(menu30811.visible),off)] | Window.IsVisible(6000)</visible>
						</item>
						<item>
							<label fallback="31014">$VAR[value_menu30812.label]</label>
							<property name="condition">$INFO[skin.string(menu30812.visible)]</property>
							<property name="name">menu30812</property>
							<property name="id">$INFO[skin.string(menu30812.master)]</property>
							<onclick condition="Window.IsVisible(6000)">SetFocus(5000)</onclick>
							<onclick condition="Window.IsVisible(Home)">Dialog.Close(6308)</onclick>
							<onclick condition="Window.IsVisible(Home)">Skin.SetString(submenu_action,$VAR[value_menu30812.action])</onclick>
							<visible>![String.IsEmpty(skin.string(menu30812.master)) | String.Contains(skin.string(menu30812.visible),off)] | Window.IsVisible(6000)</visible>
						</item>
						<item>
							<label fallback="31014">$VAR[value_menu30813.label]</label>
							<property name="condition">$INFO[skin.string(menu30813.visible)]</property>
							<property name="name">menu30813</property>
							<property name="id">$INFO[skin.string(menu30813.master)]</property>
							<onclick condition="Window.IsVisible(6000)">SetFocus(5000)</onclick>
							<onclick condition="Window.IsVisible(Home)">Dialog.Close(6308)</onclick>
							<onclick condition="Window.IsVisible(Home)">Skin.SetString(submenu_action,$VAR[value_menu30813.action])</onclick>
							<visible>![String.IsEmpty(skin.string(menu30813.master)) | String.Contains(skin.string(menu30813.visible),off)] | Window.IsVisible(6000)</visible>
						</item>
						<item>
							<label fallback="31014">$VAR[value_menu30814.label]</label>
							<property name="condition">$INFO[skin.string(menu30814.visible)]</property>
							<property name="name">menu30814</property>
							<property name="id">$INFO[skin.string(menu30814.master)]</property>
							<onclick condition="Window.IsVisible(6000)">SetFocus(5000)</onclick>
							<onclick condition="Window.IsVisible(Home)">Dialog.Close(6308)</onclick>
							<onclick condition="Window.IsVisible(Home)">Skin.SetString(submenu_action,$VAR[value_menu30814.action])</onclick>
							<visible>![String.IsEmpty(skin.string(menu30814.master)) | String.Contains(skin.string(menu30814.visible),off)] | Window.IsVisible(6000)</visible>
						</item>
						<item>
							<label fallback="31014">$VAR[value_menu30815.label]</label>
							<property name="condition">$INFO[skin.string(menu30815.visible)]</property>
							<property name="name">menu30815</property>
							<property name="id">$INFO[skin.string(menu30815.master)]</property>
							<onclick condition="Window.IsVisible(6000)">SetFocus(5000)</onclick>
							<onclick condition="Window.IsVisible(Home)">Dialog.Close(6308)</onclick>
							<onclick condition="Window.IsVisible(Home)">Skin.SetString(submenu_action,$VAR[value_menu30815.action])</onclick>
							<visible>![String.IsEmpty(skin.string(menu30815.master)) | String.Contains(skin.string(menu30815.visible),off)] | Window.IsVisible(6000)</visible>
						</item>
					</content>
				</control>
				<include condition="Window.IsVisible(6000)">Glass</include>
			</control>
		</control>
	</controls>
</window>
