<?xml version="1.0" encoding="utf-8"?>
<!-- Aeon MQ 5 -->
<window id="6220" type="dialog">
	<!-- A-Playlist 20 -->
	<defaultcontrol></defaultcontrol>
	<include>SubMenuCommon</include>
	<controls>
		<control type="group">
			<include condition="Window.IsVisible(6000)">MenuCustom</include>
			<control type="group">
				<!-- default group -->
				<include>Animation_SubMenu</include>
				<include condition="Window.IsVisible(6000)">SubmenuGoTo</include>
				<include condition="Window.IsVisible(Home)">SubMenuDefault</include>
				<control type="panel" id="9000">
					<include condition="Window.IsVisible(6000)">SubmenuVList</include>
					<include condition="Window.IsVisible(Home)">SubmenuHList</include>
					<content>
						<item>
							<label fallback="31014">$VAR[value_menu22001.label]</label>
							<property name="condition">$INFO[skin.string(menu22001.visible)]</property>
							<property name="name">menu22001</property>
							<property name="id">$INFO[skin.string(menu22001.master)]</property>
							<onclick condition="Window.IsVisible(6000)">SetFocus(5000)</onclick>
							<onclick condition="Window.IsVisible(Home)">Dialog.Close(6220)</onclick>
							<onclick condition="Window.IsVisible(Home)">Skin.SetString(submenu_action,$VAR[value_menu22001.action])</onclick>
							<visible>![String.IsEmpty(skin.string(menu22001.master)) | String.Contains(skin.string(menu22001.visible),off)] | Window.IsVisible(6000)</visible>
						</item>
						<item>
							<label fallback="31014">$VAR[value_menu22002.label]</label>
							<property name="condition">$INFO[skin.string(menu22002.visible)]</property>
							<property name="name">menu22002</property>
							<property name="id">$INFO[skin.string(menu22002.master)]</property>
							<onclick condition="Window.IsVisible(6000)">SetFocus(5000)</onclick>
							<onclick condition="Window.IsVisible(Home)">Dialog.Close(6220)</onclick>
							<onclick condition="Window.IsVisible(Home)">Skin.SetString(submenu_action,$VAR[value_menu22002.action])</onclick>
							<visible>![String.IsEmpty(skin.string(menu22002.master)) | String.Contains(skin.string(menu22002.visible),off)] | Window.IsVisible(6000)</visible>
						</item>
						<item>
							<label fallback="31014">$VAR[value_menu22003.label]</label>
							<property name="condition">$INFO[skin.string(menu22003.visible)]</property>
							<property name="name">menu22003</property>
							<property name="id">$INFO[skin.string(menu22003.master)]</property>
							<onclick condition="Window.IsVisible(6000)">SetFocus(5000)</onclick>
							<onclick condition="Window.IsVisible(Home)">Dialog.Close(6220)</onclick>
							<onclick condition="Window.IsVisible(Home)">Skin.SetString(submenu_action,$VAR[value_menu22003.action])</onclick>
							<visible>![String.IsEmpty(skin.string(menu22003.master)) | String.Contains(skin.string(menu22003.visible),off)] | Window.IsVisible(6000)</visible>
						</item>
						<item>
							<label fallback="31014">$VAR[value_menu22004.label]</label>
							<property name="condition">$INFO[skin.string(menu22004.visible)]</property>
							<property name="name">menu22004</property>
							<property name="id">$INFO[skin.string(menu22004.master)]</property>
							<onclick condition="Window.IsVisible(6000)">SetFocus(5000)</onclick>
							<onclick condition="Window.IsVisible(Home)">Dialog.Close(6220)</onclick>
							<onclick condition="Window.IsVisible(Home)">Skin.SetString(submenu_action,$VAR[value_menu22004.action])</onclick>
							<visible>![String.IsEmpty(skin.string(menu22004.master)) | String.Contains(skin.string(menu22004.visible),off)] | Window.IsVisible(6000)</visible>
						</item>
						<item>
							<label fallback="31014">$VAR[value_menu22005.label]</label>
							<property name="condition">$INFO[skin.string(menu22005.visible)]</property>
							<property name="name">menu22005</property>
							<property name="id">$INFO[skin.string(menu22005.master)]</property>
							<onclick condition="Window.IsVisible(6000)">SetFocus(5000)</onclick>
							<onclick condition="Window.IsVisible(Home)">Dialog.Close(6220)</onclick>
							<onclick condition="Window.IsVisible(Home)">Skin.SetString(submenu_action,$VAR[value_menu22005.action])</onclick>
							<visible>![String.IsEmpty(skin.string(menu22005.master)) | String.Contains(skin.string(menu22005.visible),off)] | Window.IsVisible(6000)</visible>
						</item>
						<item>
							<label fallback="31014">$VAR[value_menu22006.label]</label>
							<property name="condition">$INFO[skin.string(menu22006.visible)]</property>
							<property name="name">menu22006</property>
							<property name="id">$INFO[skin.string(menu22006.master)]</property>
							<onclick condition="Window.IsVisible(6000)">SetFocus(5000)</onclick>
							<onclick condition="Window.IsVisible(Home)">Dialog.Close(6220)</onclick>
							<onclick condition="Window.IsVisible(Home)">Skin.SetString(submenu_action,$VAR[value_menu22006.action])</onclick>
							<visible>![String.IsEmpty(skin.string(menu22006.master)) | String.Contains(skin.string(menu22006.visible),off)] | Window.IsVisible(6000)</visible>
						</item>
						<item>
							<label fallback="31014">$VAR[value_menu22007.label]</label>
							<property name="condition">$INFO[skin.string(menu22007.visible)]</property>
							<property name="name">menu22007</property>
							<property name="id">$INFO[skin.string(menu22007.master)]</property>
							<onclick condition="Window.IsVisible(6000)">SetFocus(5000)</onclick>
							<onclick condition="Window.IsVisible(Home)">Dialog.Close(6220)</onclick>
							<onclick condition="Window.IsVisible(Home)">Skin.SetString(submenu_action,$VAR[value_menu22007.action])</onclick>
							<visible>![String.IsEmpty(skin.string(menu22007.master)) | String.Contains(skin.string(menu22007.visible),off)] | Window.IsVisible(6000)</visible>
						</item>
						<item>
							<label fallback="31014">$VAR[value_menu22008.label]</label>
							<property name="condition">$INFO[skin.string(menu22008.visible)]</property>
							<property name="name">menu22008</property>
							<property name="id">$INFO[skin.string(menu22008.master)]</property>
							<onclick condition="Window.IsVisible(6000)">SetFocus(5000)</onclick>
							<onclick condition="Window.IsVisible(Home)">Dialog.Close(6220)</onclick>
							<onclick condition="Window.IsVisible(Home)">Skin.SetString(submenu_action,$VAR[value_menu22008.action])</onclick>
							<visible>![String.IsEmpty(skin.string(menu22008.master)) | String.Contains(skin.string(menu22008.visible),off)] | Window.IsVisible(6000)</visible>
						</item>
						<item>
							<label fallback="31014">$VAR[value_menu22009.label]</label>
							<property name="condition">$INFO[skin.string(menu22009.visible)]</property>
							<property name="name">menu22009</property>
							<property name="id">$INFO[skin.string(menu22009.master)]</property>
							<onclick condition="Window.IsVisible(6000)">SetFocus(5000)</onclick>
							<onclick condition="Window.IsVisible(Home)">Dialog.Close(6220)</onclick>
							<onclick condition="Window.IsVisible(Home)">Skin.SetString(submenu_action,$VAR[value_menu22009.action])</onclick>
							<visible>![String.IsEmpty(skin.string(menu22009.master)) | String.Contains(skin.string(menu22009.visible),off)] | Window.IsVisible(6000)</visible>
						</item>
						<item>
							<label fallback="31014">$VAR[value_menu22010.label]</label>
							<property name="condition">$INFO[skin.string(menu22010.visible)]</property>
							<property name="name">menu22010</property>
							<property name="id">$INFO[skin.string(menu22010.master)]</property>
							<onclick condition="Window.IsVisible(6000)">SetFocus(5000)</onclick>
							<onclick condition="Window.IsVisible(Home)">Dialog.Close(6220)</onclick>
							<onclick condition="Window.IsVisible(Home)">Skin.SetString(submenu_action,$VAR[value_menu22010.action])</onclick>
							<visible>![String.IsEmpty(skin.string(menu22010.master)) | String.Contains(skin.string(menu22010.visible),off)] | Window.IsVisible(6000)</visible>
						</item>
						<item>
							<label fallback="31014">$VAR[value_menu22011.label]</label>
							<property name="condition">$INFO[skin.string(menu22011.visible)]</property>
							<property name="name">menu22011</property>
							<property name="id">$INFO[skin.string(menu22011.master)]</property>
							<onclick condition="Window.IsVisible(6000)">SetFocus(5000)</onclick>
							<onclick condition="Window.IsVisible(Home)">Dialog.Close(6220)</onclick>
							<onclick condition="Window.IsVisible(Home)">Skin.SetString(submenu_action,$VAR[value_menu22011.action])</onclick>
							<visible>![String.IsEmpty(skin.string(menu22011.master)) | String.Contains(skin.string(menu22011.visible),off)] | Window.IsVisible(6000)</visible>
						</item>
						<item>
							<label fallback="31014">$VAR[value_menu22012.label]</label>
							<property name="condition">$INFO[skin.string(menu22012.visible)]</property>
							<property name="name">menu22012</property>
							<property name="id">$INFO[skin.string(menu22012.master)]</property>
							<onclick condition="Window.IsVisible(6000)">SetFocus(5000)</onclick>
							<onclick condition="Window.IsVisible(Home)">Dialog.Close(6220)</onclick>
							<onclick condition="Window.IsVisible(Home)">Skin.SetString(submenu_action,$VAR[value_menu22012.action])</onclick>
							<visible>![String.IsEmpty(skin.string(menu22012.master)) | String.Contains(skin.string(menu22012.visible),off)] | Window.IsVisible(6000)</visible>
						</item>
						<item>
							<label fallback="31014">$VAR[value_menu22013.label]</label>
							<property name="condition">$INFO[skin.string(menu22013.visible)]</property>
							<property name="name">menu22013</property>
							<property name="id">$INFO[skin.string(menu22013.master)]</property>
							<onclick condition="Window.IsVisible(6000)">SetFocus(5000)</onclick>
							<onclick condition="Window.IsVisible(Home)">Dialog.Close(6220)</onclick>
							<onclick condition="Window.IsVisible(Home)">Skin.SetString(submenu_action,$VAR[value_menu22013.action])</onclick>
							<visible>![String.IsEmpty(skin.string(menu22013.master)) | String.Contains(skin.string(menu22013.visible),off)] | Window.IsVisible(6000)</visible>
						</item>
						<item>
							<label fallback="31014">$VAR[value_menu22014.label]</label>
							<property name="condition">$INFO[skin.string(menu22014.visible)]</property>
							<property name="name">menu22014</property>
							<property name="id">$INFO[skin.string(menu22014.master)]</property>
							<onclick condition="Window.IsVisible(6000)">SetFocus(5000)</onclick>
							<onclick condition="Window.IsVisible(Home)">Dialog.Close(6220)</onclick>
							<onclick condition="Window.IsVisible(Home)">Skin.SetString(submenu_action,$VAR[value_menu22014.action])</onclick>
							<visible>![String.IsEmpty(skin.string(menu22014.master)) | String.Contains(skin.string(menu22014.visible),off)] | Window.IsVisible(6000)</visible>
						</item>
						<item>
							<label fallback="31014">$VAR[value_menu22015.label]</label>
							<property name="condition">$INFO[skin.string(menu22015.visible)]</property>
							<property name="name">menu22015</property>
							<property name="id">$INFO[skin.string(menu22015.master)]</property>
							<onclick condition="Window.IsVisible(6000)">SetFocus(5000)</onclick>
							<onclick condition="Window.IsVisible(Home)">Dialog.Close(6220)</onclick>
							<onclick condition="Window.IsVisible(Home)">Skin.SetString(submenu_action,$VAR[value_menu22015.action])</onclick>
							<visible>![String.IsEmpty(skin.string(menu22015.master)) | String.Contains(skin.string(menu22015.visible),off)] | Window.IsVisible(6000)</visible>
						</item>
					</content>
				</control>
				<include condition="Window.IsVisible(6000)">Glass</include>
			</control>
		</control>
	</controls>
</window>
