<?xml version="1.0" encoding="utf-8"?>
<!-- Aeon MQ 5 -->
<window id="6119" type="dialog">
	<!-- V-Playlist 19 -->
	<defaultcontrol></defaultcontrol>
	<include>SubMenuCommon</include>
	<controls>
		<control type="group">
			<include condition="Window.IsVisible(6000)">MenuCustom</include>
			<control type="group">
				<!-- default group -->
				<include>Animation_SubMenu</include>
				<include condition="Window.IsVisible(6000)">SubmenuGoTo</include>
				<include condition="Window.IsVisible(Home)">SubMenuDefault</include>
				<control type="panel" id="9000">
					<include condition="Window.IsVisible(6000)">SubmenuVList</include>
					<include condition="Window.IsVisible(Home)">SubmenuHList</include>
					<content>
						<item>
							<label fallback="31014">$VAR[value_menu11901.label]</label>
							<property name="condition">$INFO[skin.string(menu11901.visible)]</property>
							<property name="name">menu11901</property>
							<property name="id">$INFO[skin.string(menu11901.master)]</property>
							<onclick condition="Window.IsVisible(6000)">SetFocus(5000)</onclick>
							<onclick condition="Window.IsVisible(Home)">Dialog.Close(6119)</onclick>
							<onclick condition="Window.IsVisible(Home)">Skin.SetString(submenu_action,$VAR[value_menu11901.action])</onclick>
							<visible>![String.IsEmpty(skin.string(menu11901.master)) | String.Contains(skin.string(menu11901.visible),off)] | Window.IsVisible(6000)</visible>
						</item>
						<item>
							<label fallback="31014">$VAR[value_menu11902.label]</label>
							<property name="condition">$INFO[skin.string(menu11902.visible)]</property>
							<property name="name">menu11902</property>
							<property name="id">$INFO[skin.string(menu11902.master)]</property>
							<onclick condition="Window.IsVisible(6000)">SetFocus(5000)</onclick>
							<onclick condition="Window.IsVisible(Home)">Dialog.Close(6119)</onclick>
							<onclick condition="Window.IsVisible(Home)">Skin.SetString(submenu_action,$VAR[value_menu11902.action])</onclick>
							<visible>![String.IsEmpty(skin.string(menu11902.master)) | String.Contains(skin.string(menu11902.visible),off)] | Window.IsVisible(6000)</visible>
						</item>
						<item>
							<label fallback="31014">$VAR[value_menu11903.label]</label>
							<property name="condition">$INFO[skin.string(menu11903.visible)]</property>
							<property name="name">menu11903</property>
							<property name="id">$INFO[skin.string(menu11903.master)]</property>
							<onclick condition="Window.IsVisible(6000)">SetFocus(5000)</onclick>
							<onclick condition="Window.IsVisible(Home)">Dialog.Close(6119)</onclick>
							<onclick condition="Window.IsVisible(Home)">Skin.SetString(submenu_action,$VAR[value_menu11903.action])</onclick>
							<visible>![String.IsEmpty(skin.string(menu11903.master)) | String.Contains(skin.string(menu11903.visible),off)] | Window.IsVisible(6000)</visible>
						</item>
						<item>
							<label fallback="31014">$VAR[value_menu11904.label]</label>
							<property name="condition">$INFO[skin.string(menu11904.visible)]</property>
							<property name="name">menu11904</property>
							<property name="id">$INFO[skin.string(menu11904.master)]</property>
							<onclick condition="Window.IsVisible(6000)">SetFocus(5000)</onclick>
							<onclick condition="Window.IsVisible(Home)">Dialog.Close(6119)</onclick>
							<onclick condition="Window.IsVisible(Home)">Skin.SetString(submenu_action,$VAR[value_menu11904.action])</onclick>
							<visible>![String.IsEmpty(skin.string(menu11904.master)) | String.Contains(skin.string(menu11904.visible),off)] | Window.IsVisible(6000)</visible>
						</item>
						<item>
							<label fallback="31014">$VAR[value_menu11905.label]</label>
							<property name="condition">$INFO[skin.string(menu11905.visible)]</property>
							<property name="name">menu11905</property>
							<property name="id">$INFO[skin.string(menu11905.master)]</property>
							<onclick condition="Window.IsVisible(6000)">SetFocus(5000)</onclick>
							<onclick condition="Window.IsVisible(Home)">Dialog.Close(6119)</onclick>
							<onclick condition="Window.IsVisible(Home)">Skin.SetString(submenu_action,$VAR[value_menu11905.action])</onclick>
							<visible>![String.IsEmpty(skin.string(menu11905.master)) | String.Contains(skin.string(menu11905.visible),off)] | Window.IsVisible(6000)</visible>
						</item>
						<item>
							<label fallback="31014">$VAR[value_menu11906.label]</label>
							<property name="condition">$INFO[skin.string(menu11906.visible)]</property>
							<property name="name">menu11906</property>
							<property name="id">$INFO[skin.string(menu11906.master)]</property>
							<onclick condition="Window.IsVisible(6000)">SetFocus(5000)</onclick>
							<onclick condition="Window.IsVisible(Home)">Dialog.Close(6119)</onclick>
							<onclick condition="Window.IsVisible(Home)">Skin.SetString(submenu_action,$VAR[value_menu11906.action])</onclick>
							<visible>![String.IsEmpty(skin.string(menu11906.master)) | String.Contains(skin.string(menu11906.visible),off)] | Window.IsVisible(6000)</visible>
						</item>
						<item>
							<label fallback="31014">$VAR[value_menu11907.label]</label>
							<property name="condition">$INFO[skin.string(menu11907.visible)]</property>
							<property name="name">menu11907</property>
							<property name="id">$INFO[skin.string(menu11907.master)]</property>
							<onclick condition="Window.IsVisible(6000)">SetFocus(5000)</onclick>
							<onclick condition="Window.IsVisible(Home)">Dialog.Close(6119)</onclick>
							<onclick condition="Window.IsVisible(Home)">Skin.SetString(submenu_action,$VAR[value_menu11907.action])</onclick>
							<visible>![String.IsEmpty(skin.string(menu11907.master)) | String.Contains(skin.string(menu11907.visible),off)] | Window.IsVisible(6000)</visible>
						</item>
						<item>
							<label fallback="31014">$VAR[value_menu11908.label]</label>
							<property name="condition">$INFO[skin.string(menu11908.visible)]</property>
							<property name="name">menu11908</property>
							<property name="id">$INFO[skin.string(menu11908.master)]</property>
							<onclick condition="Window.IsVisible(6000)">SetFocus(5000)</onclick>
							<onclick condition="Window.IsVisible(Home)">Dialog.Close(6119)</onclick>
							<onclick condition="Window.IsVisible(Home)">Skin.SetString(submenu_action,$VAR[value_menu11908.action])</onclick>
							<visible>![String.IsEmpty(skin.string(menu11908.master)) | String.Contains(skin.string(menu11908.visible),off)] | Window.IsVisible(6000)</visible>
						</item>
						<item>
							<label fallback="31014">$VAR[value_menu11909.label]</label>
							<property name="condition">$INFO[skin.string(menu11909.visible)]</property>
							<property name="name">menu11909</property>
							<property name="id">$INFO[skin.string(menu11909.master)]</property>
							<onclick condition="Window.IsVisible(6000)">SetFocus(5000)</onclick>
							<onclick condition="Window.IsVisible(Home)">Dialog.Close(6119)</onclick>
							<onclick condition="Window.IsVisible(Home)">Skin.SetString(submenu_action,$VAR[value_menu11909.action])</onclick>
							<visible>![String.IsEmpty(skin.string(menu11909.master)) | String.Contains(skin.string(menu11909.visible),off)] | Window.IsVisible(6000)</visible>
						</item>
						<item>
							<label fallback="31014">$VAR[value_menu11910.label]</label>
							<property name="condition">$INFO[skin.string(menu11910.visible)]</property>
							<property name="name">menu11910</property>
							<property name="id">$INFO[skin.string(menu11910.master)]</property>
							<onclick condition="Window.IsVisible(6000)">SetFocus(5000)</onclick>
							<onclick condition="Window.IsVisible(Home)">Dialog.Close(6119)</onclick>
							<onclick condition="Window.IsVisible(Home)">Skin.SetString(submenu_action,$VAR[value_menu11910.action])</onclick>
							<visible>![String.IsEmpty(skin.string(menu11910.master)) | String.Contains(skin.string(menu11910.visible),off)] | Window.IsVisible(6000)</visible>
						</item>
						<item>
							<label fallback="31014">$VAR[value_menu11911.label]</label>
							<property name="condition">$INFO[skin.string(menu11911.visible)]</property>
							<property name="name">menu11911</property>
							<property name="id">$INFO[skin.string(menu11911.master)]</property>
							<onclick condition="Window.IsVisible(6000)">SetFocus(5000)</onclick>
							<onclick condition="Window.IsVisible(Home)">Dialog.Close(6119)</onclick>
							<onclick condition="Window.IsVisible(Home)">Skin.SetString(submenu_action,$VAR[value_menu11911.action])</onclick>
							<visible>![String.IsEmpty(skin.string(menu11911.master)) | String.Contains(skin.string(menu11911.visible),off)] | Window.IsVisible(6000)</visible>
						</item>
						<item>
							<label fallback="31014">$VAR[value_menu11912.label]</label>
							<property name="condition">$INFO[skin.string(menu11912.visible)]</property>
							<property name="name">menu11912</property>
							<property name="id">$INFO[skin.string(menu11912.master)]</property>
							<onclick condition="Window.IsVisible(6000)">SetFocus(5000)</onclick>
							<onclick condition="Window.IsVisible(Home)">Dialog.Close(6119)</onclick>
							<onclick condition="Window.IsVisible(Home)">Skin.SetString(submenu_action,$VAR[value_menu11912.action])</onclick>
							<visible>![String.IsEmpty(skin.string(menu11912.master)) | String.Contains(skin.string(menu11912.visible),off)] | Window.IsVisible(6000)</visible>
						</item>
						<item>
							<label fallback="31014">$VAR[value_menu11913.label]</label>
							<property name="condition">$INFO[skin.string(menu11913.visible)]</property>
							<property name="name">menu11913</property>
							<property name="id">$INFO[skin.string(menu11913.master)]</property>
							<onclick condition="Window.IsVisible(6000)">SetFocus(5000)</onclick>
							<onclick condition="Window.IsVisible(Home)">Dialog.Close(6119)</onclick>
							<onclick condition="Window.IsVisible(Home)">Skin.SetString(submenu_action,$VAR[value_menu11913.action])</onclick>
							<visible>![String.IsEmpty(skin.string(menu11913.master)) | String.Contains(skin.string(menu11913.visible),off)] | Window.IsVisible(6000)</visible>
						</item>
						<item>
							<label fallback="31014">$VAR[value_menu11914.label]</label>
							<property name="condition">$INFO[skin.string(menu11914.visible)]</property>
							<property name="name">menu11914</property>
							<property name="id">$INFO[skin.string(menu11914.master)]</property>
							<onclick condition="Window.IsVisible(6000)">SetFocus(5000)</onclick>
							<onclick condition="Window.IsVisible(Home)">Dialog.Close(6119)</onclick>
							<onclick condition="Window.IsVisible(Home)">Skin.SetString(submenu_action,$VAR[value_menu11914.action])</onclick>
							<visible>![String.IsEmpty(skin.string(menu11914.master)) | String.Contains(skin.string(menu11914.visible),off)] | Window.IsVisible(6000)</visible>
						</item>
						<item>
							<label fallback="31014">$VAR[value_menu11915.label]</label>
							<property name="condition">$INFO[skin.string(menu11915.visible)]</property>
							<property name="name">menu11915</property>
							<property name="id">$INFO[skin.string(menu11915.master)]</property>
							<onclick condition="Window.IsVisible(6000)">SetFocus(5000)</onclick>
							<onclick condition="Window.IsVisible(Home)">Dialog.Close(6119)</onclick>
							<onclick condition="Window.IsVisible(Home)">Skin.SetString(submenu_action,$VAR[value_menu11915.action])</onclick>
							<visible>![String.IsEmpty(skin.string(menu11915.master)) | String.Contains(skin.string(menu11915.visible),off)] | Window.IsVisible(6000)</visible>
						</item>
					</content>
				</control>
				<include condition="Window.IsVisible(6000)">Glass</include>
			</control>
		</control>
	</controls>
</window>
