<?xml version="1.0" encoding="utf-8"?>
<!-- Aeon MQ 5 -->
<window id="6418" type="dialog">
	<!-- Favorito 18 -->
	<defaultcontrol></defaultcontrol>
	<include>SubMenuCommon</include>
	<controls>
		<control type="group">
			<include condition="Window.IsVisible(6000)">MenuCustom</include>
			<control type="group">
				<!-- default group -->
				<include>Animation_SubMenu</include>
				<include condition="Window.IsVisible(6000)">SubmenuGoTo</include>
				<include condition="Window.IsVisible(Home)">SubMenuDefault</include>
				<control type="panel" id="9000">
					<include condition="Window.IsVisible(6000)">SubmenuVList</include>
					<include condition="Window.IsVisible(Home)">SubmenuHList</include>
					<content>
						<item>
							<label fallback="31014">$VAR[value_menu41801.label]</label>
							<property name="condition">$INFO[skin.string(menu41801.visible)]</property>
							<property name="name">menu41801</property>
							<property name="id">$INFO[skin.string(menu41801.master)]</property>
							<onclick condition="Window.IsVisible(6000)">SetFocus(5000)</onclick>
							<onclick condition="Window.IsVisible(Home)">Dialog.Close(6418)</onclick>
							<onclick condition="Window.IsVisible(Home)">Skin.SetString(submenu_action,$VAR[value_menu41801.action])</onclick>
							<visible>![String.IsEmpty(skin.string(menu41801.master)) | String.Contains(skin.string(menu41801.visible),off)] | Window.IsVisible(6000)</visible>
						</item>
						<item>
							<label fallback="31014">$VAR[value_menu41802.label]</label>
							<property name="condition">$INFO[skin.string(menu41802.visible)]</property>
							<property name="name">menu41802</property>
							<property name="id">$INFO[skin.string(menu41802.master)]</property>
							<onclick condition="Window.IsVisible(6000)">SetFocus(5000)</onclick>
							<onclick condition="Window.IsVisible(Home)">Dialog.Close(6418)</onclick>
							<onclick condition="Window.IsVisible(Home)">Skin.SetString(submenu_action,$VAR[value_menu41802.action])</onclick>
							<visible>![String.IsEmpty(skin.string(menu41802.master)) | String.Contains(skin.string(menu41802.visible),off)] | Window.IsVisible(6000)</visible>
						</item>
						<item>
							<label fallback="31014">$VAR[value_menu41803.label]</label>
							<property name="condition">$INFO[skin.string(menu41803.visible)]</property>
							<property name="name">menu41803</property>
							<property name="id">$INFO[skin.string(menu41803.master)]</property>
							<onclick condition="Window.IsVisible(6000)">SetFocus(5000)</onclick>
							<onclick condition="Window.IsVisible(Home)">Dialog.Close(6418)</onclick>
							<onclick condition="Window.IsVisible(Home)">Skin.SetString(submenu_action,$VAR[value_menu41803.action])</onclick>
							<visible>![String.IsEmpty(skin.string(menu41803.master)) | String.Contains(skin.string(menu41803.visible),off)] | Window.IsVisible(6000)</visible>
						</item>
						<item>
							<label fallback="31014">$VAR[value_menu41804.label]</label>
							<property name="condition">$INFO[skin.string(menu41804.visible)]</property>
							<property name="name">menu41804</property>
							<property name="id">$INFO[skin.string(menu41804.master)]</property>
							<onclick condition="Window.IsVisible(6000)">SetFocus(5000)</onclick>
							<onclick condition="Window.IsVisible(Home)">Dialog.Close(6418)</onclick>
							<onclick condition="Window.IsVisible(Home)">Skin.SetString(submenu_action,$VAR[value_menu41804.action])</onclick>
							<visible>![String.IsEmpty(skin.string(menu41804.master)) | String.Contains(skin.string(menu41804.visible),off)] | Window.IsVisible(6000)</visible>
						</item>
						<item>
							<label fallback="31014">$VAR[value_menu41805.label]</label>
							<property name="condition">$INFO[skin.string(menu41805.visible)]</property>
							<property name="name">menu41805</property>
							<property name="id">$INFO[skin.string(menu41805.master)]</property>
							<onclick condition="Window.IsVisible(6000)">SetFocus(5000)</onclick>
							<onclick condition="Window.IsVisible(Home)">Dialog.Close(6418)</onclick>
							<onclick condition="Window.IsVisible(Home)">Skin.SetString(submenu_action,$VAR[value_menu41805.action])</onclick>
							<visible>![String.IsEmpty(skin.string(menu41805.master)) | String.Contains(skin.string(menu41805.visible),off)] | Window.IsVisible(6000)</visible>
						</item>
						<item>
							<label fallback="31014">$VAR[value_menu41806.label]</label>
							<property name="condition">$INFO[skin.string(menu41806.visible)]</property>
							<property name="name">menu41806</property>
							<property name="id">$INFO[skin.string(menu41806.master)]</property>
							<onclick condition="Window.IsVisible(6000)">SetFocus(5000)</onclick>
							<onclick condition="Window.IsVisible(Home)">Dialog.Close(6418)</onclick>
							<onclick condition="Window.IsVisible(Home)">Skin.SetString(submenu_action,$VAR[value_menu41806.action])</onclick>
							<visible>![String.IsEmpty(skin.string(menu41806.master)) | String.Contains(skin.string(menu41806.visible),off)] | Window.IsVisible(6000)</visible>
						</item>
						<item>
							<label fallback="31014">$VAR[value_menu41807.label]</label>
							<property name="condition">$INFO[skin.string(menu41807.visible)]</property>
							<property name="name">menu41807</property>
							<property name="id">$INFO[skin.string(menu41807.master)]</property>
							<onclick condition="Window.IsVisible(6000)">SetFocus(5000)</onclick>
							<onclick condition="Window.IsVisible(Home)">Dialog.Close(6418)</onclick>
							<onclick condition="Window.IsVisible(Home)">Skin.SetString(submenu_action,$VAR[value_menu41807.action])</onclick>
							<visible>![String.IsEmpty(skin.string(menu41807.master)) | String.Contains(skin.string(menu41807.visible),off)] | Window.IsVisible(6000)</visible>
						</item>
						<item>
							<label fallback="31014">$VAR[value_menu41808.label]</label>
							<property name="condition">$INFO[skin.string(menu41808.visible)]</property>
							<property name="name">menu41808</property>
							<property name="id">$INFO[skin.string(menu41808.master)]</property>
							<onclick condition="Window.IsVisible(6000)">SetFocus(5000)</onclick>
							<onclick condition="Window.IsVisible(Home)">Dialog.Close(6418)</onclick>
							<onclick condition="Window.IsVisible(Home)">Skin.SetString(submenu_action,$VAR[value_menu41808.action])</onclick>
							<visible>![String.IsEmpty(skin.string(menu41808.master)) | String.Contains(skin.string(menu41808.visible),off)] | Window.IsVisible(6000)</visible>
						</item>
						<item>
							<label fallback="31014">$VAR[value_menu41809.label]</label>
							<property name="condition">$INFO[skin.string(menu41809.visible)]</property>
							<property name="name">menu41809</property>
							<property name="id">$INFO[skin.string(menu41809.master)]</property>
							<onclick condition="Window.IsVisible(6000)">SetFocus(5000)</onclick>
							<onclick condition="Window.IsVisible(Home)">Dialog.Close(6418)</onclick>
							<onclick condition="Window.IsVisible(Home)">Skin.SetString(submenu_action,$VAR[value_menu41809.action])</onclick>
							<visible>![String.IsEmpty(skin.string(menu41809.master)) | String.Contains(skin.string(menu41809.visible),off)] | Window.IsVisible(6000)</visible>
						</item>
						<item>
							<label fallback="31014">$VAR[value_menu41810.label]</label>
							<property name="condition">$INFO[skin.string(menu41810.visible)]</property>
							<property name="name">menu41810</property>
							<property name="id">$INFO[skin.string(menu41810.master)]</property>
							<onclick condition="Window.IsVisible(6000)">SetFocus(5000)</onclick>
							<onclick condition="Window.IsVisible(Home)">Dialog.Close(6418)</onclick>
							<onclick condition="Window.IsVisible(Home)">Skin.SetString(submenu_action,$VAR[value_menu41810.action])</onclick>
							<visible>![String.IsEmpty(skin.string(menu41810.master)) | String.Contains(skin.string(menu41810.visible),off)] | Window.IsVisible(6000)</visible>
						</item>
						<item>
							<label fallback="31014">$VAR[value_menu41811.label]</label>
							<property name="condition">$INFO[skin.string(menu41811.visible)]</property>
							<property name="name">menu41811</property>
							<property name="id">$INFO[skin.string(menu41811.master)]</property>
							<onclick condition="Window.IsVisible(6000)">SetFocus(5000)</onclick>
							<onclick condition="Window.IsVisible(Home)">Dialog.Close(6418)</onclick>
							<onclick condition="Window.IsVisible(Home)">Skin.SetString(submenu_action,$VAR[value_menu41811.action])</onclick>
							<visible>![String.IsEmpty(skin.string(menu41811.master)) | String.Contains(skin.string(menu41811.visible),off)] | Window.IsVisible(6000)</visible>
						</item>
						<item>
							<label fallback="31014">$VAR[value_menu41812.label]</label>
							<property name="condition">$INFO[skin.string(menu41812.visible)]</property>
							<property name="name">menu41812</property>
							<property name="id">$INFO[skin.string(menu41812.master)]</property>
							<onclick condition="Window.IsVisible(6000)">SetFocus(5000)</onclick>
							<onclick condition="Window.IsVisible(Home)">Dialog.Close(6418)</onclick>
							<onclick condition="Window.IsVisible(Home)">Skin.SetString(submenu_action,$VAR[value_menu41812.action])</onclick>
							<visible>![String.IsEmpty(skin.string(menu41812.master)) | String.Contains(skin.string(menu41812.visible),off)] | Window.IsVisible(6000)</visible>
						</item>
						<item>
							<label fallback="31014">$VAR[value_menu41813.label]</label>
							<property name="condition">$INFO[skin.string(menu41813.visible)]</property>
							<property name="name">menu41813</property>
							<property name="id">$INFO[skin.string(menu41813.master)]</property>
							<onclick condition="Window.IsVisible(6000)">SetFocus(5000)</onclick>
							<onclick condition="Window.IsVisible(Home)">Dialog.Close(6418)</onclick>
							<onclick condition="Window.IsVisible(Home)">Skin.SetString(submenu_action,$VAR[value_menu41813.action])</onclick>
							<visible>![String.IsEmpty(skin.string(menu41813.master)) | String.Contains(skin.string(menu41813.visible),off)] | Window.IsVisible(6000)</visible>
						</item>
						<item>
							<label fallback="31014">$VAR[value_menu41814.label]</label>
							<property name="condition">$INFO[skin.string(menu41814.visible)]</property>
							<property name="name">menu41814</property>
							<property name="id">$INFO[skin.string(menu41814.master)]</property>
							<onclick condition="Window.IsVisible(6000)">SetFocus(5000)</onclick>
							<onclick condition="Window.IsVisible(Home)">Dialog.Close(6418)</onclick>
							<onclick condition="Window.IsVisible(Home)">Skin.SetString(submenu_action,$VAR[value_menu41814.action])</onclick>
							<visible>![String.IsEmpty(skin.string(menu41814.master)) | String.Contains(skin.string(menu41814.visible),off)] | Window.IsVisible(6000)</visible>
						</item>
						<item>
							<label fallback="31014">$VAR[value_menu41815.label]</label>
							<property name="condition">$INFO[skin.string(menu41815.visible)]</property>
							<property name="name">menu41815</property>
							<property name="id">$INFO[skin.string(menu41815.master)]</property>
							<onclick condition="Window.IsVisible(6000)">SetFocus(5000)</onclick>
							<onclick condition="Window.IsVisible(Home)">Dialog.Close(6418)</onclick>
							<onclick condition="Window.IsVisible(Home)">Skin.SetString(submenu_action,$VAR[value_menu41815.action])</onclick>
							<visible>![String.IsEmpty(skin.string(menu41815.master)) | String.Contains(skin.string(menu41815.visible),off)] | Window.IsVisible(6000)</visible>
						</item>
					</content>
				</control>
				<include condition="Window.IsVisible(6000)">Glass</include>
			</control>
		</control>
	</controls>
</window>
