<?xml version="1.0" encoding="utf-8"?>
<!-- Aeon MQ 5 -->
<window id="6043" type="dialog">
	<!-- Episodios recentes -->
	<defaultcontrol></defaultcontrol>
	<include>SubMenuCommon</include>
	<controls>
		<control type="group">
			<include condition="Window.IsVisible(6000)">MenuCustom</include>
			<control type="group">
				<!-- default group -->
				<include>Animation_SubMenu</include>
				<include condition="Window.IsVisible(6000)">SubmenuGoTo</include>
				<include condition="Window.IsVisible(Home)">SubMenuDefault</include>
				<control type="panel" id="9000">
					<include condition="Window.IsVisible(6000)">SubmenuVList</include>
					<include condition="Window.IsVisible(Home)">SubmenuHList</include>
					<content>
						<item>
							<label fallback="31014">$VAR[value_menu4301.label]</label>
							<property name="condition">$INFO[skin.string(menu4301.visible)]</property>
							<property name="name">menu4301</property>
							<property name="id">$INFO[skin.string(menu4301.master)]</property>
							<onclick condition="Window.IsVisible(6000)">SetFocus(5000)</onclick>
							<onclick condition="Window.IsVisible(Home)">Dialog.Close(6043)</onclick>
							<onclick condition="Window.IsVisible(Home)">Skin.SetString(submenu_action,$VAR[value_menu4301.action])</onclick>
							<visible>![String.IsEmpty(skin.string(menu4301.master)) | String.Contains(skin.string(menu4301.visible),off)] | Window.IsVisible(6000)</visible>
						</item>
						<item>
							<label fallback="31014">$VAR[value_menu4302.label]</label>
							<property name="condition">$INFO[skin.string(menu4302.visible)]</property>
							<property name="name">menu4302</property>
							<property name="id">$INFO[skin.string(menu4302.master)]</property>
							<onclick condition="Window.IsVisible(6000)">SetFocus(5000)</onclick>
							<onclick condition="Window.IsVisible(Home)">Dialog.Close(6043)</onclick>
							<onclick condition="Window.IsVisible(Home)">Skin.SetString(submenu_action,$VAR[value_menu4302.action])</onclick>
							<visible>![String.IsEmpty(skin.string(menu4302.master)) | String.Contains(skin.string(menu4302.visible),off)] | Window.IsVisible(6000)</visible>
						</item>
						<item>
							<label fallback="31014">$VAR[value_menu4303.label]</label>
							<property name="condition">$INFO[skin.string(menu4303.visible)]</property>
							<property name="name">menu4303</property>
							<property name="id">$INFO[skin.string(menu4303.master)]</property>
							<onclick condition="Window.IsVisible(6000)">SetFocus(5000)</onclick>
							<onclick condition="Window.IsVisible(Home)">Dialog.Close(6043)</onclick>
							<onclick condition="Window.IsVisible(Home)">Skin.SetString(submenu_action,$VAR[value_menu4303.action])</onclick>
							<visible>![String.IsEmpty(skin.string(menu4303.master)) | String.Contains(skin.string(menu4303.visible),off)] | Window.IsVisible(6000)</visible>
						</item>
						<item>
							<label fallback="31014">$VAR[value_menu4304.label]</label>
							<property name="condition">$INFO[skin.string(menu4304.visible)]</property>
							<property name="name">menu4304</property>
							<property name="id">$INFO[skin.string(menu4304.master)]</property>
							<onclick condition="Window.IsVisible(6000)">SetFocus(5000)</onclick>
							<onclick condition="Window.IsVisible(Home)">Dialog.Close(6043)</onclick>
							<onclick condition="Window.IsVisible(Home)">Skin.SetString(submenu_action,$VAR[value_menu4304.action])</onclick>
							<visible>![String.IsEmpty(skin.string(menu4304.master)) | String.Contains(skin.string(menu4304.visible),off)] | Window.IsVisible(6000)</visible>
						</item>
						<item>
							<label fallback="31014">$VAR[value_menu4305.label]</label>
							<property name="condition">$INFO[skin.string(menu4305.visible)]</property>
							<property name="name">menu4305</property>
							<property name="id">$INFO[skin.string(menu4305.master)]</property>
							<onclick condition="Window.IsVisible(6000)">SetFocus(5000)</onclick>
							<onclick condition="Window.IsVisible(Home)">Dialog.Close(6043)</onclick>
							<onclick condition="Window.IsVisible(Home)">Skin.SetString(submenu_action,$VAR[value_menu4305.action])</onclick>
							<visible>![String.IsEmpty(skin.string(menu4305.master)) | String.Contains(skin.string(menu4305.visible),off)] | Window.IsVisible(6000)</visible>
						</item>
						<item>
							<label fallback="31014">$VAR[value_menu4306.label]</label>
							<property name="condition">$INFO[skin.string(menu4306.visible)]</property>
							<property name="name">menu4306</property>
							<property name="id">$INFO[skin.string(menu4306.master)]</property>
							<onclick condition="Window.IsVisible(6000)">SetFocus(5000)</onclick>
							<onclick condition="Window.IsVisible(Home)">Dialog.Close(6043)</onclick>
							<onclick condition="Window.IsVisible(Home)">Skin.SetString(submenu_action,$VAR[value_menu4306.action])</onclick>
							<visible>![String.IsEmpty(skin.string(menu4306.master)) | String.Contains(skin.string(menu4306.visible),off)] | Window.IsVisible(6000)</visible>
						</item>
						<item>
							<label fallback="31014">$VAR[value_menu4307.label]</label>
							<property name="condition">$INFO[skin.string(menu4307.visible)]</property>
							<property name="name">menu4307</property>
							<property name="id">$INFO[skin.string(menu4307.master)]</property>
							<onclick condition="Window.IsVisible(6000)">SetFocus(5000)</onclick>
							<onclick condition="Window.IsVisible(Home)">Dialog.Close(6043)</onclick>
							<onclick condition="Window.IsVisible(Home)">Skin.SetString(submenu_action,$VAR[value_menu4307.action])</onclick>
							<visible>![String.IsEmpty(skin.string(menu4307.master)) | String.Contains(skin.string(menu4307.visible),off)] | Window.IsVisible(6000)</visible>
						</item>
						<item>
							<label fallback="31014">$VAR[value_menu4308.label]</label>
							<property name="condition">$INFO[skin.string(menu4308.visible)]</property>
							<property name="name">menu4308</property>
							<property name="id">$INFO[skin.string(menu4308.master)]</property>
							<onclick condition="Window.IsVisible(6000)">SetFocus(5000)</onclick>
							<onclick condition="Window.IsVisible(Home)">Dialog.Close(6043)</onclick>
							<onclick condition="Window.IsVisible(Home)">Skin.SetString(submenu_action,$VAR[value_menu4308.action])</onclick>
							<visible>![String.IsEmpty(skin.string(menu4308.master)) | String.Contains(skin.string(menu4308.visible),off)] | Window.IsVisible(6000)</visible>
						</item>
						<item>
							<label fallback="31014">$VAR[value_menu4309.label]</label>
							<property name="condition">$INFO[skin.string(menu4309.visible)]</property>
							<property name="name">menu4309</property>
							<property name="id">$INFO[skin.string(menu4309.master)]</property>
							<onclick condition="Window.IsVisible(6000)">SetFocus(5000)</onclick>
							<onclick condition="Window.IsVisible(Home)">Dialog.Close(6043)</onclick>
							<onclick condition="Window.IsVisible(Home)">Skin.SetString(submenu_action,$VAR[value_menu4309.action])</onclick>
							<visible>![String.IsEmpty(skin.string(menu4309.master)) | String.Contains(skin.string(menu4309.visible),off)] | Window.IsVisible(6000)</visible>
						</item>
						<item>
							<label fallback="31014">$VAR[value_menu4310.label]</label>
							<property name="condition">$INFO[skin.string(menu4310.visible)]</property>
							<property name="name">menu4310</property>
							<property name="id">$INFO[skin.string(menu4310.master)]</property>
							<onclick condition="Window.IsVisible(6000)">SetFocus(5000)</onclick>
							<onclick condition="Window.IsVisible(Home)">Dialog.Close(6043)</onclick>
							<onclick condition="Window.IsVisible(Home)">Skin.SetString(submenu_action,$VAR[value_menu4310.action])</onclick>
							<visible>![String.IsEmpty(skin.string(menu4310.master)) | String.Contains(skin.string(menu4310.visible),off)] | Window.IsVisible(6000)</visible>
						</item>
					</content>
				</control>
				<include condition="Window.IsVisible(6000)">Glass</include>
			</control>
		</control>
	</controls>
</window>
