<?xml version="1.0" encoding="utf-8"?>
<!-- Aeon MQ 5 -->
<window id="6414" type="dialog">
	<!-- Favorito 14 -->
	<defaultcontrol></defaultcontrol>
	<include>SubMenuCommon</include>
	<controls>
		<control type="group">
			<include condition="Window.IsVisible(6000)">MenuCustom</include>
			<control type="group">
				<!-- default group -->
				<include>Animation_SubMenu</include>
				<include condition="Window.IsVisible(6000)">SubmenuGoTo</include>
				<include condition="Window.IsVisible(Home)">SubMenuDefault</include>
				<control type="panel" id="9000">
					<include condition="Window.IsVisible(6000)">SubmenuVList</include>
					<include condition="Window.IsVisible(Home)">SubmenuHList</include>
					<content>
						<item>
							<label fallback="31014">$VAR[value_menu41401.label]</label>
							<property name="condition">$INFO[skin.string(menu41401.visible)]</property>
							<property name="name">menu41401</property>
							<property name="id">$INFO[skin.string(menu41401.master)]</property>
							<onclick condition="Window.IsVisible(6000)">SetFocus(5000)</onclick>
							<onclick condition="Window.IsVisible(Home)">Dialog.Close(6414)</onclick>
							<onclick condition="Window.IsVisible(Home)">Skin.SetString(submenu_action,$VAR[value_menu41401.action])</onclick>
							<visible>![String.IsEmpty(skin.string(menu41401.master)) | String.Contains(skin.string(menu41401.visible),off)] | Window.IsVisible(6000)</visible>
						</item>
						<item>
							<label fallback="31014">$VAR[value_menu41402.label]</label>
							<property name="condition">$INFO[skin.string(menu41402.visible)]</property>
							<property name="name">menu41402</property>
							<property name="id">$INFO[skin.string(menu41402.master)]</property>
							<onclick condition="Window.IsVisible(6000)">SetFocus(5000)</onclick>
							<onclick condition="Window.IsVisible(Home)">Dialog.Close(6414)</onclick>
							<onclick condition="Window.IsVisible(Home)">Skin.SetString(submenu_action,$VAR[value_menu41402.action])</onclick>
							<visible>![String.IsEmpty(skin.string(menu41402.master)) | String.Contains(skin.string(menu41402.visible),off)] | Window.IsVisible(6000)</visible>
						</item>
						<item>
							<label fallback="31014">$VAR[value_menu41403.label]</label>
							<property name="condition">$INFO[skin.string(menu41403.visible)]</property>
							<property name="name">menu41403</property>
							<property name="id">$INFO[skin.string(menu41403.master)]</property>
							<onclick condition="Window.IsVisible(6000)">SetFocus(5000)</onclick>
							<onclick condition="Window.IsVisible(Home)">Dialog.Close(6414)</onclick>
							<onclick condition="Window.IsVisible(Home)">Skin.SetString(submenu_action,$VAR[value_menu41403.action])</onclick>
							<visible>![String.IsEmpty(skin.string(menu41403.master)) | String.Contains(skin.string(menu41403.visible),off)] | Window.IsVisible(6000)</visible>
						</item>
						<item>
							<label fallback="31014">$VAR[value_menu41404.label]</label>
							<property name="condition">$INFO[skin.string(menu41404.visible)]</property>
							<property name="name">menu41404</property>
							<property name="id">$INFO[skin.string(menu41404.master)]</property>
							<onclick condition="Window.IsVisible(6000)">SetFocus(5000)</onclick>
							<onclick condition="Window.IsVisible(Home)">Dialog.Close(6414)</onclick>
							<onclick condition="Window.IsVisible(Home)">Skin.SetString(submenu_action,$VAR[value_menu41404.action])</onclick>
							<visible>![String.IsEmpty(skin.string(menu41404.master)) | String.Contains(skin.string(menu41404.visible),off)] | Window.IsVisible(6000)</visible>
						</item>
						<item>
							<label fallback="31014">$VAR[value_menu41405.label]</label>
							<property name="condition">$INFO[skin.string(menu41405.visible)]</property>
							<property name="name">menu41405</property>
							<property name="id">$INFO[skin.string(menu41405.master)]</property>
							<onclick condition="Window.IsVisible(6000)">SetFocus(5000)</onclick>
							<onclick condition="Window.IsVisible(Home)">Dialog.Close(6414)</onclick>
							<onclick condition="Window.IsVisible(Home)">Skin.SetString(submenu_action,$VAR[value_menu41405.action])</onclick>
							<visible>![String.IsEmpty(skin.string(menu41405.master)) | String.Contains(skin.string(menu41405.visible),off)] | Window.IsVisible(6000)</visible>
						</item>
						<item>
							<label fallback="31014">$VAR[value_menu41406.label]</label>
							<property name="condition">$INFO[skin.string(menu41406.visible)]</property>
							<property name="name">menu41406</property>
							<property name="id">$INFO[skin.string(menu41406.master)]</property>
							<onclick condition="Window.IsVisible(6000)">SetFocus(5000)</onclick>
							<onclick condition="Window.IsVisible(Home)">Dialog.Close(6414)</onclick>
							<onclick condition="Window.IsVisible(Home)">Skin.SetString(submenu_action,$VAR[value_menu41406.action])</onclick>
							<visible>![String.IsEmpty(skin.string(menu41406.master)) | String.Contains(skin.string(menu41406.visible),off)] | Window.IsVisible(6000)</visible>
						</item>
						<item>
							<label fallback="31014">$VAR[value_menu41407.label]</label>
							<property name="condition">$INFO[skin.string(menu41407.visible)]</property>
							<property name="name">menu41407</property>
							<property name="id">$INFO[skin.string(menu41407.master)]</property>
							<onclick condition="Window.IsVisible(6000)">SetFocus(5000)</onclick>
							<onclick condition="Window.IsVisible(Home)">Dialog.Close(6414)</onclick>
							<onclick condition="Window.IsVisible(Home)">Skin.SetString(submenu_action,$VAR[value_menu41407.action])</onclick>
							<visible>![String.IsEmpty(skin.string(menu41407.master)) | String.Contains(skin.string(menu41407.visible),off)] | Window.IsVisible(6000)</visible>
						</item>
						<item>
							<label fallback="31014">$VAR[value_menu41408.label]</label>
							<property name="condition">$INFO[skin.string(menu41408.visible)]</property>
							<property name="name">menu41408</property>
							<property name="id">$INFO[skin.string(menu41408.master)]</property>
							<onclick condition="Window.IsVisible(6000)">SetFocus(5000)</onclick>
							<onclick condition="Window.IsVisible(Home)">Dialog.Close(6414)</onclick>
							<onclick condition="Window.IsVisible(Home)">Skin.SetString(submenu_action,$VAR[value_menu41408.action])</onclick>
							<visible>![String.IsEmpty(skin.string(menu41408.master)) | String.Contains(skin.string(menu41408.visible),off)] | Window.IsVisible(6000)</visible>
						</item>
						<item>
							<label fallback="31014">$VAR[value_menu41409.label]</label>
							<property name="condition">$INFO[skin.string(menu41409.visible)]</property>
							<property name="name">menu41409</property>
							<property name="id">$INFO[skin.string(menu41409.master)]</property>
							<onclick condition="Window.IsVisible(6000)">SetFocus(5000)</onclick>
							<onclick condition="Window.IsVisible(Home)">Dialog.Close(6414)</onclick>
							<onclick condition="Window.IsVisible(Home)">Skin.SetString(submenu_action,$VAR[value_menu41409.action])</onclick>
							<visible>![String.IsEmpty(skin.string(menu41409.master)) | String.Contains(skin.string(menu41409.visible),off)] | Window.IsVisible(6000)</visible>
						</item>
						<item>
							<label fallback="31014">$VAR[value_menu41410.label]</label>
							<property name="condition">$INFO[skin.string(menu41410.visible)]</property>
							<property name="name">menu41410</property>
							<property name="id">$INFO[skin.string(menu41410.master)]</property>
							<onclick condition="Window.IsVisible(6000)">SetFocus(5000)</onclick>
							<onclick condition="Window.IsVisible(Home)">Dialog.Close(6414)</onclick>
							<onclick condition="Window.IsVisible(Home)">Skin.SetString(submenu_action,$VAR[value_menu41410.action])</onclick>
							<visible>![String.IsEmpty(skin.string(menu41410.master)) | String.Contains(skin.string(menu41410.visible),off)] | Window.IsVisible(6000)</visible>
						</item>
						<item>
							<label fallback="31014">$VAR[value_menu41411.label]</label>
							<property name="condition">$INFO[skin.string(menu41411.visible)]</property>
							<property name="name">menu41411</property>
							<property name="id">$INFO[skin.string(menu41411.master)]</property>
							<onclick condition="Window.IsVisible(6000)">SetFocus(5000)</onclick>
							<onclick condition="Window.IsVisible(Home)">Dialog.Close(6414)</onclick>
							<onclick condition="Window.IsVisible(Home)">Skin.SetString(submenu_action,$VAR[value_menu41411.action])</onclick>
							<visible>![String.IsEmpty(skin.string(menu41411.master)) | String.Contains(skin.string(menu41411.visible),off)] | Window.IsVisible(6000)</visible>
						</item>
						<item>
							<label fallback="31014">$VAR[value_menu41412.label]</label>
							<property name="condition">$INFO[skin.string(menu41412.visible)]</property>
							<property name="name">menu41412</property>
							<property name="id">$INFO[skin.string(menu41412.master)]</property>
							<onclick condition="Window.IsVisible(6000)">SetFocus(5000)</onclick>
							<onclick condition="Window.IsVisible(Home)">Dialog.Close(6414)</onclick>
							<onclick condition="Window.IsVisible(Home)">Skin.SetString(submenu_action,$VAR[value_menu41412.action])</onclick>
							<visible>![String.IsEmpty(skin.string(menu41412.master)) | String.Contains(skin.string(menu41412.visible),off)] | Window.IsVisible(6000)</visible>
						</item>
						<item>
							<label fallback="31014">$VAR[value_menu41413.label]</label>
							<property name="condition">$INFO[skin.string(menu41413.visible)]</property>
							<property name="name">menu41413</property>
							<property name="id">$INFO[skin.string(menu41413.master)]</property>
							<onclick condition="Window.IsVisible(6000)">SetFocus(5000)</onclick>
							<onclick condition="Window.IsVisible(Home)">Dialog.Close(6414)</onclick>
							<onclick condition="Window.IsVisible(Home)">Skin.SetString(submenu_action,$VAR[value_menu41413.action])</onclick>
							<visible>![String.IsEmpty(skin.string(menu41413.master)) | String.Contains(skin.string(menu41413.visible),off)] | Window.IsVisible(6000)</visible>
						</item>
						<item>
							<label fallback="31014">$VAR[value_menu41414.label]</label>
							<property name="condition">$INFO[skin.string(menu41414.visible)]</property>
							<property name="name">menu41414</property>
							<property name="id">$INFO[skin.string(menu41414.master)]</property>
							<onclick condition="Window.IsVisible(6000)">SetFocus(5000)</onclick>
							<onclick condition="Window.IsVisible(Home)">Dialog.Close(6414)</onclick>
							<onclick condition="Window.IsVisible(Home)">Skin.SetString(submenu_action,$VAR[value_menu41414.action])</onclick>
							<visible>![String.IsEmpty(skin.string(menu41414.master)) | String.Contains(skin.string(menu41414.visible),off)] | Window.IsVisible(6000)</visible>
						</item>
						<item>
							<label fallback="31014">$VAR[value_menu41415.label]</label>
							<property name="condition">$INFO[skin.string(menu41415.visible)]</property>
							<property name="name">menu41415</property>
							<property name="id">$INFO[skin.string(menu41415.master)]</property>
							<onclick condition="Window.IsVisible(6000)">SetFocus(5000)</onclick>
							<onclick condition="Window.IsVisible(Home)">Dialog.Close(6414)</onclick>
							<onclick condition="Window.IsVisible(Home)">Skin.SetString(submenu_action,$VAR[value_menu41415.action])</onclick>
							<visible>![String.IsEmpty(skin.string(menu41415.master)) | String.Contains(skin.string(menu41415.visible),off)] | Window.IsVisible(6000)</visible>
						</item>
					</content>
				</control>
				<include condition="Window.IsVisible(6000)">Glass</include>
			</control>
		</control>
	</controls>
</window>
