<?xml version="1.0" encoding="UTF-8"?>
<!-- Aeon MQ 5 -->
<!-- Jarvis 8.1.13 -->
<window>
	<defaultcontrol always="true">450</defaultcontrol>
	<onunload condition="!Skin.HasSetting(nofavouriteswidget)">RunScript(script.favourites)</onunload>
	<controls>
		<control type="image">
			<include>HomeBG</include>
			<texture background="true">special://skin/backgrounds/favourites.jpg</texture>
		</control>
		<control type="group">
			<!-- default group -->
			<include>Animation_Window</include>
			<control type="group">
				<!-- right group -->
				<posx>75</posx>
				<animation effect="slide" start="900,0" end="0,0" time="1000" tween="cubic" easing="out">WindowOpen</animation>
				<animation effect="slide" start="0,0" end="900,0" time="1000" tween="cubic" easing="out">WindowClose</animation>
				<animation effect="slide" start="1200,0" end="0,0" time="1000" tween="cubic" easing="out">Visible</animation>
				<animation effect="fade" start="100" end="0" time="400">Hidden</animation>
				<control type="image">
					<posx>1208</posx>
					<posy>69</posy>
					<width>638</width>
					<height>45</height>
					<texture>shadow_h.png</texture>
					<colordiffuse>C3FFFFFF</colordiffuse>
				</control>
				<control type="image">
					<posx>1208</posx>
					<posy>112</posy>
					<width>638</width>
					<height>968</height>
					<texture>black.png</texture>
					<colordiffuse>C3FFFFFF</colordiffuse>
				</control>
				<control type="image">
					<posx>1208</posx>
					<posy>680</posy>
					<width>638</width>
					<height>402</height>
					<texture>black.png</texture>
					<colordiffuse>90FFFFFF</colordiffuse>
				</control>
				<control type="image">
					<posx>1260</posx>
					<posy>142</posy>
					<width>540</width>
					<height>540</height>
					<fadetime>FanartCrossFadeTime</fadetime>
					<texture fallback="DefaultVideoPoster.png" background="true">$INFO[ListItem.Icon]</texture>
					<aspectratio aligny="bottom">keep</aspectratio>
					<bordertexture border="-2">black.png</bordertexture>
				</control>
				<control type="image">
					<posx>1260</posx>
					<posy>690</posy>
					<width>540</width>
					<height>540</height>
					<fadetime>FanartCrossFadeTime</fadetime>
					<texture flipy="true" fallback="DefaultVideoPoster.png" diffuse="thumb_reflect.png" background="true">$INFO[ListItem.Icon]</texture>
					<aspectratio aligny="top">keep</aspectratio>
					<bordertexture flipy="true" border="-2" diffuse="thumb_reflect.png">black.png</bordertexture>
				</control>
				<control type="textbox">
					<posx>1290</posx>
					<posy>694</posy>
					<width>465</width>
					<height>262</height>
					<font>Font_18A</font>
					<label>$VAR[value_plot]</label>
					<autoscroll delay="15000" time="2000" repeat="15000">!Skin.HasSetting(noallowscroll)</autoscroll>
					<include>Animation_Fade</include>
				</control>
			</control>
			<control type="group">
				<!-- left group -->
				<animation effect="slide" time="700" start="-1200,0" end="0,0" tween="cubic" easing="out">WindowOpen</animation>
				<animation effect="slide" time="700" start="0,0" end="-1200,0" tween="cubic" easing="out">WindowClose</animation>
				<animation effect="slide" time="700" start="-1200,0" end="0,0" tween="cubic" easing="out">Visible</animation>
				<animation effect="fade" time="200" start="100" end="0">Hidden</animation>
				<control type="image">
					<posx>0</posx>
					<posy>69</posy>
					<width>1282</width>
					<height>45</height>
					<texture>shadow_h.png</texture>
					<colordiffuse>C3FFFFFF</colordiffuse>
				</control>
				<control type="image">
					<posx>1282</posx>
					<posy>112</posy>
					<width>45</width>
					<height>968</height>
					<texture>shadow.png</texture>
					<colordiffuse>C3FFFFFF</colordiffuse>
				</control>
				<control type="image">
					<posx>0</posx>
					<posy>112</posy>
					<width>1282</width>
					<height>968</height>
					<texture>black.png</texture>
					<colordiffuse>C3FFFFFF</colordiffuse>
				</control>
				<control type="image">
					<posx>0</posx>
					<posy>112</posy>
					<width>1282</width>
					<height>90</height>
					<texture>black.png</texture>
					<colordiffuse>90FFFFFF</colordiffuse>
				</control>
				<control type="label" id="1">
					<!-- header label -->
					<posx>68</posx>
					<posy>136</posy>
					<width>1156</width>
					<height>34</height>
					<font>Font_23</font>
					<label>1036</label>
					<textcolor>80FFFAF0</textcolor>
				</control>
				<control type="list" id="450">
					<!-- Common List -->
					<viewtype label="31801">list</viewtype>
					<posx>0</posx>
					<posy>237</posy>
					<width>1282</width>
					<height>705</height>
					<pagecontrol>80</pagecontrol>
					<onleft>Close</onleft>
					<onright>80</onright>
					<orientation>vertical</orientation>
					<scrolltime>450</scrolltime>
					<preloaditems>2</preloaditems>
					<itemlayout height="60">
						<control type="image">
							<posx>15</posx>
							<posy>58</posy>
							<width>1252</width>
							<height>1</height>
							<texture>line.png</texture>
						</control>
						<control type="label">
							<posx>68</posx>
							<posy>0</posy>
							<width>1140</width>
							<height>62</height>
							<font>Font_18</font>
							<aligny>center</aligny>
							<include>listcolor</include>
							<label>$INFO[ListItem.Label]</label>
						</control>
					</itemlayout>
					<focusedlayout height="60">
						<control type="image">
							<posx>0</posx>
							<posy>0</posy>
							<width>1282</width>
							<height>62</height>
							<texture>settings_button_focus.png</texture>
							<animation effect="fade" start="100" end="50" time="0" condition="!Control.Hasfocus(450)">conditional</animation>
						</control>
						<control type="label">
							<posx>68</posx>
							<posy>0</posy>
							<width>1140</width>
							<height>62</height>
							<font>Font_20</font>
							<aligny>center</aligny>
							<include>listcolorfocus</include>
							<label>$INFO[ListItem.Label]</label>
						</control>
					</focusedlayout>
				</control>
			</control>
			<control type="scrollbar" id="80">
				<include>ScrollBar_Vertical</include>
				<posx>322</posx>
				<posy>210</posy>
				<height>477</height>
				<onleft>450</onleft>
				<onright>450</onright>
				<visible allowhiddenfocus="true">Control.HasFocus(80)</visible>
			</control>
			<include>MultiData</include>
		</control>
	</controls>
</window>
